ReturnID,OrderLineID,ReturnDateKey,CustomerKey,ProductKey,StoreKey,ReturnedQuantity,ReturnAmount,ReturnReason,IsResellable
1,22,20250129,1205,74,10,1,172.62,Warranty,False
2,42,20230716,1409,77,2,1,90.75,Changed mind,False
3,57,20230223,1921,67,9,1,143.66,Changed mind,False
4,64,20250717,972,16,5,1,99.32,Late delivery,True
5,134,20250221,319,64,8,1,173.03,Damaged,False
6,148,20241022,551,70,8,1,187.82,Late delivery,True
7,153,20221007,1173,22,2,1,110.95,Late delivery,True
8,177,20251026,179,56,5,2,344.0,Changed mind,True
9,179,20230427,1923,36,4,4,836.36,Wrong size,False
10,191,20241117,910,83,5,2,1015.21,Wrong size,True
11,205,20240909,1578,52,5,1,55.87,Changed mind,True
12,268,20240630,1640,39,11,1,106.67,Wrong size,False
13,286,20240708,1563,59,3,1,51.03,Changed mind,True
14,292,20250121,948,65,9,1,48.03,Changed mind,True
15,300,20230824,910,93,2,1,158.44,Wrong size,True
16,307,20240923,829,55,10,6,2028.63,Wrong size,True
17,334,20240420,1025,13,12,1,13.18,Damaged,False
18,362,20230117,706,87,8,3,458.51,Changed mind,True
19,366,20231010,1898,39,4,2,217.02,Damaged,False
20,379,20250613,910,4,1,1,2336.23,Warranty,False
21,396,20221019,1300,40,11,2,486.11,Changed mind,True
22,398,20250626,924,12,9,1,3645.88,Changed mind,True
23,443,20241030,1073,42,6,1,116.77,Damaged,False
24,451,20241018,1753,58,3,1,316.8,Wrong size,True
25,475,20240123,227,14,5,1,91.74,Warranty,False
26,497,20230227,968,104,6,2,849.37,Changed mind,True
27,504,20250824,1642,43,8,1,130.72,Other,True
28,519,20251015,1772,61,11,1,259.88,Warranty,False
29,526,20240324,161,100,6,2,1630.23,Changed mind,True
30,581,20221203,1887,19,8,1,78.55,Late delivery,True
31,584,20231224,989,85,1,1,393.53,Late delivery,True
32,601,20250412,311,45,3,1,151.46,Wrong size,True
33,615,20240822,37,43,2,1,137.52,Warranty,False
34,632,20251013,361,88,11,1,117.85,Damaged,False
35,638,20251219,1995,46,6,1,237.62,Late delivery,True
36,678,20240224,1470,56,12,1,169.59,Wrong size,False
37,679,20240121,1470,18,12,1,85.29,Warranty,True
38,681,20250108,810,47,7,1,102.59,Late delivery,True
39,682,20250104,810,86,7,1,243.33,Other,True
40,709,20240914,1303,90,5,1,663.58,Wrong size,True
41,756,20250201,1580,52,11,1,56.14,Wrong size,True
42,785,20240803,1770,54,5,1,97.99,Changed mind,True
43,787,20230605,939,22,1,2,217.47,Late delivery,True
44,821,20250703,1430,94,6,2,794.31,Other,True
45,834,20241221,1108,79,8,1,320.69,Wrong size,True
46,835,20241230,1108,51,8,1,225.55,Wrong size,True
47,851,20241101,1490,27,1,1,52.61,Damaged,False
48,852,20250321,586,26,7,1,13.33,Changed mind,True
49,875,20241202,1734,82,2,1,655.65,Changed mind,True
50,939,20251231,1204,60,4,1,403.71,Changed mind,True
51,943,20250514,1330,11,1,1,4085.72,Warranty,False
52,950,20240522,1491,45,12,2,321.62,Changed mind,True
53,961,20240721,389,74,11,1,190.4,Changed mind,False
54,965,20240301,1399,35,12,2,167.22,Wrong size,True
55,970,20240227,1008,65,5,1,39.1,Wrong size,True
56,976,20240429,4,47,7,1,102.23,Wrong size,True
57,995,20250709,8,26,9,4,48.76,Changed mind,True
58,1023,20220828,1269,56,9,2,385.66,Damaged,False
59,1036,20250410,1868,77,10,1,85.45,Wrong size,True
60,1037,20241107,444,67,11,1,153.37,Late delivery,True
61,1076,20240708,1533,30,6,1,52.66,Changed mind,True
62,1087,20240101,354,31,1,1,84.82,Warranty,False
63,1096,20250326,1888,56,12,1,154.65,Wrong size,True
64,1107,20250102,952,38,11,1,228.11,Late delivery,True
65,1132,20220924,1557,22,12,2,154.69,Late delivery,True
66,1138,20240803,452,58,3,1,398.91,Other,True
67,1149,20230913,216,54,1,3,325.55,Changed mind,True
68,1153,20221007,1638,16,1,2,157.68,Wrong size,True
69,1157,20220728,1871,7,2,1,1799.19,Changed mind,True
70,1169,20240728,184,57,3,1,318.4,Wrong size,False
71,1173,20230921,868,40,4,1,260.13,Wrong size,True
72,1207,20251120,1604,79,8,1,336.81,Changed mind,True
73,1222,20240205,1842,73,9,2,547.35,Other,False
74,1250,20250120,580,30,4,2,92.89,Late delivery,False
75,1262,20240605,849,69,8,1,275.82,Wrong size,True
76,1279,20231009,491,36,5,1,184.77,Wrong size,True
77,1303,20230614,999,79,7,1,310.67,Late delivery,True
78,1306,20240222,1528,53,1,1,156.2,Wrong size,True
79,1311,20240220,1868,101,11,1,554.16,Warranty,False
80,1322,20241024,1671,52,12,1,60.27,Other,True
81,1325,20240923,1671,38,12,1,181.81,Late delivery,False
82,1350,20230220,1519,18,8,1,98.2,Other,True
83,1365,20241005,991,4,11,1,2726.45,Changed mind,True
84,1369,20240926,361,99,9,1,567.11,Changed mind,True
85,1381,20240112,321,64,7,1,172.49,Warranty,True
86,1392,20220806,1347,79,12,1,311.33,Wrong size,True
87,1400,20240922,1037,43,11,1,141.57,Changed mind,True
88,1402,20241006,1037,9,11,1,1091.44,Damaged,False
89,1421,20231122,475,77,11,2,164.17,Wrong size,False
90,1437,20240405,857,71,6,1,307.41,Other,True
91,1492,20251121,915,106,12,3,2357.22,Changed mind,True
92,1503,20241103,173,50,11,1,191.08,Changed mind,True
93,1508,20240518,628,41,8,1,256.15,Late delivery,True
94,1513,20241129,738,61,6,3,908.1,Wrong size,True
95,1534,20250526,1792,44,1,1,240.36,Wrong size,False
96,1546,20240807,1887,55,8,1,306.67,Warranty,True
97,1547,20240721,1887,27,8,1,74.47,Wrong size,True
98,1552,20240214,386,23,3,1,57.75,Changed mind,True
99,1566,20250109,766,105,2,1,466.83,Damaged,False
100,1592,20250303,330,44,7,1,195.12,Warranty,False
101,1635,20230729,1168,36,7,3,522.97,Changed mind,False
102,1650,20250411,989,48,10,1,160.3,Wrong size,True
103,1687,20240408,1134,28,2,1,38.84,Warranty,False
104,1691,20240216,246,44,1,3,811.64,Changed mind,True
105,1701,20230705,1381,69,8,2,588.81,Changed mind,True
106,1742,20240315,984,4,8,1,2619.35,Changed mind,False
107,1745,20230112,1922,88,4,1,118.48,Late delivery,True
108,1747,20241124,1770,68,9,1,124.15,Wrong size,True
109,1750,20241113,1770,108,9,2,1037.09,Changed mind,True
110,1773,20230904,288,108,4,2,1031.42,Changed mind,True
111,1783,20240521,1844,54,2,3,280.13,Damaged,False
112,1816,20250807,1976,42,11,1,124.63,Wrong size,True
113,1853,20231202,1913,91,6,2,940.02,Wrong size,True
114,1863,20231011,836,22,8,4,345.61,Late delivery,False
115,1869,20240425,127,14,7,1,95.41,Changed mind,True
116,1908,20251128,156,27,6,1,72.03,Damaged,False
117,1912,20230107,797,84,2,1,193.18,Damaged,False
118,1930,20250601,240,39,4,1,119.08,Wrong size,True
119,1941,20250105,221,31,2,1,89.03,Other,True
120,1944,20240824,598,46,4,1,196.13,Late delivery,True
121,1966,20230630,1861,52,10,1,58.15,Late delivery,True
122,1968,20230710,1168,98,12,1,169.41,Late delivery,True
123,1978,20241007,1224,10,8,1,1479.6,Changed mind,True
124,1995,20230830,482,63,3,2,386.76,Wrong size,False
125,1996,20230903,482,52,3,2,100.36,Other,True
126,2013,20240519,832,26,1,3,37.12,Damaged,False
127,2022,20240101,261,54,8,2,186.27,Warranty,False
128,2037,20241205,129,9,8,1,1039.12,Damaged,False
129,2046,20240302,510,80,10,1,162.87,Damaged,False
130,2064,20250110,1119,98,6,2,385.42,Damaged,False
131,2073,20250426,538,55,9,1,338.65,Wrong size,True
132,2086,20251231,828,35,3,2,165.92,Damaged,False
133,2097,20240420,930,29,12,1,118.94,Wrong size,True
134,2118,20250826,1082,53,6,1,179.97,Wrong size,True
135,2134,20241209,1873,33,7,2,170.41,Changed mind,True
136,2137,20240730,263,99,8,2,991.74,Changed mind,True
137,2150,20240918,684,76,10,2,508.11,Warranty,True
138,2152,20240901,684,57,10,3,893.15,Damaged,False
139,2162,20240403,1776,55,3,1,305.68,Late delivery,True
140,2172,20231016,6,63,2,1,250.84,Warranty,True
141,2220,20250624,1417,46,1,1,207.33,Changed mind,False
142,2228,20240219,1970,71,4,6,1857.56,Changed mind,True
143,2305,20250710,721,55,2,2,492.73,Wrong size,False
144,2308,20240426,392,37,1,3,289.21,Wrong size,True
145,2322,20240323,1876,37,2,1,101.0,Wrong size,True
146,2336,20250311,1180,43,4,1,136.15,Late delivery,False
147,2340,20240731,1573,19,10,1,70.58,Warranty,True
148,2380,20241009,923,84,1,2,352.6,Damaged,False
149,2381,20240916,923,15,1,1,16.26,Other,True
150,2383,20240927,923,49,1,1,82.05,Damaged,False
151,2423,20221218,1308,28,6,1,31.2,Late delivery,True
152,2428,20220823,162,91,4,1,459.5,Other,True
153,2436,20250423,1640,18,7,3,240.84,Wrong size,True
154,2440,20230323,1904,102,12,1,144.14,Changed mind,True
155,2495,20230907,856,46,9,1,201.36,Wrong size,True
156,2502,20230225,1146,108,7,1,561.03,Changed mind,True
157,2518,20241231,1050,14,2,1,79.12,Wrong size,True
158,2536,20250505,1678,30,4,1,52.59,Other,True
159,2543,20231226,745,63,9,2,460.77,Damaged,False
160,2549,20241215,1775,31,5,1,78.45,Wrong size,True
161,2599,20240110,147,45,11,1,153.62,Late delivery,True
162,2604,20250322,794,37,6,3,304.06,Wrong size,True
163,2605,20250309,794,8,6,1,2011.57,Damaged,False
164,2647,20240619,762,104,11,1,513.57,Damaged,False
165,2656,20250919,816,37,10,6,500.64,Late delivery,True
166,2658,20250929,816,61,10,1,262.67,Late delivery,False
167,2674,20230121,71,35,2,1,75.38,Wrong size,True
168,2695,20240413,1380,40,1,1,281.96,Warranty,False
169,2698,20240510,1380,72,1,1,234.02,Warranty,False
170,2707,20241015,191,83,5,1,357.89,Wrong size,True
171,2726,20231201,876,48,4,1,156.05,Wrong size,True
172,2773,20231220,1683,28,4,3,113.16,Warranty,False
173,2785,20250315,16,18,2,4,301.72,Damaged,False
174,2791,20240507,1165,79,3,2,665.06,Damaged,False
175,2798,20230509,955,26,10,1,13.24,Changed mind,True
176,2812,20250527,209,91,4,2,919.93,Wrong size,True
177,2827,20240910,1132,107,7,1,571.41,Damaged,False
178,2847,20250730,1935,73,5,2,498.75,Late delivery,True
179,2864,20240907,800,74,12,1,174.43,Damaged,False
180,2865,20240831,800,42,12,2,224.95,Wrong size,True
181,2870,20240322,3,46,7,1,180.93,Warranty,False
182,2884,20231116,770,48,1,2,322.98,Wrong size,True
183,2969,20240822,1716,27,8,2,127.24,Late delivery,True
184,2970,20240823,1716,50,8,1,176.06,Damaged,False
185,2973,20250605,764,35,2,2,159.45,Wrong size,True
186,2978,20250305,1852,50,12,2,408.06,Wrong size,True
187,3020,20221024,699,26,2,1,11.61,Damaged,False
188,3025,20250503,44,48,3,1,160.35,Wrong size,True
189,3032,20230704,1367,89,5,2,94.25,Damaged,False
190,3036,20230804,1367,67,5,3,442.91,Wrong size,True
191,3037,20231212,868,39,8,2,245.56,Changed mind,True
192,3041,20250106,1571,48,8,2,324.5,Damaged,False
193,3073,20250310,298,80,11,2,294.02,Damaged,False
194,3093,20240803,142,28,8,1,25.18,Late delivery,True
195,3098,20221017,1412,56,5,1,151.39,Wrong size,True
196,3113,20240923,920,53,1,2,402.2,Wrong size,True
197,3135,20251005,1612,84,3,3,604.41,Other,True
198,3157,20250922,609,103,6,2,905.59,Warranty,True
199,3194,20230208,1444,64,7,1,183.43,Damaged,False
200,3216,20240114,1850,93,1,3,406.37,Changed mind,True
201,3225,20240604,277,49,11,2,138.63,Warranty,True
202,3235,20251231,1970,90,7,1,503.7,Wrong size,True
203,3246,20250422,620,87,10,1,144.16,Wrong size,True
204,3307,20230117,135,83,11,1,419.54,Changed mind,True
205,3330,20230415,1349,56,6,2,317.11,Changed mind,True
206,3336,20250201,772,40,5,1,265.3,Wrong size,False
207,3339,20250122,772,47,5,1,106.48,Changed mind,True
208,3355,20250425,19,18,10,7,699.09,Damaged,False
209,3401,20250117,1516,50,4,2,434.3,Wrong size,True
210,3406,20251115,1861,26,8,1,13.82,Late delivery,True
211,3429,20240519,1893,9,11,1,720.36,Changed mind,True
212,3436,20230227,683,107,8,2,998.97,Damaged,False
213,3474,20250125,449,37,7,5,491.22,Wrong size,False
214,3480,20240715,1862,103,1,2,1197.33,Changed mind,True
215,3483,20250219,1198,77,3,1,85.4,Damaged,False
216,3506,20250101,1061,19,6,1,71.19,Late delivery,False
217,3532,20241025,1871,85,8,3,1116.46,Changed mind,True
218,3544,20230823,518,56,7,1,174.52,Wrong size,True
219,3572,20230629,885,34,1,1,54.46,Other,True
220,3577,20241002,782,14,3,1,107.77,Late delivery,True
221,3583,20250415,1382,10,4,1,1532.76,Warranty,False
222,3591,20251218,309,79,5,1,313.55,Changed mind,True
223,3597,20230811,53,103,2,3,1445.84,Changed mind,True
224,3629,20230119,115,19,7,1,65.39,Wrong size,True
225,3637,20240718,1501,37,2,1,87.34,Changed mind,True
226,3641,20240304,1489,23,7,1,59.92,Changed mind,True
227,3651,20240301,1354,39,6,1,138.46,Late delivery,True
228,3659,20241217,1884,27,3,1,68.46,Late delivery,True
229,3729,20241005,1224,42,7,1,125.56,Wrong size,True
230,3805,20240330,333,74,3,1,222.27,Changed mind,True
231,3816,20240831,1997,45,2,1,151.27,Warranty,True
232,3821,20250520,1359,43,8,1,111.99,Wrong size,True
233,3824,20240524,516,39,8,4,521.94,Changed mind,True
234,3826,20240422,516,96,8,1,530.67,Wrong size,True
235,3841,20220704,1907,28,2,2,62.97,Other,True
236,3842,20230228,113,95,11,1,330.31,Wrong size,True
237,3860,20250509,672,36,1,1,178.3,Wrong size,True
238,3879,20250805,1319,12,2,1,2648.03,Wrong size,True
239,3915,20250828,1078,108,3,1,551.19,Late delivery,True
240,3921,20240205,257,32,2,1,22.25,Changed mind,False
241,3924,20240126,257,38,2,1,173.19,Wrong size,False
242,3935,20240506,931,88,7,2,273.64,Damaged,False
243,3941,20250814,513,52,1,1,42.93,Late delivery,True
244,3981,20250709,808,20,1,1,121.98,Changed mind,True
245,3992,20250324,1145,24,9,4,134.24,Warranty,True
246,3994,20231217,1189,103,3,1,484.12,Changed mind,True
247,4036,20230311,456,39,2,2,247.39,Wrong size,False
248,4097,20220504,522,16,2,4,430.53,Damaged,False
249,4101,20250929,868,12,11,1,3535.37,Wrong size,True
250,4109,20251231,1703,35,12,1,82.63,Changed mind,True
251,4151,20241101,1095,7,10,1,2241.47,Late delivery,True
252,4170,20240108,1649,73,1,1,244.11,Damaged,False
253,4172,20240129,1649,66,1,1,83.83,Changed mind,True
254,4191,20250517,1989,11,9,1,4178.7,Changed mind,True
255,4192,20231207,861,19,9,2,150.62,Wrong size,True
256,4194,20240824,1347,36,10,1,190.01,Wrong size,True
257,4204,20250730,1322,30,2,1,52.72,Warranty,False
258,4210,20241004,1267,69,5,2,587.95,Wrong size,True
259,4296,20240215,1459,66,2,2,195.55,Changed mind,True
260,4313,20250613,1777,53,11,1,156.61,Late delivery,True
261,4371,20221115,1835,22,2,1,84.07,Other,True
262,4398,20240617,1902,45,1,1,152.27,Wrong size,True
263,4401,20231022,1937,40,10,1,293.34,Wrong size,True
264,4439,20220713,1375,98,4,1,183.18,Wrong size,True
265,4445,20231020,1992,20,5,6,884.64,Changed mind,True
266,4455,20230222,1630,67,10,5,754.48,Changed mind,True
267,4464,20230716,1014,88,3,1,141.24,Changed mind,True
268,4501,20240920,88,56,9,1,156.0,Other,True
269,4523,20250712,382,4,4,1,2726.46,Changed mind,True
270,4525,20230515,1814,100,6,1,857.58,Other,True
271,4535,20250822,662,8,6,1,2109.51,Changed mind,True
272,4542,20240315,914,96,12,2,1225.08,Changed mind,True
273,4553,20250208,1304,72,5,1,269.5,Damaged,False
274,4557,20240425,488,9,7,1,877.05,Changed mind,True
275,4558,20240412,488,39,7,1,130.22,Other,True
276,4562,20230503,1011,71,9,1,261.86,Changed mind,True
277,4574,20250722,1152,69,6,2,479.24,Warranty,False
278,4581,20240908,163,33,4,2,158.84,Wrong size,True
279,4584,20240927,535,40,11,1,251.1,Damaged,False
280,4609,20251231,798,48,3,2,320.3,Wrong size,False
281,4610,20251231,798,68,3,2,296.81,Changed mind,False
282,4614,20250426,2,38,9,1,232.64,Wrong size,True
283,4656,20221209,270,45,3,1,145.98,Wrong size,True
284,4664,20240522,1149,56,10,1,147.91,Wrong size,True
285,4666,20250617,654,23,8,1,60.16,Changed mind,True
286,4689,20240323,470,72,10,1,196.14,Wrong size,True
287,4719,20241226,224,76,1,1,211.81,Wrong size,False
288,4736,20230507,1657,45,4,1,132.49,Wrong size,True
289,4760,20230210,483,64,4,1,134.65,Other,True
290,4765,20250616,742,72,3,4,1085.8,Late delivery,True
291,4820,20251231,534,106,7,3,2475.86,Changed mind,True
292,4836,20240416,31,31,4,3,256.57,Late delivery,True
293,4859,20251119,974,108,9,1,592.32,Late delivery,True
294,4863,20251129,974,19,9,1,63.79,Damaged,False
295,4870,20250616,1640,84,1,1,173.58,Warranty,False
296,4884,20240903,1731,6,12,1,1278.27,Other,True
297,4939,20240714,1913,20,1,1,121.83,Damaged,False
298,4941,20240213,1728,46,11,5,941.54,Late delivery,True
299,4983,20241223,235,106,1,5,3507.04,Other,True
300,5031,20250102,1458,35,12,1,83.86,Wrong size,True
301,5039,20251130,1090,41,5,1,284.05,Late delivery,False
302,5040,20251210,1090,104,5,1,386.83,Damaged,False
303,5043,20250504,1732,2,7,1,1708.85,Late delivery,True
304,5049,20241101,94,1,8,1,1067.97,Wrong size,False
305,5058,20250327,1827,10,9,1,1714.88,Damaged,False
306,5096,20240311,154,107,7,4,2153.03,Late delivery,True
307,5106,20250123,1254,35,1,1,87.51,Changed mind,False
308,5109,20240819,1039,67,9,2,352.59,Damaged,False
309,5116,20240805,1441,76,12,3,590.45,Changed mind,True
310,5119,20250724,118,72,9,2,590.47,Damaged,False
311,5131,20251126,1335,27,12,1,54.5,Damaged,False
312,5200,20240919,1084,28,12,1,37.9,Changed mind,True
313,5212,20240904,83,102,9,1,154.83,Other,True
314,5257,20240908,80,5,3,1,2942.07,Warranty,True
315,5264,20240508,1351,30,3,1,57.25,Late delivery,True
316,5270,20240714,1962,26,9,1,14.72,Warranty,False
317,5285,20251202,963,52,12,3,207.35,Wrong size,True
318,5302,20250629,1165,20,10,1,141.66,Changed mind,True
319,5314,20230620,1447,48,11,1,164.66,Late delivery,True
320,5348,20240901,1546,17,3,1,81.85,Late delivery,False
321,5380,20231201,519,53,2,1,159.34,Damaged,False
322,5412,20230718,1479,103,8,1,541.16,Damaged,False
323,5425,20240521,1031,34,6,1,53.28,Warranty,False
324,5481,20240728,1909,18,4,3,277.07,Warranty,False
325,5485,20251214,1790,102,11,1,153.37,Warranty,True
326,5489,20220615,469,98,6,5,903.32,Damaged,False
327,5491,20240418,1308,43,6,6,684.88,Warranty,False
328,5494,20240404,1308,96,6,1,515.9,Wrong size,True
329,5551,20241202,1764,66,12,2,183.89,Warranty,False
330,5559,20230523,1563,79,9,1,347.31,Wrong size,True
331,5568,20240328,1848,25,6,1,96.29,Wrong size,True
332,5581,20250725,487,37,6,1,90.55,Late delivery,True
333,5585,20240428,1638,43,4,3,357.48,Wrong size,True
334,5599,20230124,870,98,4,5,882.89,Wrong size,True
335,5605,20250602,1292,58,9,1,333.53,Wrong size,True
336,5606,20250703,1292,104,9,1,487.7,Wrong size,True
337,5621,20250608,1078,34,11,1,49.57,Changed mind,True
338,5660,20240520,675,101,4,2,887.09,Damaged,False
339,5691,20251002,1145,49,9,1,76.52,Changed mind,True
340,5700,20230913,167,52,8,1,59.88,Wrong size,False
341,5702,20230907,167,102,8,1,131.8,Changed mind,True
342,5706,20231203,692,47,4,3,305.05,Wrong size,True
343,5723,20240223,1606,98,2,1,198.3,Other,True
344,5726,20240104,84,32,8,1,23.74,Warranty,True
345,5743,20250310,123,2,10,1,1866.31,Changed mind,True
346,5756,20220411,656,28,11,1,38.23,Changed mind,True
347,5777,20240602,1747,92,1,3,1777.7,Other,True
348,5780,20240920,974,3,2,1,2461.66,Changed mind,True
349,5788,20250112,1009,85,4,1,394.95,Changed mind,True
350,5798,20230105,1872,89,8,4,206.57,Damaged,False
351,5807,20240625,1695,17,11,2,143.27,Wrong size,True
352,5829,20221225,1749,28,5,1,35.63,Changed mind,False
353,5870,20240921,141,4,7,1,2571.41,Late delivery,True
354,5888,20240228,751,1,2,1,1189.23,Warranty,False
355,5891,20240302,751,18,2,1,80.74,Changed mind,True
356,5897,20230914,856,52,1,1,59.41,Wrong size,True
357,5928,20230627,526,39,8,2,224.5,Wrong size,True
358,5938,20230528,387,67,11,2,316.03,Warranty,False
359,5945,20250829,1997,64,10,1,179.98,Wrong size,True
360,5947,20251008,1997,24,10,1,33.18,Damaged,False
361,5970,20241228,579,59,12,1,51.63,Wrong size,True
362,5984,20250512,1275,61,5,1,327.96,Warranty,True
363,6008,20250524,1442,102,10,1,139.32,Warranty,True
364,6032,20250503,1917,51,2,1,221.88,Late delivery,True
365,6044,20221023,819,52,2,1,62.53,Warranty,False
366,6056,20241204,1204,53,5,1,178.95,Changed mind,False
367,6057,20241113,1204,46,5,3,590.33,Changed mind,True
368,6063,20221123,349,77,2,2,168.99,Warranty,False
369,6104,20230730,1264,39,6,1,94.45,Changed mind,True
370,6193,20250220,1019,34,7,1,48.0,Warranty,False
371,6206,20240216,1640,88,7,1,98.19,Other,True
372,6224,20230411,460,20,1,3,405.96,Warranty,False
373,6239,20250811,1317,81,6,1,297.8,Other,True
374,6264,20240724,856,67,4,4,608.11,Wrong size,True
375,6268,20221026,160,35,9,2,133.57,Damaged,False
376,6274,20250211,1237,68,3,1,128.68,Other,False
377,6332,20240803,655,51,7,1,191.73,Wrong size,True
378,6366,20240602,1290,70,10,3,447.98,Changed mind,False
379,6371,20230609,1183,87,2,1,157.83,Changed mind,True
380,6384,20250725,518,99,1,2,1311.3,Late delivery,True
381,6385,20250725,518,14,1,1,89.08,Other,True
382,6394,20241209,668,104,11,1,475.63,Changed mind,True
383,6420,20250613,1415,50,6,2,330.55,Damaged,False
384,6454,20240218,1612,55,3,1,296.62,Changed mind,True
385,6500,20240627,1711,67,2,3,538.46,Wrong size,False
386,6509,20230126,2,108,9,3,1739.51,Warranty,True
387,6517,20250826,1069,8,10,1,2024.28,Wrong size,True
388,6522,20241207,1851,101,2,1,488.07,Damaged,False
389,6524,20241227,1851,49,2,1,61.31,Wrong size,True
390,6544,20240317,670,55,12,1,290.22,Wrong size,True
391,6550,20250209,790,45,8,1,139.8,Damaged,False
392,6569,20221213,676,7,11,1,2220.34,Wrong size,True
393,6570,20221203,676,46,11,1,198.61,Late delivery,True
394,6573,20231215,422,30,1,4,193.27,Wrong size,True
395,6586,20240914,1729,102,9,1,117.28,Wrong size,True
396,6588,20240814,1729,86,9,1,209.45,Warranty,False
397,6594,20250420,997,32,10,1,19.16,Late delivery,True
398,6602,20250303,672,12,1,1,3162.58,Changed mind,True
399,6649,20230227,965,26,4,1,14.04,Changed mind,True
400,6679,20240328,1909,100,2,1,898.26,Late delivery,True
401,6698,20241030,1279,21,9,1,70.87,Changed mind,True
402,6711,20240304,1907,49,7,1,68.83,Wrong size,False
403,6738,20231028,669,24,2,1,34.22,Wrong size,True
404,6777,20240511,1923,106,7,3,2264.7,Changed mind,True
405,6793,20241207,860,34,9,2,100.37,Changed mind,True
406,6817,20250826,84,41,7,1,279.16,Damaged,False
407,6829,20231110,552,106,8,1,717.7,Wrong size,True
408,6861,20221101,846,83,6,1,482.48,Changed mind,True
409,6862,20221027,846,28,6,2,69.92,Damaged,False
410,6870,20240929,452,10,4,1,1684.03,Wrong size,True
411,6872,20240924,452,107,4,2,1027.54,Changed mind,True
412,6963,20251202,1410,45,5,5,752.6,Wrong size,True
413,6974,20241122,1686,106,3,4,2340.28,Wrong size,True
414,6988,20230720,1344,67,7,1,161.99,Changed mind,True
415,6990,20230618,1137,57,7,2,643.07,Changed mind,True
416,7007,20250109,472,30,8,1,53.82,Changed mind,True
417,7019,20251231,185,44,8,1,264.17,Changed mind,True
418,7026,20240815,1373,99,2,2,1254.67,Wrong size,False
419,7046,20231224,740,12,4,1,3049.62,Changed mind,True
420,7047,20231210,740,45,4,1,156.87,Late delivery,True
421,7057,20250225,1322,90,10,1,552.53,Late delivery,True
422,7060,20240130,906,73,3,1,235.55,Late delivery,True
423,7083,20250107,858,39,8,1,140.82,Late delivery,True
424,7089,20230210,1481,108,1,1,447.41,Other,False
425,7098,20240105,1729,22,8,1,85.44,Wrong size,True
426,7109,20250202,456,19,4,1,64.49,Warranty,False
427,7124,20251231,131,46,11,1,229.52,Other,True
428,7129,20241226,1861,104,10,2,1060.42,Changed mind,True
429,7131,20241221,1861,64,10,2,316.3,Damaged,False
430,7146,20250605,82,20,2,1,138.52,Other,True
431,7196,20240104,1985,56,9,2,306.67,Wrong size,False
432,7210,20230922,302,38,3,1,199.87,Wrong size,True
433,7238,20240429,1303,81,5,2,696.79,Wrong size,True
434,7239,20240511,1303,23,5,1,66.99,Late delivery,True
435,7265,20240728,970,86,10,2,507.07,Wrong size,True
436,7273,20240824,785,3,9,1,2488.54,Late delivery,False
437,7276,20230630,470,28,7,1,33.79,Wrong size,True
438,7293,20231102,1222,55,3,3,766.97,Wrong size,True
439,7324,20240522,1769,57,10,1,309.37,Wrong size,True
440,7333,20240307,50,85,6,1,347.27,Damaged,False
441,7340,20241117,428,23,9,2,130.84,Changed mind,True
442,7346,20241126,27,53,11,8,1442.97,Wrong size,True
443,7375,20250205,385,22,6,2,187.01,Warranty,False
444,7386,20230511,176,39,8,1,117.1,Other,True
445,7393,20240725,1360,61,12,1,338.51,Late delivery,True
446,7442,20240302,103,44,5,1,221.43,Other,True
447,7449,20240512,1483,49,7,1,70.94,Warranty,False
448,7458,20250108,1622,58,5,1,419.28,Damaged,False
449,7472,20250804,584,63,2,1,181.04,Damaged,False
450,7475,20230904,799,55,10,3,867.19,Damaged,False
451,7483,20240303,1595,4,6,1,2568.27,Warranty,False
452,7494,20230828,1974,45,9,1,155.27,Wrong size,True
453,7495,20230915,1974,26,9,1,10.97,Changed mind,True
454,7511,20240317,1061,43,11,1,124.2,Changed mind,True
455,7524,20240828,482,65,6,2,65.88,Damaged,False
456,7540,20220907,271,47,2,1,95.92,Wrong size,False
457,7545,20230920,642,1,8,1,1037.82,Warranty,True
458,7556,20241212,906,29,6,1,104.21,Wrong size,True
459,7565,20240329,498,80,2,1,147.6,Changed mind,False
460,7575,20230321,1448,96,3,1,576.04,Changed mind,True
461,7579,20241027,1791,36,4,2,409.9,Wrong size,True
462,7593,20251001,782,9,12,1,1024.59,Late delivery,True
463,7599,20251009,785,71,2,1,340.42,Damaged,False
464,7610,20220620,4,46,10,1,215.76,Wrong size,True
465,7636,20240331,9,36,8,1,185.82,Damaged,False
466,7674,20251231,1519,39,9,1,126.9,Warranty,False
467,7702,20240610,1739,99,9,1,613.59,Other,True
468,7703,20240705,1739,19,9,2,131.04,Wrong size,True
469,7713,20250126,1580,38,7,1,208.75,Late delivery,True
470,7747,20240803,1200,108,5,3,1219.8,Warranty,False
471,7751,20230918,581,47,3,4,382.93,Wrong size,True
472,7759,20250924,1552,56,11,1,143.19,Late delivery,True
473,7760,20250917,1552,49,11,1,73.59,Wrong size,True
474,7809,20240402,1955,20,2,1,133.21,Wrong size,True
475,7812,20231006,706,43,4,1,136.65,Wrong size,True
476,7819,20221101,954,43,10,1,128.43,Wrong size,True
477,7823,20250310,1162,55,1,1,260.29,Changed mind,False
478,7826,20250202,1162,74,1,1,186.1,Wrong size,True
479,7867,20250222,260,49,6,1,73.05,Wrong size,False
480,7911,20250910,1158,49,3,1,64.82,Warranty,True
481,7930,20230504,1330,52,2,1,58.7,Late delivery,True
482,7958,20230308,1879,26,2,2,26.23,Changed mind,False
483,7976,20250912,1405,53,12,2,336.34,Wrong size,False
484,8006,20241012,932,38,1,1,222.89,Late delivery,False
485,8014,20240801,42,32,2,1,26.14,Warranty,False
486,8033,20240702,253,40,10,1,293.9,Warranty,True
487,8040,20240509,65,57,8,1,316.74,Wrong size,True
488,8054,20240320,408,71,10,1,330.78,Damaged,False
489,8059,20240816,1303,39,1,1,116.52,Wrong size,True
490,8081,20240707,1242,15,2,1,17.96,Late delivery,True
491,8142,20241112,366,49,2,1,72.69,Damaged,False
492,8157,20250112,1219,3,5,1,2445.33,Warranty,True
493,8166,20250612,1721,76,9,1,219.11,Warranty,False
494,8208,20241225,1466,41,10,6,1496.86,Wrong size,True
495,8212,20240422,758,64,8,1,187.29,Late delivery,True
496,8226,20240323,1745,51,2,2,418.94,Wrong size,True
497,8245,20220827,409,65,9,2,83.49,Changed mind,False
498,8273,20250822,1833,23,10,1,61.06,Warranty,True
499,8292,20230818,260,35,12,1,72.12,Wrong size,True
500,8301,20240923,854,6,11,1,1240.53,Late delivery,True
501,8335,20250915,1147,24,3,1,39.72,Wrong size,True
502,8338,20230514,1475,98,3,2,359.14,Changed mind,True
503,8340,20230531,1475,36,3,1,178.99,Late delivery,True
504,8350,20241120,1485,55,3,3,969.23,Other,True
505,8365,20241206,1006,62,9,1,126.4,Late delivery,True
506,8408,20220316,618,103,1,1,487.68,Damaged,False
507,8434,20250718,1268,102,2,1,115.89,Other,True
508,8446,20250419,1583,16,8,1,100.28,Damaged,False
509,8474,20240106,501,36,2,2,355.94,Wrong size,True
510,8491,20240423,1516,88,11,1,120.87,Late delivery,True
511,8504,20230713,1570,15,6,1,16.38,Damaged,False
512,8527,20240402,420,36,4,1,166.72,Changed mind,True
513,8535,20231209,1032,16,12,1,82.93,Other,True
514,8540,20250226,1523,62,8,3,471.4,Warranty,True
515,8564,20250203,1756,34,4,1,47.82,Damaged,False
516,8575,20231024,1134,48,5,2,282.39,Damaged,False
517,8577,20240201,55,76,10,1,217.47,Late delivery,True
518,8581,20230313,1843,24,3,1,32.54,Wrong size,True
519,8601,20241226,1066,49,6,2,165.79,Wrong size,True
520,8609,20221005,1372,45,10,1,144.2,Other,True
521,8636,20241229,640,58,1,2,643.24,Changed mind,True
522,8653,20241107,192,20,4,1,142.38,Wrong size,True
523,8674,20240728,1615,56,11,8,1081.44,Damaged,False
524,8713,20250831,1361,53,4,1,147.0,Other,False
525,8755,20221123,654,24,10,1,35.0,Other,True
526,8765,20240617,1035,41,11,2,498.57,Wrong size,True
527,8792,20230819,1608,21,7,1,73.8,Late delivery,True
528,8802,20230709,1079,21,11,1,81.44,Changed mind,True
529,8829,20240707,884,72,4,2,482.72,Changed mind,True
530,8838,20241212,442,41,11,2,543.74,Wrong size,True
531,8844,20250308,662,41,2,1,284.03,Other,True
532,8906,20250924,392,53,7,1,165.43,Warranty,False
533,8951,20231018,1487,7,3,1,2091.34,Wrong size,True
534,8992,20241102,270,36,9,1,164.15,Damaged,False
535,9054,20220505,1222,46,6,1,208.21,Changed mind,True
536,9056,20220921,1540,7,6,1,2429.25,Damaged,False
537,9067,20240821,1907,9,5,1,962.44,Damaged,False
538,9092,20250122,1862,52,3,1,54.51,Late delivery,True
539,9097,20250721,1512,66,1,1,94.82,Changed mind,True
540,9122,20241216,861,53,1,1,174.72,Changed mind,True
541,9133,20230804,135,88,9,1,126.13,Changed mind,True
542,9134,20230829,135,43,9,2,281.27,Wrong size,True
543,9144,20230913,940,48,10,1,158.16,Wrong size,True
544,9148,20230201,113,76,2,1,206.53,Other,True
545,9170,20230530,795,82,5,3,1694.07,Late delivery,True
546,9188,20240121,1103,64,5,1,176.93,Damaged,False
547,9196,20230426,1582,107,12,3,1618.06,Other,True
548,9201,20240807,218,49,10,1,67.86,Wrong size,True
549,9245,20240725,666,47,1,1,91.48,Damaged,False
550,9252,20240729,1761,74,6,1,183.66,Wrong size,True
551,9255,20240204,593,104,6,3,1425.42,Wrong size,True
552,9275,20240408,710,34,10,2,117.49,Changed mind,True
553,9284,20230728,1356,47,5,1,86.25,Wrong size,False
554,9291,20240205,1707,98,11,1,155.67,Wrong size,False
555,9292,20240227,1707,35,11,1,84.86,Warranty,True
556,9331,20240315,1688,47,2,1,97.02,Wrong size,True
557,9334,20231228,306,11,1,1,4103.06,Wrong size,True
558,9382,20230616,1410,54,12,2,225.26,Other,True
559,9385,20241013,682,15,4,6,97.86,Wrong size,True
560,9393,20251029,1343,60,8,4,1989.79,Changed mind,True
561,9404,20240206,1881,46,4,1,198.57,Warranty,False
562,9406,20251021,1722,104,2,2,948.86,Changed mind,True
563,9414,20240822,1804,57,1,2,483.07,Changed mind,True
564,9433,20220710,876,82,2,1,566.35,Wrong size,False
565,9444,20230720,292,45,9,1,157.4,Changed mind,False
566,9478,20250320,1587,24,4,1,37.68,Changed mind,True
567,9480,20250321,1587,79,4,1,379.34,Wrong size,False
568,9482,20250915,1941,57,8,5,1450.46,Late delivery,True
569,9489,20230906,1208,76,4,1,200.17,Changed mind,True
570,9510,20230709,681,35,10,1,82.21,Changed mind,True
571,9532,20231113,57,53,6,1,153.46,Wrong size,True
572,9535,20240815,952,49,1,6,431.5,Late delivery,False
573,9544,20250317,1596,64,2,2,271.13,Changed mind,True
574,9554,20250112,1233,103,7,1,563.94,Late delivery,True
575,9560,20250121,460,99,1,1,591.27,Changed mind,True
576,9570,20240928,285,94,8,2,770.81,Changed mind,True
577,9594,20251231,1876,64,7,1,151.47,Late delivery,True
578,9609,20250927,1409,46,2,2,430.66,Wrong size,False
579,9613,20251104,21,22,9,1,108.38,Damaged,False
580,9621,20230620,706,46,7,2,411.85,Wrong size,True
581,9632,20250924,142,100,5,1,723.38,Damaged,False
582,9656,20250821,1929,14,10,1,82.02,Late delivery,True
583,9669,20230708,1603,30,12,2,124.01,Other,False
584,9709,20250701,1007,91,6,1,375.35,Damaged,False
585,9723,20241118,412,58,7,2,721.43,Wrong size,True
586,9745,20250407,355,36,11,1,159.71,Damaged,False
587,9746,20250410,355,76,11,2,497.08,Damaged,False
588,9748,20240312,735,35,10,2,152.2,Changed mind,True
589,9758,20250107,1810,1,10,1,892.67,Wrong size,True
590,9762,20230308,1429,16,5,1,94.99,Other,True
591,9771,20240812,126,24,4,1,31.05,Wrong size,True
592,9786,20251231,1672,53,8,1,181.76,Late delivery,False
593,9787,20251226,1672,62,8,1,126.62,Warranty,True
594,9808,20230925,1147,55,6,3,846.4,Warranty,False
595,9823,20240121,1274,95,12,1,383.26,Changed mind,True
596,9827,20221205,1179,48,12,1,148.82,Wrong size,True
597,9830,20240227,1383,38,11,1,228.14,Damaged,False
598,9835,20240204,1789,104,2,2,945.05,Changed mind,True
599,9844,20230607,1384,16,7,1,83.22,Wrong size,True
600,9850,20231114,1159,16,7,1,105.87,Damaged,False
601,9865,20251126,1858,47,8,1,107.37,Wrong size,True
602,9912,20250728,1580,106,5,1,768.6,Damaged,False
603,9950,20241005,410,18,11,2,178.06,Other,True
604,9953,20230109,1840,43,11,1,135.74,Wrong size,True
605,9960,20250814,507,75,3,1,319.77,Late delivery,True
606,9972,20240809,1344,47,10,1,98.87,Wrong size,True
607,9978,20240711,488,36,11,3,491.4,Wrong size,True
608,9982,20220918,736,98,2,1,152.76,Changed mind,True
609,9990,20250401,1070,47,11,6,618.14,Late delivery,True
610,10025,20221127,1196,49,7,1,68.75,Warranty,False
611,10033,20221222,797,69,12,1,314.22,Changed mind,True
612,10056,20250518,1685,52,1,3,190.65,Other,True
613,10073,20240626,452,103,3,2,1043.14,Damaged,False
614,10086,20250808,1635,47,1,1,107.21,Warranty,False
615,10088,20231212,993,72,1,1,231.29,Other,True
616,10119,20250216,1084,70,5,3,509.51,Wrong size,False
617,10123,20250205,1084,28,5,1,42.71,Wrong size,True
618,10143,20240912,1845,30,3,2,120.57,Wrong size,True
619,10149,20251114,831,105,3,1,490.73,Changed mind,True
620,10157,20230903,12,39,8,1,109.11,Other,False
621,10170,20220601,1591,88,1,2,283.82,Damaged,False
622,10172,20240119,845,54,12,1,103.51,Changed mind,True
623,10195,20250819,1235,26,7,1,13.55,Warranty,False
624,10198,20230123,156,46,8,1,222.58,Damaged,False
625,10201,20230111,156,55,8,6,1698.77,Wrong size,True
626,10221,20240813,14,88,5,1,120.35,Late delivery,True
627,10241,20240518,911,1,1,1,952.34,Warranty,False
628,10313,20251005,612,9,1,1,1126.16,Changed mind,True
629,10330,20250305,115,105,7,2,904.16,Wrong size,True
630,10338,20250630,1960,61,6,1,281.47,Late delivery,True
631,10355,20240409,790,66,11,2,161.59,Wrong size,True
632,10362,20230307,532,30,12,1,51.85,Other,True
633,10369,20230914,1014,76,9,1,230.69,Wrong size,True
634,10390,20251019,1428,107,8,1,538.98,Late delivery,True
635,10394,20250507,1205,32,12,1,23.31,Late delivery,True
636,10402,20250101,1549,69,2,4,1266.38,Wrong size,True
637,10408,20250707,1352,26,4,1,12.74,Changed mind,True
638,10413,20231001,1713,66,11,1,76.69,Wrong size,True
639,10431,20251102,1251,26,7,1,11.27,Warranty,False
640,10437,20240805,1593,57,6,1,265.7,Wrong size,True
641,10459,20240321,1571,54,4,1,99.46,Wrong size,True
642,10492,20240425,1329,44,4,4,871.62,Late delivery,True
643,10493,20240802,341,60,9,1,519.77,Late delivery,True
644,10505,20250724,1096,39,1,1,125.11,Wrong size,True
645,10535,20250509,1742,4,1,1,2422.64,Late delivery,True
646,10536,20250625,347,80,7,1,143.56,Wrong size,True
647,10543,20251015,1182,64,9,1,144.87,Changed mind,False
648,10552,20240615,520,31,2,2,191.8,Damaged,False
649,10583,20221213,1157,53,10,7,1225.93,Wrong size,True
650,10594,20250401,657,50,2,2,329.0,Damaged,False
651,10625,20240316,748,56,5,1,155.37,Wrong size,True
652,10638,20230512,94,81,8,5,1417.92,Other,True
653,10645,20240331,451,52,3,3,174.69,Late delivery,True
654,10653,20250325,1706,36,10,1,204.26,Late delivery,True
655,10706,20230729,628,45,2,1,160.45,Wrong size,True
656,10726,20240409,399,99,2,1,553.76,Other,True
657,10727,20240306,399,23,2,2,137.17,Other,True
658,10765,20251111,302,37,1,1,96.92,Damaged,False
659,10795,20230921,325,66,2,1,90.73,Wrong size,True
660,10812,20240720,1573,26,5,1,14.58,Wrong size,True
661,10828,20230225,1378,52,12,1,56.91,Changed mind,True
662,10840,20240925,1951,21,10,1,87.93,Changed mind,True
663,10843,20250709,29,77,2,1,88.48,Late delivery,False
664,10857,20240718,933,21,8,2,179.42,Changed mind,False
665,10861,20241028,365,44,1,1,268.89,Warranty,False
666,10865,20241114,716,108,9,1,570.07,Changed mind,False
667,10880,20230703,447,20,5,1,136.64,Damaged,False
668,10882,20240209,1622,30,3,4,200.37,Changed mind,True
669,10883,20240318,1622,108,3,1,505.29,Wrong size,False
670,10907,20240207,1391,18,11,2,188.09,Damaged,False
671,10915,20241024,835,36,3,1,199.76,Wrong size,False
672,10923,20240720,780,26,2,3,42.96,Damaged,False
673,10939,20250202,1842,55,7,1,300.86,Late delivery,True
674,10966,20240209,1816,54,10,2,223.68,Damaged,False
675,10982,20221221,944,19,6,4,267.07,Damaged,False
676,10992,20240202,965,13,9,1,13.27,Late delivery,True
677,10998,20241121,839,76,8,1,176.36,Damaged,False
678,11001,20241019,839,94,8,1,411.66,Damaged,False
679,11003,20240518,385,18,9,1,84.94,Changed mind,True
680,11020,20251224,1552,107,7,1,524.98,Damaged,False
681,11022,20251214,1552,30,7,1,45.05,Changed mind,True
682,11058,20250108,313,89,12,1,48.8,Late delivery,True
683,11083,20230907,1186,45,12,1,162.59,Wrong size,True
684,11114,20250706,1526,95,1,2,693.55,Late delivery,True
685,11115,20250725,1526,12,1,1,3549.62,Warranty,False
686,11147,20241202,1636,105,12,3,1461.32,Other,True
687,11173,20220524,669,43,6,1,132.03,Damaged,False
688,11188,20230104,29,19,10,1,66.12,Late delivery,True
689,11222,20230217,254,100,3,1,679.88,Wrong size,True
690,11276,20251231,758,108,10,1,518.25,Changed mind,True
691,11292,20230811,1812,40,4,2,597.75,Wrong size,True
692,11302,20240408,69,24,8,1,31.27,Warranty,False
693,11304,20250725,861,41,4,1,259.71,Other,True
694,11306,20250724,861,37,4,1,91.2,Other,True
695,11322,20230801,1770,21,7,1,74.21,Wrong size,True
696,11324,20221223,957,98,3,1,209.13,Wrong size,True
697,11335,20251027,1525,76,2,6,1216.24,Wrong size,True
698,11353,20250801,710,80,9,1,157.71,Changed mind,True
699,11365,20240613,1955,28,3,2,73.68,Warranty,True
700,11373,20240416,1436,69,12,3,988.72,Other,True
701,11379,20230506,385,36,5,1,175.85,Late delivery,True
702,11392,20250510,1906,35,5,1,84.51,Damaged,False
703,11395,20250912,1564,96,4,1,595.55,Changed mind,True
704,11402,20250703,1743,23,5,1,55.2,Other,True
705,11403,20250615,1743,50,5,1,176.85,Wrong size,True
706,11405,20241119,471,38,9,3,588.15,Warranty,True
707,11428,20251231,863,75,2,1,292.62,Other,True
708,11438,20240529,1461,37,3,6,634.09,Damaged,False
709,11459,20240503,1181,100,5,7,5701.52,Late delivery,True
710,11469,20250305,652,100,3,1,785.71,Changed mind,True
711,11479,20240312,5,70,2,1,144.2,Wrong size,True
712,11487,20251120,725,86,6,2,549.09,Other,False
713,11501,20241102,846,19,4,1,75.73,Wrong size,True
714,11506,20250925,1839,63,3,2,463.21,Wrong size,True
715,11520,20231117,877,107,4,1,509.04,Damaged,False
716,11524,20240113,1722,56,6,1,174.55,Late delivery,True
717,11527,20240131,1898,3,11,1,2646.92,Warranty,True
718,11532,20251101,1810,96,12,1,456.12,Late delivery,False
719,11583,20240814,897,46,6,1,232.16,Wrong size,True
720,11587,20250725,850,103,8,1,458.97,Changed mind,True
721,11594,20240923,1945,73,7,3,855.44,Warranty,True
722,11598,20251231,18,41,9,1,263.55,Wrong size,True
723,11606,20230908,496,96,5,3,1328.38,Damaged,False
724,11619,20241115,882,29,5,3,353.59,Warranty,False
725,11645,20240329,885,63,2,1,187.12,Changed mind,True
726,11659,20251216,877,73,5,2,508.62,Wrong size,True
727,11676,20250617,1248,15,8,1,16.79,Late delivery,True
728,11685,20240330,380,80,5,1,125.43,Wrong size,True
729,11714,20240808,1012,60,3,3,1306.96,Wrong size,True
730,11730,20240307,1055,39,7,1,116.69,Changed mind,True
731,11739,20240215,1260,106,5,1,628.52,Late delivery,True
732,11744,20240903,605,76,3,2,431.44,Changed mind,True
733,11754,20231015,1654,53,8,1,123.93,Damaged,False
734,11765,20240917,1393,35,12,1,75.48,Damaged,False
735,11771,20251231,1231,52,3,1,53.74,Changed mind,True
736,11772,20231005,1524,18,2,2,150.06,Damaged,False
737,11833,20241003,1153,20,6,1,147.18,Other,True
738,11855,20240706,400,44,4,2,507.83,Changed mind,True
739,11863,20240425,333,50,10,2,361.61,Damaged,False
740,11871,20250402,886,46,8,1,192.89,Damaged,False
741,11908,20250322,1503,14,5,1,82.66,Late delivery,True
742,11926,20251231,1546,3,8,1,2620.79,Warranty,False
743,11944,20250411,1876,60,5,2,991.49,Changed mind,False
744,11945,20250428,1876,95,5,1,294.55,Damaged,False
745,11961,20250305,1247,66,10,2,177.62,Wrong size,True
746,11970,20230528,1254,98,3,1,135.18,Changed mind,True
747,11973,20251231,1532,31,12,5,400.3,Changed mind,True
748,12010,20250706,537,11,6,1,3733.77,Late delivery,True
749,12013,20240921,28,47,11,1,105.68,Damaged,False
750,12021,20230529,579,40,12,1,293.09,Wrong size,True
751,12068,20230509,297,76,5,1,234.08,Other,True
752,12083,20230118,937,67,2,4,538.32,Damaged,False
753,12095,20251215,435,79,2,1,348.14,Late delivery,True
754,12139,20230221,1029,43,8,1,111.12,Damaged,False
755,12192,20251015,1841,105,1,1,449.92,Wrong size,True
756,12194,20240229,814,41,2,1,249.48,Changed mind,True
757,12202,20250707,383,47,11,1,101.68,Wrong size,False
758,12240,20240727,757,24,8,4,162.01,Changed mind,True
759,12262,20241105,1014,53,1,1,171.62,Wrong size,False
760,12273,20241129,997,37,2,1,100.42,Wrong size,True
761,12279,20250606,1384,16,11,1,96.98,Wrong size,True
762,12325,20240415,1256,48,8,2,356.64,Changed mind,True
763,12368,20240623,1035,39,2,1,135.59,Changed mind,True
764,12378,20250414,1224,30,8,4,224.88,Changed mind,False
765,12403,20241120,167,71,7,3,823.41,Wrong size,True
766,12440,20230513,1703,85,4,2,787.67,Changed mind,True
767,12453,20240627,420,71,4,1,249.14,Wrong size,True
768,12457,20240816,310,69,1,2,609.73,Changed mind,True
769,12459,20240903,310,92,1,1,435.23,Wrong size,True
770,12473,20240410,838,22,10,1,88.36,Changed mind,False
771,12474,20241124,1092,58,8,1,364.01,Changed mind,True
772,12479,20250902,1324,53,2,1,189.05,Wrong size,True
773,12487,20250821,27,106,4,2,1630.78,Wrong size,True
774,12508,20251222,1769,33,9,1,67.93,Damaged,False
775,12514,20251208,493,73,9,1,235.52,Late delivery,True
776,12516,20250507,628,53,11,1,161.2,Late delivery,False
777,12532,20231121,15,40,5,1,266.0,Changed mind,True
778,12539,20250515,1970,27,9,1,76.67,Wrong size,True
779,12546,20240430,875,38,9,1,241.0,Wrong size,True
780,12547,20220803,1798,86,2,1,246.05,Wrong size,True
781,12576,20250207,989,63,5,1,252.84,Warranty,False
782,12591,20241208,1225,106,5,4,2736.84,Other,True
783,12626,20230210,1407,108,8,1,506.11,Changed mind,True
784,12675,20230725,1649,53,2,1,190.1,Damaged,False
785,12682,20241119,1936,10,6,1,1782.27,Wrong size,True
786,12698,20241115,1985,94,6,1,391.73,Other,True
787,12775,20230418,758,67,12,1,157.94,Changed mind,True
788,12776,20230416,758,96,12,1,600.77,Wrong size,True
789,12816,20250708,1927,38,7,1,236.78,Late delivery,True
790,12823,20230117,722,52,5,1,70.19,Damaged,False
791,12836,20250601,605,79,6,2,784.66,Late delivery,True
792,12854,20251126,1006,13,5,2,23.47,Warranty,True
793,12874,20251215,396,69,11,1,340.44,Damaged,False
794,12910,20241102,1265,19,7,1,71.96,Changed mind,True
795,12919,20230228,1299,20,12,1,135.72,Damaged,False
796,12928,20230218,438,79,4,2,690.54,Late delivery,True
797,13006,20241121,761,17,11,5,383.97,Other,True
798,13033,20250816,607,21,2,1,76.52,Damaged,False
799,13042,20230619,1600,103,5,1,531.1,Wrong size,True
800,13051,20230404,363,100,8,1,818.66,Changed mind,True
801,13059,20240731,536,42,2,1,94.88,Wrong size,True
802,13068,20240306,1289,55,8,1,288.01,Wrong size,True
803,13076,20251204,1054,55,11,1,271.31,Wrong size,True
804,13094,20230831,604,39,11,3,386.96,Damaged,False
805,13107,20220513,829,65,5,1,33.1,Wrong size,True
806,13110,20250324,471,66,5,2,190.77,Late delivery,True
807,13115,20240712,1522,73,5,2,541.82,Other,True
808,13122,20240617,1829,31,11,2,135.94,Wrong size,True
809,13182,20241015,1608,45,2,1,149.93,Wrong size,True
810,13202,20240919,607,76,2,3,633.66,Warranty,False
811,13220,20250407,651,40,7,1,212.47,Wrong size,True
812,13226,20240822,804,50,11,1,164.5,Late delivery,True
813,13230,20230825,412,76,12,3,638.19,Warranty,False
814,13239,20240618,1053,4,4,1,2879.47,Warranty,True
815,13243,20220927,1515,26,1,4,54.66,Wrong size,True
816,13249,20240825,464,73,3,1,291.97,Late delivery,False
817,13259,20250125,1399,46,8,1,209.89,Changed mind,True
818,13265,20251231,158,49,7,1,65.48,Changed mind,True
819,13286,20231201,1742,88,11,2,240.9,Changed mind,True
820,13311,20250616,953,59,11,7,389.2,Changed mind,True
821,13322,20240716,1588,57,7,1,285.49,Changed mind,True
822,13338,20240421,1579,78,8,1,191.0,Damaged,False
823,13358,20241014,327,84,2,1,178.67,Other,True
824,13361,20250224,1005,40,2,5,1372.17,Changed mind,True
825,13420,20240912,456,79,3,2,573.17,Wrong size,True
826,13441,20250530,1593,92,6,1,449.83,Wrong size,True
827,13444,20250603,1593,108,6,1,560.51,Changed mind,True
828,13466,20250506,1036,55,8,2,647.81,Wrong size,True
829,13485,20230911,1276,27,1,3,201.99,Wrong size,True
830,13489,20240710,1527,101,12,4,2513.21,Wrong size,True
831,13510,20241120,1521,41,8,2,588.4,Wrong size,True
832,13530,20240810,1214,36,8,1,194.35,Changed mind,False
833,13543,20250524,1230,22,4,1,86.43,Changed mind,True
834,13550,20251221,931,55,5,1,295.83,Wrong size,True
835,13559,20250207,714,31,12,1,91.71,Late delivery,True
836,13567,20251231,197,55,7,2,592.0,Changed mind,True
837,13600,20240721,936,33,12,2,137.32,Warranty,False
838,13611,20240920,349,101,10,1,572.31,Late delivery,True
839,13633,20240605,50,79,12,1,388.36,Other,True
840,13641,20240414,949,37,2,1,91.61,Changed mind,True
841,13660,20241007,1418,97,11,1,632.8,Damaged,False
842,13669,20240720,517,53,10,2,332.71,Changed mind,True
843,13676,20240420,1310,48,12,3,565.56,Warranty,False
844,13707,20250124,237,94,10,1,417.84,Damaged,False
845,13708,20241230,237,52,10,2,123.21,Late delivery,True
846,13728,20250602,631,30,4,1,54.42,Changed mind,True
847,13729,20250602,631,58,4,2,666.36,Warranty,False
848,13754,20241223,285,102,3,1,125.5,Changed mind,True
849,13755,20241216,285,40,3,1,296.2,Wrong size,True
850,13782,20241205,680,50,8,1,173.3,Wrong size,False
851,13783,20241231,680,36,8,2,365.3,Other,True
852,13788,20241225,1777,55,9,1,272.78,Changed mind,True
853,13801,20240628,336,80,6,1,128.0,Other,True
854,13806,20230713,1853,20,5,1,118.82,Late delivery,True
855,13831,20230215,758,1,2,1,943.03,Damaged,False
856,13843,20241111,1836,92,2,5,2821.84,Warranty,True
857,13845,20251102,427,50,10,9,1652.88,Other,True
858,13864,20240513,788,18,2,2,163.36,Changed mind,True
859,13868,20231101,1539,38,12,1,246.15,Damaged,False
860,13876,20250125,420,46,5,2,425.32,Late delivery,True
861,13898,20230723,1934,45,3,2,324.41,Changed mind,True
862,13911,20250126,1276,65,2,3,124.89,Damaged,False
863,13972,20250922,1189,26,2,3,38.96,Warranty,True
864,13986,20240402,562,42,10,1,107.67,Late delivery,True
865,13987,20250909,1244,13,6,3,32.65,Changed mind,True
866,14039,20231128,1009,100,8,2,1553.3,Wrong size,True
867,14073,20240320,1819,11,5,1,3766.94,Wrong size,True
868,14079,20250729,1613,5,11,1,3416.0,Warranty,False
869,14101,20221226,1943,55,12,1,294.4,Wrong size,True
870,14125,20240617,552,65,6,1,41.44,Warranty,True
871,14145,20230902,1645,10,12,1,1756.05,Wrong size,True
872,14158,20241126,1936,31,7,1,86.12,Changed mind,True
873,14175,20230916,1907,48,11,1,173.71,Wrong size,False
874,14177,20240804,407,58,3,1,312.24,Warranty,True
875,14220,20230718,697,107,11,1,566.85,Damaged,False
876,14231,20240215,1439,34,12,1,56.36,Warranty,False
877,14253,20231102,812,27,8,7,492.12,Changed mind,True
878,14257,20240611,1970,73,6,4,1044.79,Damaged,False
879,14299,20240322,614,102,7,1,140.0,Warranty,True
880,14304,20251129,386,19,6,1,75.23,Wrong size,True
881,14311,20250525,675,26,5,2,23.61,Late delivery,True
882,14322,20250818,1420,103,3,1,482.99,Wrong size,True
883,14328,20240502,797,104,1,2,781.28,Wrong size,True
884,14338,20230710,138,103,6,1,565.76,Late delivery,True
885,14346,20240407,1105,5,1,1,2802.95,Damaged,False
886,14349,20231119,786,40,4,1,284.98,Changed mind,True
887,14370,20251204,1031,102,4,1,138.97,Other,True
888,14375,20221023,1318,43,8,1,114.25,Wrong size,True
889,14381,20251013,345,98,7,1,188.39,Warranty,False
890,14392,20230608,1129,6,7,1,1357.44,Warranty,True
891,14412,20250420,1070,56,9,1,151.45,Wrong size,True
892,14421,20250209,1131,45,7,1,143.15,Wrong size,True
893,14439,20250814,1501,80,12,1,148.66,Wrong size,True
894,14508,20220503,1998,64,11,2,345.41,Warranty,False
895,14521,20240731,277,24,6,1,34.32,Wrong size,True
896,14549,20240131,1568,79,12,1,333.77,Warranty,False
897,14559,20230612,848,15,3,1,19.83,Late delivery,True
898,14603,20240502,329,22,12,1,90.04,Damaged,False
899,14638,20250513,642,26,5,1,13.49,Damaged,False
900,14641,20230425,1331,53,7,4,568.59,Wrong size,False
901,14651,20240709,628,85,11,2,683.75,Damaged,False
902,14661,20250110,332,92,12,3,1384.3,Changed mind,False
903,14664,20240208,1354,37,7,2,188.1,Damaged,False
904,14679,20250409,1690,18,4,1,93.55,Damaged,False
905,14688,20241103,1390,17,12,1,68.56,Wrong size,True
906,14735,20230921,1131,60,7,6,2428.75,Wrong size,True
907,14762,20241116,717,69,2,1,323.24,Other,True
908,14783,20240509,5,30,7,1,51.63,Late delivery,True
909,14799,20240824,1481,11,7,1,4065.68,Late delivery,True
910,14806,20230803,370,54,5,3,280.42,Damaged,False
911,14822,20230502,1526,101,9,1,652.99,Changed mind,True
912,14824,20240221,480,67,8,6,959.21,Changed mind,True
913,14846,20250920,1364,15,9,2,33.61,Damaged,False
914,14866,20221225,546,28,10,1,34.11,Late delivery,True
915,14875,20230921,1229,76,11,1,196.1,Damaged,False
916,14891,20250204,1569,13,2,7,74.89,Damaged,False
917,14892,20250121,1569,48,2,1,163.17,Changed mind,False
918,14908,20221224,1768,65,5,1,45.84,Wrong size,True
919,14920,20250909,222,5,1,1,2680.83,Warranty,False
920,14928,20240724,1201,56,1,2,333.08,Wrong size,True
921,14941,20240709,884,63,1,1,247.16,Changed mind,True
922,14961,20251101,1799,29,2,1,118.64,Wrong size,True
923,14977,20240423,1963,4,3,1,2598.4,Damaged,False
924,14986,20240804,1017,52,1,1,63.02,Warranty,False
925,14991,20251030,1652,53,1,2,339.29,Other,True
926,14997,20250519,897,9,2,1,1080.94,Warranty,False
927,15005,20230831,252,86,9,1,233.42,Wrong size,True
928,15017,20230310,39,21,5,2,138.45,Changed mind,True
929,15019,20240407,1236,94,9,2,663.39,Warranty,True
930,15027,20250618,1496,17,7,4,302.14,Late delivery,True
931,15053,20251231,1172,26,9,1,10.86,Wrong size,True
932,15081,20240725,592,49,11,1,75.91,Late delivery,True
933,15091,20231113,872,43,7,1,153.21,Wrong size,True
934,15093,20251231,1014,36,5,2,262.47,Wrong size,True
935,15123,20250520,1730,38,2,1,209.4,Damaged,False
936,15150,20251231,403,33,10,1,65.63,Wrong size,True
937,15152,20230313,16,43,1,1,131.59,Changed mind,True
938,15164,20240424,985,24,8,1,32.52,Wrong size,True
939,15192,20250119,35,40,8,2,560.87,Wrong size,True
940,15200,20240131,1794,10,4,1,1694.33,Changed mind,True
941,15206,20241011,645,73,12,1,258.78,Wrong size,True
942,15207,20241108,645,93,12,1,182.35,Late delivery,True
943,15240,20241209,1935,31,7,1,79.73,Changed mind,True
944,15271,20251231,792,48,4,1,145.46,Late delivery,True
945,15276,20241121,6,50,10,1,197.59,Wrong size,True
946,15282,20240101,480,67,6,2,269.09,Changed mind,True
947,15301,20231009,191,96,6,2,1359.05,Damaged,False
948,15327,20231004,1552,55,1,2,631.58,Other,True
949,15344,20251005,967,67,11,2,279.33,Changed mind,True
950,15364,20240323,1431,71,3,1,354.02,Late delivery,True
951,15365,20240415,1431,36,3,1,186.94,Damaged,False
952,15376,20240402,974,15,8,1,17.62,Damaged,False
953,15384,20231017,1306,19,7,1,82.7,Changed mind,True
954,15386,20251108,1468,107,8,2,1123.95,Late delivery,True
955,15392,20240929,709,3,10,1,2650.44,Changed mind,True
956,15401,20251017,1881,77,9,1,88.94,Late delivery,True
957,15429,20251205,1332,37,12,1,83.55,Wrong size,False
958,15433,20240703,1381,42,11,1,125.6,Damaged,False
959,15462,20241129,1075,27,8,2,146.22,Changed mind,True
960,15484,20230926,1577,69,3,2,639.94,Wrong size,True
961,15538,20230911,418,19,3,1,82.5,Changed mind,True
962,15541,20240218,951,15,2,6,101.43,Changed mind,True
963,15547,20250815,1176,39,3,1,109.59,Warranty,True
964,15558,20250831,1943,85,2,2,656.21,Damaged,False
965,15565,20230416,870,36,7,3,567.06,Wrong size,True
966,15587,20251114,1678,58,9,1,301.94,Wrong size,True
967,15612,20250107,722,52,6,1,64.93,Wrong size,True
968,15615,20230226,180,35,7,1,86.3,Wrong size,True
969,15617,20240419,240,50,1,2,363.84,Wrong size,True
970,15629,20250922,917,9,4,1,1006.03,Wrong size,True
971,15675,20230907,1927,54,8,1,104.15,Wrong size,True
972,15701,20250508,986,24,10,2,75.53,Wrong size,True
973,15719,20241201,360,47,3,2,168.16,Wrong size,True
974,15726,20241208,982,106,3,3,2015.85,Damaged,False
975,15736,20241113,355,46,4,2,404.47,Wrong size,True
976,15739,20241105,355,20,4,1,116.43,Changed mind,True
977,15759,20250123,1639,46,12,1,228.59,Damaged,False
978,15769,20240912,233,78,1,4,674.32,Damaged,False
979,15775,20250305,617,32,2,1,17.16,Damaged,False
980,15787,20231013,1987,39,5,3,357.91,Changed mind,True
981,15814,20240520,235,76,10,3,643.53,Wrong size,True
982,15818,20240530,1036,45,2,1,139.01,Late delivery,True
983,15819,20241012,624,43,2,1,118.06,Wrong size,True
984,15829,20240417,401,32,8,2,49.42,Late delivery,True
985,15855,20250728,1376,91,5,3,1243.54,Late delivery,True
986,15863,20241214,126,96,12,1,561.82,Changed mind,False
987,15873,20230414,1896,52,2,1,55.98,Late delivery,True
988,15885,20240625,1668,45,11,1,153.19,Changed mind,True
989,15913,20240518,386,105,10,1,439.89,Changed mind,False
990,15920,20240615,367,83,12,1,480.93,Late delivery,True
991,15922,20250510,1898,37,8,2,215.21,Wrong size,True
992,15964,20220911,863,7,5,1,1999.64,Damaged,False
993,15987,20231020,1513,108,4,1,509.41,Wrong size,False
994,15991,20250527,972,21,12,1,78.56,Wrong size,True
995,15996,20251231,1172,107,12,1,587.82,Changed mind,True
996,16012,20241103,952,60,10,1,464.53,Other,True
997,16046,20250421,446,104,5,1,493.91,Warranty,False
998,16050,20240508,1154,96,4,1,652.09,Changed mind,True
999,16069,20240510,1826,23,7,1,68.52,Changed mind,True
1000,16073,20220705,386,22,9,1,91.82,Changed mind,True
1001,16081,20240501,1326,70,9,1,172.14,Damaged,False
1002,16139,20241108,1361,37,6,1,86.61,Wrong size,True
1003,16142,20240612,297,25,3,1,115.55,Other,True
1004,16147,20250115,918,69,9,3,890.27,Other,True
1005,16153,20231118,52,103,10,1,604.39,Other,True
1006,16188,20241026,38,55,12,1,304.21,Damaged,False
1007,16197,20241110,487,85,4,2,730.67,Warranty,False
1008,16225,20230715,1118,48,9,2,350.73,Wrong size,True
1009,16270,20241105,827,68,9,1,115.74,Warranty,True
1010,16280,20240802,685,47,7,3,272.29,Changed mind,True
1011,16281,20240808,685,25,7,2,222.35,Damaged,False
1012,16329,20240417,1975,38,2,6,1274.1,Late delivery,False
1013,16333,20230908,1922,37,5,1,87.67,Wrong size,True
1014,16346,20241108,24,56,11,4,687.11,Wrong size,False
1015,16356,20240906,63,14,9,2,174.18,Warranty,False
1016,16368,20241122,845,64,4,2,343.37,Changed mind,True
1017,16372,20240406,1408,80,1,1,140.75,Damaged,False
1018,16377,20230314,5,10,6,1,1973.93,Damaged,False
1019,16393,20230116,870,77,12,1,83.57,Damaged,False
1020,16402,20251231,342,16,3,6,585.55,Wrong size,True
1021,16476,20240329,674,93,10,1,186.67,Changed mind,True
1022,16478,20240314,674,44,10,1,242.03,Changed mind,True
1023,16490,20240727,889,91,6,1,459.18,Changed mind,True
1024,16508,20241211,435,18,2,1,87.68,Damaged,False
1025,16526,20240807,1624,77,9,1,81.07,Other,True
1026,16564,20241019,1064,75,8,1,238.32,Wrong size,True
1027,16583,20250430,458,27,6,1,69.24,Changed mind,True
1028,16623,20251204,1752,52,4,4,254.88,Wrong size,False
1029,16630,20230110,33,83,10,1,492.25,Wrong size,True
1030,16664,20230707,1355,81,9,1,365.18,Damaged,False
1031,16673,20240715,102,76,7,1,183.77,Changed mind,True
1032,16694,20240408,1727,34,6,1,55.39,Changed mind,True
1033,16697,20241213,1234,105,10,2,893.0,Damaged,False
1034,16700,20250110,1234,66,10,1,93.13,Damaged,False
1035,16706,20240404,1047,53,3,1,166.49,Damaged,False
1036,16719,20251019,1802,7,2,1,2126.55,Damaged,False
1037,16724,20240820,502,62,2,1,136.92,Changed mind,True
1038,16757,20240719,1939,74,11,1,159.56,Late delivery,True
1039,16782,20251108,1242,71,11,2,574.93,Other,True
1040,16785,20240128,292,41,6,2,486.54,Changed mind,True
1041,16796,20250806,1928,55,2,1,316.76,Wrong size,True
1042,16801,20241203,1562,86,3,1,249.06,Late delivery,True
1043,16917,20231203,1005,51,4,1,212.09,Wrong size,True
1044,16936,20220921,725,18,4,1,84.08,Changed mind,True
1045,16971,20240716,1286,15,11,2,41.48,Wrong size,True
1046,16980,20241007,1556,20,1,3,328.97,Late delivery,True
1047,16987,20250620,814,46,6,1,195.1,Changed mind,True
1048,16991,20251016,1797,79,8,1,367.63,Late delivery,False
1049,16992,20251126,1616,45,2,1,135.26,Wrong size,True
1050,17012,20221028,1138,43,7,2,237.59,Wrong size,True
1051,17017,20240712,1732,69,9,1,349.4,Late delivery,True
1052,17018,20240405,219,23,11,3,160.33,Other,True
1053,17024,20240726,855,96,12,3,1629.62,Damaged,False
1054,17026,20241020,74,39,5,2,228.82,Wrong size,True
1055,17029,20240312,1838,56,6,1,157.16,Other,True
1056,17040,20250914,176,99,4,1,539.81,Late delivery,False
1057,17052,20240819,1766,101,3,3,1649.28,Changed mind,True
1058,17055,20240909,1766,83,3,1,433.78,Changed mind,True
1059,17082,20241124,1118,23,7,1,61.05,Changed mind,True
1060,17112,20251231,1935,75,5,1,285.07,Damaged,False
1061,17115,20241127,1535,56,7,1,176.42,Wrong size,False
1062,17127,20240923,1977,101,10,1,621.95,Warranty,False
1063,17150,20230616,969,53,4,1,160.8,Wrong size,False
1064,17151,20230515,969,56,4,2,277.49,Wrong size,True
1065,17171,20241003,968,22,9,4,407.77,Other,True
1066,17179,20250712,631,14,5,2,164.18,Damaged,False
1067,17221,20241223,1937,47,2,2,192.35,Late delivery,True
1068,17247,20251231,740,76,10,2,438.71,Changed mind,True
1069,17257,20250123,1788,59,8,1,54.85,Late delivery,True
1070,17266,20240711,1504,105,9,1,471.84,Changed mind,True
1071,17281,20250330,615,52,4,1,58.91,Damaged,False
1072,17329,20240720,592,100,5,1,613.13,Wrong size,True
1073,17336,20230428,159,26,11,2,24.64,Damaged,False
1074,17337,20230327,159,46,11,1,207.49,Late delivery,True
1075,17353,20230224,928,64,4,1,166.61,Late delivery,True
1076,17394,20230623,1732,69,7,1,311.23,Changed mind,True
1077,17440,20220724,280,104,4,1,464.78,Late delivery,True
1078,17442,20231113,877,30,11,1,55.25,Changed mind,True
1079,17495,20250218,177,18,5,1,101.56,Wrong size,False
1080,17504,20230208,391,47,6,1,104.05,Wrong size,True
1081,17505,20230209,391,102,6,4,604.06,Late delivery,True
1082,17515,20250215,727,42,6,1,130.71,Late delivery,True
1083,17526,20250829,331,66,11,1,103.17,Wrong size,True
1084,17530,20230930,940,21,3,3,217.63,Warranty,False
1085,17537,20250111,346,14,12,1,108.18,Warranty,True
1086,17542,20241102,394,56,8,2,336.88,Wrong size,True
1087,17554,20241103,714,56,11,1,158.24,Changed mind,True
1088,17567,20251003,1202,17,10,2,172.72,Changed mind,False
1089,17574,20250122,1277,6,5,1,1286.51,Damaged,False
1090,17582,20241215,1499,37,4,2,188.84,Wrong size,True
1091,17614,20251129,648,47,8,1,105.81,Wrong size,True
1092,17640,20230405,1860,45,11,4,540.82,Wrong size,True
1093,17644,20240719,176,49,12,2,118.98,Wrong size,True
1094,17665,20251231,1418,21,3,1,80.3,Late delivery,True
1095,17707,20250421,1015,63,12,1,227.3,Changed mind,True
1096,17720,20250121,1037,103,10,1,440.27,Damaged,False
1097,17727,20231006,207,106,5,3,2133.09,Changed mind,False
1098,17734,20230719,1813,45,2,9,1314.32,Wrong size,True
1099,17749,20240909,1205,13,3,8,85.28,Changed mind,True
1100,17755,20251229,994,96,12,1,639.66,Other,True
1101,17757,20240217,1337,1,12,1,965.32,Damaged,False
1102,17758,20240212,1337,39,12,4,530.87,Wrong size,True
1103,17770,20250305,164,30,7,4,224.74,Late delivery,True
1104,17783,20250316,766,60,3,1,541.35,Changed mind,False
1105,17794,20250426,705,78,12,5,848.71,Damaged,False
1106,17803,20240916,448,45,7,1,158.66,Other,False
1107,17813,20250708,104,55,10,1,289.88,Wrong size,True
1108,17830,20240221,159,46,7,1,213.41,Changed mind,True
1109,17834,20251007,435,69,11,1,339.83,Wrong size,True
1110,17853,20250506,762,46,5,1,182.77,Changed mind,True
1111,17864,20250211,633,36,4,2,343.38,Wrong size,True
1112,17867,20250301,736,43,7,1,122.71,Wrong size,True
1113,17868,20250212,736,94,7,1,411.3,Damaged,False
1114,17888,20240321,1786,104,7,2,890.82,Warranty,False
1115,17891,20240312,1786,52,7,4,240.86,Wrong size,False
1116,17895,20250329,1379,58,9,1,322.53,Other,True
1117,17918,20241102,1141,65,1,1,33.86,Changed mind,True
1118,17919,20241116,1141,77,1,2,178.65,Changed mind,True
1119,17936,20240418,1218,44,2,1,288.22,Damaged,False
1120,17941,20251010,1684,83,3,1,404.58,Changed mind,True
1121,17952,20250123,851,16,12,2,185.57,Late delivery,True
1122,17990,20241121,425,27,5,1,70.76,Warranty,False
1123,18003,20231216,9,7,7,1,2285.65,Changed mind,True
1124,18024,20231009,1710,30,2,1,55.88,Late delivery,True
1125,18063,20251231,1598,32,8,1,22.95,Changed mind,True
1126,18076,20240809,1310,57,4,1,271.32,Late delivery,True
1127,18088,20230301,275,85,5,1,388.87,Warranty,True
1128,18128,20231229,1176,29,12,1,126.41,Late delivery,True
1129,18141,20231029,848,51,11,1,219.04,Changed mind,True
1130,18148,20251231,1706,54,12,1,97.44,Late delivery,True
1131,18160,20240803,317,61,1,1,268.99,Changed mind,True
1132,18182,20240519,1635,51,2,3,609.06,Warranty,False
1133,18192,20230811,250,71,2,1,331.23,Damaged,False
1134,18199,20251230,957,5,2,1,3167.74,Changed mind,True
1135,18208,20241024,1749,57,5,1,303.15,Wrong size,True
1136,18242,20220715,326,65,5,4,155.93,Changed mind,True
1137,18248,20240808,772,95,12,1,361.75,Changed mind,True
1138,18251,20250926,1051,56,8,1,155.14,Late delivery,True
1139,18291,20251006,101,83,6,2,861.25,Late delivery,True
1140,18295,20240125,115,54,11,1,101.49,Late delivery,True
1141,18296,20240209,115,24,11,1,40.11,Changed mind,True
1142,18350,20240404,1841,14,11,1,94.9,Late delivery,False
1143,18352,20241216,173,35,12,1,77.81,Changed mind,True
1144,18375,20241121,33,55,3,1,346.98,Wrong size,True
1145,18393,20221222,1680,35,11,2,137.44,Changed mind,False
1146,18397,20231215,676,49,10,1,80.05,Changed mind,True
1147,18399,20220708,1080,19,10,1,65.87,Damaged,False
1148,18402,20230617,612,88,7,1,111.61,Wrong size,True
1149,18411,20230523,1873,69,6,1,307.51,Wrong size,True
1150,18416,20251027,1569,46,2,1,189.85,Late delivery,True
1151,18430,20241220,1328,38,1,1,223.18,Wrong size,False
1152,18432,20240227,1185,26,11,3,37.83,Other,True
1153,18438,20231021,743,108,10,8,4614.41,Damaged,False
1154,18469,20230107,1852,20,9,4,524.78,Late delivery,True
1155,18496,20240817,1623,32,10,1,24.34,Warranty,True
1156,18500,20250609,895,32,10,2,47.93,Warranty,False
1157,18516,20230716,449,107,10,1,548.7,Wrong size,True
1158,18548,20240527,1156,22,10,1,98.53,Changed mind,True
1159,18582,20240630,1555,53,4,2,322.56,Wrong size,True
1160,18593,20250420,88,56,6,3,471.9,Wrong size,True
1161,18615,20220829,1015,7,5,1,2207.56,Warranty,True
1162,18622,20251110,1925,2,6,1,1689.37,Other,True
1163,18662,20240714,1364,35,11,1,70.83,Damaged,False
1164,18680,20231126,1461,55,7,1,334.56,Damaged,False
1165,18704,20240805,882,17,8,1,80.52,Wrong size,True
1166,18711,20240507,1561,96,9,1,551.48,Changed mind,False
1167,18753,20231117,503,27,7,1,74.68,Other,True
1168,18762,20230701,1196,104,7,4,1968.27,Damaged,False
1169,18808,20240121,324,96,7,7,3712.29,Damaged,False
1170,18853,20220917,1590,65,7,1,43.82,Damaged,False
1171,18872,20250609,1095,38,1,1,188.98,Wrong size,True
1172,18903,20230209,1003,98,10,1,167.75,Damaged,False
1173,18911,20230206,1377,59,9,2,116.14,Warranty,False
1174,18928,20241113,1514,103,2,2,899.1,Changed mind,True
1175,18933,20240909,1274,22,8,1,85.5,Damaged,False
1176,18946,20240114,1641,43,8,1,125.65,Wrong size,False
1177,18980,20240730,16,49,10,3,187.33,Damaged,False
1178,18995,20251106,1791,93,1,1,165.01,Other,False
1179,19024,20250430,188,70,3,2,329.52,Damaged,False
1180,19034,20231204,12,89,11,2,123.34,Late delivery,True
1181,19038,20250811,240,84,7,1,173.26,Late delivery,True
1182,19047,20231124,470,82,7,1,584.05,Changed mind,True
1183,19054,20241216,25,1,4,1,1084.31,Changed mind,True
1184,19062,20240310,637,55,7,1,266.26,Late delivery,True
1185,19069,20250218,1456,105,2,1,437.46,Changed mind,True
1186,19083,20240118,999,59,4,1,50.77,Other,True
1187,19084,20240927,1549,95,12,1,398.2,Late delivery,True
1188,19085,20240830,1549,82,12,3,1499.93,Other,True
1189,19091,20240520,1264,22,7,3,287.41,Wrong size,True
1190,19102,20220619,619,22,11,1,75.16,Other,True
1191,19149,20240217,849,71,9,1,341.88,Wrong size,True
1192,19150,20240207,849,51,9,1,237.97,Wrong size,True
1193,19155,20230311,1752,15,8,1,17.08,Changed mind,True
1194,19159,20230309,1244,103,1,2,1020.65,Other,True
1195,19176,20251231,581,72,10,1,246.55,Late delivery,False
1196,19181,20240725,1056,69,1,2,630.7,Warranty,False
1197,19191,20250616,635,14,9,1,84.26,Late delivery,False
1198,19201,20240121,1421,3,12,1,2578.88,Changed mind,True
1199,19213,20240529,868,9,1,1,793.9,Changed mind,True
1200,19236,20221107,1425,28,5,3,92.11,Warranty,True
1201,19240,20241113,37,34,3,1,61.46,Other,True
1202,19242,20241124,37,37,3,1,98.13,Changed mind,True
1203,19284,20250622,1918,35,7,1,83.79,Wrong size,False
1204,19298,20240325,1257,35,8,1,79.97,Warranty,False
1205,19304,20240215,897,43,3,4,536.07,Wrong size,False
1206,19310,20230916,848,104,5,2,914.06,Wrong size,True
1207,19371,20240403,634,26,10,1,12.89,Wrong size,False
1208,19378,20250211,274,28,11,1,31.53,Damaged,False
1209,19380,20240509,361,29,8,1,125.44,Damaged,False
1210,19386,20251122,1852,36,12,1,167.85,Wrong size,True
1211,19424,20251128,1235,16,7,1,93.24,Damaged,False
1212,19428,20220818,802,82,8,2,1129.01,Wrong size,True
1213,19431,20230302,574,103,10,1,437.16,Other,True
1214,19482,20230308,1332,95,9,1,369.44,Late delivery,True
1215,19499,20240322,1591,64,11,4,670.68,Wrong size,True
1216,19511,20240402,1083,53,8,1,194.2,Wrong size,True
1217,19525,20231007,1541,40,9,2,483.41,Damaged,False
1218,19526,20231022,1541,39,9,1,118.2,Warranty,False
1219,19575,20250615,231,31,2,3,263.85,Warranty,False
1220,19591,20240710,1015,46,1,1,184.91,Damaged,False
1221,19607,20251225,511,36,10,1,186.1,Wrong size,True
1222,19654,20240721,1904,52,10,2,123.61,Wrong size,True
1223,19687,20240513,450,108,1,1,604.13,Damaged,False
1224,19693,20230103,1940,67,11,2,280.54,Wrong size,True
1225,19715,20231121,691,90,10,2,997.05,Changed mind,False
1226,19727,20230213,13,20,1,1,127.05,Wrong size,True
1227,19754,20240701,717,36,9,2,380.95,Wrong size,True
1228,19766,20251003,1910,34,6,2,102.87,Wrong size,True
1229,19788,20240508,49,40,8,1,244.56,Wrong size,True
1230,19789,20240530,49,35,8,10,782.47,Wrong size,True
1231,19796,20230401,1369,56,2,1,141.73,Warranty,True
1232,19799,20221124,1286,35,7,1,82.77,Wrong size,True
1233,19812,20250816,1611,30,11,1,50.14,Other,False
1234,19838,20240821,1761,28,7,1,33.56,Changed mind,True
1235,19845,20220824,319,19,5,3,242.34,Wrong size,True
1236,19852,20250224,970,40,2,3,804.72,Changed mind,True
1237,19854,20240208,49,84,2,1,169.39,Wrong size,True
1238,19862,20250809,439,70,5,1,159.71,Warranty,False
1239,19872,20240723,231,20,7,2,284.72,Late delivery,True
1240,19880,20220928,1545,40,8,2,596.42,Wrong size,True
1241,19895,20230127,1546,79,2,6,1916.86,Wrong size,True
1242,19909,20250117,920,57,9,1,297.67,Warranty,False
1243,19928,20231207,1769,8,3,1,1663.65,Wrong size,True
1244,19939,20240124,250,98,5,1,213.11,Changed mind,True
1245,19952,20251213,677,94,5,1,388.1,Late delivery,True
1246,19980,20231025,920,84,10,3,535.77,Damaged,False
1247,20007,20240312,607,43,10,1,132.99,Changed mind,True
1248,20019,20241227,546,46,10,1,208.63,Wrong size,True
1249,20023,20250103,546,54,10,1,99.89,Damaged,False
1250,20030,20240803,823,45,5,2,311.83,Damaged,False
1251,20033,20240826,823,104,5,2,880.03,Changed mind,False
1252,20071,20251211,1531,18,5,1,85.18,Wrong size,True
1253,20072,20251109,1531,78,5,1,147.64,Other,False
1254,20073,20251201,1531,19,5,1,73.47,Damaged,False
1255,20095,20230301,157,15,12,1,17.86,Changed mind,True
1256,20097,20240717,607,45,12,5,610.4,Wrong size,True
1257,20156,20240525,1236,37,5,3,253.18,Changed mind,True
1258,20161,20250530,1783,91,11,1,443.51,Changed mind,True
1259,20175,20230717,1079,19,10,2,127.12,Changed mind,True
1260,20178,20240830,815,1,7,1,1137.44,Changed mind,True
1261,20204,20240905,734,15,8,1,19.25,Other,True
1262,20207,20250521,1967,37,4,2,170.05,Wrong size,True
1263,20212,20230917,1366,95,10,5,1710.63,Wrong size,True
1264,20222,20250512,999,57,9,1,233.94,Damaged,False
1265,20238,20251212,1487,70,7,1,173.25,Damaged,False
1266,20249,20240314,1220,71,7,2,632.08,Changed mind,True
1267,20258,20220617,250,43,9,1,147.48,Wrong size,True
1268,20271,20250319,465,25,6,1,95.28,Changed mind,True
1269,20278,20240119,629,37,11,2,199.15,Changed mind,True
1270,20281,20251208,335,57,1,5,1623.59,Damaged,False
1271,20292,20241230,538,16,3,1,101.36,Damaged,False
1272,20298,20230813,1720,52,7,4,247.41,Wrong size,True
1273,20313,20241205,1887,86,5,1,239.07,Wrong size,True
1274,20321,20240508,604,100,11,1,742.8,Damaged,False
1275,20329,20240319,643,54,4,1,95.36,Warranty,False
1276,20350,20250608,1353,11,10,1,3646.94,Wrong size,True
1277,20369,20250221,1635,74,12,2,408.81,Damaged,False
1278,20386,20240318,1093,41,12,1,288.22,Damaged,False
1279,20407,20250222,1618,6,7,1,1478.25,Changed mind,True
1280,20422,20230628,1431,35,11,3,209.55,Wrong size,True
1281,20456,20240330,1987,1,10,1,871.11,Damaged,False
1282,20473,20220703,814,103,6,1,463.88,Late delivery,True
1283,20477,20220725,1816,79,11,2,632.19,Late delivery,True
1284,20485,20240402,1354,101,6,2,1045.89,Late delivery,True
1285,20494,20241201,660,34,5,1,48.47,Damaged,False
1286,20500,20250409,1086,67,2,1,148.35,Wrong size,True
1287,20506,20230924,985,51,5,2,407.35,Warranty,True
1288,20524,20220916,1874,77,11,1,90.42,Wrong size,True
1289,20533,20241019,723,50,4,1,195.51,Changed mind,False
1290,20540,20221023,877,65,1,1,48.04,Changed mind,True
1291,20542,20240212,514,67,7,1,138.38,Late delivery,True
1292,20563,20240229,107,63,1,1,241.57,Changed mind,True
1293,20565,20240709,727,102,7,1,143.29,Changed mind,True
1294,20593,20240305,1989,107,8,1,554.41,Damaged,False
1295,20625,20250627,1390,58,5,1,299.99,Wrong size,True
1296,20627,20240302,1782,50,5,1,175.9,Changed mind,True
1297,20629,20241209,1324,56,7,1,149.98,Wrong size,True
1298,20642,20240229,1004,39,1,1,114.55,Wrong size,True
1299,20646,20250808,209,71,9,1,359.57,Late delivery,False
1300,20675,20220915,464,15,8,2,30.99,Changed mind,True
1301,20684,20230722,596,65,5,1,46.28,Damaged,False
1302,20693,20231017,1523,98,2,2,325.27,Changed mind,True
1303,20727,20240222,1390,16,11,1,96.12,Late delivery,True
1304,20739,20250721,1131,19,10,1,51.65,Damaged,False
1305,20752,20230920,1674,40,5,2,569.15,Wrong size,True
1306,20756,20250203,505,67,5,3,496.53,Late delivery,True
1307,20757,20250209,505,56,5,1,141.71,Late delivery,True
1308,20784,20241009,1198,40,3,2,614.73,Wrong size,True
1309,20795,20250329,131,44,5,1,263.5,Changed mind,True
1310,20810,20240705,63,76,11,3,633.1,Damaged,False
1311,20812,20240630,63,19,11,1,67.98,Damaged,False
1312,20813,20240608,63,74,11,1,163.46,Late delivery,True
1313,20815,20231117,1080,104,5,1,531.63,Changed mind,True
1314,20840,20240915,1777,107,10,1,458.47,Changed mind,True
1315,20865,20251231,270,74,9,1,206.74,Wrong size,True
1316,20941,20241105,1768,41,4,1,249.71,Late delivery,True
1317,21003,20240416,249,47,3,2,216.29,Changed mind,True
1318,21034,20221031,1141,46,3,2,352.42,Damaged,False
1319,21056,20241122,1150,47,10,1,89.36,Wrong size,True
1320,21072,20240618,205,94,10,2,928.17,Late delivery,True
1321,21100,20240708,895,10,1,1,1668.27,Damaged,False
1322,21116,20240815,240,53,4,1,185.13,Late delivery,True
1323,21117,20240801,240,45,4,3,372.41,Wrong size,True
1324,21124,20240725,101,36,4,1,178.98,Late delivery,True
1325,21132,20230214,1603,10,6,1,1494.1,Changed mind,True
1326,21138,20230427,1221,95,7,1,346.6,Wrong size,True
1327,21146,20240313,518,48,4,1,147.55,Warranty,False
1328,21157,20251115,1677,13,6,1,13.91,Wrong size,False
1329,21179,20241211,1394,51,1,1,247.17,Changed mind,True
1330,21242,20240312,1463,91,1,1,458.37,Late delivery,True
1331,21257,20240811,765,50,7,1,135.2,Wrong size,True
1332,21264,20240809,1685,30,8,1,55.34,Changed mind,True
1333,21279,20251231,1420,7,7,1,1724.41,Wrong size,False
1334,21288,20240111,959,53,7,1,198.82,Wrong size,True
1335,21293,20230226,1876,87,12,1,158.03,Damaged,False
1336,21310,20240408,912,2,11,1,1733.83,Changed mind,True
1337,21385,20231214,1832,34,12,2,87.94,Wrong size,False
1338,21428,20240802,1487,107,11,1,476.37,Other,True
1339,21429,20240730,1487,85,11,1,313.32,Wrong size,True
1340,21432,20221021,1654,4,12,1,2464.57,Warranty,False
1341,21441,20230929,539,46,12,1,170.49,Late delivery,True
1342,21455,20221015,1727,35,10,1,82.06,Changed mind,True
1343,21469,20240617,1798,39,10,1,113.27,Late delivery,True
1344,21495,20240926,458,95,4,1,374.61,Wrong size,True
1345,21496,20241016,458,45,4,1,152.67,Changed mind,True
1346,21527,20251224,1832,87,3,1,172.98,Late delivery,True
1347,21550,20240104,1574,96,11,2,1142.07,Wrong size,True
1348,21604,20240506,1765,90,8,1,537.04,Late delivery,True
1349,21608,20240711,893,16,1,1,92.98,Changed mind,False
1350,21609,20240710,893,78,1,1,158.35,Late delivery,False
1351,21640,20240418,497,102,5,1,120.98,Other,True
1352,21641,20241018,113,36,3,1,147.62,Changed mind,True
1353,21644,20241004,113,24,3,1,36.11,Wrong size,True
1354,21666,20231227,1222,1,4,1,1110.14,Damaged,False
1355,21674,20241111,1925,44,1,1,239.9,Damaged,False
1356,21697,20241203,1196,53,10,1,172.37,Wrong size,True
1357,21727,20220617,1999,24,4,2,67.08,Other,True
1358,21731,20231017,1862,40,6,4,981.8,Changed mind,True
1359,21789,20220327,356,103,8,2,1163.17,Wrong size,True
1360,21797,20251006,1960,59,6,2,89.41,Warranty,True
1361,21833,20240311,131,35,12,2,155.67,Changed mind,True
1362,21839,20250616,1369,74,2,2,397.72,Changed mind,False
1363,21841,20230301,1879,18,12,1,93.43,Wrong size,True
1364,21862,20240922,134,41,2,1,270.77,Wrong size,True
1365,21886,20240210,1932,76,6,3,541.06,Wrong size,True
1366,21917,20250110,81,8,3,1,1711.9,Damaged,False
1367,21935,20240301,12,48,8,2,291.55,Changed mind,True
1368,21941,20240530,1408,56,5,1,145.68,Late delivery,True
1369,21947,20230301,27,108,2,9,4615.48,Wrong size,True
1370,21963,20230313,807,22,8,1,93.14,Late delivery,True
1371,21969,20240329,583,33,8,2,134.48,Changed mind,True
1372,22000,20240621,231,91,2,1,437.99,Other,False
1373,22010,20240204,1943,77,4,1,76.83,Warranty,True
1374,22021,20230702,1504,26,10,1,13.17,Damaged,False
1375,22024,20220317,514,103,10,1,565.71,Changed mind,True
1376,22116,20231113,1376,104,5,1,424.79,Late delivery,True
1377,22131,20251231,114,4,7,1,2720.57,Wrong size,True
1378,22167,20250206,16,47,8,1,95.62,Wrong size,True
1379,22168,20250111,16,40,8,2,554.26,Damaged,False
1380,22178,20250517,856,59,5,1,54.88,Changed mind,True
1381,22185,20240510,1294,67,5,2,297.57,Other,True
1382,22200,20250110,1866,95,9,1,326.24,Late delivery,True
1383,22202,20230428,1786,40,9,4,1312.47,Wrong size,True
1384,22217,20231104,823,57,12,2,579.56,Late delivery,True
1385,22228,20250401,1055,55,1,3,955.25,Changed mind,True
1386,22262,20251007,495,46,7,1,228.54,Wrong size,True
1387,22269,20250716,1946,79,10,1,379.1,Changed mind,True
1388,22311,20241017,1784,40,2,1,281.5,Warranty,True
1389,22330,20220812,848,98,10,1,180.36,Warranty,False
1390,22331,20220805,848,85,10,1,393.32,Warranty,True
1391,22343,20240906,911,94,10,1,350.95,Damaged,False
1392,22353,20231227,1800,35,3,2,147.69,Wrong size,True
1393,22424,20251105,962,96,9,1,582.76,Changed mind,True
1394,22430,20241207,543,43,3,1,123.54,Wrong size,True
1395,22467,20230416,1818,81,7,2,564.76,Damaged,False
1396,22473,20250813,1462,39,4,1,123.15,Wrong size,True
1397,22479,20250425,1268,31,11,2,141.1,Changed mind,True
1398,22482,20250711,1814,80,11,1,144.45,Warranty,False
1399,22492,20241023,237,101,2,1,532.36,Late delivery,True
1400,22512,20250615,1442,89,10,1,61.28,Late delivery,True
1401,22519,20240527,1988,42,11,1,127.41,Warranty,True
1402,22525,20241207,1782,41,3,1,279.41,Wrong size,True
1403,22552,20231129,570,94,12,3,1112.39,Warranty,True
1404,22560,20240428,1930,36,6,1,172.38,Changed mind,True
1405,22583,20250826,995,1,7,1,923.23,Other,True
1406,22660,20230102,831,43,2,2,239.54,Changed mind,True
1407,22690,20251119,1784,41,3,1,256.22,Changed mind,True
1408,22720,20250611,405,85,8,2,755.03,Damaged,False
1409,22721,20250712,405,98,8,2,297.64,Wrong size,True
1410,22743,20241021,220,104,6,4,2157.98,Wrong size,True
1411,22745,20241011,220,84,6,1,198.66,Damaged,False
1412,22769,20221213,767,49,10,3,255.09,Wrong size,True
1413,22780,20250410,1315,45,4,2,246.73,Late delivery,True
1414,22795,20230909,938,63,9,2,487.59,Warranty,False
1415,22815,20251211,259,108,2,1,530.44,Wrong size,True
1416,22825,20240803,122,49,4,2,138.4,Wrong size,True
1417,22846,20231217,377,108,2,2,1189.32,Damaged,False
1418,22864,20250606,1970,62,1,2,295.28,Warranty,False
1419,22930,20251104,657,41,4,2,489.31,Wrong size,True
1420,22936,20240826,833,55,6,1,317.64,Wrong size,False
1421,22949,20251028,328,79,3,1,365.53,Wrong size,True
1422,22969,20240502,492,105,2,1,455.86,Late delivery,True
1423,22980,20230101,1298,53,7,1,169.34,Late delivery,True
1424,22994,20240401,1925,52,3,1,58.89,Late delivery,True
1425,23007,20231124,617,40,10,5,1332.3,Late delivery,True
1426,23017,20221022,492,103,11,3,1491.71,Late delivery,True
1427,23062,20241116,171,53,2,1,167.86,Wrong size,True
1428,23070,20240423,294,81,4,1,274.83,Wrong size,False
1429,23077,20240704,440,98,6,1,199.99,Damaged,False
1430,23082,20250319,1157,19,8,2,135.72,Wrong size,True
1431,23084,20250328,1157,34,8,4,221.9,Changed mind,False
1432,23101,20250628,1692,4,10,1,2410.32,Changed mind,True
1433,23111,20241201,744,13,11,1,11.86,Other,True
1434,23112,20240128,1609,55,7,2,620.62,Late delivery,True
1435,23122,20250212,66,54,2,2,195.07,Wrong size,True
1436,23123,20250212,66,62,2,3,399.04,Damaged,False
1437,23125,20250115,66,41,2,1,251.59,Changed mind,True
1438,23146,20250226,1800,41,9,3,878.87,Wrong size,True
1439,23148,20240925,1974,6,3,1,1327.36,Wrong size,True
1440,23152,20241210,562,36,12,5,882.43,Wrong size,True
1441,23157,20250604,97,99,10,6,2602.94,Late delivery,True
1442,23161,20251108,1397,63,12,1,198.56,Other,False
1443,23164,20240718,1144,40,4,2,511.02,Other,True
1444,23177,20241220,1498,103,10,1,481.64,Wrong size,False
1445,23178,20251018,1625,13,9,2,26.43,Changed mind,True
1446,23224,20230114,465,28,9,2,75.41,Warranty,False
1447,23236,20250730,1153,83,6,5,2117.02,Damaged,False
1448,23246,20250610,413,27,8,1,70.76,Warranty,False
1449,23267,20240913,38,16,6,2,204.36,Wrong size,True
1450,23280,20220526,1645,43,2,1,151.74,Wrong size,True
1451,23299,20251022,616,11,10,1,3982.85,Wrong size,True
1452,23325,20231223,672,67,1,1,143.68,Late delivery,True
1453,23326,20240318,1879,46,1,9,1753.91,Wrong size,True
1454,23347,20230526,1474,46,10,1,217.6,Damaged,False
1455,23378,20241113,433,94,1,1,356.4,Changed mind,True
1456,23383,20250105,614,13,10,1,12.26,Late delivery,True
1457,23467,20240202,510,68,11,1,125.92,Damaged,False
1458,23477,20230718,1977,47,12,1,100.34,Wrong size,False
1459,23490,20240305,1823,31,9,5,371.29,Late delivery,False
1460,23539,20240514,121,98,7,1,177.27,Damaged,False
1461,23547,20240725,1047,56,8,1,153.21,Warranty,False
1462,23551,20241227,589,94,9,1,400.97,Damaged,False
1463,23556,20240224,1848,54,1,1,108.64,Wrong size,True
1464,23561,20240318,681,53,3,2,348.65,Wrong size,True
1465,23572,20240728,1122,37,9,3,272.34,Wrong size,False
1466,23580,20240129,501,33,7,1,82.77,Changed mind,True
1467,23634,20241117,708,49,5,1,73.91,Wrong size,True
1468,23645,20220712,256,77,7,1,84.98,Changed mind,True
1469,23660,20231104,642,54,7,1,91.88,Wrong size,True
1470,23675,20240618,1275,99,11,1,509.06,Changed mind,True
1471,23676,20251231,1387,18,7,3,278.48,Changed mind,True
1472,23691,20240521,1184,106,6,1,750.72,Wrong size,True
1473,23714,20240323,1582,13,5,1,12.6,Damaged,False
1474,23718,20240112,1961,35,2,1,59.83,Changed mind,True
1475,23732,20240707,1668,100,4,1,802.75,Changed mind,False
1476,23773,20250117,492,43,5,1,134.38,Late delivery,True
1477,23797,20250129,1387,65,12,1,41.84,Wrong size,True
1478,23802,20240503,634,102,11,2,271.74,Warranty,True
1479,23820,20250305,44,92,12,1,545.76,Damaged,False
1480,23834,20250828,538,104,9,1,484.5,Changed mind,False
1481,23839,20250728,124,6,10,1,1449.98,Damaged,False
1482,23847,20231219,1738,69,12,1,316.93,Changed mind,True
1483,23907,20251130,141,60,5,2,855.47,Damaged,False
1484,23910,20241026,1966,60,6,1,424.35,Changed mind,True
1485,23942,20230309,1372,103,12,2,997.07,Other,True
1486,24017,20231209,795,14,4,1,87.41,Damaged,False
1487,24046,20220829,994,46,1,2,391.15,Wrong size,True
1488,24078,20230227,1777,43,3,2,250.2,Wrong size,False
1489,24094,20250827,659,56,9,1,124.61,Late delivery,True
1490,24101,20250120,298,50,10,1,155.56,Wrong size,False
1491,24123,20250525,431,51,1,1,208.78,Changed mind,True
1492,24124,20250601,879,48,1,2,363.41,Wrong size,True
1493,24144,20240708,327,95,11,1,365.81,Wrong size,True
1494,24168,20240416,1205,98,11,1,180.73,Other,True
1495,24169,20240427,1205,94,11,1,417.83,Changed mind,True
1496,24175,20251104,984,41,12,1,273.06,Warranty,True
1497,24183,20241222,1627,25,8,1,114.05,Changed mind,True
1498,24229,20240514,1370,54,7,1,101.81,Late delivery,True
1499,24253,20240702,124,62,1,1,131.42,Late delivery,True
1500,24255,20220906,1171,22,5,1,86.35,Changed mind,True
1501,24267,20240611,261,21,2,2,147.16,Changed mind,True
1502,24338,20250113,1044,7,8,1,1973.12,Damaged,False
1503,24359,20250527,658,50,7,1,173.85,Changed mind,True
1504,24362,20240821,466,106,1,1,687.51,Changed mind,False
1505,24375,20230515,767,71,7,2,587.12,Late delivery,False
1506,24388,20240811,484,8,9,1,1854.13,Other,False
1507,24392,20230519,1075,26,9,5,72.13,Wrong size,True
1508,24400,20250125,1886,41,6,4,1008.32,Wrong size,True
1509,24415,20250817,725,32,11,1,23.26,Late delivery,True
1510,24424,20250430,1039,43,5,2,254.15,Late delivery,False
1511,24434,20240418,142,24,5,1,29.88,Late delivery,True
1512,24499,20241117,1351,106,7,1,705.2,Changed mind,False
1513,24530,20220831,932,103,8,1,570.54,Warranty,False
1514,24537,20240107,1561,48,12,2,370.25,Late delivery,False
1515,24548,20251216,1567,8,11,1,2014.68,Wrong size,True
1516,24578,20240428,672,28,8,1,39.69,Changed mind,True
1517,24597,20241111,603,2,1,1,1880.0,Damaged,False
1518,24608,20231010,642,74,12,1,164.4,Late delivery,True
1519,24626,20240323,883,55,4,1,276.31,Wrong size,True
1520,24627,20240422,883,45,4,1,151.24,Late delivery,False
1521,24631,20221124,206,48,5,1,189.61,Damaged,False
1522,24644,20231106,696,37,1,3,299.14,Changed mind,True
1523,24646,20240220,828,10,3,1,1587.84,Warranty,False
1524,24647,20240216,828,48,3,1,171.63,Wrong size,True
1525,24701,20240107,217,7,8,1,2021.99,Wrong size,True
1526,24702,20240103,217,43,8,2,245.54,Late delivery,True
1527,24712,20240420,915,87,2,1,145.26,Damaged,False
1528,24731,20250713,1244,7,1,1,2063.76,Other,True
1529,24759,20230619,1204,71,2,1,338.37,Wrong size,True
1530,24766,20250424,679,56,11,1,172.03,Wrong size,True
1531,24784,20240920,810,44,4,1,223.21,Late delivery,True
1532,24828,20251104,543,48,2,3,564.98,Late delivery,True
1533,24839,20220831,691,43,2,1,138.36,Damaged,False
1534,24854,20240320,1431,51,12,4,883.85,Late delivery,True
1535,24864,20230415,1286,47,5,1,96.9,Changed mind,True
1536,24895,20241019,583,66,2,1,90.48,Changed mind,True
1537,24906,20230420,1691,35,7,4,314.05,Other,True
1538,24913,20240104,518,12,12,1,3402.17,Late delivery,False
1539,24919,20250602,848,35,11,1,74.76,Wrong size,True
1540,24945,20241018,767,65,7,1,43.12,Changed mind,True
1541,24957,20230617,1936,87,8,1,143.29,Wrong size,True
1542,24973,20240405,123,97,5,3,2043.21,Other,True
1543,24992,20240705,918,2,3,1,1959.45,Changed mind,False
1544,25010,20251011,877,20,12,2,242.45,Late delivery,True
1545,25036,20251205,1553,2,10,1,1594.34,Changed mind,True
1546,25047,20240913,1857,21,7,1,77.22,Late delivery,True
1547,25057,20241220,1956,94,8,1,388.49,Warranty,False
1548,25061,20250528,924,80,1,2,299.06,Wrong size,True
1549,25105,20240909,1620,43,2,1,125.25,Wrong size,True
1550,25115,20251209,1358,4,1,1,2602.92,Late delivery,True
1551,25186,20251231,1358,90,12,1,586.23,Other,False
1552,25198,20221007,939,28,1,2,72.02,Changed mind,True
1553,25229,20250419,1526,78,12,1,182.64,Late delivery,True
1554,25231,20250417,1526,37,12,2,224.96,Changed mind,True
1555,25233,20241229,135,36,9,1,187.55,Late delivery,True
1556,25240,20240818,16,95,2,1,296.98,Warranty,False
1557,25285,20250109,1307,35,12,5,443.74,Wrong size,True
1558,25295,20250608,160,102,3,1,141.33,Late delivery,True
1559,25316,20230319,1452,49,1,2,138.75,Wrong size,True
1560,25365,20251109,1744,78,6,1,164.76,Warranty,False
1561,25424,20240704,706,93,8,4,776.34,Other,False
1562,25428,20230607,879,4,12,1,2115.58,Damaged,False
1563,25496,20241106,435,45,9,1,139.8,Warranty,False
1564,25502,20231017,927,53,2,1,141.11,Warranty,False
1565,25542,20251025,68,24,8,2,74.38,Changed mind,True
1566,25560,20250718,1978,76,10,1,185.96,Wrong size,True
1567,25585,20240110,960,106,1,2,1168.4,Changed mind,True
1568,25593,20240505,1600,11,1,1,4013.32,Wrong size,True
1569,25606,20221004,291,1,11,1,1109.84,Wrong size,True
1570,25614,20251226,689,7,10,1,1925.69,Late delivery,True
1571,25636,20240919,584,96,5,1,570.63,Late delivery,False
1572,25646,20230103,1923,56,3,1,160.02,Wrong size,True
1573,25648,20250710,1801,47,5,1,99.59,Wrong size,True
1574,25678,20230628,1579,76,3,3,608.97,Other,True
1575,25688,20241104,185,36,4,4,766.53,Wrong size,True
1576,25712,20241215,749,74,2,1,219.86,Warranty,False
1577,25721,20230517,713,20,8,1,107.9,Wrong size,True
1578,25738,20240227,507,44,9,3,723.86,Late delivery,True
1579,25747,20220611,1499,19,6,1,72.87,Changed mind,True
1580,25787,20250724,781,7,8,1,2155.43,Changed mind,True
1581,25799,20250911,1403,54,3,2,211.76,Changed mind,True
1582,25807,20240210,823,22,1,3,291.28,Changed mind,True
1583,25808,20240207,823,46,1,1,200.07,Changed mind,True
1584,25818,20240715,24,36,9,1,212.66,Wrong size,False
1585,25847,20251109,461,17,5,3,227.66,Wrong size,True
1586,25850,20240806,1680,28,8,1,36.83,Changed mind,True
1587,25858,20250928,660,52,7,1,61.12,Late delivery,True
1588,25873,20231004,1626,19,4,5,351.1,Wrong size,True
1589,25877,20240202,1195,40,8,1,264.23,Other,True
1590,25881,20230601,601,81,10,1,274.84,Changed mind,True
1591,25912,20230817,1053,35,8,1,73.04,Wrong size,True
1592,25928,20240211,930,38,2,1,177.35,Other,True
1593,25939,20230211,1928,56,3,7,1083.37,Wrong size,True
1594,25973,20240821,1438,46,5,3,644.96,Wrong size,True
1595,25979,20251229,193,51,10,1,209.12,Changed mind,True
1596,26024,20230308,927,40,6,1,244.63,Wrong size,True
1597,26047,20250404,532,22,3,2,200.13,Changed mind,True
1598,26049,20250320,370,4,3,1,2493.87,Changed mind,True
1599,26083,20240605,1733,42,8,2,191.84,Wrong size,True
1600,26117,20230102,449,46,8,1,170.32,Changed mind,True
1601,26122,20240608,637,101,4,1,618.05,Wrong size,True
1602,26170,20221014,1752,103,3,1,484.21,Warranty,True
1603,26179,20240313,1697,53,7,3,502.01,Changed mind,True
1604,26187,20240712,205,40,2,4,1172.17,Changed mind,True
1605,26190,20230909,235,102,4,2,257.25,Wrong size,True
1606,26233,20240215,1441,85,11,1,349.21,Damaged,False
1607,26240,20250907,1994,38,8,1,220.81,Late delivery,True
1608,26251,20240124,1434,22,6,2,182.64,Late delivery,True
1609,26256,20250402,400,17,5,1,72.57,Changed mind,True
1610,26263,20241104,241,94,7,1,370.72,Changed mind,True
1611,26278,20240225,1664,47,8,1,96.12,Wrong size,True
1612,26296,20240927,1197,71,6,1,319.13,Warranty,False
1613,26374,20240218,1352,43,3,1,148.75,Changed mind,False
1614,26375,20240215,1352,43,3,1,129.87,Wrong size,False
1615,26380,20250405,1628,35,7,1,60.65,Changed mind,True
1616,26400,20240603,64,41,10,1,202.82,Warranty,False
1617,26431,20221004,1154,103,10,1,485.37,Wrong size,False
1618,26463,20241010,1095,58,10,1,326.07,Changed mind,True
1619,26466,20231120,1500,49,8,1,78.09,Wrong size,True
1620,26497,20241212,437,78,6,2,363.72,Wrong size,True
1621,26502,20250725,1866,15,7,1,16.44,Other,True
1622,26504,20250930,1517,71,9,1,297.79,Wrong size,True
1623,26507,20230830,1440,18,10,1,100.17,Wrong size,False
1624,26515,20241205,1277,49,2,2,143.13,Damaged,False
1625,26519,20240914,295,39,11,4,409.43,Late delivery,True
1626,26523,20240520,1699,7,3,1,2183.16,Warranty,False
1627,26533,20250518,50,47,3,4,430.37,Warranty,False
1628,26535,20250426,1387,42,11,1,119.61,Wrong size,True
1629,26544,20240425,868,46,7,1,228.21,Wrong size,True
1630,26551,20250130,616,22,10,2,161.43,Late delivery,True
1631,26553,20250220,106,38,4,1,228.64,Damaged,False
1632,26556,20250125,106,108,4,1,472.19,Changed mind,True
1633,26561,20230524,1110,84,12,2,394.73,Late delivery,True
1634,26564,20240514,1830,63,1,1,235.34,Changed mind,True
1635,26619,20240519,1575,40,1,1,267.97,Late delivery,True
1636,26633,20230702,1776,35,5,1,76.08,Changed mind,True
1637,26650,20240128,1649,35,12,1,71.24,Wrong size,True
1638,26651,20240208,1649,96,12,1,522.49,Wrong size,True
1639,26675,20240713,1985,37,9,1,81.89,Warranty,False
1640,26714,20231021,757,100,7,1,707.2,Wrong size,True
1641,26717,20241009,711,36,7,1,184.99,Damaged,False
1642,26719,20241026,711,85,7,1,370.8,Warranty,True
1643,26726,20251030,789,56,5,10,1671.02,Wrong size,True
1644,26772,20231009,1558,76,11,1,166.78,Damaged,False
1645,26774,20240226,491,29,1,2,278.51,Warranty,False
1646,26779,20241205,1037,101,12,2,1046.14,Damaged,False
1647,26785,20240118,120,108,11,1,616.22,Late delivery,True
1648,26796,20220805,51,79,8,3,942.4,Changed mind,False
1649,26832,20251018,1178,80,1,1,161.58,Warranty,False
1650,26834,20251013,1178,24,1,1,35.44,Late delivery,True
1651,26846,20240703,611,102,8,1,127.99,Late delivery,True
1652,26886,20240918,249,51,2,1,244.59,Late delivery,True
1653,26887,20240815,249,93,2,1,190.7,Changed mind,True
1654,26911,20250710,314,23,2,1,58.31,Wrong size,True
1655,26928,20241112,1598,60,1,1,435.72,Late delivery,True
1656,26958,20241029,125,94,11,1,414.33,Late delivery,True
1657,26966,20251231,1164,105,3,3,1594.61,Wrong size,True
1658,26982,20241006,1263,31,5,6,371.57,Warranty,True
1659,26984,20241007,495,43,10,1,135.43,Changed mind,False
1660,26995,20250419,1220,19,12,2,131.63,Damaged,False
1661,27004,20250816,801,63,2,1,231.46,Warranty,True
1662,27017,20231215,739,7,5,1,1834.16,Late delivery,True
1663,27023,20250519,1157,33,6,1,72.25,Wrong size,True
1664,27034,20250110,1002,35,3,2,125.31,Wrong size,True
1665,27040,20241218,745,50,7,1,190.16,Wrong size,True
1666,27046,20240715,1866,46,6,1,183.56,Wrong size,True
1667,27087,20240616,1539,29,2,2,278.79,Warranty,False
1668,27111,20251211,222,8,12,1,1801.81,Changed mind,True
1669,27121,20250322,860,18,7,3,229.94,Changed mind,True
1670,27129,20240626,1174,44,2,2,471.98,Wrong size,False
1671,27143,20251231,1932,32,3,3,80.07,Late delivery,True
1672,27155,20240706,964,55,12,1,275.63,Damaged,False
1673,27165,20220929,1036,45,12,1,134.34,Wrong size,True
1674,27166,20250520,924,40,1,1,253.01,Changed mind,True
1675,27178,20241103,991,43,3,1,130.16,Changed mind,False
1676,27191,20240910,3,95,12,1,397.18,Wrong size,True
1677,27194,20250920,1450,31,5,2,145.71,Late delivery,True
1678,27207,20221029,1855,52,6,1,54.53,Damaged,False
1679,27208,20240413,1385,43,1,2,249.75,Late delivery,True
1680,27262,20241202,451,73,6,4,1035.34,Wrong size,False
1681,27289,20240425,951,72,9,1,276.93,Changed mind,False
1682,27294,20240622,1755,102,12,1,147.54,Late delivery,True
1683,27296,20240719,1755,106,12,1,709.75,Damaged,False
1684,27302,20240408,1815,56,2,2,282.01,Wrong size,False
1685,27344,20240423,548,10,3,1,1684.44,Warranty,True
1686,27373,20221211,972,108,4,2,1154.61,Warranty,False
1687,27438,20250107,42,100,1,1,638.75,Late delivery,True
1688,27439,20250108,42,50,1,1,177.34,Wrong size,True
1689,27441,20250112,42,89,1,2,94.92,Late delivery,False
1690,27468,20230722,885,26,4,3,39.53,Damaged,False
1691,27481,20241218,563,55,12,4,1067.75,Wrong size,True
1692,27484,20241218,563,58,12,1,355.37,Changed mind,True
1693,27487,20230421,91,48,4,1,145.04,Wrong size,True
1694,27488,20240918,1645,7,8,1,2341.36,Late delivery,True
1695,27527,20221102,1864,47,9,2,222.57,Late delivery,True
1696,27528,20221010,1864,43,9,2,259.98,Changed mind,True
1697,27569,20240413,1175,50,11,3,461.54,Wrong size,True
1698,27580,20221213,475,53,5,1,181.6,Changed mind,False
1699,27587,20220719,1212,98,10,2,383.32,Changed mind,True
1700,27640,20240601,1845,56,11,2,295.77,Wrong size,True
1701,27675,20240325,530,18,5,1,63.22,Late delivery,False
1702,27676,20240217,530,41,5,1,258.22,Other,True
1703,27689,20231015,936,82,5,1,558.89,Wrong size,True
1704,27692,20251116,1880,19,5,2,157.3,Late delivery,True
1705,27713,20231024,951,37,1,1,106.0,Warranty,True
1706,27721,20230907,402,6,5,1,1322.63,Warranty,False
1707,27730,20240829,89,55,5,1,323.2,Wrong size,True
1708,27762,20250214,702,101,8,1,529.75,Changed mind,True
1709,27786,20251231,1222,94,12,3,976.81,Wrong size,True
1710,27800,20230923,343,64,11,3,494.94,Changed mind,True
1711,27848,20251126,1619,42,8,3,348.83,Late delivery,True
1712,27854,20240627,1241,75,8,5,1440.94,Late delivery,True
1713,27878,20240324,66,30,9,2,97.64,Late delivery,True
1714,27882,20240829,327,68,11,1,126.99,Changed mind,True
1715,27936,20251014,308,41,1,4,892.94,Wrong size,True
1716,27951,20240508,1158,48,3,5,788.13,Late delivery,True
1717,27965,20230508,333,47,12,1,85.69,Warranty,False
1718,28051,20240728,936,92,11,3,1725.76,Changed mind,True
1719,28060,20230401,670,40,6,2,518.48,Damaged,False
1720,28114,20250217,926,97,5,1,674.28,Changed mind,True
1721,28128,20250603,1670,44,8,1,209.4,Warranty,True
1722,28141,20250421,1065,31,11,1,79.98,Damaged,False
1723,28167,20240803,830,51,2,1,190.74,Changed mind,True
1724,28169,20240813,830,6,2,1,1291.71,Other,True
1725,28172,20250127,1822,10,12,1,1662.28,Wrong size,True
1726,28178,20250313,1492,30,7,1,47.53,Changed mind,True
1727,28193,20230323,1315,15,5,1,20.07,Damaged,False
1728,28195,20230206,1315,35,5,1,67.33,Wrong size,True
1729,28208,20231211,30,18,4,1,70.86,Wrong size,True
1730,28226,20240113,1214,56,6,2,307.7,Wrong size,False
1731,28228,20250306,18,10,6,2,3420.61,Changed mind,True
1732,28232,20241127,583,49,6,2,159.34,Warranty,True
1733,28238,20230315,311,21,3,1,80.39,Other,True
1734,28246,20230505,306,36,10,1,181.96,Other,False
1735,28255,20240131,355,21,5,1,72.42,Damaged,False
1736,28289,20241126,547,29,12,1,124.88,Warranty,False
1737,28299,20250407,540,96,5,1,609.85,Warranty,False
1738,28311,20250114,331,46,7,1,200.24,Wrong size,False
1739,28315,20250117,331,41,7,1,236.16,Other,True
1740,28350,20231122,1895,86,2,1,217.06,Late delivery,True
1741,28352,20251231,1677,44,12,2,516.26,Damaged,False
1742,28384,20240330,1144,5,2,1,3305.18,Late delivery,False
1743,28391,20241110,23,40,1,1,274.49,Wrong size,True
1744,28404,20240915,277,46,12,1,212.82,Wrong size,True
1745,28405,20241023,277,27,12,3,205.97,Damaged,False
1746,28475,20250305,394,19,11,3,210.44,Wrong size,True
1747,28482,20231204,1872,62,9,1,127.72,Other,True
1748,28486,20250407,1921,43,3,1,140.98,Warranty,False
1749,28492,20241127,1649,27,8,2,133.38,Changed mind,True
1750,28493,20241110,1649,89,8,1,52.85,Warranty,False
1751,28497,20240925,1725,70,6,1,156.31,Changed mind,True
1752,28518,20250907,1474,61,11,1,313.06,Warranty,True
1753,28537,20241114,694,15,10,3,57.5,Late delivery,True
1754,28543,20250914,1022,96,12,1,612.75,Changed mind,True
1755,28549,20240918,297,39,4,6,722.07,Wrong size,True
1756,28550,20221215,1761,1,2,1,1091.84,Late delivery,False
1757,28555,20240511,1157,100,3,1,696.27,Damaged,False
1758,28562,20240104,1374,68,4,1,138.7,Wrong size,True
1759,28573,20221006,1657,24,3,1,32.58,Changed mind,False
1760,28576,20251124,1758,87,3,2,292.68,Wrong size,True
1761,28585,20250106,826,97,9,2,1500.82,Wrong size,True
1762,28591,20240207,1617,99,7,3,1631.58,Late delivery,True
1763,28621,20250105,1584,72,5,3,753.31,Changed mind,False
1764,28624,20250828,327,31,9,2,154.41,Changed mind,True
1765,28633,20240915,160,31,4,1,93.58,Changed mind,True
1766,28661,20240207,1692,26,11,1,10.59,Damaged,False
1767,28669,20220613,1503,46,6,2,367.47,Wrong size,True
1768,28686,20241209,709,54,2,1,97.12,Damaged,False
1769,28695,20250218,1421,36,7,1,171.92,Warranty,False
1770,28704,20230628,1195,52,11,1,48.07,Wrong size,True
1771,28705,20230615,1195,59,11,1,53.05,Warranty,False
1772,28720,20231225,458,76,3,2,424.14,Changed mind,True
1773,28745,20240419,1016,22,10,1,101.91,Wrong size,True
1774,28753,20240319,1280,63,3,1,188.67,Changed mind,True
1775,28758,20240326,969,64,3,1,201.96,Changed mind,True
1776,28769,20251018,654,45,1,1,143.38,Damaged,False
1777,28813,20241110,284,8,1,1,1719.14,Wrong size,True
1778,28866,20241218,48,59,6,1,44.77,Warranty,False
1779,28867,20241209,48,54,6,1,86.84,Other,True
1780,28869,20240809,717,23,1,1,48.47,Wrong size,False
1781,28870,20240822,717,78,1,1,165.12,Wrong size,True
1782,28871,20240719,717,1,1,1,892.57,Changed mind,False
1783,28878,20250508,875,66,7,4,315.19,Late delivery,True
1784,28884,20241225,1338,64,10,2,354.83,Late delivery,True
1785,28888,20240421,1058,47,2,1,85.68,Changed mind,True
1786,28891,20241112,1997,18,2,1,80.26,Wrong size,True
1787,28897,20240406,714,10,2,1,1941.16,Wrong size,True
1788,28917,20240622,904,61,6,1,289.21,Other,True
1789,28922,20240923,897,43,10,3,354.9,Wrong size,True
1790,28936,20250816,1960,99,10,1,475.63,Wrong size,True
1791,28963,20250405,802,20,12,2,277.72,Wrong size,True
1792,28987,20221118,1995,69,2,1,310.19,Changed mind,True
1793,28998,20250626,1944,45,6,1,160.84,Late delivery,True
1794,29000,20250727,1944,101,6,1,448.05,Changed mind,True
1795,29020,20230529,567,69,10,1,324.58,Damaged,False
1796,29021,20250613,1901,49,7,2,159.76,Changed mind,True
1797,29037,20230422,551,48,1,1,114.6,Wrong size,True
1798,29057,20230502,635,76,6,1,153.4,Late delivery,False
1799,29068,20250212,456,97,6,1,752.78,Changed mind,True
1800,29076,20250919,149,49,9,1,76.79,Wrong size,True
1801,29104,20250702,1100,41,1,1,243.94,Wrong size,True
1802,29111,20241027,388,1,6,1,835.33,Late delivery,True
1803,29151,20241003,1171,32,11,1,18.87,Late delivery,True
1804,29159,20240924,690,107,12,1,536.39,Wrong size,True
1805,29171,20240303,877,6,6,1,1541.67,Wrong size,True
1806,29182,20251213,1184,84,7,1,201.36,Damaged,False
1807,29185,20251206,1184,19,7,1,74.5,Changed mind,True
1808,29193,20221124,117,7,4,1,2072.18,Wrong size,False
1809,29226,20240619,1735,104,4,2,955.58,Changed mind,False
1810,29264,20240409,897,78,8,1,163.55,Late delivery,True
1811,29290,20250211,1295,19,11,2,151.57,Changed mind,True
1812,29291,20250315,1295,52,11,1,48.55,Wrong size,True
1813,29307,20231217,1627,21,3,1,84.93,Warranty,False
1814,29313,20231014,796,8,4,1,1705.75,Warranty,False
1815,29398,20240720,836,34,8,2,106.75,Changed mind,True
1816,29401,20240604,486,50,11,1,181.6,Changed mind,True
1817,29412,20250702,1135,63,1,1,218.55,Late delivery,True
1818,29420,20240906,582,48,2,1,173.12,Wrong size,True
1819,29461,20230804,1180,21,10,3,230.67,Changed mind,True
1820,29463,20240316,1829,92,10,2,1073.56,Warranty,True
1821,29489,20241225,1384,23,3,1,52.86,Late delivery,True
1822,29491,20241231,1384,48,3,2,293.5,Wrong size,False
1823,29497,20251018,174,56,8,8,1256.32,Late delivery,False
1824,29517,20241110,256,13,4,1,12.27,Other,True
1825,29522,20240614,1878,92,3,2,945.57,Wrong size,True
1826,29578,20231225,965,32,6,1,23.88,Warranty,False
1827,29587,20240717,1968,63,10,1,224.85,Late delivery,True
1828,29597,20240807,1332,36,3,1,162.31,Warranty,False
1829,29599,20230223,1069,6,7,1,1206.22,Changed mind,True
1830,29627,20231210,1620,39,8,2,251.77,Wrong size,True
1831,29653,20240502,694,16,8,1,101.88,Late delivery,True
1832,29659,20241021,1747,59,4,1,49.21,Late delivery,False
1833,29693,20240412,1894,38,4,2,398.74,Wrong size,True
1834,29708,20230503,1299,46,7,1,212.84,Damaged,False
1835,29727,20241012,1357,74,10,1,205.06,Late delivery,True
1836,29741,20250329,1038,103,10,2,952.89,Late delivery,True
1837,29782,20240101,1637,103,1,1,394.85,Late delivery,True
1838,29794,20230111,1791,67,5,1,157.24,Changed mind,True
1839,29842,20221221,1995,48,6,5,916.42,Wrong size,True
1840,29852,20230728,287,49,7,1,66.48,Damaged,False
1841,29857,20230123,447,107,8,1,469.87,Wrong size,True
1842,29861,20250614,255,90,2,1,485.42,Wrong size,True
1843,29868,20251104,1909,84,3,2,360.25,Changed mind,True
1844,29880,20250805,1288,65,1,2,92.74,Late delivery,True
1845,29881,20250702,1288,39,1,1,138.34,Warranty,True
1846,29897,20240507,1414,70,1,2,361.52,Damaged,False
1847,29926,20250915,1369,39,12,1,119.08,Wrong size,True
1848,29953,20240402,484,48,11,3,482.65,Late delivery,True
1849,29965,20241222,1617,89,2,3,169.13,Other,True
1850,29994,20240328,21,49,11,1,68.13,Changed mind,True
1851,30001,20240727,1922,29,9,2,232.94,Warranty,True
1852,30008,20251231,614,15,5,2,40.06,Damaged,False
1853,30056,20240819,92,71,2,1,274.84,Damaged,False
1854,30058,20230218,2,53,3,1,179.13,Wrong size,True
1855,30080,20241213,569,73,2,5,1535.19,Changed mind,True
1856,30089,20250905,1080,2,4,1,1797.05,Damaged,False
1857,30114,20221121,1714,82,11,1,638.64,Late delivery,False
1858,30127,20240410,913,22,11,1,100.07,Damaged,False
1859,30135,20231214,1978,67,1,1,140.87,Changed mind,True
1860,30145,20230509,632,104,11,2,889.95,Changed mind,False
1861,30151,20240313,1799,54,6,1,95.2,Changed mind,False
1862,30191,20230904,1239,39,2,1,128.09,Changed mind,True
1863,30199,20230622,708,64,6,1,157.3,Warranty,False
1864,30225,20250215,1182,89,1,2,120.03,Wrong size,True
1865,30228,20250127,1182,95,1,1,370.61,Wrong size,True
1866,30235,20240605,1614,50,8,1,193.68,Other,True
1867,30302,20241224,1670,72,1,1,260.54,Changed mind,True
1868,30327,20240308,364,20,11,3,379.38,Other,True
1869,30337,20230621,1533,60,9,3,1441.87,Warranty,False
1870,30340,20240201,903,23,10,1,66.41,Wrong size,True
1871,30346,20240925,1409,29,8,1,143.34,Other,True
1872,30372,20240529,579,49,2,1,75.09,Late delivery,True
1873,30386,20231011,515,56,7,1,150.98,Changed mind,True
1874,30402,20250307,1852,81,2,1,333.6,Changed mind,True
1875,30463,20251015,877,40,3,2,612.51,Changed mind,True
1876,30468,20250330,1112,63,3,1,206.37,Wrong size,True
1877,30482,20240719,1556,22,10,2,148.25,Damaged,False
1878,30493,20251231,1841,48,6,1,143.37,Wrong size,True
1879,30510,20240302,1627,3,2,1,2436.45,Late delivery,True
1880,30514,20241214,518,14,11,1,103.84,Other,False
1881,30515,20241128,518,108,11,2,970.25,Wrong size,True
1882,30540,20250711,889,28,7,1,34.45,Damaged,False
1883,30544,20250802,889,4,7,1,2623.76,Damaged,False
1884,30566,20250503,87,64,4,1,170.76,Wrong size,True
1885,30578,20250413,53,70,11,1,196.14,Other,True
1886,30585,20240106,1710,46,9,1,162.43,Wrong size,True
1887,30595,20240106,108,45,2,2,290.04,Other,True
1888,30643,20240921,1713,60,11,3,1436.6,Late delivery,True
1889,30647,20241010,1713,35,11,2,129.43,Changed mind,True
1890,30689,20241116,435,55,9,2,575.9,Wrong size,False
1891,30695,20251107,22,95,7,1,391.72,Late delivery,True
1892,30704,20250124,90,43,11,1,147.92,Changed mind,True
1893,30737,20240202,987,25,2,1,103.54,Late delivery,True
1894,30739,20230507,1401,15,6,2,37.13,Changed mind,True
1895,30763,20240325,957,52,7,2,127.2,Warranty,True
1896,30781,20250506,1542,75,5,1,252.92,Late delivery,True
1897,30783,20241007,495,15,12,1,22.2,Changed mind,True
1898,30807,20231105,31,53,12,1,163.7,Warranty,False
1899,30853,20250611,214,27,11,1,65.58,Damaged,False
1900,30859,20240818,944,32,10,1,24.93,Damaged,False
1901,30861,20240815,944,90,10,2,1102.77,Changed mind,True
1902,30865,20250726,1347,53,4,2,367.15,Late delivery,True
1903,30868,20221223,196,43,11,1,130.39,Wrong size,True
1904,30895,20241022,1937,36,12,1,195.84,Wrong size,True
1905,30922,20230811,708,20,8,5,763.64,Wrong size,True
1906,30928,20250925,1278,46,3,3,578.35,Damaged,False
1907,30929,20240709,1190,28,5,1,35.12,Changed mind,True
1908,30933,20240712,1190,64,5,1,175.78,Wrong size,False
1909,30936,20251010,1037,30,3,1,54.08,Warranty,False
1910,30958,20250129,719,25,10,3,307.5,Wrong size,False
1911,30987,20230109,1952,56,4,1,174.06,Changed mind,True
1912,30993,20240625,265,66,9,3,332.09,Wrong size,True
1913,31003,20251209,1596,94,1,2,839.6,Changed mind,True
1914,31010,20240721,288,46,10,1,194.84,Changed mind,True
1915,31015,20241215,1787,50,1,5,825.87,Changed mind,True
1916,31044,20230604,1015,35,9,3,288.47,Changed mind,True
1917,31050,20251231,474,67,6,1,147.66,Damaged,False
1918,31054,20251231,474,48,6,1,163.65,Warranty,False
1919,31078,20241017,1160,42,2,1,133.48,Changed mind,True
1920,31090,20251212,169,18,7,2,173.79,Warranty,False
1921,31096,20251231,922,52,3,1,48.73,Warranty,False
1922,31119,20230730,1673,77,4,3,270.82,Changed mind,True
1923,31140,20240716,47,72,5,3,807.05,Wrong size,True
1924,31152,20221221,623,71,5,3,961.45,Changed mind,True
1925,31157,20240202,267,79,12,5,1775.85,Changed mind,True
1926,31206,20240926,1761,74,11,1,221.63,Wrong size,False
1927,31211,20231027,1179,96,9,1,606.13,Wrong size,True
1928,31228,20250211,613,68,5,1,126.24,Damaged,False
1929,31232,20240211,1333,23,11,2,124.84,Warranty,False
1930,31240,20240224,700,51,9,2,425.6,Changed mind,True
1931,31248,20240102,281,86,3,1,201.51,Late delivery,True
1932,31258,20241128,251,86,6,1,261.96,Late delivery,True
1933,31263,20250201,661,23,4,3,169.81,Late delivery,True
1934,31264,20250110,661,10,4,1,1340.04,Warranty,True
1935,31269,20240417,447,32,7,3,62.82,Damaged,False
1936,31309,20241007,471,56,4,1,182.98,Changed mind,True
1937,31322,20251231,577,35,10,1,87.9,Damaged,False
1938,31330,20251120,874,44,8,1,288.54,Damaged,False
1939,31338,20240611,1102,37,7,1,103.29,Wrong size,True
1940,31342,20251003,1705,41,5,2,445.8,Damaged,False
1941,31354,20230203,1382,56,3,1,148.51,Wrong size,True
1942,31356,20230617,442,56,2,2,319.16,Warranty,True
1943,31360,20240826,189,4,6,1,2738.9,Wrong size,True
1944,31366,20250929,547,88,1,1,121.04,Changed mind,True
1945,31376,20250110,302,52,6,2,114.51,Wrong size,True
1946,31399,20250917,109,47,3,3,280.77,Warranty,True
1947,31404,20241012,1738,44,9,3,883.15,Changed mind,True
1948,31413,20230621,294,100,7,1,927.17,Other,True
1949,31415,20231020,1453,38,11,1,202.41,Wrong size,True
1950,31430,20240729,1578,81,3,3,976.92,Other,True
1951,31441,20230212,209,48,12,2,384.13,Late delivery,True
1952,31453,20241224,1028,38,11,1,204.72,Changed mind,True
1953,31460,20240501,244,10,10,1,1851.95,Damaged,False
1954,31480,20240904,1618,104,7,1,442.4,Changed mind,True
1955,31484,20230526,811,76,12,1,229.23,Late delivery,True
1956,31486,20230526,366,46,10,1,192.48,Other,True
1957,31499,20240424,1630,108,2,1,590.59,Changed mind,True
1958,31507,20250622,47,27,8,1,73.32,Late delivery,False
1959,31520,20240204,370,45,6,1,139.16,Wrong size,True
1960,31533,20250601,614,105,7,1,446.57,Changed mind,True
1961,31536,20240906,1376,2,10,1,1721.93,Warranty,False
1962,31544,20251015,1257,79,1,2,815.96,Other,True
1963,31546,20251231,1122,46,8,1,236.51,Wrong size,True
1964,31547,20251215,1122,79,8,1,361.68,Wrong size,True
1965,31561,20251209,1697,66,6,1,89.22,Late delivery,True
1966,31592,20230608,85,56,12,1,151.52,Wrong size,True
1967,31613,20250407,1125,81,9,1,350.82,Warranty,False
1968,31664,20240924,503,9,8,1,1036.34,Other,True
1969,31699,20240303,601,43,6,1,123.7,Changed mind,True
1970,31705,20250508,1829,21,6,1,76.93,Changed mind,True
1971,31708,20250524,1829,29,6,4,530.27,Changed mind,False
1972,31715,20241109,756,75,4,1,274.82,Late delivery,True
1973,31742,20250302,245,103,10,1,481.29,Late delivery,True
1974,31767,20250821,1015,61,9,4,1188.95,Warranty,False
1975,31782,20240528,433,17,1,1,78.8,Late delivery,True
1976,31783,20240216,1972,56,5,1,153.65,Changed mind,True
1977,31784,20240306,1972,103,5,1,409.47,Warranty,True
1978,31787,20250320,813,101,11,1,539.79,Changed mind,True
1979,31807,20240304,1904,68,4,3,391.75,Damaged,False
1980,31814,20230116,824,40,5,10,3033.34,Damaged,False
1981,31832,20250209,1231,2,9,1,1771.7,Changed mind,True
1982,31853,20240130,621,40,2,1,295.46,Other,True
1983,31893,20241128,925,40,2,1,272.88,Wrong size,True
1984,31894,20241101,1229,51,10,1,249.55,Warranty,False
1985,31925,20250607,648,24,8,4,147.74,Late delivery,True
1986,31961,20250103,571,86,6,1,229.71,Late delivery,True
1987,31964,20241120,1000,106,11,1,769.85,Late delivery,True
1988,31970,20240927,359,55,5,1,289.07,Warranty,False
1989,32047,20221124,954,48,10,1,168.48,Damaged,False
1990,32071,20231223,112,92,2,2,1050.35,Damaged,False
1991,32099,20231129,723,43,10,1,134.28,Changed mind,True
1992,32125,20240402,647,55,4,1,297.01,Other,True
1993,32153,20230830,1358,40,11,1,275.08,Changed mind,True
1994,32165,20250712,901,18,1,3,243.84,Damaged,False
1995,32216,20230221,1048,86,10,1,233.33,Damaged,False
1996,32217,20230406,354,7,12,1,2054.38,Wrong size,False
1997,32221,20231012,235,56,2,2,336.99,Wrong size,True
1998,32236,20251231,1710,1,3,1,1130.0,Wrong size,True
1999,32265,20240722,1126,98,2,1,177.65,Warranty,False
2000,32267,20240804,1126,20,2,1,142.09,Changed mind,True
2001,32317,20241017,1627,59,3,2,106.79,Wrong size,False
2002,32323,20250513,355,22,9,2,188.78,Wrong size,True
2003,32338,20250502,681,24,10,1,34.33,Other,True
2004,32349,20250104,299,49,4,2,154.07,Changed mind,False
2005,32377,20221127,22,71,5,3,1054.62,Wrong size,True
2006,32387,20240604,1596,9,8,1,992.99,Warranty,False
2007,32402,20240813,534,56,4,3,444.67,Late delivery,True
2008,32411,20240320,608,23,5,1,60.73,Other,True
2009,32420,20230628,1408,89,12,1,62.48,Damaged,False
2010,32536,20240124,939,106,1,2,1445.14,Damaged,False
2011,32545,20250527,467,64,9,2,341.32,Wrong size,True
2012,32571,20231225,975,18,6,1,97.0,Wrong size,True
2013,32607,20250220,449,74,4,1,207.89,Wrong size,True
2014,32628,20250327,18,95,11,1,318.11,Changed mind,True
2015,32631,20240617,170,59,3,1,48.85,Changed mind,True
2016,32655,20240927,1449,1,1,1,973.29,Wrong size,True
2017,32700,20251209,1316,26,2,1,13.92,Warranty,True
2018,32705,20241104,331,20,5,2,250.96,Wrong size,True
2019,32763,20230829,57,24,1,1,32.48,Damaged,False
2020,32766,20240426,345,88,3,1,109.2,Damaged,False
2021,32774,20250524,1796,56,11,4,580.51,Changed mind,True
2022,32782,20250721,324,6,4,1,1491.24,Damaged,False
2023,32792,20240411,1016,30,5,2,108.63,Damaged,False
2024,32802,20230607,184,40,1,2,601.0,Changed mind,True
2025,32825,20231021,1931,27,7,4,270.38,Warranty,True
2026,32828,20250319,1864,43,3,1,107.75,Wrong size,True
2027,32840,20250126,216,99,4,3,1973.53,Changed mind,True
2028,32854,20240423,388,32,2,1,21.36,Other,False
2029,32867,20230312,1839,79,11,2,697.36,Changed mind,True
2030,32873,20230726,722,89,10,1,44.31,Changed mind,False
2031,32892,20241014,290,42,6,1,117.44,Wrong size,True
2032,32893,20241115,290,68,6,1,124.9,Warranty,False
2033,32895,20231125,375,93,12,2,334.99,Wrong size,True
2034,32896,20241115,266,99,8,1,535.58,Late delivery,True
2035,32924,20240726,1387,77,1,1,77.08,Changed mind,True
2036,32926,20240804,1387,10,1,1,1558.22,Wrong size,True
2037,32934,20240116,176,100,1,1,756.13,Warranty,False
2038,32942,20230822,881,88,11,4,515.46,Late delivery,True
2039,32943,20230805,881,55,11,1,295.88,Wrong size,True
2040,32947,20240621,1681,36,6,1,173.59,Wrong size,False
2041,32948,20240609,1681,19,6,1,63.28,Wrong size,True
2042,32954,20240606,184,9,10,1,1030.72,Late delivery,True
2043,32960,20240516,966,107,6,3,1666.3,Changed mind,True
2044,32982,20230209,605,98,7,1,182.42,Changed mind,True
2045,32989,20240722,633,50,8,1,192.36,Wrong size,True
2046,32991,20240620,633,24,8,10,352.05,Warranty,False
2047,33000,20250403,809,87,8,3,528.65,Changed mind,False
2048,33039,20250706,10,51,1,2,435.29,Other,True
2049,33095,20240603,1460,9,10,1,876.66,Late delivery,True
2050,33098,20241210,470,3,3,1,2800.18,Other,True
2051,33135,20251101,1718,53,3,1,176.78,Changed mind,True
2052,33166,20250926,1405,47,9,1,81.26,Wrong size,True
2053,33169,20251026,1745,51,1,1,200.44,Damaged,False
2054,33183,20231021,1628,50,11,2,385.23,Wrong size,True
2055,33208,20240405,1231,71,3,3,775.57,Late delivery,True
2056,33228,20250901,370,47,3,1,88.57,Wrong size,False
2057,33229,20250811,370,90,3,1,515.03,Warranty,True
2058,33234,20251118,1204,58,8,1,383.1,Changed mind,True
2059,33239,20240528,1798,6,5,1,1386.3,Changed mind,True
2060,33262,20251031,1971,99,9,2,875.71,Wrong size,True
2061,33264,20250316,1391,69,10,1,326.48,Wrong size,True
2062,33276,20250626,1504,55,10,1,277.42,Warranty,False
2063,33289,20241001,1937,68,12,6,731.4,Other,True
2064,33293,20241120,905,9,3,1,842.2,Damaged,False
2065,33306,20240411,940,8,3,1,1966.14,Warranty,True
2066,33314,20241130,1239,83,11,1,348.78,Wrong size,True
2067,33327,20250513,960,36,9,1,205.71,Wrong size,True
2068,33338,20250402,1669,58,5,2,786.67,Damaged,False
2069,33339,20250310,1669,77,5,3,250.69,Changed mind,True
2070,33367,20240309,1762,50,9,2,260.39,Late delivery,True
2071,33391,20240331,752,60,9,3,1441.37,Warranty,False
2072,33424,20240725,1673,43,3,1,140.59,Other,True
2073,33430,20250531,757,39,2,5,498.95,Wrong size,True
2074,33500,20231208,1859,90,8,1,528.11,Warranty,False
2075,33521,20240629,76,49,8,1,76.61,Other,True
2076,33523,20240608,76,57,8,1,269.4,Damaged,False
2077,33528,20241219,504,48,8,2,356.33,Wrong size,True
2078,33533,20240419,1331,70,6,1,145.97,Changed mind,True
2079,33542,20240812,757,62,4,2,272.95,Other,True
2080,33561,20251119,501,32,6,1,21.52,Wrong size,False
2081,33566,20250801,579,35,12,1,71.59,Damaged,False
2082,33592,20230622,947,104,5,1,537.23,Damaged,False
2083,33613,20240128,1361,72,7,1,238.36,Damaged,False
2084,33617,20250222,1395,44,9,1,251.89,Late delivery,True
2085,33649,20240920,467,24,10,3,104.67,Late delivery,True
2086,33650,20241010,592,98,1,1,208.32,Changed mind,True
2087,33658,20240719,1591,20,1,1,125.93,Other,True
2088,33661,20241216,84,67,2,1,169.21,Changed mind,True
2089,33668,20240113,27,101,4,1,637.57,Wrong size,True
2090,33677,20250812,1439,57,6,6,1493.08,Damaged,False
2091,33704,20231211,541,55,4,6,1996.93,Wrong size,True
2092,33706,20231210,1159,71,5,1,295.98,Changed mind,True
2093,33728,20240416,1571,29,4,2,224.82,Changed mind,True
2094,33742,20240612,312,75,1,2,543.85,Late delivery,True
2095,33746,20250309,103,65,5,1,40.88,Wrong size,True
2096,33748,20250404,103,74,5,5,1063.91,Late delivery,False
2097,33762,20250209,1070,3,9,1,2714.26,Warranty,True
2098,33778,20250716,1932,105,12,1,465.3,Damaged,False
2099,33784,20231026,566,76,8,1,210.58,Wrong size,True
2100,33788,20241104,1814,70,4,1,156.02,Wrong size,True
2101,33789,20241028,1814,76,4,1,189.43,Changed mind,True
2102,33859,20240911,1995,72,7,1,256.96,Wrong size,True
2103,33884,20250206,411,56,11,1,149.66,Late delivery,True
2104,33908,20240523,43,50,2,1,152.49,Damaged,False
2105,33933,20251005,897,50,3,4,692.23,Wrong size,True
2106,33959,20221217,1480,69,5,1,289.46,Damaged,False
2107,33970,20250305,1947,44,4,1,243.81,Wrong size,True
2108,33983,20250313,301,57,10,1,284.21,Changed mind,True
2109,33993,20240112,601,53,11,1,158.41,Damaged,False
2110,34005,20250306,528,23,5,1,55.14,Damaged,False
2111,34014,20230709,1305,48,7,10,1680.68,Changed mind,True
2112,34033,20230517,305,47,5,1,89.18,Wrong size,True
2113,34099,20230519,232,55,11,1,350.33,Wrong size,True
2114,34118,20251231,1558,50,4,3,520.15,Damaged,False
2115,34129,20240320,1947,108,2,1,611.83,Changed mind,True
2116,34158,20220617,460,88,7,1,129.29,Changed mind,False
2117,34232,20220924,1590,40,6,1,227.45,Wrong size,False
2118,34242,20231130,1907,22,9,1,89.71,Damaged,False
2119,34252,20220916,689,77,3,2,162.98,Damaged,False
2120,34263,20250215,1539,69,1,1,339.31,Damaged,False
2121,34290,20251026,1152,45,2,1,143.45,Damaged,False
2122,34295,20241111,1109,84,4,1,188.77,Wrong size,False
2123,34296,20241114,1109,85,4,3,1142.72,Wrong size,False
2124,34305,20230224,73,47,2,2,223.29,Changed mind,True
2125,34339,20250106,1289,104,2,3,1465.28,Other,False
2126,34352,20241002,602,45,9,1,160.2,Late delivery,True
2127,34372,20221124,1088,56,10,1,158.14,Wrong size,True
2128,34419,20251231,1316,52,8,1,66.08,Damaged,False
2129,34427,20250209,739,3,11,1,2539.21,Warranty,False
2130,34443,20220718,456,24,1,2,52.22,Late delivery,True
2131,34446,20250302,913,97,6,2,1225.35,Wrong size,True
2132,34447,20250227,913,29,6,1,121.92,Late delivery,False
2133,34481,20240201,1751,47,3,1,83.55,Wrong size,True
2134,34483,20251231,1723,48,1,1,165.83,Changed mind,True
2135,34493,20230222,1474,87,10,1,142.51,Other,True
2136,34511,20240317,186,27,3,1,63.87,Changed mind,False
2137,34518,20250424,1402,41,12,1,291.26,Wrong size,True
2138,34544,20240329,31,99,5,2,1221.11,Changed mind,True
2139,34569,20251230,645,32,12,1,22.56,Warranty,False
2140,34572,20220805,949,91,6,1,505.81,Wrong size,True
2141,34600,20230727,574,46,12,1,185.28,Wrong size,True
2142,34603,20250327,1237,38,5,1,224.98,Wrong size,False
2143,34612,20220805,1060,16,11,1,84.5,Damaged,False
2144,34646,20251130,604,84,7,3,584.2,Changed mind,True
2145,34663,20240810,1158,82,6,2,1132.17,Damaged,False
2146,34681,20240629,563,17,3,1,72.72,Late delivery,True
2147,34709,20241103,140,25,8,2,184.79,Changed mind,True
2148,34711,20241021,140,55,8,1,333.14,Late delivery,True
2149,34735,20251122,616,41,4,1,230.33,Wrong size,True
2150,34758,20241014,81,55,10,2,535.59,Changed mind,True
2151,34776,20250227,1675,50,5,4,693.48,Damaged,False
2152,34813,20240123,1352,65,2,1,41.65,Wrong size,True
2153,34868,20240306,1805,10,10,1,1700.33,Warranty,False
2154,34871,20240323,1805,18,10,2,199.05,Warranty,False
2155,34882,20251014,507,19,11,2,144.89,Warranty,True
2156,34899,20250922,437,9,5,1,933.25,Damaged,False
2157,34905,20241208,1907,37,8,2,230.69,Wrong size,True
2158,34918,20241230,754,95,3,1,324.15,Changed mind,True
2159,34923,20240410,1884,7,7,1,2052.55,Wrong size,True
2160,34929,20221129,1818,84,8,1,186.59,Damaged,False
2161,34930,20240921,1770,2,8,1,1837.14,Changed mind,True
2162,34934,20241203,1020,80,6,1,153.8,Wrong size,True
2163,34935,20241226,1020,23,6,1,63.92,Wrong size,False
2164,34940,20230502,1242,57,10,1,294.75,Changed mind,True
2165,34998,20250623,1733,49,12,1,59.7,Wrong size,True
2166,34999,20250529,1733,15,12,1,17.02,Changed mind,False
2167,35011,20230603,1016,102,1,6,681.51,Wrong size,True
2168,35015,20250404,1200,59,12,3,142.65,Warranty,True
2169,35017,20240316,1005,50,8,2,372.75,Changed mind,True
2170,35060,20240312,1061,94,6,1,412.17,Other,True
2171,35064,20250526,850,78,12,1,165.11,Other,True
2172,35109,20221121,682,79,10,1,358.47,Warranty,False
2173,35111,20241128,946,8,6,1,1670.52,Damaged,False
2174,35142,20251115,1294,29,1,2,233.26,Changed mind,True
2175,35165,20241027,1665,37,4,1,100.08,Changed mind,True
2176,35168,20250514,212,45,5,1,146.7,Wrong size,False
2177,35169,20250423,212,70,5,1,155.65,Damaged,False
2178,35177,20250103,747,38,10,1,200.12,Wrong size,True
2179,35188,20240914,1351,99,10,2,1155.39,Damaged,False
2180,35212,20240225,216,31,8,1,77.86,Other,True
2181,35241,20250824,1573,106,9,6,4782.64,Damaged,False
2182,35248,20230619,1176,49,12,1,58.55,Late delivery,False
2183,35253,20250619,1621,18,5,1,77.4,Warranty,False
2184,35281,20241027,1603,68,8,1,134.34,Late delivery,True
2185,35285,20250406,1354,12,8,1,3590.73,Damaged,False
2186,35289,20240908,759,77,7,4,353.89,Damaged,False
2187,35293,20250703,639,35,9,1,95.21,Warranty,False
2188,35310,20240628,536,42,7,1,124.31,Warranty,True
2189,35314,20240609,33,72,2,1,229.47,Other,True
2190,35315,20240619,33,48,2,1,151.79,Wrong size,True
2191,35324,20240215,836,39,10,1,102.72,Late delivery,True
2192,35330,20240102,243,40,8,1,279.7,Wrong size,False
2193,35338,20240214,29,6,1,1,1305.97,Damaged,False
2194,35345,20250728,1878,19,10,3,228.57,Damaged,False
2195,35350,20250726,1084,38,10,1,203.94,Wrong size,True
2196,35358,20240801,1596,22,1,2,189.78,Late delivery,True
2197,35367,20230601,714,89,10,2,108.77,Changed mind,True
2198,35378,20230617,1826,35,8,1,83.5,Changed mind,True
2199,35393,20231014,592,26,1,2,28.86,Changed mind,True
2200,35401,20250408,1962,72,1,1,272.25,Wrong size,False
2201,35402,20241220,778,4,1,1,2965.06,Late delivery,True
2202,35409,20240620,292,32,2,4,80.07,Damaged,False
2203,35410,20240601,292,50,2,1,184.17,Wrong size,True
2204,35425,20241024,1524,78,8,2,319.84,Wrong size,True
2205,35430,20240801,570,26,8,1,12.79,Changed mind,True
2206,35440,20250630,1080,26,5,1,11.83,Changed mind,True
2207,35442,20231109,1478,28,1,3,112.93,Changed mind,True
2208,35460,20221214,1587,40,2,1,282.1,Changed mind,True
2209,35479,20251231,863,30,3,1,56.52,Other,True
2210,35496,20241030,1182,72,7,2,468.03,Late delivery,True
2211,35522,20240415,1066,76,8,1,213.62,Changed mind,True
2212,35568,20230213,883,82,6,1,603.26,Changed mind,True
2213,35573,20221213,1537,100,7,3,2001.5,Damaged,False
2214,35582,20230616,1731,57,12,3,761.25,Late delivery,False
2215,35615,20240829,175,25,5,2,236.54,Other,True
2216,35622,20250711,366,2,9,1,1808.75,Changed mind,False
2217,35627,20230210,1591,77,8,1,71.36,Damaged,False
2218,35631,20251209,170,52,7,3,207.93,Wrong size,False
2219,35650,20250730,316,69,8,1,284.22,Other,True
2220,35653,20250722,316,66,8,1,87.87,Changed mind,True
2221,35682,20231128,375,55,8,1,358.94,Wrong size,True
2222,35742,20230806,408,52,1,1,58.6,Warranty,False
2223,35747,20250302,956,54,6,1,105.15,Other,True
2224,35761,20240621,546,44,6,1,219.65,Wrong size,True
2225,35771,20230523,1780,48,3,2,323.84,Wrong size,True
2226,35780,20250509,1087,44,11,2,535.16,Wrong size,True
2227,35784,20240412,1727,41,2,1,245.1,Wrong size,True
2228,35792,20250318,473,9,3,1,1034.3,Wrong size,True
2229,35847,20240530,134,45,9,3,408.53,Changed mind,True
2230,35860,20240510,1024,45,3,1,154.34,Late delivery,True
2231,35875,20231031,166,76,5,1,203.74,Damaged,False
2232,35902,20241101,484,78,4,1,184.51,Wrong size,False
2233,35920,20240721,1425,22,8,1,95.21,Changed mind,True
2234,35951,20230803,434,94,11,1,377.06,Wrong size,True
2235,35966,20250807,839,51,5,1,229.6,Late delivery,True
2236,35973,20220730,1903,22,9,1,89.1,Changed mind,True
2237,35977,20240305,891,80,2,1,169.58,Late delivery,True
2238,35988,20250426,187,98,5,1,174.45,Wrong size,True
2239,35994,20250103,1920,34,10,1,56.73,Warranty,False
2240,36053,20250823,549,11,3,1,3366.52,Late delivery,True
2241,36064,20240417,429,82,4,1,557.93,Wrong size,True
2242,36071,20230407,1778,52,8,1,49.85,Other,True
2243,36079,20241028,926,102,9,1,133.35,Warranty,True
2244,36082,20230627,598,12,10,1,3446.88,Warranty,False
2245,36086,20230314,1619,84,6,1,183.54,Late delivery,True
2246,36125,20250523,625,30,11,1,55.36,Wrong size,True
2247,36148,20250719,888,93,2,1,175.83,Wrong size,False
2248,36159,20251124,1148,11,2,1,4090.82,Late delivery,True
2249,36160,20250108,1079,8,1,1,1846.17,Late delivery,True
2250,36168,20240926,776,69,10,2,729.28,Other,True
2251,36196,20250508,921,104,1,2,849.82,Warranty,False
2252,36202,20230709,54,89,5,2,104.83,Changed mind,True
2253,36206,20240424,572,92,11,3,1600.73,Late delivery,False
2254,36233,20241220,1999,1,3,1,1060.46,Warranty,True
2255,36239,20250314,1519,46,3,1,196.54,Wrong size,True
2256,36245,20221028,646,43,4,1,131.23,Wrong size,True
2257,36281,20240926,1334,6,11,1,1224.93,Late delivery,True
2258,36288,20250213,90,55,3,1,309.24,Changed mind,True
2259,36294,20250501,180,38,5,2,469.47,Damaged,False
2260,36306,20241018,543,43,11,1,128.34,Damaged,False
2261,36307,20241105,543,24,11,5,151.11,Wrong size,True
2262,36308,20241113,543,21,11,1,67.04,Changed mind,True
2263,36319,20241021,1743,60,9,1,428.4,Changed mind,True
2264,36342,20241202,971,56,5,2,266.48,Warranty,False
2265,36347,20241106,1479,43,9,1,132.78,Changed mind,True
2266,36392,20250204,395,14,10,1,103.83,Changed mind,True
2267,36393,20240918,1624,30,7,1,57.14,Wrong size,True
2268,36394,20241026,1624,44,7,1,251.94,Wrong size,True
2269,36399,20250623,749,49,3,1,70.29,Changed mind,True
2270,36452,20240912,964,41,1,2,472.59,Wrong size,True
2271,36467,20240219,299,75,12,1,292.69,Late delivery,True
2272,36473,20240111,1843,55,7,2,599.54,Late delivery,False
2273,36514,20240116,160,21,9,1,80.59,Damaged,False
2274,36537,20240731,133,56,6,1,179.15,Damaged,False
2275,36573,20250825,635,84,5,1,151.23,Wrong size,True
2276,36591,20240603,147,72,12,1,260.3,Changed mind,True
2277,36599,20250109,1197,105,8,1,441.0,Changed mind,True
2278,36663,20240620,353,74,7,5,1048.71,Changed mind,True
2279,36666,20240421,468,80,11,1,155.64,Wrong size,True
2280,36672,20240901,1255,108,7,1,611.22,Other,False
2281,36678,20250110,1985,41,4,1,291.98,Damaged,False
2282,36688,20251006,1061,69,4,1,339.8,Late delivery,True
2283,36708,20240822,1899,39,8,1,132.39,Late delivery,True
2284,36730,20221205,480,56,1,1,161.71,Wrong size,True
2285,36747,20250124,997,52,1,1,57.45,Late delivery,True
2286,36761,20250123,767,62,1,1,138.38,Warranty,False
2287,36767,20240221,981,40,1,2,510.78,Late delivery,True
2288,36771,20240707,1969,11,5,1,3736.3,Warranty,False
2289,36780,20230924,1712,39,1,1,104.33,Other,True
2290,36807,20240429,130,65,11,1,43.76,Damaged,False
2291,36819,20240306,318,45,11,2,315.45,Damaged,False
2292,36866,20250825,1061,27,4,3,194.57,Changed mind,True
2293,36896,20230506,633,71,4,2,681.78,Changed mind,True
2294,36914,20250922,251,86,10,2,518.62,Damaged,False
2295,36915,20251011,251,9,10,1,944.61,Other,True
2296,36917,20240921,1084,8,6,1,1888.89,Warranty,True
2297,36946,20251006,1525,45,10,1,126.36,Changed mind,True
2298,36947,20251014,1525,6,10,1,1359.26,Warranty,False
2299,36972,20231222,1339,52,4,3,157.75,Late delivery,True
2300,36987,20240308,1362,53,6,4,734.36,Other,True
2301,36999,20240612,406,23,9,3,171.08,Other,True
2302,37011,20240519,1432,84,3,5,874.76,Wrong size,True
2303,37016,20240723,98,46,11,1,167.36,Damaged,False
2304,37020,20240118,759,34,5,1,58.88,Changed mind,False
2305,37056,20240905,872,77,5,1,70.23,Late delivery,True
2306,37090,20250127,1450,3,12,2,5191.04,Damaged,False
2307,37095,20240328,52,36,3,2,391.02,Wrong size,True
2308,37107,20230819,1746,53,4,1,145.95,Wrong size,False
2309,37108,20230902,1746,107,4,5,2715.32,Other,True
2310,37137,20241010,1609,21,1,1,73.45,Wrong size,True
2311,37153,20230130,340,7,1,1,1925.69,Damaged,False
2312,37165,20240207,1244,57,12,1,258.27,Wrong size,True
2313,37173,20240304,442,51,2,1,179.47,Wrong size,True
2314,37175,20240320,442,10,2,1,1802.96,Damaged,False
2315,37198,20240809,1061,32,11,3,68.36,Warranty,False
2316,37202,20221121,500,56,4,1,145.42,Warranty,False
2317,37205,20251231,1057,89,7,1,52.87,Wrong size,False
2318,37207,20251205,1057,19,7,1,71.97,Wrong size,True
2319,37234,20250801,974,104,10,2,956.49,Damaged,False
2320,37244,20240520,1901,35,7,1,66.31,Warranty,False
2321,37249,20241009,793,76,9,5,1061.28,Late delivery,True
2322,37259,20240517,1165,105,5,1,505.51,Changed mind,True
2323,37285,20250519,813,46,7,1,238.55,Changed mind,False
2324,37298,20250814,1186,108,1,1,617.21,Wrong size,True
2325,37317,20250401,1730,54,9,1,90.92,Damaged,False
2326,37323,20241022,1896,80,4,1,155.88,Late delivery,True
2327,37342,20251231,999,51,8,2,403.48,Changed mind,True
2328,37371,20231028,1675,12,8,1,3424.27,Wrong size,True
2329,37398,20250106,946,107,8,1,542.21,Damaged,False
2330,37411,20250401,1758,31,5,1,95.62,Late delivery,True
2331,37422,20231027,645,39,7,1,116.39,Wrong size,True
2332,37432,20250619,610,95,4,1,336.68,Late delivery,False
2333,37443,20230123,1269,18,8,1,94.12,Wrong size,False
2334,37454,20240901,290,19,12,2,132.61,Damaged,False
2335,37491,20240321,152,101,6,1,536.63,Damaged,False
2336,37504,20231207,1263,16,11,2,168.04,Damaged,False
2337,37513,20240713,1384,1,6,1,907.7,Damaged,False
2338,37522,20240425,1953,46,10,1,187.6,Other,True
2339,37541,20231215,1640,82,8,1,533.86,Warranty,True
2340,37553,20250420,1722,28,5,1,31.33,Late delivery,True
2341,37562,20240227,863,11,12,1,4379.93,Changed mind,True
2342,37586,20250117,82,59,7,2,85.19,Other,True
2343,37593,20231023,894,47,4,1,106.35,Warranty,False
2344,37634,20231125,1430,60,7,1,419.19,Changed mind,True
2345,37640,20220707,719,22,3,1,103.87,Wrong size,True
2346,37655,20241130,1415,70,6,2,324.84,Wrong size,True
2347,37673,20240330,9,34,8,1,52.35,Late delivery,True
2348,37676,20240227,718,1,7,2,2036.85,Damaged,False
2349,37696,20230928,542,38,5,2,448.43,Changed mind,True
2350,37698,20251115,1093,50,10,1,194.93,Changed mind,True
2351,37703,20241112,1520,41,9,1,202.16,Wrong size,True
2352,37708,20230521,1981,56,9,3,466.52,Changed mind,True
2353,37715,20240414,362,1,3,1,1023.8,Wrong size,True
2354,37724,20251217,1806,88,1,1,120.96,Changed mind,False
2355,37740,20250106,1323,9,8,1,864.36,Warranty,False
2356,37750,20240307,1987,64,3,4,690.29,Changed mind,True
2357,37768,20230829,1755,20,2,2,300.0,Wrong size,True
2358,37799,20241114,1288,88,1,1,110.09,Late delivery,True
2359,37805,20251211,1005,37,8,2,202.2,Wrong size,True
2360,37823,20251004,484,56,1,1,151.58,Late delivery,True
2361,37832,20230823,1709,76,6,3,596.43,Damaged,False
2362,37849,20250526,1316,28,5,1,36.4,Wrong size,True
2363,37854,20251013,1144,67,11,2,293.06,Other,True
2364,37860,20230925,627,45,7,1,141.89,Changed mind,True
2365,37875,20251231,690,29,9,1,111.43,Damaged,False
2366,37887,20240623,889,63,4,2,458.16,Warranty,False
2367,37889,20240615,889,50,4,2,391.43,Late delivery,True
2368,37910,20230831,822,43,7,1,144.97,Wrong size,False
2369,37915,20231231,1487,57,5,3,879.87,Changed mind,True
2370,37953,20250707,1579,20,4,1,124.55,Late delivery,False
2371,37954,20250411,1633,51,7,1,186.22,Changed mind,True
2372,37971,20240821,374,25,8,1,98.76,Late delivery,True
2373,37996,20250503,618,38,5,1,186.52,Damaged,False
2374,37998,20250502,618,23,5,4,220.56,Late delivery,False
2375,38009,20250610,1236,21,12,1,66.73,Wrong size,True
2376,38023,20221104,1626,28,1,1,41.04,Late delivery,True
2377,38039,20251231,172,18,5,1,95.64,Wrong size,True
2378,38090,20240602,187,53,4,2,258.24,Damaged,False
2379,38098,20250118,807,17,7,1,63.14,Other,True
2380,38117,20240709,533,61,2,2,639.87,Late delivery,True
2381,38118,20240719,533,80,2,1,139.63,Other,True
2382,38187,20240613,1379,106,6,1,810.8,Changed mind,True
2383,38209,20250816,1005,2,7,1,1427.93,Changed mind,True
2384,38230,20250703,1906,52,4,3,164.12,Wrong size,True
2385,38243,20230703,1811,49,1,1,81.28,Late delivery,True
2386,38249,20240306,477,31,6,1,75.94,Warranty,False
2387,38253,20240228,1038,35,10,1,80.88,Late delivery,True
2388,38269,20240906,1405,94,3,1,335.13,Wrong size,True
2389,38270,20241008,1405,56,3,1,171.91,Late delivery,True
2390,38289,20230923,981,63,2,1,191.72,Damaged,False
2391,38313,20220620,1300,22,9,1,93.39,Wrong size,True
2392,38314,20220829,1056,85,10,4,1568.77,Changed mind,True
2393,38353,20251120,845,21,1,1,92.49,Changed mind,True
2394,38359,20251231,1388,54,8,1,86.57,Late delivery,True
2395,38380,20230725,578,4,12,1,2757.33,Wrong size,True
2396,38389,20251231,655,49,11,1,72.3,Wrong size,True
2397,38429,20240606,318,97,6,2,1103.22,Warranty,False
2398,38456,20240515,1636,13,8,2,20.19,Changed mind,True
2399,38467,20250220,1191,52,10,1,60.05,Damaged,False
2400,38494,20251231,903,32,1,3,71.16,Wrong size,True
2401,38521,20240418,1985,38,7,1,182.13,Changed mind,False
2402,38522,20240407,1985,25,7,1,100.24,Damaged,False
2403,38524,20240417,1985,57,7,1,249.29,Damaged,False
2404,38537,20240828,1745,46,12,3,678.69,Wrong size,True
2405,38551,20240526,792,38,2,1,217.12,Wrong size,True
2406,38563,20240607,315,105,3,1,379.95,Late delivery,True
2407,38570,20250531,1507,80,5,1,149.37,Other,True
2408,38578,20240524,1510,95,3,1,299.98,Damaged,False
2409,38586,20241209,1905,44,5,1,281.1,Changed mind,True
2410,38590,20240802,1668,23,4,1,61.25,Changed mind,True
2411,38612,20241208,1705,64,8,1,185.47,Wrong size,True
2412,38613,20251231,1318,21,12,1,70.92,Late delivery,True
2413,38634,20250308,1696,91,10,1,488.93,Late delivery,True
2414,38636,20240401,1017,50,11,1,156.22,Changed mind,True
2415,38641,20240410,725,41,6,1,234.75,Warranty,False
2416,38647,20250126,312,41,6,4,1053.23,Late delivery,True
2417,38659,20251029,1422,85,4,1,373.59,Late delivery,True
2418,38663,20250920,1714,5,5,1,2579.07,Warranty,False
2419,38710,20230504,1326,56,8,1,168.83,Wrong size,True
2420,38716,20250320,1855,108,5,4,2237.14,Changed mind,True
2421,38719,20240914,937,49,2,8,618.25,Wrong size,True
2422,38751,20250226,133,21,3,1,89.55,Other,True
2423,38755,20240212,1032,33,1,1,80.41,Wrong size,True
2424,38759,20230624,1012,49,10,2,150.87,Wrong size,True
2425,38764,20240202,1919,46,7,1,207.43,Late delivery,True
2426,38768,20230802,1023,46,10,1,161.99,Changed mind,False
2427,38818,20250204,990,107,9,1,557.82,Warranty,False
2428,38823,20240623,437,72,3,2,454.36,Damaged,False
2429,38824,20240617,437,83,3,1,424.45,Wrong size,True
2430,38828,20240608,1307,40,6,4,1145.49,Damaged,False
2431,38829,20240613,1307,30,6,1,53.65,Wrong size,False
2432,38834,20240929,1196,49,8,1,68.42,Warranty,False
2433,38845,20240602,277,40,11,2,564.68,Late delivery,True
2434,38849,20251231,1602,6,10,1,1336.66,Other,True
2435,38856,20231020,607,93,11,4,735.3,Changed mind,True
2436,38880,20240807,1733,28,4,3,106.21,Damaged,False
2437,38887,20230106,1128,45,2,1,159.66,Damaged,False
2438,38892,20240414,1962,15,12,2,34.83,Wrong size,True
2439,38937,20241230,754,90,11,3,1676.9,Damaged,False
2440,38959,20240704,125,97,6,4,2741.17,Late delivery,True
2441,38961,20240704,125,31,6,1,98.57,Warranty,False
2442,38986,20240829,39,27,4,4,257.42,Late delivery,True
2443,38997,20240816,219,53,9,1,159.98,Damaged,False
2444,39025,20250215,865,74,8,2,310.65,Warranty,True
2445,39035,20240828,774,77,12,3,255.89,Wrong size,True
2446,39057,20241207,596,15,4,6,119.31,Warranty,False
2447,39069,20240608,1876,52,10,1,56.09,Damaged,False
2448,39083,20250303,244,35,7,2,176.63,Warranty,True
2449,39092,20250123,52,83,6,2,982.13,Changed mind,True
2450,39124,20230720,986,26,11,1,12.49,Late delivery,True
2451,39166,20220818,1840,24,8,1,36.68,Changed mind,False
2452,39173,20250328,61,14,6,1,86.33,Wrong size,True
2453,39177,20250713,170,43,9,1,123.26,Late delivery,False
2454,39183,20240314,850,65,8,3,115.77,Wrong size,True
2455,39220,20230404,1855,43,10,2,313.29,Wrong size,True
2456,39238,20251019,58,57,10,1,280.35,Damaged,False
2457,39244,20230911,1902,59,12,5,307.26,Other,True
2458,39256,20250304,1019,29,12,2,229.86,Wrong size,True
2459,39260,20240114,667,24,3,3,104.55,Damaged,False
2460,39271,20231203,1016,51,3,3,553.17,Wrong size,True
2461,39287,20241027,599,71,10,1,285.62,Late delivery,True
2462,39294,20251107,376,55,4,1,307.23,Damaged,False
2463,39324,20241103,1168,1,1,1,1122.84,Damaged,False
2464,39327,20241023,1168,77,1,2,178.36,Damaged,False
2465,39338,20250321,451,81,1,2,749.99,Late delivery,True
2466,39341,20221023,1956,69,10,5,1528.67,Other,True
2467,39358,20220522,1583,65,1,3,123.89,Damaged,False
2468,39369,20240330,1494,38,11,1,177.18,Wrong size,True
2469,39373,20251029,542,46,1,1,206.7,Changed mind,True
2470,39386,20230105,1772,96,6,1,458.25,Wrong size,True
2471,39403,20240520,802,90,6,1,555.47,Wrong size,True
2472,39405,20250228,1087,32,9,1,23.6,Warranty,True
2473,39406,20250127,865,96,3,1,589.91,Damaged,False
2474,39414,20250611,1094,44,5,1,256.53,Damaged,False
2475,39428,20240712,289,1,12,1,897.36,Changed mind,True
2476,39443,20230729,904,94,4,2,872.74,Wrong size,True
2477,39491,20251130,176,44,1,1,261.64,Other,False
2478,39500,20250202,835,100,7,6,4820.13,Warranty,False
2479,39515,20251125,1135,54,11,1,100.2,Wrong size,True
2480,39522,20240615,62,45,1,1,163.13,Changed mind,True
2481,39529,20240508,19,53,7,3,543.7,Changed mind,True
2482,39538,20240508,1541,39,3,1,95.79,Wrong size,True
2483,39542,20240327,638,91,4,3,1453.92,Late delivery,True
2484,39545,20240715,189,48,9,3,515.15,Wrong size,True
2485,39547,20250531,1497,108,10,2,1188.84,Other,True
2486,39572,20250708,1589,12,7,1,3103.14,Changed mind,True
2487,39591,20240105,1975,92,1,3,1532.94,Wrong size,True
2488,39600,20240625,1768,53,11,2,300.65,Warranty,False
2489,39654,20240409,1937,21,6,2,144.89,Changed mind,True
2490,39681,20240330,682,16,6,1,103.75,Wrong size,True
2491,39692,20250112,1124,61,1,1,268.52,Warranty,False
2492,39696,20240706,492,100,7,1,892.45,Warranty,False
2493,39715,20251015,562,82,9,2,1083.5,Warranty,False
2494,39739,20240703,560,64,7,1,198.02,Damaged,False
2495,39823,20230506,286,67,6,1,159.31,Damaged,False
2496,39827,20251022,1545,41,7,2,538.61,Changed mind,True
2497,39838,20251231,1164,38,5,2,439.98,Wrong size,True
2498,39848,20240913,1483,17,11,3,224.85,Late delivery,True
2499,39849,20241006,1483,35,11,1,86.08,Wrong size,True
2500,39852,20241004,1281,56,4,1,185.0,Wrong size,True
2501,39886,20250212,1116,63,10,1,223.94,Wrong size,True
2502,39939,20240804,1948,50,10,1,179.62,Changed mind,True
2503,39953,20240812,370,79,11,3,1028.55,Warranty,True
2504,39960,20240314,132,39,12,1,115.83,Wrong size,True
2505,39996,20251117,455,31,4,1,80.37,Late delivery,True
2506,39999,20250201,1283,54,8,1,96.11,Wrong size,True
2507,40005,20251231,1199,18,5,1,73.98,Warranty,False
2508,40021,20241230,531,9,3,1,1078.89,Changed mind,True
2509,40056,20250416,668,72,7,2,483.13,Damaged,False
2510,40068,20240529,1251,39,7,2,225.61,Wrong size,True
2511,40088,20230514,1940,30,11,1,46.83,Damaged,False
2512,40099,20240309,16,11,3,1,3516.84,Wrong size,True
2513,40177,20240525,1735,75,6,1,299.24,Wrong size,True
2514,40185,20240710,565,79,4,1,369.29,Wrong size,True
2515,40228,20231219,1501,53,5,1,165.67,Wrong size,True
2516,40241,20240301,313,67,4,1,152.48,Other,True
2517,40257,20240909,1715,51,11,1,181.77,Wrong size,True
2518,40320,20250812,811,101,7,2,1153.6,Damaged,False
2519,40324,20251231,1396,81,4,1,291.32,Wrong size,False
2520,40346,20240319,1595,108,10,3,1842.05,Changed mind,True
2521,40364,20250211,943,54,12,1,94.98,Warranty,False
2522,40369,20231118,1576,30,12,1,46.44,Changed mind,True
2523,40370,20231119,1576,88,12,1,119.92,Damaged,False
2524,40379,20241228,1544,23,3,2,112.23,Wrong size,False
2525,40426,20240129,1560,10,6,1,1918.89,Warranty,False
2526,40436,20241211,1955,54,11,4,460.32,Changed mind,True
2527,40438,20250116,1335,17,9,2,153.34,Damaged,False
2528,40441,20250117,1335,40,9,2,524.64,Wrong size,True
2529,40448,20220922,275,89,12,1,61.1,Changed mind,True
2530,40451,20240428,1012,2,3,1,1597.45,Warranty,False
2531,40460,20230920,893,15,9,1,15.9,Changed mind,False
2532,40461,20240124,441,82,8,1,523.74,Changed mind,True
2533,40466,20241208,1352,73,3,1,254.55,Changed mind,True
2534,40468,20241202,1352,57,3,1,294.95,Changed mind,True
2535,40480,20250127,1897,31,5,1,84.22,Warranty,False
2536,40483,20250129,1024,18,1,6,545.5,Warranty,False
2537,40484,20230727,1349,48,6,1,186.02,Late delivery,True
2538,40490,20240502,1704,107,12,2,1188.95,Changed mind,True
2539,40494,20250605,188,68,6,3,452.45,Wrong size,True
2540,40505,20230603,1199,56,11,1,176.7,Warranty,True
2541,40511,20240826,1688,77,8,1,82.74,Changed mind,True
2542,40526,20230313,1786,102,12,3,325.4,Wrong size,False
2543,40528,20230410,1786,39,12,5,595.85,Damaged,False
2544,40547,20241218,810,3,7,1,2930.81,Changed mind,True
2545,40554,20250507,267,36,11,2,368.23,Damaged,False
2546,40557,20240725,189,99,12,1,637.94,Damaged,False
2547,40566,20230618,1847,71,1,1,324.72,Wrong size,True
2548,40575,20250409,1496,3,9,1,2875.37,Changed mind,True
2549,40582,20240830,1746,76,1,1,218.06,Warranty,False
2550,40593,20230425,1076,102,2,3,381.95,Wrong size,True
2551,40596,20231128,93,15,3,2,34.11,Late delivery,True
2552,40628,20230210,998,98,6,1,163.58,Changed mind,True
2553,40676,20240828,93,15,3,2,38.64,Changed mind,True
2554,40691,20240324,960,33,6,1,79.1,Other,True
2555,40706,20251007,1440,16,1,1,80.19,Wrong size,True
2556,40711,20240616,207,66,1,1,89.83,Wrong size,True
2557,40714,20250923,1817,61,7,2,546.29,Changed mind,True
2558,40728,20240716,603,106,2,1,605.42,Damaged,False
2559,40738,20231030,1924,107,1,1,519.88,Wrong size,True
2560,40747,20251231,222,49,6,1,73.62,Wrong size,True
2561,40748,20221127,153,46,7,1,203.96,Damaged,False
2562,40753,20241021,225,40,3,1,289.96,Wrong size,True
2563,40758,20240405,1981,45,12,2,298.48,Wrong size,True
2564,40763,20240925,269,53,10,3,481.79,Wrong size,True
2565,40770,20240406,555,33,1,2,140.16,Late delivery,False
2566,40779,20241029,1153,54,9,2,185.43,Wrong size,True
2567,40789,20241213,527,14,4,1,91.85,Wrong size,True
2568,40791,20241126,527,11,4,1,4028.44,Damaged,False
2569,40838,20240603,820,64,4,1,163.9,Warranty,True
2570,40883,20230805,564,6,4,1,1259.44,Wrong size,True
2571,40927,20241211,1468,14,6,1,89.09,Wrong size,True
2572,41019,20230209,1309,98,10,1,183.12,Damaged,False
2573,41037,20220830,986,64,12,1,175.63,Late delivery,True
2574,41057,20231107,89,12,12,1,3213.12,Changed mind,True
2575,41067,20251231,1867,101,12,1,534.95,Changed mind,True
2576,41070,20250530,1808,27,2,1,66.34,Changed mind,True
2577,41077,20250806,1108,12,9,1,3113.98,Warranty,False
2578,41094,20240907,1348,81,9,1,337.03,Changed mind,True
2579,41112,20240716,1489,5,8,1,3108.86,Wrong size,True
2580,41121,20240710,1408,90,8,1,617.74,Wrong size,True
2581,41130,20230616,374,59,4,1,56.63,Changed mind,True
2582,41160,20251011,1596,2,12,1,1426.89,Warranty,True
2583,41196,20230513,1510,52,8,1,57.85,Damaged,False
2584,41200,20240625,1776,53,6,2,325.79,Wrong size,True
2585,41256,20250115,124,50,6,2,355.53,Changed mind,True
2586,41257,20231202,799,67,9,2,272.28,Other,True
2587,41260,20230806,1206,18,11,1,84.9,Changed mind,True
2588,41265,20240111,657,51,12,1,182.35,Other,True
2589,41284,20240212,1544,27,8,1,76.58,Damaged,False
2590,41289,20241129,1509,53,6,1,174.81,Wrong size,True
2591,41297,20221223,278,20,6,4,558.64,Wrong size,True
2592,41298,20240614,1591,75,9,1,265.75,Changed mind,True
2593,41339,20230607,578,24,8,1,30.06,Wrong size,True
2594,41357,20240706,868,58,8,1,319.51,Changed mind,True
2595,41389,20250530,1785,52,6,2,131.68,Wrong size,True
2596,41395,20241228,1843,8,1,1,1983.01,Warranty,False
2597,41400,20250205,1160,39,2,1,126.8,Late delivery,True
2598,41446,20251218,1392,64,2,1,143.05,Other,False
2599,41472,20240523,26,41,2,2,550.72,Changed mind,True
2600,41482,20250922,958,24,4,1,34.39,Changed mind,True
2601,41483,20251011,958,10,4,1,1632.93,Warranty,False
2602,41494,20240322,1317,36,12,2,355.72,Damaged,False
2603,41517,20240123,1071,24,2,1,35.67,Changed mind,True
2604,41521,20231027,695,45,11,2,249.88,Late delivery,True
2605,41531,20231022,1708,67,10,2,300.88,Wrong size,True
2606,41542,20250913,1980,104,2,1,512.19,Wrong size,True
2607,41552,20231021,1219,28,10,1,36.87,Changed mind,True
2608,41576,20250717,1339,37,2,3,280.07,Changed mind,True
2609,41581,20220610,1439,64,4,1,180.88,Changed mind,True
2610,41599,20241129,523,55,6,1,283.49,Late delivery,False
2611,41619,20230805,1987,63,12,1,224.04,Damaged,False
2612,41650,20240318,1474,52,3,1,55.88,Wrong size,True
2613,41654,20240715,1592,13,10,1,12.59,Damaged,False
2614,41659,20240621,186,98,7,2,366.17,Changed mind,True
2615,41666,20240425,207,107,8,1,478.4,Changed mind,True
2616,41685,20240623,985,49,5,1,68.08,Changed mind,True
2617,41686,20240624,985,51,5,1,217.02,Wrong size,True
2618,41693,20240208,958,51,9,2,418.54,Wrong size,True
2619,41738,20230422,294,76,11,4,927.28,Changed mind,False
2620,41781,20231023,1151,51,6,1,213.83,Damaged,False
2621,41789,20240220,53,31,11,1,90.35,Late delivery,True
2622,41794,20240321,1773,46,3,2,353.53,Wrong size,True
2623,41800,20240506,742,16,1,7,723.78,Warranty,False
2624,41813,20241024,784,31,4,3,237.13,Damaged,False
2625,41839,20231018,664,27,5,1,64.83,Late delivery,True
2626,41863,20230306,545,52,9,1,62.48,Warranty,False
2627,41883,20241010,283,41,6,1,244.28,Damaged,False
2628,41898,20230907,861,106,3,1,780.23,Wrong size,True
2629,41903,20231021,1552,26,11,1,11.82,Warranty,True
2630,41906,20240614,892,18,4,1,93.07,Other,False
2631,41910,20240824,406,44,8,6,1620.29,Wrong size,True
2632,41925,20240904,1810,75,6,1,248.97,Warranty,False
2633,41928,20250831,1448,43,3,1,157.89,Warranty,True
2634,41953,20241009,1437,50,3,1,181.31,Wrong size,True
2635,41956,20240731,1572,33,12,4,209.1,Changed mind,False
2636,41981,20230409,1367,76,6,1,205.05,Warranty,False
2637,42003,20230630,314,22,11,1,102.55,Damaged,False
2638,42009,20231121,1262,45,12,1,166.71,Changed mind,True
2639,42029,20240903,1475,93,6,1,156.6,Changed mind,True
2640,42030,20240809,1475,70,6,1,138.19,Warranty,False
2641,42055,20241004,339,80,3,1,140.69,Wrong size,True
2642,42066,20240529,1307,70,2,3,467.18,Wrong size,True
2643,42096,20231109,519,46,1,2,398.42,Changed mind,False
2644,42104,20231222,1493,62,7,2,283.97,Late delivery,True
2645,42119,20240620,1519,98,5,1,165.45,Changed mind,True
2646,42121,20250127,1512,40,10,3,909.02,Late delivery,True
2647,42176,20240729,142,36,8,2,379.71,Changed mind,True
2648,42213,20231208,1230,40,9,1,245.67,Wrong size,False
2649,42254,20230315,891,20,6,1,138.08,Warranty,False
2650,42269,20230731,422,55,10,2,576.03,Wrong size,False
2651,42331,20240428,1960,38,3,1,195.33,Changed mind,True
2652,42340,20250827,1460,108,12,1,568.74,Changed mind,True
2653,42362,20231025,868,4,6,1,2651.86,Other,True
2654,42371,20240305,1302,40,12,1,267.36,Changed mind,True
2655,42378,20250717,715,55,10,4,1175.22,Wrong size,True
2656,42386,20240709,1948,90,4,2,1300.2,Other,True
2657,42389,20240630,1948,36,4,1,170.95,Changed mind,True
2658,42436,20250206,623,50,7,1,203.99,Late delivery,True
2659,42437,20250101,623,106,7,4,3236.09,Changed mind,True
2660,42467,20250726,1188,28,12,1,34.62,Changed mind,False
2661,42469,20240618,1713,48,2,1,190.78,Changed mind,False
2662,42470,20240726,1713,57,2,1,269.79,Warranty,False
2663,42478,20251025,1570,43,3,1,114.76,Other,False
2664,42490,20240320,342,51,7,2,398.05,Damaged,False
2665,42513,20250511,1702,17,8,2,147.71,Other,True
2666,42538,20240427,1830,96,9,3,1950.3,Changed mind,True
2667,42540,20240326,1830,57,9,1,245.08,Changed mind,True
2668,42575,20251007,1409,14,3,1,101.85,Damaged,False
2669,42582,20231111,1211,39,3,2,257.74,Damaged,False
2670,42608,20240919,1371,68,12,1,129.02,Late delivery,True
2671,42609,20240911,1371,103,12,4,2015.02,Other,True
2672,42613,20240916,1008,5,9,1,2738.21,Warranty,False
2673,42623,20240829,1120,6,11,1,1217.79,Changed mind,True
2674,42669,20230127,97,20,1,4,560.14,Changed mind,True
2675,42692,20240923,17,56,3,2,320.17,Wrong size,True
2676,42697,20240817,1208,94,7,1,364.03,Late delivery,False
2677,42702,20241110,768,68,10,3,367.22,Changed mind,True
2678,42708,20240320,675,7,3,1,2208.6,Damaged,False
2679,42715,20240918,1989,33,6,2,160.66,Late delivery,True
2680,42728,20220518,1373,65,8,2,93.15,Other,False
2681,42744,20250827,390,89,5,1,58.51,Changed mind,True
2682,42747,20250812,390,1,5,1,1179.26,Late delivery,True
2683,42749,20230816,646,10,6,1,1550.0,Late delivery,True
2684,42752,20251207,1833,75,6,1,266.11,Damaged,False
2685,42770,20240124,746,48,6,1,150.46,Other,True
2686,42787,20231008,857,83,5,1,396.4,Wrong size,True
2687,42811,20240701,1402,16,7,1,88.65,Damaged,False
2688,42860,20240927,535,18,4,1,83.06,Damaged,False
2689,42868,20230309,752,52,3,1,54.89,Damaged,False
2690,42871,20240327,539,67,7,1,166.38,Changed mind,True
2691,42898,20230526,1468,108,7,1,548.13,Warranty,True
2692,42918,20240104,1385,95,7,1,375.89,Changed mind,True
2693,42937,20250125,464,103,12,2,999.79,Damaged,False
2694,42954,20240818,1973,17,4,4,318.8,Warranty,True
2695,42967,20221007,243,100,3,1,774.98,Late delivery,False
2696,42976,20240606,1042,36,4,1,199.07,Changed mind,True
2697,42986,20240120,834,25,9,1,103.55,Changed mind,True
2698,42998,20250522,285,74,1,3,483.99,Warranty,False
2699,43004,20240314,390,100,5,1,720.48,Wrong size,True
2700,43006,20231209,139,36,12,1,206.19,Changed mind,True
2701,43009,20221202,1936,21,2,2,160.8,Late delivery,True
2702,43015,20230819,1868,79,9,2,641.07,Damaged,False
2703,43022,20250108,274,53,6,2,344.49,Wrong size,True
2704,43029,20250904,1475,48,10,1,175.78,Warranty,False
2705,43035,20250906,1652,14,2,6,634.01,Late delivery,True
2706,43057,20240702,461,52,6,1,64.8,Damaged,False
2707,43060,20221026,1540,40,11,1,241.92,Late delivery,True
2708,43102,20221004,1282,22,6,1,101.14,Wrong size,True
2709,43106,20250225,1773,23,6,1,64.09,Late delivery,True
2710,43124,20231030,641,24,5,1,33.37,Changed mind,False
2711,43150,20221007,128,69,1,5,1537.15,Late delivery,True
2712,43155,20250910,1414,95,10,1,331.91,Changed mind,True
2713,43226,20231223,945,63,5,1,242.43,Warranty,True
2714,43257,20230623,809,54,3,1,89.64,Wrong size,True
2715,43266,20240306,144,1,11,1,1034.97,Late delivery,True
2716,43271,20230401,1900,98,6,1,204.39,Other,True
2717,43272,20240820,206,96,2,1,561.4,Other,False
2718,43275,20240911,206,46,2,1,217.36,Wrong size,True
2719,43290,20250831,1906,46,9,1,201.96,Late delivery,True
2720,43297,20241008,51,102,7,2,256.66,Wrong size,True
2721,43328,20251231,1940,40,7,1,293.22,Changed mind,True
2722,43337,20240722,167,33,7,2,135.91,Wrong size,True
2723,43362,20240901,193,78,9,1,156.9,Other,True
2724,43370,20240604,251,92,1,1,513.22,Changed mind,True
2725,43402,20240921,911,106,4,2,1549.34,Wrong size,True
2726,43404,20240930,911,80,4,2,263.11,Wrong size,True
2727,43427,20250930,1221,52,6,1,53.8,Late delivery,True
2728,43440,20240302,977,23,2,2,138.24,Damaged,False
2729,43449,20251113,1729,61,11,1,310.2,Wrong size,True
2730,43467,20240707,534,60,3,1,451.11,Damaged,False
2731,43496,20240429,803,19,5,4,254.43,Changed mind,True
2732,43521,20230422,1081,49,6,1,67.37,Wrong size,True
2733,43526,20230803,1850,48,8,3,547.33,Wrong size,True
2734,43535,20240520,681,4,6,1,2241.05,Warranty,False
2735,43550,20240511,1122,17,8,1,73.97,Damaged,False
2736,43573,20240913,1343,21,8,2,148.76,Late delivery,True
2737,43580,20250221,1608,80,7,1,132.92,Late delivery,False
2738,43586,20251222,526,68,4,1,156.27,Late delivery,True
2739,43623,20251231,1497,45,12,1,144.64,Wrong size,True
2740,43638,20251019,465,76,11,1,175.24,Damaged,False
2741,43655,20240528,999,17,10,1,73.34,Damaged,False
2742,43658,20240814,130,95,5,1,347.34,Wrong size,True
2743,43665,20231107,448,90,9,2,1030.08,Late delivery,True
2744,43681,20240214,369,76,2,1,226.01,Other,True
2745,43684,20251228,1588,96,7,1,591.76,Warranty,False
2746,43695,20240714,324,71,8,1,281.85,Changed mind,True
2747,43698,20240507,669,50,7,4,775.16,Wrong size,True
2748,43723,20250707,1123,106,11,6,4389.81,Changed mind,True
2749,43725,20250704,1123,102,11,1,131.16,Wrong size,True
2750,43753,20250711,436,59,10,1,53.24,Wrong size,True
2751,43782,20250921,1048,41,4,2,571.3,Late delivery,True
2752,43784,20250819,1048,86,4,1,231.9,Late delivery,True
2753,43785,20240416,1053,36,6,1,172.61,Changed mind,True
2754,43800,20250710,1748,18,9,1,84.53,Late delivery,True
2755,43827,20250929,1056,20,10,1,133.4,Changed mind,False
2756,43872,20251214,1988,39,9,7,793.4,Wrong size,True
2757,43880,20230402,951,98,2,1,192.86,Changed mind,True
2758,43913,20250416,1450,66,10,1,88.37,Changed mind,True
2759,43925,20251007,320,106,10,3,1865.96,Warranty,False
2760,43943,20251219,1233,66,4,2,172.22,Late delivery,True
2761,43947,20240809,1960,80,5,2,301.92,Changed mind,True
2762,43991,20250301,1291,38,4,2,464.2,Late delivery,True
2763,43998,20250517,591,50,4,1,150.51,Warranty,False
2764,44012,20230330,1874,77,9,1,88.06,Late delivery,True
2765,44023,20231015,1865,67,9,1,163.94,Changed mind,False
2766,44033,20240911,179,98,7,2,304.67,Late delivery,True
2767,44056,20230723,617,19,1,1,72.66,Changed mind,True
2768,44059,20240828,675,104,10,1,476.3,Changed mind,True
2769,44073,20240627,1223,57,12,4,1055.92,Other,True
2770,44092,20230413,748,21,7,2,171.52,Damaged,False
2771,44113,20220620,489,98,1,1,182.27,Damaged,False
2772,44126,20241030,1904,10,2,1,1902.79,Wrong size,True
2773,44127,20241019,1904,67,2,1,171.49,Changed mind,True
2774,44133,20240828,81,105,1,2,905.95,Damaged,False
2775,44143,20250119,879,42,7,1,126.04,Changed mind,True
2776,44153,20250308,815,68,2,1,138.95,Changed mind,True
2777,44155,20250126,47,6,9,1,1533.07,Changed mind,True
2778,44158,20250108,47,94,9,1,387.5,Late delivery,True
2779,44161,20251224,96,65,11,1,41.71,Wrong size,True
2780,44169,20240606,1852,20,4,1,112.47,Late delivery,True
2781,44171,20240810,1307,55,2,1,345.12,Other,True
2782,44172,20240731,1307,66,2,1,90.59,Damaged,False
2783,44173,20240625,1504,78,9,1,152.23,Warranty,True
2784,44176,20240706,1504,52,9,1,55.82,Changed mind,True
2785,44193,20240323,1318,37,7,1,109.47,Wrong size,True
2786,44207,20240403,325,81,11,1,317.36,Damaged,False
2787,44245,20251217,955,16,8,2,197.0,Changed mind,True
2788,44247,20251231,955,75,8,1,292.9,Wrong size,True
2789,44250,20251210,1610,9,12,1,966.44,Changed mind,False
2790,44252,20241123,282,83,11,1,509.71,Wrong size,True
2791,44266,20240508,127,53,12,1,161.44,Late delivery,False
2792,44289,20251120,667,77,8,1,83.53,Wrong size,True
2793,44293,20250225,1854,96,6,1,630.51,Warranty,False
2794,44317,20240910,196,15,3,1,18.61,Wrong size,False
2795,44334,20230906,65,26,3,1,12.65,Late delivery,True
2796,44410,20221122,1144,35,11,3,212.81,Wrong size,True
2797,44416,20240711,902,54,2,1,93.67,Wrong size,True
2798,44448,20230906,847,106,12,1,757.92,Warranty,True
2799,44572,20220926,419,24,12,1,36.08,Warranty,False
2800,44580,20230421,1779,21,3,1,82.2,Late delivery,True
2801,44586,20251115,1158,18,3,1,70.44,Damaged,False
2802,44592,20251231,1730,74,12,1,175.24,Late delivery,True
2803,44602,20221230,1489,108,4,2,1236.47,Warranty,False
2804,44616,20240620,1979,48,2,1,158.6,Warranty,False
2805,44643,20221120,34,30,9,2,105.79,Late delivery,True
2806,44654,20240828,1048,6,9,1,1400.73,Changed mind,True
2807,44660,20220914,1738,30,10,3,165.11,Wrong size,True
2808,44699,20241108,1763,52,3,2,128.25,Wrong size,True
2809,44701,20230404,1811,24,12,1,32.11,Late delivery,False
2810,44742,20241222,861,102,11,1,129.04,Warranty,False
2811,44750,20240509,1499,19,9,5,333.16,Wrong size,True
2812,44768,20240527,1314,72,4,1,236.73,Wrong size,True
2813,44782,20231026,112,10,12,1,1759.27,Damaged,False
2814,44856,20250204,237,15,2,1,19.14,Damaged,False
2815,44857,20250212,237,22,2,1,89.82,Wrong size,True
2816,44863,20240611,94,102,10,2,272.74,Wrong size,False
2817,44906,20240120,1554,6,2,1,1344.36,Wrong size,True
2818,44917,20240410,1965,95,12,2,692.63,Wrong size,True
2819,44970,20250513,1478,78,4,2,301.04,Changed mind,True
2820,45001,20240511,564,49,5,3,213.18,Late delivery,True
2821,45012,20250824,1727,28,8,1,35.4,Late delivery,True
2822,45025,20240208,1402,19,8,1,75.43,Late delivery,True
2823,45032,20220905,1073,48,6,2,317.78,Changed mind,True
2824,45046,20240222,714,59,4,1,54.42,Changed mind,True
2825,45064,20231015,1920,81,3,1,276.24,Late delivery,True
2826,45072,20250123,1915,48,8,1,166.4,Wrong size,True
2827,45075,20250224,272,67,12,2,311.68,Damaged,False
2828,45078,20250423,1718,78,3,1,127.94,Other,True
2829,45084,20250706,955,71,4,2,669.13,Warranty,True
2830,45090,20230406,780,65,7,1,39.2,Wrong size,False
2831,45112,20250126,1558,96,9,1,511.59,Late delivery,True
2832,45149,20241006,781,29,9,1,131.35,Changed mind,True
2833,45152,20251225,93,43,10,2,274.29,Warranty,False
2834,45185,20240530,1591,26,9,2,26.95,Late delivery,True
2835,45191,20250922,1958,64,8,2,334.4,Warranty,False
2836,45202,20250220,194,8,6,1,1719.25,Warranty,True
2837,45212,20250118,229,46,12,1,195.0,Damaged,False
2838,45225,20250824,105,36,6,1,185.99,Warranty,True
2839,45264,20240312,1978,38,1,1,209.4,Other,True
2840,45269,20241225,1680,63,6,1,204.19,Changed mind,True
2841,45278,20240312,129,101,3,1,552.17,Wrong size,True
2842,45285,20250123,1326,32,12,2,45.39,Other,True
2843,45297,20230922,273,63,11,2,357.49,Damaged,False
2844,45317,20251231,1993,107,6,1,555.27,Late delivery,True
2845,45328,20230713,1354,28,7,1,40.52,Wrong size,True
2846,45338,20250501,700,37,4,2,195.62,Damaged,False
2847,45354,20231118,1705,35,1,1,73.57,Damaged,False
2848,45421,20221029,165,48,2,1,133.23,Wrong size,True
2849,45425,20231229,1192,16,5,4,402.97,Damaged,False
2850,45444,20240522,1965,102,8,1,103.01,Changed mind,True
2851,45487,20251020,1787,95,7,3,1034.8,Late delivery,True
2852,45490,20231202,1179,63,10,1,205.7,Wrong size,True
2853,45505,20240215,801,98,1,1,201.08,Changed mind,True
2854,45512,20240317,1967,17,2,1,76.11,Damaged,False
2855,45532,20231211,49,15,10,1,17.95,Warranty,True
2856,45536,20240911,1866,84,10,4,707.56,Damaged,False
2857,45540,20240521,944,66,12,1,80.53,Changed mind,True
2858,45563,20240330,939,58,7,2,618.6,Damaged,False
2859,45581,20231213,589,6,2,1,1470.57,Warranty,True
2860,45587,20240130,934,46,8,2,400.36,Damaged,False
2861,45601,20240512,1520,97,1,1,646.66,Damaged,False
2862,45618,20250106,775,28,3,1,33.35,Changed mind,True
2863,45639,20220925,1768,77,9,1,88.88,Changed mind,True
2864,45654,20251122,931,51,8,1,229.97,Late delivery,True
2865,45662,20240717,1398,78,4,1,149.64,Late delivery,True
2866,45664,20240716,1398,20,4,4,441.54,Other,False
2867,45682,20250814,1631,9,5,1,910.24,Changed mind,True
2868,45687,20231105,927,93,7,1,181.55,Other,True
2869,45692,20251009,606,52,1,2,117.86,Changed mind,True
2870,45702,20251229,1546,15,1,2,38.62,Damaged,False
2871,45705,20230912,1899,37,5,1,88.85,Damaged,False
2872,45736,20250105,101,49,10,1,69.87,Changed mind,True
2873,45748,20240620,1569,49,6,2,139.25,Late delivery,True
2874,45749,20240526,1569,45,6,2,232.23,Changed mind,True
2875,45758,20241209,1706,21,5,1,70.17,Late delivery,True
2876,45776,20240824,781,84,5,1,178.25,Changed mind,True
2877,45804,20250704,48,86,6,1,245.02,Late delivery,True
2878,45811,20231226,1961,95,7,1,369.8,Wrong size,True
2879,45813,20231228,1961,3,7,1,2320.29,Changed mind,False
2880,45830,20251013,396,27,4,1,64.01,Other,True
2881,45842,20250529,650,15,3,1,15.69,Wrong size,False
2882,45851,20241119,1655,80,10,3,465.9,Changed mind,True
2883,45854,20230813,1778,102,9,1,148.43,Late delivery,True
2884,45858,20250824,124,24,2,1,32.19,Late delivery,True
2885,45863,20240811,1913,41,7,2,501.96,Changed mind,True
2886,45878,20251005,202,27,3,2,160.34,Changed mind,True
2887,45890,20241013,1874,61,4,1,281.38,Late delivery,True
2888,45913,20241111,1572,66,6,2,203.11,Wrong size,True
2889,45974,20240416,366,41,4,1,259.36,Wrong size,True
2890,45981,20250125,1435,45,12,1,138.26,Wrong size,True
2891,45983,20250131,1435,72,12,1,279.02,Other,True
2892,45989,20240206,1723,101,6,2,1261.25,Damaged,False
2893,46009,20221018,1518,18,11,1,91.68,Warranty,True
2894,46031,20230709,1320,18,4,3,251.78,Wrong size,True
2895,46037,20240616,1449,79,2,1,320.11,Wrong size,True
2896,46064,20240421,93,70,12,1,173.25,Late delivery,True
2897,46079,20240208,46,62,12,1,132.42,Other,True
2898,46142,20240603,846,29,7,3,352.72,Warranty,True
2899,46169,20231028,1979,43,7,3,458.67,Wrong size,True
2900,46176,20250106,5,69,3,2,691.22,Late delivery,True
2901,46192,20251013,878,16,9,3,287.95,Changed mind,True
2902,46210,20240828,1987,15,7,1,17.37,Damaged,False
2903,46211,20240914,1987,78,7,1,156.04,Changed mind,False
2904,46225,20240331,141,10,11,1,1698.66,Damaged,False
2905,46226,20251221,611,18,10,2,195.66,Other,True
2906,46258,20240706,1643,102,11,1,162.43,Changed mind,True
2907,46273,20250111,926,101,2,1,482.49,Late delivery,False
2908,46276,20230218,429,107,3,1,593.61,Late delivery,True
2909,46282,20231020,299,83,12,1,446.17,Other,True
2910,46300,20231210,120,68,8,1,136.48,Changed mind,True
2911,46302,20231214,120,3,8,2,4911.09,Other,True
2912,46314,20240704,718,76,11,2,497.8,Changed mind,True
2913,46324,20250815,241,101,6,1,580.46,Changed mind,True
2914,46343,20240702,1270,9,4,1,804.95,Changed mind,True
2915,46364,20251017,555,48,11,1,160.64,Warranty,False
2916,46374,20250523,1538,94,8,3,1129.57,Changed mind,True
2917,46378,20251027,2,59,9,6,323.25,Damaged,False
2918,46393,20250124,1119,55,9,2,427.21,Warranty,True
2919,46435,20250517,808,30,7,3,169.21,Damaged,False
2920,46458,20230823,220,38,12,1,223.39,Changed mind,True
2921,46466,20240625,210,75,3,1,273.16,Changed mind,True
2922,46494,20230626,1402,77,12,2,195.88,Warranty,False
2923,46525,20251231,1923,43,12,2,212.74,Damaged,False
2924,46529,20231127,876,39,10,2,179.58,Late delivery,True
2925,46539,20230914,1549,38,1,3,669.42,Wrong size,True
2926,46629,20250517,277,48,6,1,173.74,Wrong size,True
2927,46654,20250412,2000,38,1,4,743.8,Wrong size,True
2928,46664,20240510,1811,53,2,1,172.12,Warranty,False
2929,46685,20250919,489,5,9,1,3159.93,Wrong size,True
2930,46693,20221104,1939,45,4,1,137.76,Wrong size,True
2931,46708,20230414,186,65,8,1,44.38,Late delivery,True
2932,46712,20250426,1328,56,3,1,155.11,Wrong size,True
2933,46722,20251022,1475,79,8,1,288.36,Changed mind,True
2934,46748,20240517,1194,82,10,1,534.59,Warranty,True
2935,46749,20240511,1194,84,10,5,798.96,Wrong size,True
2936,46763,20251231,1332,94,2,3,1048.91,Changed mind,True
2937,46767,20251231,1332,48,2,1,141.93,Wrong size,True
2938,46807,20221014,1987,28,4,1,36.08,Damaged,False
2939,46866,20230317,431,19,7,1,82.23,Damaged,False
2940,46870,20221224,1295,56,5,1,177.44,Wrong size,True
2941,46881,20230628,642,56,9,4,665.95,Late delivery,True
2942,46899,20230913,1786,91,11,2,944.62,Late delivery,True
2943,46909,20240209,1961,91,11,3,1425.56,Warranty,False
2944,46935,20241105,277,70,6,1,168.21,Wrong size,True
2945,46972,20231108,164,38,3,2,394.85,Wrong size,True
2946,46989,20240122,474,100,7,3,1989.79,Other,True
2947,47002,20231112,486,20,1,1,135.46,Changed mind,True
2948,47012,20250205,1204,49,12,1,81.13,Wrong size,True
2949,47042,20240326,1534,29,11,1,136.02,Changed mind,True
2950,47058,20241219,602,53,12,2,348.18,Warranty,False
2951,47059,20241228,602,40,12,1,258.4,Wrong size,True
2952,47064,20221011,1249,98,7,1,185.53,Changed mind,True
2953,47112,20240529,829,82,4,4,2257.11,Changed mind,True
2954,47113,20240511,829,38,4,3,656.94,Wrong size,True
2955,47115,20230104,1328,95,12,1,400.96,Changed mind,True
2956,47148,20230108,693,46,12,1,206.11,Wrong size,True
2957,47150,20250130,893,98,6,3,531.87,Other,True
2958,47172,20241007,387,1,10,1,1042.56,Other,True
2959,47174,20230916,944,45,9,2,289.86,Damaged,False
2960,47187,20251231,1238,108,3,3,1805.73,Other,True
2961,47194,20240918,1539,74,10,1,187.28,Changed mind,True
2962,47198,20241022,1539,4,10,1,2897.89,Wrong size,True
2963,47220,20250310,1258,103,6,1,479.35,Changed mind,True
2964,47226,20251110,1193,66,7,2,171.21,Damaged,False
2965,47262,20240522,1217,64,8,5,842.25,Wrong size,True
2966,47263,20240516,1217,91,8,1,388.44,Damaged,False
2967,47266,20240511,1569,39,10,1,107.11,Wrong size,True
2968,47267,20240422,1569,70,10,1,164.15,Changed mind,True
2969,47269,20240408,232,53,2,1,174.66,Wrong size,True
2970,47290,20240826,1678,47,4,1,83.11,Damaged,False
2971,47314,20240703,41,51,11,3,586.56,Other,True
2972,47352,20250106,1382,38,5,2,386.65,Wrong size,True
2973,47355,20251102,1410,80,4,1,132.27,Changed mind,True
2974,47370,20231218,462,49,10,1,79.41,Late delivery,True
2975,47372,20251130,458,27,3,1,74.26,Damaged,False
2976,47395,20240628,1877,40,7,1,253.51,Other,True
2977,47399,20230927,9,34,12,2,104.6,Wrong size,True
2978,47436,20240502,1718,71,5,1,315.73,Damaged,False
2979,47456,20240601,118,59,9,1,46.44,Wrong size,True
2980,47461,20250813,661,89,12,2,94.77,Warranty,False
2981,47463,20241214,517,40,9,1,264.59,Damaged,False
2982,47474,20240920,13,3,5,1,2719.44,Damaged,False
2983,47507,20250120,1190,49,1,1,68.31,Wrong size,True
2984,47545,20250504,821,36,5,4,756.86,Late delivery,True
2985,47601,20241120,1645,15,8,1,16.05,Damaged,False
2986,47607,20250817,1066,38,12,1,187.92,Other,False
2987,47615,20241207,1910,17,1,1,73.65,Other,True
2988,47620,20230107,114,45,11,1,166.49,Wrong size,False
2989,47680,20250530,853,47,7,1,100.5,Warranty,False
2990,47731,20250822,382,7,12,1,2088.23,Wrong size,True
2991,47777,20231011,1318,11,9,1,3864.05,Warranty,False
2992,47788,20251025,1572,10,4,1,1474.61,Late delivery,True
2993,47789,20231023,1625,50,3,1,159.22,Warranty,True
2994,47790,20231106,1625,51,3,2,399.21,Wrong size,True
2995,47793,20240102,573,64,7,1,173.72,Changed mind,True
2996,47800,20231125,1380,96,9,1,509.81,Late delivery,False
2997,47867,20230612,1704,40,9,1,302.17,Wrong size,True
2998,47886,20240119,1331,72,9,1,286.8,Damaged,False
2999,47920,20231116,1584,82,2,1,519.21,Changed mind,True
3000,47947,20241128,1797,72,4,1,269.28,Damaged,False
3001,47962,20231019,1683,103,10,1,499.84,Late delivery,True
3002,47964,20220607,1354,46,5,2,342.57,Wrong size,True
3003,47966,20240301,1108,35,12,1,80.53,Wrong size,True
3004,47969,20241103,1422,60,12,1,394.91,Changed mind,True
3005,47980,20241222,1514,60,12,1,445.14,Warranty,False
3006,48007,20240418,1201,53,12,1,170.94,Changed mind,True
3007,48009,20240524,1201,41,12,2,533.49,Wrong size,True
3008,48018,20230518,184,108,10,1,520.7,Changed mind,True
3009,48034,20240810,523,70,11,1,168.73,Wrong size,True
3010,48053,20250924,1810,76,12,1,198.23,Other,True
3011,48071,20240225,602,98,7,5,1005.55,Wrong size,True
3012,48089,20241223,724,106,10,1,748.87,Other,True
3013,48096,20230824,917,52,4,1,57.56,Changed mind,True
3014,48104,20240808,289,72,7,2,574.92,Changed mind,True
3015,48125,20240304,372,79,10,1,350.0,Changed mind,True
3016,48136,20241210,1952,40,8,1,294.94,Wrong size,True
3017,48147,20230405,1850,30,6,1,54.93,Wrong size,True
3018,48183,20230514,929,22,8,1,86.99,Other,True
3019,48185,20240802,924,107,12,1,574.27,Other,False
3020,48190,20230314,1206,48,10,1,149.8,Late delivery,True
3021,48211,20240401,1374,29,5,1,114.94,Late delivery,True
3022,48235,20230307,1893,26,5,1,15.39,Other,True
3023,48278,20250706,153,107,2,2,1167.31,Wrong size,True
3024,48287,20231218,343,69,11,2,645.63,Changed mind,False
3025,48313,20221003,1952,22,7,2,226.84,Wrong size,True
3026,48330,20230623,1835,39,8,1,118.19,Changed mind,True
3027,48334,20240916,341,59,3,1,53.03,Damaged,False
3028,48350,20250306,456,43,10,2,273.97,Wrong size,True
3029,48355,20250922,1707,70,9,2,328.36,Damaged,False
3030,48357,20250922,1707,51,9,1,198.28,Changed mind,True
3031,48358,20250921,1707,85,9,1,347.92,Damaged,False
3032,48364,20240614,945,17,6,1,65.88,Wrong size,True
3033,48370,20240613,949,29,11,1,119.84,Changed mind,True
3034,48398,20250924,851,76,1,2,449.47,Damaged,False
3035,48403,20250121,188,35,6,2,183.8,Changed mind,True
3036,48456,20250731,1498,48,7,6,1067.71,Changed mind,True
3037,48471,20220729,1894,98,5,2,361.51,Changed mind,True
3038,48484,20240730,556,95,8,1,400.83,Changed mind,True
3039,48489,20250125,1693,103,6,1,484.12,Changed mind,True
3040,48493,20250219,273,54,6,1,106.52,Damaged,False
3041,48513,20240930,1191,72,12,1,289.95,Warranty,True
3042,48520,20250904,263,44,1,1,240.18,Late delivery,True
3043,48523,20251229,1008,51,12,4,829.7,Other,False
3044,48524,20251231,1008,27,12,1,72.9,Damaged,False
3045,48529,20230616,282,43,1,1,105.61,Wrong size,True
3046,48537,20240612,598,47,9,3,317.38,Late delivery,True
3047,48542,20250227,402,61,1,1,352.8,Wrong size,True
3048,48563,20230819,1933,39,11,2,236.49,Changed mind,True
3049,48591,20251207,1467,77,2,1,85.21,Late delivery,False
3050,48607,20241112,1149,95,12,2,745.96,Late delivery,True
3051,48618,20250131,142,43,4,1,123.66,Changed mind,True
3052,48643,20240117,526,47,9,1,97.52,Late delivery,False
3053,48675,20231222,495,35,3,1,80.12,Wrong size,True
3054,48704,20250201,966,53,9,1,196.47,Wrong size,True
3055,48734,20240610,914,19,5,2,127.68,Wrong size,True
3056,48753,20241225,424,10,5,1,1596.27,Wrong size,True
3057,48765,20221115,1531,48,11,1,148.06,Wrong size,True
3058,48786,20240724,630,36,12,1,165.66,Other,True
3059,48790,20231229,516,36,1,1,179.25,Wrong size,True
3060,48791,20230327,9,53,4,1,153.41,Wrong size,True
3061,48795,20250527,557,63,9,1,214.03,Changed mind,True
3062,48797,20220802,1694,22,3,3,304.86,Warranty,False
3063,48800,20230509,1229,40,3,1,300.94,Wrong size,True
3064,48804,20230418,1841,49,3,1,84.78,Wrong size,True
3065,48819,20251129,44,99,8,1,601.78,Wrong size,True
3066,48853,20240121,1508,13,12,1,11.76,Changed mind,True
3067,48891,20230605,1592,82,1,2,1156.85,Changed mind,True
3068,48902,20251112,1372,54,1,1,106.64,Wrong size,True
3069,48913,20231205,1701,16,12,3,290.69,Late delivery,True
3070,48918,20240730,1926,79,5,1,349.34,Changed mind,True
3071,48922,20240216,742,54,2,1,95.54,Wrong size,True
3072,48928,20240711,1153,77,6,2,177.57,Warranty,True
3073,48942,20251118,1970,65,2,1,37.78,Changed mind,True
3074,48953,20240207,1285,67,5,1,151.36,Late delivery,True
3075,49007,20241215,366,29,3,2,266.13,Other,True
3076,49009,20250126,366,13,3,1,11.22,Damaged,False
3077,49010,20241225,366,43,3,1,121.28,Damaged,False
3078,49022,20240419,1790,92,7,1,485.61,Damaged,False
3079,49024,20240513,1790,42,7,1,134.65,Warranty,False
3080,49028,20240926,816,30,7,2,105.74,Wrong size,True
3081,49029,20240901,816,56,7,2,310.97,Warranty,False
3082,49052,20250216,560,20,8,1,101.91,Changed mind,True
3083,49055,20230315,975,53,8,1,180.13,Changed mind,True
3084,49069,20230126,832,47,5,1,111.67,Late delivery,True
3085,49074,20240825,1892,20,2,1,128.77,Wrong size,True
3086,49078,20220428,1072,79,4,8,2371.69,Wrong size,True
3087,49116,20230130,592,15,8,1,17.33,Wrong size,True
3088,49118,20230309,592,56,8,1,124.18,Wrong size,True
3089,49120,20241005,213,98,7,1,185.07,Changed mind,False
3090,49127,20240117,416,22,7,1,91.92,Changed mind,True
3091,49131,20250201,942,40,5,3,782.43,Wrong size,True
3092,49161,20240401,1228,64,6,2,363.1,Changed mind,True
3093,49176,20240514,277,35,5,1,63.14,Wrong size,True
3094,49177,20240531,277,73,5,1,226.1,Late delivery,True
3095,49188,20250326,1753,61,9,6,1682.79,Warranty,True
3096,49194,20240220,349,45,3,5,846.84,Late delivery,True
3097,49220,20230918,376,100,9,2,1573.53,Late delivery,True
3098,49223,20250912,94,3,12,1,2651.16,Damaged,False
3099,49227,20240815,639,98,11,2,348.74,Wrong size,True
3100,49238,20231105,411,93,2,1,190.05,Damaged,False
3101,49251,20230729,311,56,5,2,343.89,Damaged,False
3102,49278,20251231,1163,57,11,2,557.57,Other,True
3103,49293,20240531,1920,19,8,1,75.83,Damaged,False
3104,49308,20250815,888,69,7,4,1424.03,Changed mind,True
3105,49313,20250721,1451,66,6,2,182.36,Changed mind,True
3106,49338,20240920,1338,43,1,1,132.95,Wrong size,True
3107,49345,20250715,1806,70,12,1,179.01,Damaged,False
3108,49349,20221119,1530,52,1,2,111.76,Changed mind,True
3109,49352,20240115,914,60,8,1,500.62,Other,True
3110,49359,20251218,1007,63,4,3,613.45,Warranty,False
3111,49387,20251129,596,63,11,1,171.38,Changed mind,True
3112,49402,20230629,1105,59,7,1,57.19,Changed mind,False
3113,49410,20230911,1773,94,9,1,349.62,Damaged,False
3114,49417,20240207,670,77,4,1,87.63,Late delivery,True
3115,49419,20240216,670,38,4,1,213.7,Late delivery,True
3116,49429,20240716,474,54,9,1,93.77,Wrong size,True
3117,49436,20250308,1358,72,8,1,263.92,Wrong size,True
3118,49459,20230519,268,96,2,1,515.81,Warranty,True
3119,49518,20240728,602,49,7,4,318.68,Late delivery,True
3120,49521,20251231,592,88,2,2,285.2,Late delivery,True
3121,49570,20251126,1775,66,5,1,88.69,Late delivery,True
3122,49593,20240927,897,51,6,1,218.6,Changed mind,True
3123,49594,20241017,897,40,6,1,264.45,Changed mind,False
3124,49602,20240126,621,60,12,3,1279.02,Other,True
3125,49603,20231216,621,43,12,1,119.53,Damaged,False
3126,49605,20231202,760,108,6,1,597.51,Warranty,True
3127,49633,20240330,1479,32,1,1,21.52,Warranty,True
3128,49641,20251128,1303,54,10,1,90.68,Warranty,False
3129,49643,20240612,1336,66,5,1,84.38,Wrong size,True
3130,49656,20221118,1371,48,12,2,353.99,Changed mind,True
3131,49687,20230307,661,20,12,1,122.39,Wrong size,True
3132,49700,20221119,1250,16,6,1,81.98,Changed mind,True
3133,49730,20250809,1787,26,11,2,24.37,Late delivery,True
3134,49736,20241210,550,41,8,1,257.52,Changed mind,True
3135,49743,20221024,966,15,5,5,87.94,Wrong size,True
3136,49778,20250716,517,51,4,1,238.34,Damaged,False
3137,49831,20250831,1072,73,7,1,289.73,Late delivery,True
3138,49843,20250104,1324,105,4,1,453.61,Warranty,True
3139,49853,20230101,586,65,4,1,43.38,Wrong size,True
3140,49857,20230130,205,16,5,3,327.9,Other,True
3141,49859,20230214,205,21,5,2,148.12,Changed mind,True
3142,49860,20230209,205,46,5,1,207.89,Damaged,False
3143,49914,20250808,49,78,12,1,166.96,Wrong size,True
3144,49933,20240110,1082,29,6,1,141.82,Other,True
3145,49967,20241220,1211,40,12,1,282.53,Other,True
3146,49992,20240610,96,79,5,1,348.03,Wrong size,True
3147,50032,20240211,733,51,10,1,240.71,Wrong size,True
3148,50103,20240722,896,57,4,1,277.09,Warranty,False
3149,50105,20240730,896,36,4,2,320.12,Damaged,False
3150,50123,20250509,1525,23,8,2,112.56,Warranty,True
3151,50127,20250718,927,30,11,1,54.92,Changed mind,True
3152,50137,20230106,1151,100,9,1,806.53,Late delivery,True
3153,50139,20241124,1776,75,7,1,306.97,Late delivery,False
3154,50144,20251026,1421,45,1,1,125.67,Wrong size,True
3155,50165,20240514,893,96,2,1,596.86,Warranty,False
3156,50190,20240730,554,36,12,1,190.7,Damaged,False
3157,50193,20240918,377,24,6,1,35.5,Other,True
3158,50199,20240922,1834,80,4,1,142.77,Wrong size,True
3159,50205,20240126,1632,29,12,1,112.82,Changed mind,True
3160,50249,20240514,1266,45,10,1,146.89,Warranty,True
3161,50253,20240717,1517,80,7,5,667.13,Warranty,False
3162,50259,20220708,1721,43,2,1,123.43,Changed mind,True
3163,50294,20250819,807,43,12,1,137.97,Changed mind,True
3164,50344,20250327,1014,24,6,1,35.99,Changed mind,True
3165,50367,20240802,291,29,10,1,127.97,Late delivery,True
3166,50380,20221107,1587,43,12,1,140.43,Other,True
3167,50396,20240325,1473,56,9,1,165.14,Wrong size,True
3168,50410,20240814,316,57,5,1,296.42,Other,True
3169,50420,20240918,603,87,11,1,129.85,Changed mind,False
3170,50433,20240609,1358,74,3,2,361.43,Warranty,False
3171,50462,20250707,1008,87,12,1,139.47,Late delivery,True
3172,50473,20251231,1940,78,2,1,178.27,Wrong size,True
3173,50481,20221029,1059,43,11,1,137.44,Wrong size,True
3174,50486,20240404,1731,107,7,1,595.17,Other,True
3175,50539,20230403,1220,6,3,1,1238.74,Changed mind,True
3176,50549,20250407,751,47,4,3,303.8,Warranty,False
3177,50559,20251231,1598,41,6,1,224.99,Other,True
3178,50566,20240406,750,39,1,2,213.02,Wrong size,True
3179,50582,20220506,650,43,1,1,126.4,Changed mind,True
3180,50585,20240914,510,67,12,4,618.65,Warranty,False
3181,50590,20240104,116,64,12,1,190.98,Wrong size,True
3182,50602,20230122,143,77,1,1,90.19,Wrong size,True
3183,50607,20250918,1324,106,3,1,713.74,Late delivery,False
3184,50649,20240430,308,44,10,1,262.07,Warranty,False
3185,50673,20240413,206,27,6,1,67.59,Wrong size,True
3186,50713,20250205,1571,72,7,1,261.43,Warranty,False
3187,50726,20230223,436,40,6,3,896.98,Wrong size,True
3188,50732,20250719,867,69,7,2,644.46,Warranty,True
3189,50757,20221116,1037,6,10,1,1358.96,Late delivery,True
3190,50772,20250918,1138,66,7,1,91.28,Other,True
3191,50793,20231002,493,50,5,10,1607.27,Damaged,False
3192,50851,20230326,1988,107,7,1,464.8,Warranty,False
3193,50852,20230628,1006,54,8,1,90.87,Damaged,False
3194,50887,20240923,1380,21,9,1,81.31,Warranty,False
3195,50892,20250215,1706,59,8,1,50.24,Wrong size,True
3196,50901,20240727,1919,50,7,1,189.68,Wrong size,True
3197,50905,20240131,1458,63,10,2,392.8,Changed mind,True
3198,50917,20241115,882,5,12,1,2990.2,Changed mind,True
3199,50945,20241227,578,42,2,1,113.75,Late delivery,True
3200,50952,20240205,969,15,1,2,33.56,Changed mind,True
3201,50965,20230425,66,20,2,1,131.38,Other,True
3202,50970,20240201,1295,94,10,3,1315.15,Wrong size,True
3203,51001,20240329,765,49,1,1,82.38,Wrong size,False
3204,51027,20251201,1494,68,9,2,272.42,Other,True
3205,51038,20240204,199,74,12,1,189.9,Changed mind,False
3206,51041,20240601,659,51,1,1,193.4,Late delivery,True
3207,51042,20240523,659,42,1,1,108.65,Changed mind,True
3208,51048,20250215,947,40,5,1,267.31,Wrong size,True
3209,51061,20230430,71,53,4,1,159.45,Changed mind,True
3210,51099,20250626,1312,102,12,4,612.6,Other,True
3211,51127,20240313,1969,41,2,1,243.21,Wrong size,False
3212,51129,20240404,1969,33,2,1,67.32,Damaged,False
3213,51149,20241122,643,91,11,1,457.67,Late delivery,True
3214,51198,20250227,25,74,6,1,202.42,Wrong size,True
3215,51226,20240928,891,37,3,1,81.06,Damaged,False
3216,51237,20241105,941,33,4,3,241.87,Other,True
3217,51243,20250419,275,9,8,1,1016.97,Late delivery,True
3218,51245,20250409,275,73,8,2,480.09,Changed mind,True
3219,51255,20230918,157,47,4,5,465.11,Changed mind,True
3220,51264,20250104,62,46,9,1,199.23,Wrong size,True
3221,51265,20221205,1229,89,7,3,156.96,Changed mind,True
3222,51277,20251231,339,2,9,1,1908.46,Damaged,False
3223,51279,20230702,1580,55,4,1,297.18,Wrong size,True
3224,51281,20240220,347,101,10,1,481.3,Warranty,False
3225,51304,20240827,960,76,4,1,207.68,Late delivery,False
3226,51305,20251022,1737,78,2,1,179.09,Changed mind,True
3227,51311,20240221,374,1,3,1,994.11,Warranty,True
3228,51331,20251103,1688,24,4,1,35.58,Wrong size,True
3229,51340,20230220,125,49,7,1,61.41,Wrong size,True
3230,51344,20231016,977,50,6,1,189.32,Late delivery,True
3231,51346,20231109,977,76,6,1,242.74,Wrong size,True
3232,51350,20251216,324,66,5,1,98.95,Changed mind,True
3233,51363,20230721,1763,77,10,1,95.6,Changed mind,True
3234,51371,20240723,383,53,3,2,341.39,Changed mind,True
3235,51388,20251230,1033,7,10,1,1587.98,Warranty,False
3236,51391,20251231,1033,38,10,1,225.05,Wrong size,True
3237,51413,20230829,1868,34,6,2,120.59,Warranty,False
3238,51422,20240907,1657,35,3,1,73.09,Damaged,False
3239,51428,20241120,214,14,8,2,191.58,Warranty,True
3240,51442,20251031,43,106,9,1,635.31,Changed mind,True
3241,51447,20230929,660,8,6,1,1974.69,Warranty,False
3242,51451,20230116,489,82,11,1,552.15,Warranty,True
3243,51474,20240814,1376,43,3,1,111.13,Other,False
3244,51508,20220929,11,40,12,1,284.14,Late delivery,True
3245,51510,20250128,1448,108,1,1,554.37,Changed mind,True
3246,51522,20241228,1665,41,4,1,279.3,Wrong size,False
3247,51527,20251221,1614,74,7,3,606.48,Changed mind,True
3248,51564,20240526,1353,5,1,1,3188.44,Warranty,False
3249,51623,20251215,349,68,12,1,114.52,Damaged,False
3250,51627,20240724,1633,46,4,1,218.52,Warranty,False
3251,51638,20240816,284,47,12,1,85.32,Damaged,False
3252,51645,20251231,1323,32,4,2,50.6,Changed mind,True
3253,51657,20251010,853,63,10,2,483.05,Late delivery,True
3254,51672,20221125,1736,40,4,2,483.24,Other,True
3255,51690,20251118,1554,7,4,1,1834.53,Late delivery,True
3256,51691,20251206,1554,4,4,1,2968.13,Wrong size,True
3257,51711,20240716,52,75,2,3,769.85,Damaged,False
3258,51745,20240727,1785,50,2,2,379.35,Late delivery,True
3259,51754,20230926,92,39,12,1,119.48,Warranty,False
3260,51768,20240304,1742,96,12,1,547.87,Late delivery,True
3261,51769,20240221,1742,107,12,1,512.6,Late delivery,True
3262,51787,20250703,1468,15,11,1,19.8,Wrong size,True
3263,51788,20230128,1606,21,2,2,140.41,Damaged,False
3264,51789,20230118,1606,71,2,1,298.72,Warranty,True
3265,51797,20231013,237,51,8,1,194.17,Wrong size,True
3266,51799,20241229,836,90,12,1,509.58,Damaged,False
3267,51810,20230227,1931,45,3,1,142.86,Wrong size,True
3268,51875,20250604,1582,35,6,1,77.28,Changed mind,True
3269,51885,20240515,1231,22,9,1,80.89,Damaged,False
3270,51909,20231012,1021,103,5,1,504.68,Other,True
3271,51935,20240614,1674,78,10,2,327.03,Changed mind,True
3272,51947,20250904,288,16,7,1,97.87,Late delivery,True
3273,51976,20240409,316,65,12,2,66.12,Changed mind,True
3274,51982,20221008,449,28,1,1,35.3,Changed mind,True
3275,51998,20240127,1890,54,7,1,96.06,Changed mind,True
3276,52015,20240815,1627,52,3,1,53.49,Wrong size,True
3277,52019,20231116,1423,16,3,1,88.22,Changed mind,True
3278,52042,20240413,852,86,5,2,576.0,Damaged,False
3279,52061,20241127,1606,44,7,1,238.25,Wrong size,True
3280,52076,20241103,749,19,10,2,135.92,Damaged,False
3281,52098,20240723,1806,19,7,1,61.53,Damaged,False
3282,52120,20241027,1607,107,1,1,491.3,Late delivery,True
3283,52146,20251231,396,106,2,2,1644.24,Wrong size,False
3284,52157,20241115,800,13,2,1,9.92,Other,True
3285,52162,20241222,1175,35,11,1,77.28,Damaged,False
3286,52166,20241207,1175,12,11,1,3326.03,Warranty,True
3287,52168,20220617,1600,19,12,2,130.64,Other,True
3288,52202,20240811,328,54,7,1,88.19,Late delivery,True
3289,52214,20241023,1291,54,12,1,104.55,Changed mind,True
3290,52237,20240831,1875,1,6,1,1133.82,Warranty,False
3291,52241,20240210,230,43,1,1,124.15,Warranty,False
3292,52242,20240222,230,66,1,1,92.85,Wrong size,True
3293,52327,20241006,1165,18,3,1,76.78,Damaged,False
3294,52337,20240722,717,53,7,1,166.04,Wrong size,True
3295,52345,20240709,250,82,12,4,2506.77,Damaged,False
3296,52347,20250612,1939,33,7,1,74.31,Changed mind,False
3297,52357,20240818,1258,104,3,5,2415.99,Damaged,False
3298,52370,20250115,712,41,6,1,210.06,Changed mind,True
3299,52391,20250811,1657,77,10,1,90.85,Late delivery,True
3300,52396,20240811,589,54,6,2,192.16,Changed mind,True
3301,52426,20231214,485,50,7,4,717.69,Wrong size,False
3302,52444,20230613,1798,24,11,1,29.6,Warranty,False
3303,52461,20250902,159,37,12,1,97.57,Changed mind,True
3304,52497,20240510,973,46,9,1,196.63,Changed mind,True
3305,52501,20250303,974,30,2,2,104.38,Damaged,False
3306,52512,20230311,998,18,5,1,97.82,Late delivery,True
3307,52546,20230324,563,84,5,2,409.98,Other,False
3308,52547,20250725,1611,49,11,1,71.93,Damaged,False
3309,52559,20250712,1941,50,10,3,491.74,Damaged,False
3310,52564,20250528,996,27,7,1,71.04,Wrong size,True
3311,52599,20230728,440,45,5,2,275.78,Wrong size,False
3312,52640,20241012,1510,95,7,1,346.19,Warranty,True
3313,52656,20250107,455,71,3,1,276.79,Late delivery,True
3314,52673,20250517,511,80,7,1,174.61,Damaged,False
3315,52710,20250618,895,50,2,5,948.97,Late delivery,True
3316,52717,20250330,155,80,6,1,132.15,Wrong size,True
3317,52723,20230725,1590,16,12,1,89.57,Late delivery,True
3318,52741,20240529,1420,43,6,1,141.68,Wrong size,True
3319,52742,20241024,630,37,11,1,84.89,Late delivery,True
3320,52755,20230515,1259,45,10,1,152.98,Wrong size,True
3321,52776,20240427,924,57,1,1,267.61,Changed mind,True
3322,52790,20250516,844,70,5,2,347.16,Late delivery,False
3323,52813,20250114,705,76,11,3,661.62,Changed mind,True
3324,52822,20250420,1152,51,7,1,233.17,Wrong size,False
3325,52837,20240111,479,74,11,1,217.79,Changed mind,True
3326,52843,20240627,410,81,9,4,1079.11,Damaged,False
3327,52844,20240524,410,27,9,1,52.13,Wrong size,True
3328,52846,20240627,410,33,9,2,138.28,Changed mind,False
3329,52849,20240208,1702,16,11,1,91.32,Changed mind,True
3330,52889,20241012,144,44,6,1,243.3,Damaged,False
3331,52891,20241019,345,55,2,1,321.11,Wrong size,True
3332,52894,20250409,1646,43,3,1,135.98,Warranty,False
3333,52912,20230805,1895,47,1,3,264.64,Damaged,False
3334,52916,20250704,498,37,2,1,94.4,Warranty,False
3335,52971,20231008,1046,52,5,1,62.38,Late delivery,True
3336,52988,20241210,1925,55,8,1,287.16,Changed mind,True
3337,53017,20251231,93,34,2,2,115.24,Changed mind,True
3338,53059,20250518,167,43,7,1,124.03,Wrong size,True
3339,53076,20240508,1341,56,2,1,176.91,Wrong size,True
3340,53094,20230718,455,10,5,1,1530.42,Damaged,False
3341,53121,20250319,265,78,10,1,160.76,Changed mind,True
3342,53123,20240417,143,46,1,3,584.05,Warranty,False
3343,53136,20221211,1901,16,6,1,95.93,Other,True
3344,53147,20250304,1258,101,10,1,436.0,Changed mind,True
3345,53149,20250215,1258,91,10,1,468.23,Warranty,True
3346,53151,20240224,477,64,11,1,180.24,Changed mind,True
3347,53169,20220820,53,82,11,1,544.06,Late delivery,True
3348,53182,20251205,1771,22,11,3,259.25,Wrong size,False
3349,53186,20251231,945,95,11,2,814.64,Wrong size,True
3350,53206,20240523,910,74,11,1,181.21,Damaged,False
3351,53207,20240531,910,105,11,3,1441.49,Changed mind,True
3352,53229,20230227,271,95,1,1,379.87,Changed mind,False
3353,53232,20241014,1669,77,5,1,78.42,Warranty,True
3354,53257,20241222,1085,50,4,1,194.2,Damaged,False
3355,53274,20250416,1827,101,6,1,520.85,Warranty,True
3356,53303,20231026,1624,74,4,1,176.05,Warranty,False
3357,53315,20230528,246,107,10,1,550.21,Wrong size,True
3358,53336,20241218,714,21,5,1,88.53,Damaged,False
3359,53338,20231121,1684,57,9,1,234.66,Warranty,True
3360,53369,20231011,261,98,9,1,179.91,Changed mind,True
3361,53384,20250905,975,20,7,1,136.76,Warranty,False
3362,53399,20230503,1385,95,12,1,404.88,Warranty,True
3363,53408,20251231,1537,52,5,1,62.05,Warranty,False
3364,53424,20240726,1384,94,5,2,631.4,Changed mind,False
3365,53462,20241017,1301,47,5,5,392.49,Other,True
3366,53487,20251222,24,48,5,1,173.02,Late delivery,True
3367,53508,20250111,330,44,3,1,230.37,Other,True
3368,53574,20240816,1875,75,6,1,272.44,Changed mind,True
3369,53577,20230830,712,43,3,1,122.7,Changed mind,True
3370,53616,20240402,89,83,4,4,2121.99,Changed mind,True
3371,53621,20250203,1798,67,7,3,449.46,Wrong size,True
3372,53641,20231028,1188,53,6,1,175.27,Wrong size,True
3373,53648,20240531,1866,52,11,1,59.67,Changed mind,True
3374,53701,20250927,414,40,11,3,708.37,Wrong size,True
3375,53705,20240302,1843,76,11,1,205.78,Wrong size,True
3376,53724,20241201,1692,68,4,3,425.07,Changed mind,True
3377,53727,20240122,1685,16,5,2,187.42,Other,True
3378,53730,20230516,431,95,3,7,2375.43,Damaged,False
3379,53761,20240415,91,8,1,1,1858.59,Damaged,False
3380,53771,20240322,1595,53,4,1,185.89,Wrong size,True
3381,53796,20230630,193,106,3,1,646.58,Damaged,False
3382,53807,20240618,1283,17,1,1,75.25,Late delivery,True
3383,53808,20240619,1283,50,1,1,182.09,Wrong size,True
3384,53813,20250305,1059,82,7,1,518.23,Changed mind,True
3385,53818,20250117,77,40,10,1,241.32,Wrong size,True
3386,53860,20240818,1849,55,9,1,272.7,Warranty,False
3387,53878,20240323,161,87,11,1,127.0,Late delivery,True
3388,53884,20241030,91,14,4,1,90.09,Wrong size,True
3389,53924,20240524,1479,83,6,1,393.17,Changed mind,True
3390,53925,20240523,1479,60,6,3,1476.12,Other,True
3391,53959,20231014,179,46,5,1,220.83,Changed mind,True
3392,53975,20250602,759,69,3,1,325.24,Changed mind,True
3393,54005,20240129,393,39,12,1,101.87,Late delivery,False
3394,54018,20250620,1768,51,7,2,409.01,Wrong size,True
3395,54027,20250811,1276,93,11,1,182.55,Wrong size,False
3396,54034,20230716,592,52,7,1,49.19,Changed mind,True
3397,54048,20241222,1299,20,4,1,134.53,Changed mind,True
3398,54072,20240903,1110,45,7,1,127.94,Wrong size,True
3399,54076,20250913,248,70,12,3,518.26,Changed mind,False
3400,54099,20220804,367,24,8,1,30.54,Warranty,False
3401,54108,20230606,1414,30,1,1,46.25,Changed mind,True
3402,54121,20240730,1379,64,8,1,185.57,Late delivery,True
3403,54133,20250326,1306,40,9,2,509.8,Warranty,True
3404,54140,20250730,1663,17,8,1,75.52,Changed mind,True
3405,54166,20240629,593,97,11,4,2499.82,Warranty,False
3406,54191,20231223,432,67,8,1,138.54,Late delivery,True
3407,54213,20241011,1698,39,9,1,109.71,Wrong size,False
3408,54219,20250706,999,62,9,1,154.65,Late delivery,True
3409,54235,20240516,874,23,12,1,61.22,Warranty,False
3410,54274,20240605,1808,64,6,1,174.04,Wrong size,True
3411,54303,20250712,1416,52,10,1,57.45,Other,True
3412,54324,20240129,980,53,6,1,182.32,Wrong size,True
3413,54331,20241216,1745,38,10,3,637.79,Wrong size,True
3414,54342,20240830,913,80,3,2,280.12,Changed mind,True
3415,54363,20250518,589,21,3,4,316.32,Changed mind,True
3416,54365,20250809,1844,50,5,2,298.27,Wrong size,True
3417,54368,20230727,1433,85,4,3,1043.62,Damaged,False
3418,54422,20251017,1834,23,9,1,58.1,Damaged,False
3419,54424,20250903,1834,57,9,1,288.91,Other,True
3420,54486,20240617,1559,35,6,1,92.12,Changed mind,True
3421,54491,20240709,1187,55,8,2,598.84,Late delivery,True
3422,54548,20231220,1288,55,6,1,282.8,Late delivery,True
3423,54556,20240501,1414,12,7,1,3265.22,Wrong size,True
3424,54570,20250916,385,86,2,1,231.57,Late delivery,False
3425,54576,20250220,271,47,3,2,204.39,Other,True
3426,54646,20241105,1245,41,7,1,246.38,Damaged,False
3427,54651,20251213,1460,49,1,3,200.63,Wrong size,True
3428,54652,20251219,1460,55,1,1,221.28,Other,True
3429,54659,20250617,1057,77,1,2,172.58,Wrong size,True
3430,54673,20230813,1364,48,6,2,321.2,Changed mind,True
3431,54705,20250905,1280,24,9,1,36.06,Changed mind,False
3432,54721,20240829,1280,3,5,1,2857.56,Changed mind,True
3433,54731,20240823,1687,60,4,1,351.97,Late delivery,True
3434,54735,20251231,1683,107,5,1,628.51,Warranty,False
3435,54749,20250405,1688,66,8,1,87.4,Damaged,False
3436,54772,20230710,15,21,6,1,74.36,Damaged,False
3437,54775,20251201,1798,87,2,1,138.21,Late delivery,True
3438,54791,20250304,844,96,5,1,547.57,Changed mind,True
3439,54834,20240730,1240,86,10,1,258.96,Changed mind,False
3440,54855,20240904,87,35,12,1,91.45,Wrong size,True
3441,54910,20250512,1589,50,2,2,397.83,Wrong size,True
3442,54924,20250605,506,98,4,1,192.74,Changed mind,True
3443,54928,20240411,135,102,11,2,268.9,Late delivery,True
3444,54941,20240530,161,68,8,1,140.22,Changed mind,True
3445,54946,20250810,752,100,2,1,825.64,Wrong size,True
3446,54970,20240524,573,34,9,1,53.59,Late delivery,True
3447,54990,20220506,952,28,3,1,37.26,Changed mind,True
3448,54998,20230905,1338,37,5,1,86.49,Wrong size,False
3449,55013,20241105,644,101,9,3,1510.01,Wrong size,True
3450,55016,20240405,1542,35,3,3,233.91,Damaged,False
3451,55044,20240507,1229,48,8,1,162.93,Late delivery,False
3452,55056,20241223,1787,72,8,1,219.82,Damaged,False
3453,55064,20240120,1091,63,5,1,246.15,Wrong size,False
3454,55072,20240516,213,106,1,1,712.02,Wrong size,True
3455,55075,20250626,1833,37,1,1,98.01,Other,True
3456,55096,20220410,927,83,8,1,422.34,Other,True
3457,55108,20240410,1919,99,3,1,476.57,Late delivery,True
3458,55125,20230529,471,90,2,1,590.06,Other,True
3459,55145,20240816,1407,69,12,2,698.06,Changed mind,True
3460,55174,20230630,930,19,2,1,70.61,Changed mind,True
3461,55182,20231211,660,3,11,1,2915.34,Warranty,False
3462,55209,20250108,957,30,10,1,53.31,Changed mind,True
3463,55210,20241117,1650,31,11,1,84.34,Changed mind,True
3464,55236,20240520,226,102,9,1,127.4,Changed mind,True
3465,55242,20241215,1743,42,11,1,118.01,Wrong size,False
3466,55290,20230707,864,46,10,1,218.36,Wrong size,True
3467,55297,20230706,1149,20,1,2,239.97,Wrong size,True
3468,55323,20220930,1917,103,9,2,915.65,Changed mind,False
3469,55376,20240108,1330,37,2,3,292.13,Wrong size,True
3470,55434,20231031,1730,40,3,1,274.55,Warranty,False
3471,55438,20251121,201,46,11,1,201.29,Wrong size,True
3472,55440,20251112,201,57,11,1,284.86,Changed mind,True
3473,55445,20230918,1735,102,6,2,238.72,Wrong size,True
3474,55473,20250922,1329,63,11,4,767.48,Changed mind,True
3475,55475,20240331,1574,6,12,1,1346.29,Warranty,True
3476,55494,20251021,384,66,7,1,99.56,Damaged,False
3477,55497,20240829,1220,12,9,1,3198.54,Warranty,False
3478,55519,20230809,527,55,7,1,264.11,Damaged,False
3479,55527,20221201,818,53,5,1,190.69,Changed mind,True
3480,55537,20230718,261,83,4,2,965.26,Wrong size,False
3481,55575,20251220,1367,43,12,1,126.77,Wrong size,True
3482,55587,20241221,1656,96,2,1,576.73,Wrong size,True
3483,55642,20231216,1692,26,12,1,12.37,Wrong size,False
3484,55671,20221220,209,55,2,1,316.34,Damaged,False
3485,55713,20251231,570,45,11,1,146.0,Damaged,False
3486,55723,20240331,578,16,6,1,96.46,Late delivery,True
3487,55772,20251230,1174,63,7,2,430.21,Damaged,False
3488,55782,20240516,652,103,12,1,542.67,Wrong size,True
3489,55814,20230606,59,19,8,1,70.82,Other,True
3490,55844,20250903,1986,106,8,1,684.26,Other,True
3491,55865,20230602,745,36,6,2,327.01,Changed mind,True
3492,55866,20230531,745,67,6,2,286.95,Changed mind,True
3493,55877,20240416,1260,49,3,1,64.3,Other,True
3494,55902,20251002,1205,36,10,1,175.65,Wrong size,True
3495,55916,20240426,900,65,5,2,95.87,Late delivery,True
3496,55932,20230109,1970,64,10,3,485.58,Wrong size,True
3497,55952,20240819,1175,34,1,2,121.36,Wrong size,True
3498,55985,20220918,1999,45,9,1,159.18,Wrong size,True
3499,56000,20251231,1534,47,10,1,104.98,Warranty,True
3500,56006,20240428,445,17,8,1,69.59,Other,True
3501,56026,20231126,476,27,3,2,123.53,Changed mind,True
3502,56033,20241014,930,72,12,1,201.81,Changed mind,True
3503,56054,20250530,1380,10,3,1,1721.27,Wrong size,True
3504,56069,20240528,1239,29,4,1,117.17,Damaged,False
3505,56071,20230111,1579,55,8,1,320.02,Damaged,False
3506,56080,20221219,887,18,1,1,72.19,Late delivery,True
3507,56098,20240530,853,70,10,1,146.53,Changed mind,False
3508,56105,20230913,1385,94,10,1,363.42,Changed mind,True
3509,56114,20250518,1326,69,5,3,838.99,Changed mind,True
3510,56151,20240927,130,102,6,3,372.18,Wrong size,False
3511,56159,20240706,932,72,11,1,258.72,Damaged,False
3512,56237,20241115,1999,30,2,2,104.87,Wrong size,False
3513,56260,20240817,962,13,12,1,12.86,Changed mind,False
3514,56264,20240421,109,94,8,1,384.16,Other,False
3515,56276,20251128,683,32,8,1,25.37,Wrong size,True
3516,56288,20221001,1395,108,2,8,5411.31,Changed mind,True
3517,56295,20251128,82,12,1,1,3464.9,Warranty,True
3518,56306,20230717,1905,49,4,4,272.47,Other,True
3519,56319,20231220,1356,106,11,1,726.86,Warranty,False
3520,56325,20251125,472,71,12,1,306.46,Damaged,False
3521,56359,20240328,729,98,1,1,184.35,Late delivery,True
3522,56382,20231222,1155,90,2,3,1763.81,Wrong size,True
3523,56395,20230531,1117,56,11,1,161.47,Changed mind,True
3524,56490,20250224,1545,21,10,2,159.47,Other,False
3525,56494,20230606,1675,67,2,1,149.96,Other,True
3526,56512,20250617,819,67,10,4,625.49,Wrong size,True
3527,56514,20250406,264,102,7,1,156.74,Warranty,False
3528,56521,20250508,1305,2,4,1,1935.36,Warranty,False
3529,56530,20251231,825,30,9,2,101.36,Late delivery,True
3530,56537,20250331,1729,43,2,1,154.98,Warranty,False
3531,56554,20230626,1825,59,9,1,52.22,Changed mind,True
3532,56564,20250301,1927,108,7,2,1006.1,Damaged,False
3533,56565,20250319,1927,19,7,1,71.21,Changed mind,True
3534,56578,20250126,1039,68,8,1,146.17,Changed mind,True
3535,56581,20241111,495,10,2,1,1958.68,Warranty,True
3536,56595,20230708,1831,43,12,1,129.7,Late delivery,True
3537,56598,20230913,1567,45,8,1,103.1,Wrong size,True
3538,56609,20230903,415,103,12,1,550.15,Late delivery,True
3539,56614,20240225,1691,32,6,1,24.55,Damaged,False
3540,56638,20250510,615,98,11,2,403.51,Warranty,True
3541,56646,20250521,395,56,1,1,158.86,Late delivery,True
3542,56674,20250101,835,88,10,2,202.04,Wrong size,True
3543,56686,20240707,112,22,4,1,71.69,Warranty,True
3544,56720,20241022,1319,37,9,1,96.8,Wrong size,True
3545,56731,20250806,1336,38,7,1,218.92,Damaged,False
3546,56740,20231112,756,90,4,1,564.36,Warranty,True
3547,56749,20231109,1041,53,5,1,152.17,Warranty,False
3548,56750,20231117,1041,83,5,1,496.74,Wrong size,True
3549,56751,20241130,1756,76,12,1,224.82,Late delivery,True
3550,56752,20241216,1756,34,12,1,63.18,Changed mind,True
3551,56756,20241120,1327,46,7,1,204.46,Damaged,False
3552,56760,20250902,1545,47,7,1,93.95,Wrong size,True
3553,56806,20240203,81,107,6,2,1076.15,Warranty,False
3554,56822,20240419,508,30,10,1,47.65,Changed mind,True
3555,56826,20230318,235,79,4,1,323.97,Wrong size,False
3556,56876,20241102,425,34,8,5,313.61,Late delivery,True
3557,56895,20231001,1289,95,7,1,316.64,Warranty,False
3558,56902,20250302,1503,62,1,2,295.81,Late delivery,True
3559,56917,20241015,523,20,12,1,123.95,Wrong size,False
3560,56922,20220519,250,46,9,5,1192.32,Late delivery,True
3561,56946,20230528,1136,47,6,1,91.28,Other,False
3562,56963,20251014,925,62,9,2,271.07,Damaged,False
3563,56966,20250730,1715,55,8,1,271.41,Changed mind,True
3564,56973,20241126,1747,40,6,1,276.88,Wrong size,True
3565,56997,20240419,1705,45,3,2,254.84,Other,True
3566,57019,20241003,940,43,3,1,142.62,Late delivery,False
3567,57027,20251029,975,48,2,1,171.88,Changed mind,True
3568,57037,20250916,1406,66,4,1,88.04,Warranty,True
3569,57060,20240731,28,88,8,1,146.68,Changed mind,True
3570,57070,20251009,211,49,7,1,70.14,Late delivery,True
3571,57075,20231211,517,103,3,2,1012.05,Wrong size,True
3572,57107,20250703,121,41,4,3,797.76,Late delivery,True
3573,57113,20250528,1080,91,8,1,409.9,Late delivery,True
3574,57136,20240404,1294,2,5,1,1751.34,Damaged,False
3575,57158,20251227,417,39,2,1,88.99,Changed mind,False
3576,57168,20250516,878,48,10,1,176.23,Wrong size,True
3577,57172,20241227,1843,40,2,1,249.96,Late delivery,True
3578,57174,20241201,1843,104,2,1,499.92,Changed mind,True
3579,57191,20220809,1344,24,11,2,73.35,Damaged,False
3580,57196,20251031,1452,71,5,5,1467.37,Late delivery,True
3581,57208,20250101,1979,36,6,1,142.36,Damaged,False
3582,57261,20241124,326,50,2,1,162.12,Changed mind,False
3583,57264,20250824,73,78,7,2,344.3,Changed mind,True
3584,57270,20250117,1680,47,8,1,94.31,Warranty,True
3585,57296,20251218,1349,23,12,1,49.34,Late delivery,True
3586,57304,20250924,1768,107,8,3,1519.44,Warranty,True
3587,57315,20250515,1118,68,4,1,112.76,Changed mind,False
3588,57320,20250729,1215,1,3,1,1061.12,Warranty,True
3589,57327,20250218,321,1,5,1,883.64,Damaged,False
3590,57339,20240605,1854,98,12,1,155.21,Changed mind,True
3591,57351,20250701,1956,74,1,1,191.94,Damaged,False
3592,57368,20241107,252,36,7,1,164.82,Late delivery,True
3593,57369,20241118,252,62,7,2,283.41,Damaged,False
3594,57377,20240719,853,104,10,5,2355.05,Late delivery,True
3595,57385,20240619,22,66,11,2,184.55,Damaged,False
3596,57389,20250117,396,43,8,3,395.78,Wrong size,True
3597,57397,20251118,856,61,11,1,265.95,Late delivery,True
3598,57398,20251028,856,107,11,2,939.84,Warranty,True
3599,57421,20240208,329,6,10,1,1281.01,Changed mind,False
3600,57478,20251231,1746,22,9,1,86.99,Changed mind,False
3601,57491,20231224,1026,52,5,1,56.49,Late delivery,True
3602,57500,20250414,1794,35,12,1,83.19,Wrong size,True
3603,57515,20240829,1776,43,4,3,419.75,Wrong size,False
3604,57539,20240721,985,21,10,3,229.93,Late delivery,True
3605,57572,20250109,1326,4,6,1,2731.02,Warranty,True
3606,57578,20240902,983,71,7,1,287.87,Wrong size,True
3607,57584,20250203,396,52,12,1,58.75,Changed mind,True
3608,57598,20230720,417,101,6,4,2098.2,Changed mind,True
3609,57600,20251231,1418,99,2,2,1106.44,Late delivery,True
3610,57626,20251104,1793,31,2,1,79.35,Changed mind,True
3611,57637,20251224,1472,101,11,3,1549.01,Wrong size,True
3612,57654,20251231,1020,74,12,2,369.7,Other,True
3613,57661,20250505,404,68,9,1,137.14,Other,True
3614,57662,20220525,773,46,1,2,474.61,Damaged,False
3615,57665,20231121,543,45,3,1,115.33,Warranty,True
3616,57679,20231120,1663,51,4,1,212.16,Warranty,True
3617,57688,20250914,1659,19,3,1,74.1,Other,False
3618,57690,20250826,1659,20,3,3,408.13,Late delivery,True
3619,57695,20241011,1179,73,4,3,740.48,Other,True
3620,57705,20230728,1952,19,6,1,69.22,Late delivery,True
3621,57719,20221129,1164,16,2,2,190.92,Late delivery,True
3622,57765,20220627,1599,98,8,1,192.62,Changed mind,True
3623,57768,20250509,940,27,11,1,65.81,Wrong size,True
3624,57810,20250218,548,63,10,1,198.83,Wrong size,True
3625,57814,20230605,162,48,2,1,158.79,Changed mind,True
3626,57815,20230124,1645,76,1,1,198.2,Warranty,False
3627,57854,20250309,1611,2,3,1,1608.72,Warranty,False
3628,57857,20240605,1153,48,4,2,374.7,Damaged,False
3629,57873,20240608,706,107,3,1,440.8,Late delivery,True
3630,57877,20240405,1635,66,3,1,93.51,Changed mind,True
3631,57878,20240505,1635,36,3,4,722.4,Wrong size,True
3632,57879,20240410,1635,107,3,4,2341.93,Warranty,False
3633,57928,20241201,1735,41,10,2,559.3,Wrong size,True
3634,57936,20240910,1474,53,6,2,334.29,Changed mind,True
3635,57938,20251230,749,37,12,1,99.72,Wrong size,True
3636,57977,20240326,1853,55,8,1,313.32,Wrong size,True
3637,57987,20251117,1048,79,1,1,317.2,Other,True
3638,58014,20241029,647,52,8,1,69.02,Changed mind,True
3639,58030,20240724,28,19,3,1,70.14,Changed mind,False
3640,58043,20241029,1266,42,2,1,117.14,Damaged,False
3641,58061,20250117,420,73,4,2,637.99,Warranty,True
3642,58072,20231010,196,76,5,1,183.16,Wrong size,True
3643,58139,20251101,1934,55,12,1,223.64,Wrong size,False
3644,58144,20240413,1175,75,7,1,304.97,Damaged,False
3645,58157,20241025,784,12,11,1,3585.07,Changed mind,True
3646,58167,20240310,306,26,4,1,12.08,Changed mind,True
3647,58183,20241124,1468,65,2,1,47.52,Late delivery,True
3648,58199,20241109,1031,56,6,2,281.19,Changed mind,True
3649,58215,20250224,1019,88,9,1,134.19,Late delivery,True
3650,58217,20230414,1049,36,10,1,174.37,Wrong size,True
3651,58230,20240807,1386,28,4,1,34.42,Wrong size,True
3652,58246,20230328,401,82,10,10,5253.04,Changed mind,True
3653,58272,20220711,1378,77,1,1,76.25,Warranty,False
3654,58273,20240429,924,62,2,1,118.24,Late delivery,True
3655,58281,20240819,1289,97,5,2,1207.12,Other,True
3656,58306,20241108,17,107,2,1,553.85,Wrong size,True
3657,58351,20240610,854,89,1,7,390.07,Damaged,False
3658,58353,20240119,1856,13,12,1,10.26,Changed mind,True
3659,58363,20240222,1465,38,1,1,199.25,Other,False
3660,58374,20250917,433,9,12,1,1027.56,Changed mind,True
3661,58429,20240326,1464,35,12,1,81.53,Damaged,False
3662,58431,20240416,387,40,4,1,288.42,Other,True
3663,58434,20240616,1301,96,3,1,607.57,Other,True
3664,58442,20230420,618,35,3,1,80.83,Wrong size,True
3665,58448,20240514,1895,34,3,1,58.1,Late delivery,True
3666,58451,20221227,788,88,11,1,127.32,Other,True
3667,58453,20221222,788,15,11,1,16.63,Warranty,False
3668,58508,20251016,1811,25,4,1,117.0,Wrong size,True
3669,58518,20240311,1285,52,1,1,54.08,Wrong size,True
3670,58540,20230531,1122,55,11,2,620.97,Changed mind,True
3671,58547,20221116,326,108,6,1,642.07,Warranty,True
3672,58560,20250916,294,2,2,1,1735.29,Wrong size,True
3673,58588,20250303,1075,7,9,1,1546.38,Damaged,False
3674,58618,20221130,877,15,5,1,19.23,Changed mind,True
3675,58649,20240401,1791,68,7,2,305.94,Damaged,False
3676,58681,20240130,1393,86,4,2,552.93,Wrong size,True
3677,58694,20240507,1672,29,9,1,124.69,Changed mind,True
3678,58696,20241026,947,16,6,1,87.43,Changed mind,True
3679,58699,20241112,947,45,6,1,146.82,Wrong size,True
3680,58710,20251019,849,44,11,1,231.77,Warranty,False
3681,58713,20230921,1896,53,8,2,324.02,Changed mind,True
3682,58720,20251018,129,106,11,1,737.86,Late delivery,True
3683,58724,20250319,1384,48,3,1,174.41,Damaged,False
3684,58743,20251231,1167,39,7,2,249.25,Wrong size,True
3685,58749,20251231,739,43,10,2,271.56,Changed mind,True
3686,58752,20231104,199,69,7,1,303.6,Wrong size,True
3687,58758,20240711,506,60,1,1,404.42,Late delivery,True
3688,58763,20240720,1137,77,5,1,73.72,Changed mind,True
3689,58788,20240508,1920,17,7,1,70.3,Wrong size,True
3690,58815,20241005,1346,79,5,2,758.32,Wrong size,True
3691,58817,20240130,63,32,3,1,21.6,Damaged,False
3692,58820,20220923,1609,47,8,1,93.78,Changed mind,True
3693,58829,20241130,356,106,6,6,4301.12,Warranty,False
3694,58877,20240915,658,17,12,1,79.72,Changed mind,True
3695,58879,20240823,658,26,12,3,35.66,Damaged,False
3696,58884,20240114,1309,102,1,3,417.57,Late delivery,False
3697,58889,20220519,427,15,5,1,22.23,Damaged,False
3698,58907,20241211,652,63,10,2,472.66,Warranty,False
3699,58910,20240623,1323,40,3,4,1168.1,Late delivery,True
3700,58912,20240601,1323,48,3,1,186.29,Changed mind,True
3701,58954,20231214,1657,96,7,4,2075.87,Warranty,True
3702,58974,20240301,751,39,1,1,129.49,Late delivery,True
3703,59010,20251109,586,43,4,2,294.37,Damaged,False
3704,59037,20240703,1482,21,7,1,82.86,Late delivery,True
3705,59046,20240430,521,103,1,3,1407.97,Late delivery,True
3706,59052,20250909,1777,47,8,1,114.16,Changed mind,True
3707,59095,20250822,1140,39,5,1,110.77,Warranty,True
3708,59135,20240713,997,92,2,1,527.88,Wrong size,True
3709,59142,20220925,1422,83,11,2,961.16,Late delivery,True
3710,59201,20250410,1891,5,7,1,3236.3,Changed mind,True
3711,59209,20240626,1676,74,10,1,192.56,Damaged,False
3712,59218,20240312,1039,59,4,3,160.95,Other,True
3713,59225,20241224,1243,77,3,3,276.98,Changed mind,True
3714,59238,20240830,1920,39,2,1,113.42,Changed mind,False
3715,59263,20240120,1669,3,9,1,2410.75,Late delivery,True
3716,59282,20240706,1271,100,4,1,792.54,Changed mind,True
3717,59288,20240306,1643,45,8,1,131.93,Wrong size,True
3718,59293,20240620,1308,85,7,2,705.74,Damaged,False
3719,59301,20220608,1778,86,8,1,240.13,Other,False
3720,59307,20240517,1000,37,4,1,109.46,Damaged,False
3721,59330,20241206,385,43,9,2,264.96,Wrong size,True
3722,59362,20221012,3,82,10,1,428.71,Damaged,False
3723,59381,20230117,19,43,6,1,105.02,Changed mind,True
3724,59392,20230707,620,98,5,5,1074.73,Warranty,True
3725,59407,20251216,1586,84,2,2,315.73,Other,True
3726,59426,20250805,315,66,11,1,86.78,Wrong size,True
3727,59441,20241217,1628,63,3,1,221.14,Wrong size,True
3728,59460,20230819,742,76,4,2,482.48,Other,False
3729,59474,20220909,1638,56,5,1,171.49,Wrong size,True
3730,59482,20240521,519,44,5,1,245.32,Changed mind,True
3731,59492,20250520,234,50,6,2,322.17,Late delivery,True
3732,59497,20251203,1121,107,4,2,1055.87,Damaged,False
3733,59524,20230802,262,100,11,1,853.08,Wrong size,True
3734,59544,20250112,595,106,2,3,2353.6,Damaged,False
3735,59550,20251109,658,20,10,1,129.33,Warranty,False
3736,59570,20250602,904,36,2,1,201.88,Wrong size,True
3737,59586,20250906,760,13,10,3,34.24,Late delivery,False
3738,59590,20240823,1137,46,7,3,592.02,Wrong size,True
3739,59593,20241217,1663,12,5,1,3614.96,Changed mind,True
3740,59618,20240831,1215,55,10,1,321.62,Late delivery,True
3741,59625,20230426,1065,100,1,1,798.89,Damaged,False
3742,59670,20250208,1094,81,1,4,1222.09,Wrong size,True
3743,59674,20250718,1521,28,4,2,73.97,Changed mind,True
3744,59753,20250728,303,102,11,1,129.64,Other,True
3745,59758,20250114,336,33,12,3,223.4,Late delivery,True
3746,59766,20251005,1684,44,2,3,701.82,Damaged,False
3747,59774,20250416,356,69,11,1,299.51,Wrong size,True
3748,59782,20240605,1934,29,2,1,110.59,Other,True
3749,59787,20230708,650,56,8,1,162.47,Changed mind,True
3750,59789,20220809,1341,24,4,1,30.27,Damaged,False
3751,59804,20250729,1158,72,7,2,533.39,Late delivery,True
3752,59836,20230910,1004,100,9,1,645.41,Warranty,True
3753,59841,20250410,236,41,2,1,237.65,Changed mind,True
3754,59852,20220614,607,83,7,1,446.21,Damaged,False
3755,59867,20250626,1672,48,5,1,174.58,Wrong size,True
3756,59869,20231206,1086,19,11,1,59.03,Late delivery,True
3757,59877,20240805,520,32,3,1,22.66,Changed mind,True
3758,59884,20231112,542,71,6,3,1108.49,Damaged,False
3759,59895,20240708,946,1,1,1,963.96,Warranty,True
3760,59897,20240626,946,42,1,1,99.53,Damaged,False
3761,59942,20230920,339,63,6,1,229.8,Damaged,False
3762,59962,20250430,557,65,12,4,187.57,Damaged,False
3763,59973,20241227,1637,56,4,1,144.23,Warranty,True
3764,60270,20220213,767,26,1,1,12.21,Late delivery,True
3765,60289,20220214,83,32,1,1,22.24,Warranty,False
3766,60015,20220123,1690,20,1,2,276.33,Wrong size,False
3767,60078,20220125,1317,32,1,1,22.09,Other,True
3768,60162,20220226,493,14,1,6,516.54,Changed mind,True
3769,60026,20220224,1918,21,1,2,156.56,Damaged,False
3770,60294,20220131,1746,27,1,2,125.37,Changed mind,True
3771,60305,20220206,383,16,1,2,248.37,Changed mind,True
3772,60318,20220207,202,49,1,2,136.68,Other,True
3773,60362,20220123,1728,79,1,1,353.25,Changed mind,True
3774,60431,20220129,623,102,1,1,138.24,Wrong size,True
3775,60460,20220211,1871,7,2,1,1698.55,Changed mind,True
3776,60556,20220211,199,22,2,2,166.85,Late delivery,False
3777,60674,20220303,1182,49,2,1,139.99,Changed mind,True
3778,60735,20220215,773,38,2,2,362.72,Other,True
3779,60873,20220122,1492,51,2,2,352.32,Wrong size,True
3780,60693,20220125,598,49,2,4,292.35,Wrong size,True
3781,60787,20220311,561,45,2,1,154.31,Late delivery,True
3782,60871,20220203,1160,42,2,1,111.55,Other,True
3783,60642,20220130,79,53,2,3,550.27,Warranty,True
3784,60837,20220319,1546,56,2,1,165.85,Wrong size,False
3785,60723,20220225,916,50,2,1,166.44,Wrong size,True
3786,60803,20220304,490,53,2,3,506.24,Warranty,False
3787,60889,20220120,709,54,2,1,102.35,Wrong size,True
3788,60768,20220219,709,55,2,1,79.67,Wrong size,True
3789,60619,20220214,726,48,2,2,388.18,Late delivery,True
3790,60646,20220302,490,53,2,4,638.3,Late delivery,False
3791,60995,20220311,1307,81,2,1,300.5,Damaged,False
3792,61101,20220202,195,102,2,1,118.49,Warranty,False
3793,61200,20220306,782,14,3,1,87.76,Damaged,False
3794,61435,20220206,495,18,3,1,87.36,Warranty,False
3795,61131,20220225,1536,21,3,1,80.93,Changed mind,True
3796,61233,20220204,393,17,3,1,58.39,Wrong size,True
3797,61280,20220314,171,22,3,6,629.59,Other,True
3798,61436,20220216,1777,22,3,4,416.62,Damaged,False
3799,61210,20220315,83,20,3,6,684.25,Wrong size,True
3800,61138,20220220,112,15,3,1,15.4,Damaged,False
3801,61292,20220213,620,23,3,2,92.87,Changed mind,False
3802,61144,20220215,1323,20,3,1,103.7,Wrong size,True
3803,61701,20220210,120,50,3,1,156.17,Warranty,True
3804,61639,20220217,1403,54,3,2,170.8,Wrong size,True
3805,61549,20220117,458,49,3,1,74.91,Changed mind,True
3806,61609,20220316,120,37,3,1,157.65,Wrong size,True
3807,61498,20220306,1118,40,3,1,264.34,Changed mind,True
3808,61708,20220222,1918,49,3,2,148.54,Wrong size,True
3809,61684,20220301,654,44,3,2,458.91,Wrong size,True
3810,61577,20220223,403,55,3,2,384.15,Wrong size,True
3811,61710,20220208,432,52,3,1,60.72,Late delivery,True
3812,61646,20220211,1729,47,3,2,173.94,Wrong size,True
3813,61586,20220224,757,53,3,1,159.46,Wrong size,True
3814,61595,20220203,136,55,3,1,319.28,Damaged,False
3815,61481,20220325,1869,39,3,1,88.52,Wrong size,True
3816,61567,20220306,315,41,3,5,939.7,Wrong size,True
3817,61573,20220227,195,49,3,1,63.17,Wrong size,True
3818,61763,20220207,1352,73,3,1,252.25,Late delivery,True
3819,61797,20220224,237,68,3,14,1514.92,Warranty,False
3820,61813,20220204,407,91,3,2,983.03,Changed mind,True
3821,61909,20220304,679,96,3,1,561.38,Changed mind,True
3822,61922,20220215,207,108,3,1,376.77,Changed mind,True
3823,61928,20220126,1556,102,3,1,135.08,Damaged,False
3824,61996,20220219,1773,16,4,2,225.26,Changed mind,True
3825,62016,20220309,1053,24,4,1,36.56,Late delivery,False
3826,62037,20220116,299,16,4,1,99.37,Changed mind,True
3827,62023,20220131,1463,26,4,2,24.82,Warranty,False
3828,61978,20220303,1123,34,4,1,47.71,Other,True
3829,61975,20220223,171,14,4,1,95.73,Warranty,False
3830,62025,20220221,210,28,4,2,89.43,Other,False
3831,62050,20220213,1886,49,4,1,65.7,Wrong size,True
3832,62068,20220111,503,47,4,1,95.61,Changed mind,True
3833,62083,20220213,1558,35,4,5,291.99,Warranty,False
3834,62082,20220209,505,36,4,2,406.58,Wrong size,True
3835,62253,20220206,32,85,4,1,352.35,Damaged,False
3836,62259,20220216,1113,88,4,2,262.09,Late delivery,True
3837,62264,20220211,216,99,4,4,2173.57,Wrong size,True
3838,62294,20220219,611,94,4,1,327.03,Other,True
3839,62326,20220324,1852,7,5,1,2058.96,Warranty,False
3840,62308,20220301,872,4,5,1,2204.21,Changed mind,True
3841,62558,20220216,1608,27,5,1,32.08,Late delivery,False
3842,62354,20220126,1195,24,5,1,40.85,Late delivery,True
3843,62807,20220220,516,27,5,1,67.41,Wrong size,True
3844,62744,20220201,1690,24,5,6,172.72,Changed mind,True
3845,62794,20220118,1454,28,5,1,30.65,Damaged,False
3846,62619,20220226,1094,17,5,1,92.65,Warranty,True
3847,62496,20220122,1425,28,5,2,69.87,Changed mind,True
3848,62621,20220213,400,17,5,3,216.9,Warranty,True
3849,62615,20220123,818,15,5,2,43.0,Damaged,False
3850,62559,20220123,206,16,5,1,76.07,Wrong size,True
3851,62539,20220225,1125,23,5,2,114.63,Wrong size,True
3852,62815,20220203,1195,24,5,1,38.91,Damaged,False
3853,62617,20220214,1156,29,5,1,107.63,Wrong size,True
3854,62368,20220213,147,23,5,2,96.56,Wrong size,True
3855,62577,20220123,449,33,5,7,546.75,Changed mind,True
3856,62754,20220225,1683,17,5,1,55.49,Changed mind,True
3857,62576,20220204,1420,16,5,2,189.77,Changed mind,True
3858,62651,20220208,1947,24,5,3,80.42,Late delivery,True
3859,62361,20220218,490,14,5,1,63.41,Late delivery,True
3860,62451,20220225,1416,27,5,2,22.71,Wrong size,True
3861,62797,20220225,818,16,5,2,196.75,Warranty,False
3862,62697,20220207,1089,18,5,3,302.14,Warranty,True
3863,62892,20220128,43,53,5,1,144.53,Wrong size,False
3864,62934,20220129,1852,39,5,1,118.49,Wrong size,True
3865,62996,20220129,1355,37,5,2,172.88,Late delivery,True
3866,62936,20220227,1530,36,5,1,179.61,Wrong size,True
3867,62930,20220309,108,40,5,1,236.65,Changed mind,True
3868,62890,20220128,1718,52,5,3,229.59,Other,True
3869,63000,20220227,1851,41,5,1,244.94,Changed mind,True
3870,62895,20220218,1500,44,5,1,293.52,Wrong size,True
3871,62856,20220214,1306,50,5,1,165.58,Wrong size,False
3872,62946,20220120,823,45,5,2,313.17,Changed mind,True
3873,62828,20220214,598,37,5,8,811.67,Wrong size,True
3874,62924,20220228,227,54,5,1,107.42,Wrong size,False
3875,63019,20220128,1237,56,5,9,1867.33,Wrong size,True
3876,63005,20220214,1530,36,5,3,517.13,Damaged,False
3877,63036,20220219,805,63,5,2,467.26,Changed mind,True
3878,63033,20220201,240,60,5,1,393.36,Changed mind,True
3879,63085,20220214,886,94,5,2,569.31,Wrong size,False
3880,63199,20220305,1142,20,6,1,115.38,Other,True
3881,63264,20220206,801,18,6,1,100.59,Changed mind,True
3882,63163,20220218,396,15,6,4,77.86,Wrong size,True
3883,63304,20220223,1682,21,6,2,169.73,Damaged,False
3884,63225,20220218,1114,29,6,2,240.65,Warranty,True
3885,63302,20220115,325,18,6,3,253.0,Other,True
3886,63438,20220119,1946,88,6,1,130.78,Damaged,False
3887,63469,20220215,609,103,6,3,1535.11,Warranty,False
3888,63573,20220213,456,28,7,10,337.25,Damaged,False
3889,63583,20220305,1980,20,7,1,114.08,Wrong size,True
3890,63571,20220126,52,21,7,1,77.51,Warranty,True
3891,63567,20220211,470,28,7,7,200.47,Other,True
3892,63557,20220211,1559,34,7,3,157.4,Warranty,False
3893,63516,20220120,1384,30,7,2,95.78,Warranty,False
3894,63653,20220128,511,29,7,6,596.07,Wrong size,True
3895,63607,20220202,1118,19,7,2,174.45,Changed mind,True
3896,63677,20220317,34,47,7,1,97.81,Warranty,False
3897,63735,20220222,251,54,7,1,64.53,Wrong size,True
3898,63700,20220212,1782,43,7,2,252.48,Warranty,True
3899,63692,20220210,1990,40,7,2,508.82,Changed mind,True
3900,63668,20220203,1440,40,7,5,1514.01,Changed mind,True
3901,63809,20220223,916,70,7,1,186.03,Damaged,False
3902,64159,20220302,1551,23,8,1,38.67,Wrong size,True
3903,64111,20220312,1388,32,8,1,18.28,Changed mind,True
3904,64036,20220228,1623,15,8,5,90.55,Late delivery,True
3905,64095,20220210,1513,32,8,1,18.5,Changed mind,True
3906,64124,20220304,1075,29,8,1,112.76,Warranty,True
3907,64077,20220212,1929,26,8,1,13.14,Late delivery,True
3908,64029,20220220,1896,21,8,5,352.74,Damaged,False
3909,64257,20220223,1929,54,8,2,185.33,Wrong size,True
3910,64268,20220221,1267,53,8,1,239.91,Damaged,False
3911,64280,20220202,619,37,8,1,102.74,Warranty,True
3912,64236,20220208,1077,48,8,1,142.54,Changed mind,True
3913,64378,20220207,1497,74,8,6,287.36,Damaged,False
3914,64312,20220115,489,59,8,1,43.84,Other,True
3915,64307,20220223,91,62,8,2,211.2,Wrong size,True
3916,64344,20220206,1314,79,8,1,265.53,Late delivery,True
3917,64832,20220220,1468,34,9,1,51.23,Damaged,False
3918,64715,20220203,410,27,9,1,53.16,Changed mind,True
3919,64618,20220320,954,24,9,3,232.17,Changed mind,True
3920,64813,20220306,270,34,9,1,51.29,Warranty,False
3921,64627,20220125,1591,32,9,4,84.3,Warranty,False
3922,64652,20220223,949,28,9,1,29.6,Wrong size,True
3923,64748,20220310,1007,19,9,1,54.2,Changed mind,False
3924,64643,20220201,1212,32,9,4,408.19,Wrong size,True
3925,64630,20220123,983,21,9,1,77.78,Changed mind,True
3926,64902,20220117,1619,52,9,1,46.09,Warranty,False
3927,64900,20220310,517,40,9,2,469.96,Wrong size,True
3928,64943,20220205,749,52,9,1,65.72,Changed mind,True
3929,64869,20220127,1004,55,9,1,261.21,Changed mind,True
3930,64922,20220224,1361,47,9,1,94.79,Changed mind,True
3931,64874,20220224,636,38,9,2,167.41,Wrong size,True
3932,64948,20220217,1553,35,9,3,548.6,Wrong size,True
3933,64918,20220216,941,55,9,1,271.09,Wrong size,True
3934,64960,20220305,89,67,9,3,423.87,Changed mind,False
3935,65058,20220204,330,10,10,1,2783.28,Warranty,False
3936,65230,20220216,51,34,10,4,197.03,Damaged,False
3937,65089,20220302,1412,21,10,1,82.25,Damaged,False
3938,65091,20220228,1630,16,10,2,214.41,Wrong size,True
3939,65163,20220219,1442,20,10,1,119.11,Damaged,False
3940,65159,20220223,1158,28,10,6,179.66,Changed mind,True
3941,65164,20220209,553,23,10,1,70.5,Warranty,False
3942,65212,20220215,1362,24,10,2,64.76,Changed mind,True
3943,65155,20220203,537,34,10,1,43.27,Wrong size,True
3944,65145,20220214,55,28,10,15,487.62,Late delivery,True
3945,65083,20220224,1013,28,10,2,71.2,Warranty,False
3946,65268,20220223,1861,52,10,4,230.48,Late delivery,True
3947,65367,20220301,1302,93,10,1,197.26,Warranty,False
3948,65421,20220215,671,83,10,1,485.82,Warranty,False
3949,65388,20220311,1779,86,10,1,244.67,Late delivery,True
3950,65463,20220314,245,103,10,1,454.5,Changed mind,True
3951,65721,20220211,843,19,11,3,252.34,Wrong size,False
3952,65548,20220127,616,24,11,1,31.13,Changed mind,True
3953,65632,20220204,1411,22,11,1,92.05,Other,True
3954,65575,20220201,1719,29,11,1,94.38,Damaged,False
3955,65743,20220204,393,28,11,5,64.66,Other,True
3956,65691,20220123,484,19,11,1,57.36,Warranty,False
3957,65547,20220125,955,26,11,2,17.43,Changed mind,True
3958,65851,20220309,1644,53,11,1,158.63,Warranty,False
3959,65798,20220110,319,53,11,3,456.71,Changed mind,True
3960,65803,20220131,351,48,11,2,258.62,Other,True
3961,65809,20220215,115,39,11,1,119.79,Wrong size,True
3962,65801,20220212,2000,37,11,1,89.92,Changed mind,True
3963,65821,20220221,1437,43,11,4,584.17,Wrong size,True
3964,65854,20220304,555,48,11,1,125.95,Wrong size,True
3965,65845,20220218,584,41,11,1,227.97,Wrong size,True
3966,65818,20220222,1652,54,11,1,85.72,Wrong size,True
3967,65860,20220223,938,38,11,5,757.44,Changed mind,True
3968,65807,20220214,651,55,11,1,307.44,Wrong size,True
3969,65940,20220127,404,71,11,1,287.35,Damaged,False
3970,65934,20220307,1136,57,11,1,245.31,Damaged,False
3971,66040,20220131,1900,6,12,2,5394.91,Late delivery,True
3972,66021,20220130,938,5,12,1,3082.77,Damaged,False
3973,66023,20220227,522,5,12,1,2796.45,Warranty,True
3974,66631,20220228,194,16,12,1,104.19,Wrong size,True
3975,66705,20220216,1083,32,12,2,36.84,Late delivery,True
3976,66195,20220216,367,25,12,2,242.3,Wrong size,True
3977,66236,20220304,1213,34,12,4,191.24,Wrong size,True
3978,66106,20220125,1493,21,12,3,247.76,Wrong size,True
3979,66059,20220219,620,17,12,1,73.81,Damaged,False
3980,66662,20220225,1544,22,12,2,150.99,Late delivery,False
3981,66569,20220315,283,19,12,1,73.98,Changed mind,True
3982,66091,20220207,34,29,12,2,293.55,Wrong size,True
3983,66508,20220206,1225,31,12,2,160.88,Changed mind,True
3984,66389,20220305,1240,16,12,1,85.1,Damaged,False
3985,66579,20220311,485,27,12,1,69.84,Warranty,False
3986,66173,20220314,1576,30,12,1,47.82,Changed mind,True
3987,66271,20220215,999,29,12,2,265.59,Late delivery,False
3988,66494,20220220,1440,22,12,1,94.07,Changed mind,False
3989,66154,20220307,1478,17,12,7,565.8,Changed mind,True
3990,66464,20220217,893,29,12,2,237.04,Damaged,False
3991,66742,20220216,1530,35,12,3,229.69,Wrong size,True
3992,66819,20220123,1888,56,12,2,290.93,Warranty,False
3993,66862,20220309,1296,47,12,3,236.93,Wrong size,True
3994,66793,20220128,1595,56,12,2,134.6,Damaged,False
3995,66869,20220130,147,47,12,1,97.22,Wrong size,True
3996,66735,20220217,850,43,12,3,397.74,Wrong size,True
3997,66798,20220201,267,47,12,1,73.89,Warranty,True
3998,66853,20220124,1418,55,12,1,186.02,Warranty,False
3999,66976,20220223,290,65,12,1,41.48,Changed mind,True
4000,66913,20220318,987,58,12,3,1014.08,Changed mind,True
4001,66912,20220214,588,72,12,2,538.41,Wrong size,True
4002,66977,20220124,399,79,12,1,255.96,Damaged,False
4003,66931,20220313,1241,66,12,2,598.39,Changed mind,True
4004,66970,20220309,786,57,12,1,243.78,Warranty,False
4005,67106,20220310,1649,26,1,2,23.79,Warranty,False
4006,67207,20220321,206,21,1,1,88.29,Warranty,True
4007,67283,20220308,1287,15,1,3,53.92,Other,False
4008,67171,20220221,911,28,1,2,66.79,Damaged,False
4009,67275,20220323,380,16,1,1,87.93,Wrong size,True
4010,67246,20220323,1738,15,1,2,37.57,Late delivery,True
4011,67203,20220309,1889,14,1,1,79.68,Wrong size,True
4012,67244,20220419,743,28,1,3,95.16,Other,True
4013,67393,20220317,750,39,1,1,108.72,Wrong size,True
4014,67409,20220315,1785,56,1,1,124.6,Late delivery,True
4015,67395,20220308,74,40,1,5,1343.82,Damaged,False
4016,67454,20220315,1495,68,1,1,158.8,Damaged,False
4017,67466,20220315,1345,72,1,2,500.38,Changed mind,True
4018,67503,20220220,1028,93,1,2,342.26,Warranty,False
4019,67543,20220307,1255,11,2,1,3505.15,Late delivery,True
4020,67551,20220214,2,11,2,1,3958.63,Changed mind,True
4021,67537,20220313,475,6,2,1,1101.45,Wrong size,True
4022,67866,20220305,1456,18,2,4,363.81,Changed mind,True
4023,67616,20220328,69,22,2,1,77.76,Wrong size,True
4024,67894,20220220,1772,32,2,2,154.28,Wrong size,True
4025,67819,20220311,1491,28,2,2,69.33,Damaged,False
4026,67912,20220314,1198,15,2,3,57.32,Wrong size,False
4027,67570,20220402,1204,20,2,1,143.52,Warranty,True
4028,67660,20220318,1777,19,2,3,209.05,Changed mind,True
4029,67622,20220310,600,28,2,6,220.74,Changed mind,True
4030,67941,20220317,800,13,2,6,59.59,Wrong size,True
4031,67884,20220331,951,20,2,3,432.7,Other,True
4032,67779,20220308,1134,23,2,1,50.9,Changed mind,True
4033,68173,20220322,1685,43,2,3,415.25,Wrong size,True
4034,68079,20220331,104,37,2,1,92.9,Other,True
4035,68135,20220401,1271,38,2,2,375.92,Changed mind,True
4036,67973,20220306,74,49,2,1,84.56,Wrong size,True
4037,68087,20220310,1069,35,2,3,467.47,Wrong size,True
4038,68128,20220224,738,36,2,6,1031.34,Wrong size,True
4039,68149,20220330,75,53,2,2,323.87,Wrong size,True
4040,68138,20220308,1721,40,2,2,234.31,Changed mind,True
4041,68020,20220222,1762,53,2,3,459.25,Wrong size,True
4042,68104,20220321,6,54,2,1,75.53,Damaged,False
4043,68114,20220318,960,55,2,1,250.28,Damaged,False
4044,68130,20220305,235,50,2,5,854.32,Wrong size,False
4045,68179,20220215,845,39,2,1,114.84,Damaged,False
4046,68049,20220404,1412,36,2,1,187.92,Damaged,False
4047,68106,20220408,57,48,2,7,1117.6,Changed mind,True
4048,68083,20220415,407,52,2,1,52.53,Wrong size,True
4049,68071,20220311,1288,44,2,2,520.77,Wrong size,True
4050,68055,20220322,738,52,2,1,55.59,Late delivery,True
4051,68003,20220227,144,56,2,2,300.03,Wrong size,False
4052,68206,20220413,467,69,2,1,346.33,Late delivery,True
4053,68202,20220308,1923,67,2,2,278.82,Changed mind,True
4054,68260,20220225,749,87,2,2,326.52,Wrong size,True
4055,68285,20220301,1198,98,2,1,173.36,Wrong size,True
4056,68331,20220314,1919,19,3,2,110.17,Other,True
4057,68326,20220401,851,21,3,1,78.55,Wrong size,True
4058,68497,20220321,757,53,3,1,169.2,Changed mind,True
4059,68553,20220219,1752,46,3,4,822.89,Wrong size,True
4060,68576,20220407,488,35,3,1,80.67,Changed mind,True
4061,68453,20220228,259,41,3,2,289.39,Wrong size,True
4062,68561,20220411,885,48,3,2,317.48,Damaged,False
4063,68493,20220311,991,47,3,1,110.34,Wrong size,True
4064,68577,20220220,841,35,3,1,57.64,Wrong size,True
4065,68519,20220224,1905,48,3,1,166.11,Changed mind,True
4066,68369,20220307,1863,37,3,1,88.18,Damaged,False
4067,68525,20220220,1100,36,3,1,177.85,Wrong size,True
4068,68542,20220408,1862,55,3,1,279.54,Changed mind,True
4069,68616,20220304,120,71,3,4,188.22,Changed mind,True
4070,68695,20220322,580,89,3,5,233.07,Changed mind,True
4071,68680,20220319,1971,81,3,1,342.69,Wrong size,True
4072,68743,20220216,461,7,4,1,2294.33,Warranty,False
4073,68749,20220311,1646,4,4,1,2653.3,Changed mind,True
4074,68794,20220329,405,28,4,1,27.97,Damaged,False
4075,68801,20220324,556,19,4,2,163.65,Late delivery,True
4076,68818,20220309,818,25,4,3,232.56,Warranty,False
4077,68784,20220226,1847,27,4,2,172.51,Wrong size,True
4078,68763,20220309,1947,22,4,1,101.56,Wrong size,True
4079,68863,20220312,1752,35,4,1,88.05,Warranty,False
4080,68847,20220409,1616,37,4,5,390.42,Late delivery,True
4081,68878,20220413,121,58,4,3,603.54,Damaged,False
4082,68930,20220401,1315,66,4,2,150.87,Changed mind,True
4083,68950,20220402,1165,60,4,1,391.4,Other,True
4084,68924,20220324,1973,72,4,2,472.92,Damaged,False
4085,69000,20220314,1176,87,4,2,357.81,Changed mind,True
4086,68970,20220218,374,83,4,2,790.17,Wrong size,True
4087,69049,20220331,1796,94,4,1,420.26,Warranty,True
4088,69152,20220328,1154,24,5,1,38.37,Wrong size,True
4089,69099,20220306,297,20,5,1,135.5,Damaged,False
4090,69107,20220329,299,19,5,1,72.73,Late delivery,True
4091,69112,20220225,1439,32,5,2,41.84,Wrong size,True
4092,69166,20220411,550,19,5,3,247.73,Changed mind,True
4093,69207,20220228,1686,48,5,3,488.61,Other,True
4094,69184,20220308,1118,55,5,1,281.72,Late delivery,True
4095,69284,20220405,1237,80,5,2,601.9,Damaged,False
4096,69354,20220326,1798,57,5,1,258.79,Damaged,False
4097,69328,20220308,1732,69,5,1,268.5,Warranty,True
4098,69343,20220326,1428,73,5,3,778.98,Changed mind,True
4099,69368,20220305,1410,63,5,1,149.56,Damaged,False
4100,69463,20220312,580,98,5,3,1893.05,Other,True
4101,69658,20220308,9,24,6,1,34.15,Warranty,False
4102,69508,20220320,208,28,6,3,93.14,Warranty,True
4103,69657,20220311,782,33,6,2,134.34,Changed mind,True
4104,69642,20220301,1902,16,6,2,199.78,Late delivery,True
4105,69637,20220306,910,33,6,3,363.69,Late delivery,False
4106,69677,20220316,1599,38,6,1,173.0,Wrong size,True
4107,69759,20220223,1501,92,6,1,329.1,Changed mind,True
4108,69767,20220321,939,101,6,4,2111.91,Changed mind,True
4109,69780,20220301,1386,104,6,4,1436.49,Other,True
4110,69953,20220329,1097,13,7,7,69.69,Changed mind,True
4111,69891,20220406,1160,28,7,5,146.28,Other,True
4112,69894,20220301,1209,15,7,2,38.9,Changed mind,True
4113,69836,20220228,1302,30,7,1,52.48,Wrong size,True
4114,70174,20220224,410,49,7,1,78.71,Wrong size,True
4115,70112,20220324,759,45,7,2,193.27,Wrong size,True
4116,70172,20220316,196,55,7,1,276.19,Damaged,False
4117,70043,20220221,1207,43,7,1,138.55,Wrong size,True
4118,70142,20220310,692,52,7,1,56.27,Wrong size,True
4119,70113,20220309,23,51,7,1,177.87,Warranty,False
4120,70018,20220320,1609,55,7,2,546.44,Changed mind,True
4121,70149,20220419,259,37,7,1,81.36,Warranty,True
4122,70219,20220225,409,71,7,3,813.29,Late delivery,True
4123,70266,20220309,1047,82,7,1,566.63,Damaged,False
4124,70330,20220308,448,23,8,1,78.15,Warranty,True
4125,70536,20220315,705,28,8,1,29.39,Other,True
4126,70416,20220327,1401,28,8,8,292.33,Changed mind,True
4127,70509,20220309,384,24,8,2,55.62,Changed mind,True
4128,70422,20220401,131,30,8,1,56.27,Wrong size,False
4129,70384,20220226,1997,26,8,2,21.5,Changed mind,True
4130,70434,20220306,621,31,8,1,66.02,Changed mind,True
4131,70327,20220318,1388,25,8,7,725.56,Other,True
4132,70431,20220314,1233,20,8,3,427.06,Late delivery,True
4133,70495,20220329,621,33,8,1,70.05,Warranty,False
4134,70516,20220318,1524,16,8,1,101.94,Warranty,False
4135,70365,20220312,601,23,8,1,90.32,Changed mind,True
4136,70595,20220311,648,56,8,1,155.36,Late delivery,True
4137,70561,20220226,1948,55,8,3,1083.26,Changed mind,True
4138,70581,20220307,92,48,8,2,326.22,Wrong size,True
4139,70634,20220226,184,50,8,1,189.99,Other,True
4140,70682,20220302,850,67,8,1,154.56,Changed mind,True
4141,71004,20220310,1604,25,9,2,173.29,Wrong size,False
4142,70965,20220319,270,32,9,1,25.32,Other,True
4143,70987,20220226,70,15,9,1,16.99,Changed mind,True
4144,70829,20220316,1379,33,9,1,66.73,Warranty,False
4145,70849,20220327,1003,20,9,2,66.96,Other,True
4146,70970,20220328,603,29,9,1,104.09,Other,True
4147,71017,20220322,300,29,9,1,127.75,Wrong size,False
4148,71089,20220411,192,43,9,10,1185.92,Other,True
4149,71092,20220328,475,41,9,1,297.52,Other,True
4150,71053,20220326,1467,48,9,1,135.07,Wrong size,True
4151,71160,20220312,1172,56,9,2,235.92,Wrong size,True
4152,71079,20220330,1719,35,9,3,230.32,Changed mind,True
4153,71166,20220401,962,35,9,1,67.72,Wrong size,True
4154,71070,20220323,1590,51,9,3,564.89,Wrong size,False
4155,71223,20220314,762,64,9,10,1914.88,Other,True
4156,71261,20220314,742,62,9,9,1167.16,Changed mind,True
4157,71267,20220321,430,92,9,1,468.04,Changed mind,True
4158,71384,20220323,415,22,10,2,220.46,Changed mind,True
4159,71391,20220320,986,17,10,2,122.57,Late delivery,True
4160,71341,20220309,1822,31,10,1,74.03,Changed mind,True
4161,71380,20220310,1962,25,10,1,102.42,Damaged,False
4162,71533,20220316,581,53,10,10,1261.45,Damaged,False
4163,71610,20220316,488,71,10,3,422.49,Other,True
4164,71671,20220311,1763,77,10,1,72.48,Warranty,False
4165,71690,20220313,1980,65,10,1,36.75,Late delivery,True
4166,71646,20220304,1549,57,10,1,241.81,Damaged,False
4167,71658,20220316,365,66,10,1,93.2,Damaged,False
4168,71782,20220331,1505,102,10,7,874.79,Late delivery,False
4169,71794,20220302,386,105,10,1,356.17,Damaged,False
4170,71797,20220413,989,94,10,1,418.76,Changed mind,True
4171,71869,20220410,581,33,11,1,69.15,Wrong size,False
4172,71917,20220314,551,53,11,1,136.88,Wrong size,True
4173,71916,20220319,952,38,11,1,244.47,Warranty,False
4174,71971,20220213,663,42,11,1,114.47,Changed mind,True
4175,72435,20220315,1262,32,12,1,18.33,Wrong size,True
4176,72353,20220219,870,19,12,3,184.81,Wrong size,True
4177,72492,20220315,1869,18,12,1,72.29,Damaged,False
4178,72261,20220314,219,16,12,2,185.92,Changed mind,True
4179,72481,20220218,1197,32,12,8,194.21,Late delivery,True
4180,72454,20220307,1257,17,12,1,71.56,Wrong size,True
4181,72483,20220301,98,27,12,2,180.88,Other,True
4182,72305,20220331,1747,19,12,4,229.18,Warranty,False
4183,72697,20220412,688,46,12,1,217.8,Wrong size,True
4184,72703,20220316,1393,35,12,1,69.17,Wrong size,True
4185,72689,20220227,144,46,12,2,358.22,Warranty,True
4186,72680,20220214,16,45,12,5,737.9,Late delivery,True
4187,72619,20220410,1793,47,12,1,159.75,Late delivery,True
4188,72580,20220226,1413,49,12,4,324.41,Warranty,False
4189,72630,20220218,735,44,12,1,240.31,Wrong size,True
4190,72549,20220315,606,40,12,1,335.1,Wrong size,True
4191,72535,20220307,329,49,12,1,90.3,Late delivery,True
4192,72695,20220223,905,48,12,2,321.08,Wrong size,True
4193,72692,20220401,1551,38,12,1,236.58,Damaged,False
4194,72663,20220314,92,39,12,3,316.16,Wrong size,True
4195,72610,20220317,1831,52,12,3,187.21,Wrong size,True
4196,72693,20220319,1782,43,12,2,230.67,Late delivery,True
4197,72738,20220330,76,76,12,2,86.3,Damaged,False
4198,72735,20220224,1020,61,12,1,265.28,Changed mind,True
4199,72865,20220227,1660,90,12,2,1206.25,Other,True
4200,72862,20220421,933,89,12,6,277.08,Changed mind,True
4201,72871,20220228,257,98,12,1,184.84,Damaged,False
4202,72963,20220414,1690,20,1,1,151.45,Late delivery,True
4203,72904,20220424,1478,21,1,3,262.97,Damaged,False
4204,72929,20220327,826,21,1,1,69.6,Wrong size,True
4205,72939,20220412,1991,14,1,1,101.77,Warranty,True
4206,72969,20220423,1270,28,1,4,140.81,Changed mind,True
4207,72909,20220409,1317,19,1,2,150.25,Changed mind,True
4208,73012,20220330,611,35,1,1,69.24,Late delivery,True
4209,73025,20220407,765,49,1,1,70.85,Damaged,False
4210,72982,20220506,1222,46,1,4,734.99,Changed mind,True
4211,73053,20220403,924,40,1,4,1153.61,Damaged,False
4212,73051,20220413,1418,41,1,1,275.3,Warranty,True
4213,72983,20220330,783,47,1,1,85.86,Damaged,False
4214,73059,20220411,1512,51,1,2,415.24,Changed mind,True
4215,73028,20220513,6,55,1,4,1486.98,Changed mind,True
4216,73161,20220421,1448,82,1,2,951.98,Wrong size,True
4217,73241,20220324,851,7,2,3,6495.46,Other,True
4218,73247,20220323,162,1,2,1,1024.04,Warranty,False
4219,73578,20220330,124,32,2,3,65.99,Warranty,False
4220,73330,20220421,1066,18,2,3,390.27,Changed mind,True
4221,73363,20220405,508,22,2,1,70.2,Wrong size,True
4222,73542,20220323,200,22,2,1,88.67,Late delivery,True
4223,73399,20220401,1728,32,2,1,21.51,Damaged,False
4224,73530,20220430,42,28,2,1,107.12,Warranty,False
4225,73478,20220408,951,15,2,2,29.56,Warranty,False
4226,73597,20220329,1126,20,2,1,117.18,Wrong size,False
4227,73606,20220512,490,30,2,3,215.47,Wrong size,True
4228,73388,20220514,314,23,2,1,59.09,Wrong size,True
4229,73683,20220409,125,52,2,1,49.19,Wrong size,True
4230,73721,20220519,292,50,2,1,206.96,Wrong size,True
4231,73739,20220424,235,43,2,2,314.06,Damaged,False
4232,73671,20220406,500,46,2,3,605.73,Changed mind,True
4233,73725,20220420,825,49,2,4,237.93,Wrong size,True
4234,73773,20220412,598,49,2,6,411.88,Warranty,False
4235,73719,20220325,941,43,2,2,281.94,Wrong size,True
4236,73905,20220427,800,82,2,8,768.85,Wrong size,True
4237,73918,20220419,1981,93,2,3,473.98,Changed mind,True
4238,73899,20220405,1726,93,2,1,145.68,Warranty,False
4239,73963,20220330,949,96,2,1,534.04,Late delivery,False
4240,73990,20220427,1653,1,3,1,1070.7,Changed mind,True
4241,74184,20220501,12,15,3,2,30.88,Late delivery,True
4242,74251,20220331,113,32,3,1,22.17,Warranty,True
4243,74179,20220323,155,18,3,4,323.52,Wrong size,True
4244,74134,20220330,216,25,3,8,1206.82,Damaged,False
4245,74089,20220405,241,13,3,1,13.69,Wrong size,True
4246,74240,20220331,703,13,3,1,11.39,Changed mind,False
4247,74307,20220424,1815,23,3,1,37.6,Wrong size,True
4248,74195,20220509,616,15,3,1,19.25,Other,True
4249,74178,20220513,509,21,3,1,69.67,Late delivery,True
4250,74345,20220330,1842,18,3,1,77.21,Other,True
4251,74246,20220330,171,22,3,2,181.9,Late delivery,True
4252,74391,20220509,1289,53,3,2,242.41,Wrong size,True
4253,74474,20220322,35,56,3,1,214.66,Changed mind,True
4254,74567,20220425,1388,40,3,1,238.36,Wrong size,True
4255,74493,20220423,655,56,3,1,141.9,Changed mind,True
4256,74465,20220425,495,54,3,5,573.34,Changed mind,True
4257,74398,20220403,972,49,3,1,132.93,Wrong size,True
4258,74448,20220328,1522,42,3,1,111.24,Changed mind,True
4259,74477,20220322,1570,49,3,4,277.98,Damaged,False
4260,74431,20220414,592,44,3,5,1385.84,Late delivery,True
4261,74553,20220402,601,51,3,1,179.73,Wrong size,True
4262,74523,20220521,1111,52,3,1,46.06,Warranty,True
4263,74697,20220426,1204,68,3,3,363.66,Other,False
4264,74659,20220512,1005,77,3,6,481.65,Changed mind,True
4265,74698,20220402,28,67,3,3,459.8,Damaged,False
4266,74830,20220424,205,87,3,2,252.61,Damaged,False
4267,74835,20220402,323,82,3,1,462.63,Changed mind,True
4268,74829,20220504,1173,88,3,1,505.73,Wrong size,False
4269,74892,20220415,814,98,3,4,542.86,Late delivery,True
4270,74895,20220423,632,98,3,1,190.88,Warranty,True
4271,74911,20220519,466,108,3,1,465.76,Changed mind,True
4272,74923,20220515,381,9,4,1,937.02,Changed mind,True
4273,74984,20220418,39,19,4,3,201.82,Late delivery,True
4274,75046,20220503,1612,28,4,1,40.86,Changed mind,True
4275,74952,20220519,952,28,4,2,71.09,Changed mind,True
4276,75016,20220418,1121,18,4,2,142.13,Other,True
4277,75071,20220422,638,28,4,6,210.58,Late delivery,True
4278,75067,20220508,661,23,4,2,92.03,Changed mind,True
4279,75062,20220413,728,31,4,1,75.17,Changed mind,True
4280,75063,20220411,219,16,4,1,93.35,Wrong size,True
4281,75166,20220315,1001,53,4,1,186.87,Other,True
4282,75113,20220421,172,54,4,1,106.79,Wrong size,True
4283,75324,20220411,1223,55,4,2,573.95,Warranty,True
4284,75167,20220325,632,56,4,1,154.18,Damaged,False
4285,75173,20220331,1339,39,4,2,235.94,Changed mind,True
4286,75245,20220413,1080,38,4,2,418.36,Wrong size,True
4287,75279,20220506,1857,41,4,3,862.54,Late delivery,True
4288,75269,20220507,1673,48,4,1,137.0,Wrong size,True
4289,75320,20220409,576,36,4,3,502.18,Wrong size,False
4290,75105,20220414,302,41,4,1,226.9,Wrong size,True
4291,75268,20220521,1587,48,4,1,139.31,Wrong size,True
4292,75142,20220407,1776,42,4,3,732.71,Wrong size,True
4293,75346,20220323,1094,46,4,1,176.46,Wrong size,True
4294,75249,20220329,1852,51,4,1,97.68,Wrong size,True
4295,75341,20220324,968,48,4,5,766.75,Warranty,True
4296,75266,20220325,1462,39,4,1,112.48,Damaged,False
4297,75185,20220406,1440,36,4,1,184.11,Changed mind,True
4298,75451,20220422,1917,67,4,2,289.89,Damaged,False
4299,75392,20220331,151,74,4,4,784.95,Damaged,False
4300,75463,20220324,731,73,4,3,824.98,Late delivery,True
4301,75400,20220320,79,76,4,2,413.23,Changed mind,True
4302,75458,20220320,1824,69,4,1,347.49,Warranty,False
4303,75413,20220423,972,57,4,4,961.81,Late delivery,True
4304,75484,20220419,934,93,4,2,297.14,Warranty,True
4305,75530,20220416,911,98,4,1,645.1,Late delivery,False
4306,75543,20220406,1957,97,4,1,596.27,Late delivery,True
4307,75600,20220405,3,3,5,1,2397.68,Late delivery,True
4308,75635,20220409,1582,13,5,1,11.38,Changed mind,True
4309,75608,20220420,1299,16,5,9,753.69,Damaged,False
4310,75693,20220427,359,21,5,3,266.69,Damaged,False
4311,75734,20220510,52,31,5,1,79.78,Other,True
4312,75622,20220502,1094,17,5,2,149.8,Late delivery,True
4313,75655,20220403,39,25,5,1,93.86,Other,True
4314,75640,20220504,4,13,5,1,123.82,Damaged,False
4315,75771,20220322,1932,20,5,1,172.23,Other,True
4316,75741,20220406,1889,14,5,3,227.04,Damaged,False
4317,75613,20220506,962,20,5,2,218.42,Wrong size,True
4318,75668,20220410,358,22,5,2,202.03,Wrong size,True
4319,75939,20220426,222,55,5,1,310.04,Changed mind,True
4320,75823,20220323,962,46,5,1,140.3,Other,True
4321,75803,20220510,1638,56,5,1,135.67,Wrong size,True
4322,75847,20220429,1118,39,5,3,421.41,Damaged,False
4323,75865,20220514,1955,46,5,1,170.65,Wrong size,True
4324,75944,20220423,58,45,5,4,650.05,Wrong size,True
4325,75863,20220321,320,45,5,3,464.69,Wrong size,True
4326,76117,20220411,1413,66,5,2,207.02,Wrong size,True
4327,75979,20220329,179,67,5,1,268.66,Other,True
4328,75964,20220420,1436,65,5,6,185.81,Damaged,False
4329,76085,20220426,1193,59,5,2,87.43,Late delivery,False
4330,76144,20220424,1203,92,5,1,495.9,Warranty,True
4331,76208,20220407,1735,96,5,1,601.61,Changed mind,True
4332,76243,20220523,138,15,6,1,16.44,Wrong size,True
4333,76294,20220424,1020,31,6,1,81.71,Other,True
4334,76277,20220405,495,17,6,5,357.29,Wrong size,True
4335,76303,20220414,1681,30,6,5,199.42,Late delivery,False
4336,76389,20220323,714,44,6,4,669.12,Warranty,False
4337,76456,20220419,1862,46,6,4,728.69,Wrong size,True
4338,76479,20220430,608,48,6,2,296.57,Wrong size,True
4339,76406,20220505,50,52,6,1,57.02,Late delivery,True
4340,76387,20220503,935,40,6,1,241.1,Wrong size,True
4341,76464,20220319,664,46,6,1,194.84,Damaged,False
4342,76363,20220323,877,51,6,3,501.75,Warranty,False
4343,76361,20220419,993,39,6,2,252.45,Changed mind,True
4344,76566,20220329,635,76,6,1,177.1,Changed mind,True
4345,76583,20220414,1607,71,6,1,316.29,Wrong size,True
4346,76598,20220418,213,58,6,3,1054.83,Late delivery,True
4347,76573,20220426,1866,63,6,2,286.99,Late delivery,False
4348,76548,20220419,625,80,6,1,169.22,Damaged,False
4349,76685,20220507,1723,101,6,2,1063.82,Wrong size,True
4350,76682,20220429,1525,103,6,1,436.61,Changed mind,True
4351,76793,20220422,1855,30,7,8,377.95,Wrong size,True
4352,76751,20220421,1425,30,7,2,96.72,Warranty,True
4353,76933,20220423,685,48,7,3,297.37,Wrong size,True
4354,76853,20220403,1781,55,7,1,305.58,Wrong size,True
4355,76945,20220518,1795,48,7,2,151.86,Damaged,False
4356,76917,20220416,1364,53,7,3,483.52,Wrong size,True
4357,76871,20220417,328,44,7,4,947.23,Wrong size,True
4358,76927,20220426,1327,38,7,2,499.96,Changed mind,True
4359,76980,20220321,1132,56,7,1,119.74,Wrong size,True
4360,77021,20220317,485,66,7,6,577.99,Late delivery,True
4361,77000,20220410,1052,79,7,7,2510.07,Other,False
4362,77057,20220404,132,8,8,1,1859.74,Wrong size,True
4363,77092,20220505,1630,30,8,1,57.53,Late delivery,False
4364,77143,20220430,735,24,8,3,80.66,Wrong size,True
4365,77171,20220504,765,14,8,1,76.97,Other,True
4366,77158,20220401,1745,16,8,3,260.53,Changed mind,True
4367,77099,20220506,1415,30,8,1,50.99,Changed mind,True
4368,77210,20220329,1739,22,8,2,173.71,Changed mind,True
4369,77163,20220508,327,28,8,1,33.36,Changed mind,True
4370,77167,20220417,327,22,8,7,787.1,Changed mind,True
4371,77135,20220410,551,27,8,3,249.82,Wrong size,True
4372,77332,20220408,756,50,8,1,188.33,Wrong size,True
4373,77304,20220320,1870,55,8,2,595.28,Changed mind,False
4374,77315,20220429,822,49,8,3,496.92,Changed mind,True
4375,77372,20220503,304,54,8,1,102.41,Warranty,True
4376,77437,20220329,1342,67,8,1,114.83,Wrong size,True
4377,77426,20220521,741,72,8,1,264.42,Warranty,True
4378,77482,20220405,149,103,8,1,607.52,Other,True
4379,77489,20220425,1019,100,8,1,803.12,Wrong size,True
4380,77668,20220430,1255,21,9,1,75.89,Damaged,False
4381,77755,20220513,272,21,9,1,80.88,Changed mind,True
4382,77744,20220323,239,26,9,2,25.24,Damaged,False
4383,77566,20220415,683,15,9,1,20.71,Late delivery,True
4384,77551,20220501,267,15,9,3,57.62,Late delivery,True
4385,77939,20220405,1528,15,9,1,22.34,Changed mind,True
4386,77537,20220410,856,22,9,2,163.82,Changed mind,True
4387,77695,20220422,521,16,9,1,104.82,Warranty,True
4388,77767,20220415,507,29,9,1,114.97,Wrong size,False
4389,77598,20220502,1701,16,9,6,590.74,Damaged,False
4390,77718,20220330,1236,27,9,3,228.96,Wrong size,True
4391,77927,20220411,1866,26,9,1,8.36,Damaged,False
4392,77800,20220406,875,20,9,2,208.07,Changed mind,True
4393,77882,20220424,77,24,9,1,31.87,Late delivery,True
4394,77589,20220419,1212,29,9,3,342.95,Changed mind,True
4395,77970,20220402,88,56,9,1,154.18,Changed mind,True
4396,77983,20220516,664,45,9,4,532.22,Warranty,False
4397,77944,20220508,1560,54,9,1,122.72,Late delivery,True
4398,78076,20220408,1070,56,9,2,304.39,Late delivery,True
4399,78050,20220403,510,53,9,2,344.66,Warranty,True
4400,78023,20220412,133,43,9,1,145.28,Changed mind,True
4401,78032,20220415,1990,49,9,3,303.82,Changed mind,True
4402,77952,20220414,825,43,9,3,164.84,Damaged,False
4403,78060,20220429,288,41,9,4,994.58,Warranty,True
4404,78035,20220425,485,52,9,1,156.83,Damaged,False
4405,78096,20220511,637,69,9,1,324.59,Changed mind,True
4406,78099,20220518,1004,76,9,4,764.21,Late delivery,True
4407,78162,20220506,1732,69,9,1,344.14,Changed mind,True
4408,78318,20220329,1504,23,10,1,103.01,Damaged,False
4409,78545,20220420,367,32,10,1,79.43,Other,True
4410,78426,20220404,1400,18,10,2,146.09,Late delivery,True
4411,78762,20220414,1777,14,10,1,95.79,Changed mind,True
4412,78463,20220407,1390,23,10,1,52.76,Wrong size,True
4413,78697,20220429,392,26,10,1,10.18,Damaged,False
4414,78782,20220513,1365,15,10,1,17.16,Warranty,False
4415,78727,20220509,581,18,10,1,90.81,Other,True
4416,78666,20220513,205,34,10,1,63.3,Other,False
4417,78271,20220402,613,22,10,1,87.68,Wrong size,True
4418,78310,20220330,919,30,10,10,465.95,Wrong size,True
4419,78324,20220325,511,30,10,2,96.96,Changed mind,True
4420,79128,20220411,932,53,10,1,150.45,Changed mind,True
4421,79121,20220410,514,54,10,5,551.07,Late delivery,True
4422,78827,20220502,1823,47,10,1,85.24,Wrong size,True
4423,79132,20220422,714,43,10,1,112.59,Damaged,False
4424,79005,20220507,16,53,10,1,168.33,Wrong size,True
4425,78900,20220418,1024,50,10,6,1122.38,Wrong size,True
4426,78893,20220430,1295,55,10,2,626.51,Wrong size,False
4427,78918,20220409,1687,54,10,1,113.77,Changed mind,True
4428,78843,20220308,354,43,10,1,132.34,Damaged,False
4429,79181,20220325,1977,40,10,5,1403.93,Damaged,False
4430,79194,20220404,326,43,10,1,115.45,Other,True
4431,78912,20220311,1196,44,10,6,1476.75,Damaged,False
4432,79176,20220502,1474,46,10,1,197.35,Changed mind,True
4433,79012,20220519,1157,45,10,3,437.57,Wrong size,True
4434,78828,20220429,55,43,10,1,129.21,Damaged,False
4435,78935,20220402,1416,52,10,1,62.24,Warranty,True
4436,78937,20220411,422,55,10,2,486.46,Wrong size,True
4437,78910,20220430,867,35,10,1,68.74,Warranty,True
4438,78954,20220503,80,55,10,1,341.17,Wrong size,False
4439,78967,20220506,862,37,10,3,281.86,Late delivery,True
4440,79102,20220328,1038,35,10,1,72.42,Wrong size,False
4441,79040,20220420,1744,52,10,1,54.2,Warranty,False
4442,78996,20220410,367,44,10,1,257.77,Wrong size,False
4443,78930,20220410,1573,45,10,1,143.46,Changed mind,True
4444,78886,20220506,1652,47,10,1,98.17,Damaged,False
4445,79106,20220519,224,43,10,4,473.28,Wrong size,True
4446,79210,20220405,830,65,10,1,46.08,Wrong size,True
4447,79602,20220425,1819,13,11,1,11.05,Wrong size,True
4448,79584,20220318,995,24,11,1,32.91,Warranty,False
4449,79523,20220516,347,16,11,2,171.57,Wrong size,True
4450,79553,20220428,979,14,11,1,97.87,Changed mind,True
4451,79693,20220404,1691,39,11,1,126.68,Other,False
4452,79658,20220504,185,43,11,4,516.18,Changed mind,True
4453,79730,20220426,1140,50,11,1,156.21,Late delivery,True
4454,79868,20220504,1811,38,11,5,981.26,Wrong size,True
4455,79671,20220419,1844,47,11,2,173.9,Wrong size,True
4456,79776,20220402,45,35,11,1,83.36,Damaged,False
4457,79809,20220407,1724,47,11,3,352.87,Wrong size,True
4458,79796,20220309,1506,52,11,1,52.11,Wrong size,True
4459,79747,20220423,1358,40,11,5,1135.95,Wrong size,True
4460,80014,20220505,257,84,11,1,144.15,Warranty,True
4461,80038,20220506,1148,98,11,6,1012.12,Warranty,True
4462,80051,20220411,1628,100,11,8,5263.75,Wrong size,True
4463,80095,20220502,112,2,12,1,1363.88,Warranty,False
4464,80323,20220510,1737,18,12,2,168.65,Other,True
4465,80400,20220430,1747,28,12,1,39.49,Wrong size,True
4466,80278,20220505,1638,31,12,3,271.41,Warranty,False
4467,80211,20220413,658,17,12,2,188.85,Wrong size,False
4468,80344,20220324,803,23,12,1,50.88,Late delivery,True
4469,80147,20220406,1309,14,12,1,61.69,Damaged,False
4470,80201,20220412,946,22,12,1,90.8,Damaged,False
4471,80198,20220421,926,15,12,1,15.41,Changed mind,True
4472,80331,20220507,98,21,12,1,84.42,Changed mind,False
4473,80099,20220413,1274,16,12,1,77.35,Warranty,False
4474,80633,20220320,962,39,12,2,268.99,Warranty,False
4475,80422,20220315,306,54,12,1,61.11,Other,True
4476,80581,20220412,1307,35,12,5,344.56,Wrong size,True
4477,80619,20220501,1796,49,12,1,53.72,Damaged,False
4478,80468,20220413,1615,41,12,1,227.64,Changed mind,False
4479,80588,20220408,1468,36,12,5,960.27,Other,True
4480,80413,20220405,1577,55,12,2,466.09,Wrong size,True
4481,80523,20220428,1179,47,12,2,215.33,Wrong size,True
4482,80692,20220425,1094,80,12,1,128.59,Wrong size,True
4483,80694,20220502,1613,79,12,1,316.74,Changed mind,True
4484,80707,20220501,1357,85,12,1,373.87,Damaged,False
4485,80796,20220516,91,107,12,1,497.52,Late delivery,True
4486,80851,20220512,1325,30,1,4,196.42,Damaged,False
4487,80843,20220514,1883,16,1,1,77.41,Changed mind,True
4488,80907,20220520,1531,15,1,1,16.87,Wrong size,True
4489,80870,20220514,1156,22,1,1,74.63,Late delivery,True
4490,80869,20220604,1966,26,1,1,14.19,Changed mind,False
4491,80825,20220412,1734,19,1,4,265.71,Warranty,True
4492,80840,20220420,973,18,1,1,89.6,Changed mind,True
4493,80939,20220527,1715,19,1,5,352.09,Changed mind,True
4494,80973,20220523,1792,44,1,1,255.37,Damaged,False
4495,80979,20220421,1646,52,1,1,64.07,Damaged,False
4496,80978,20220531,797,40,1,4,960.78,Changed mind,True
4497,81037,20220507,750,39,1,2,209.65,Changed mind,True
4498,81059,20220526,185,47,1,1,205.82,Wrong size,True
4499,80995,20220521,1402,41,1,1,230.61,Damaged,False
4500,81020,20220519,901,37,1,1,97.58,Wrong size,True
4501,81011,20220428,406,45,1,1,117.69,Warranty,False
4502,80993,20220521,1407,50,1,1,145.39,Changed mind,True
4503,81074,20220428,202,49,1,8,525.09,Damaged,False
4504,81091,20220514,448,72,1,1,262.82,Warranty,True
4505,81232,20220527,200,4,2,1,2051.57,Damaged,False
4506,81227,20220519,49,8,2,1,1983.7,Wrong size,True
4507,81277,20220529,1289,20,2,2,219.32,Wrong size,True
4508,81459,20220503,440,26,2,2,25.84,Wrong size,True
4509,81312,20220506,39,19,2,2,107.33,Wrong size,True
4510,81368,20220610,106,32,2,1,22.92,Warranty,False
4511,81495,20220504,941,15,2,1,13.92,Late delivery,False
4512,81317,20220515,458,26,2,1,12.56,Changed mind,False
4513,81261,20220521,124,27,2,1,64.46,Other,True
4514,81553,20220527,43,56,2,1,142.98,Warranty,True
4515,81613,20220516,193,56,2,2,266.02,Damaged,False
4516,81601,20220430,977,51,2,1,187.27,Wrong size,True
4517,81691,20220520,408,36,2,12,1785.58,Late delivery,True
4518,81618,20220607,1182,43,2,1,124.2,Wrong size,True
4519,81538,20220525,153,45,2,2,260.71,Late delivery,False
4520,81693,20220517,124,55,2,1,274.9,Late delivery,True
4521,81543,20220529,1093,35,2,1,66.46,Wrong size,True
4522,81673,20220506,248,36,2,1,189.66,Warranty,True
4523,81559,20220521,621,43,2,2,265.35,Wrong size,True
4524,81516,20220510,532,50,2,2,403.17,Changed mind,True
4525,81697,20220531,474,44,2,1,230.78,Changed mind,True
4526,81864,20220602,785,96,2,1,542.97,Changed mind,True
4527,81865,20220528,1647,103,2,1,567.93,Changed mind,False
4528,81873,20220527,1529,5,3,1,3233.95,Wrong size,True
4529,81874,20220610,1035,4,3,1,2655.89,Warranty,False
4530,82116,20220503,1570,24,3,3,96.54,Wrong size,True
4531,81974,20220510,1782,33,3,1,67.13,Wrong size,True
4532,82042,20220502,726,20,3,1,119.61,Wrong size,True
4533,82152,20220424,748,27,3,2,130.41,Warranty,False
4534,82173,20220510,1584,17,3,1,51.54,Wrong size,True
4535,82290,20220522,1895,37,3,2,185.01,Changed mind,True
4536,82280,20220429,314,55,3,1,272.73,Changed mind,True
4537,82404,20220513,1685,63,3,5,1326.91,Late delivery,True
4538,82390,20220505,458,80,3,4,797.58,Damaged,False
4539,82528,20220606,1817,93,3,1,148.18,Changed mind,True
4540,83046,20220413,1013,30,4,1,37.82,Late delivery,True
4541,83005,20220509,1652,31,4,1,60.13,Late delivery,True
4542,82639,20220517,1640,32,4,2,43.16,Changed mind,True
4543,82710,20220425,88,18,4,8,630.59,Damaged,False
4544,82624,20220518,928,28,4,3,76.76,Damaged,False
4545,82827,20220429,157,19,4,1,68.67,Wrong size,True
4546,82690,20220501,1998,16,4,6,454.18,Changed mind,True
4547,82629,20220509,390,14,4,2,159.46,Wrong size,True
4548,82876,20220522,171,19,4,7,431.36,Other,True
4549,82888,20220425,1839,18,4,1,74.63,Wrong size,False
4550,82673,20220506,557,22,4,1,109.51,Changed mind,True
4551,82619,20220529,1801,28,4,1,89.6,Wrong size,True
4552,83095,20220523,742,14,4,2,144.17,Warranty,True
4553,82986,20220608,1632,24,4,2,75.79,Wrong size,True
4554,82766,20220524,1716,15,4,6,101.07,Damaged,False
4555,82852,20220514,215,21,4,4,340.72,Wrong size,True
4556,82668,20220430,1493,23,4,1,56.36,Late delivery,True
4557,82925,20220529,728,13,4,1,75.06,Wrong size,True
4558,83248,20220607,1255,39,4,3,335.23,Wrong size,True
4559,83242,20220418,366,36,4,1,233.14,Late delivery,True
4560,83236,20220517,564,48,4,2,264.6,Damaged,False
4561,83255,20220519,1768,41,4,1,209.87,Other,True
4562,83151,20220525,1406,41,4,1,290.21,Warranty,True
4563,83178,20220419,99,56,4,1,184.99,Changed mind,True
4564,83262,20220602,1230,61,4,8,2690.33,Other,False
4565,83272,20220508,1666,77,4,3,242.68,Late delivery,True
4566,83375,20220513,1113,88,4,2,229.34,Damaged,False
4567,83348,20220606,1144,86,4,1,224.94,Late delivery,True
4568,83403,20220531,686,101,4,1,525.02,Wrong size,False
4569,83499,20220604,626,24,5,1,30.08,Warranty,False
4570,83433,20220506,1855,20,5,1,125.64,Wrong size,True
4571,83530,20220606,1316,28,5,2,75.9,Damaged,False
4572,83511,20220602,660,24,5,2,63.55,Damaged,False
4573,83581,20220521,290,45,5,1,144.05,Warranty,True
4574,83671,20220429,1972,56,5,1,128.31,Wrong size,True
4575,83742,20220526,533,48,5,5,806.59,Wrong size,True
4576,83588,20220605,964,50,5,2,270.91,Changed mind,True
4577,83535,20220508,1677,38,5,4,724.64,Changed mind,True
4578,83744,20220530,794,53,5,4,788.87,Damaged,False
4579,83562,20220507,1503,46,5,1,170.03,Changed mind,True
4580,83646,20220503,1309,55,5,3,705.82,Wrong size,True
4581,83748,20220426,1731,40,5,1,251.55,Damaged,False
4582,83579,20220611,832,47,5,1,103.55,Late delivery,True
4583,83722,20220515,361,56,5,2,275.97,Other,True
4584,83768,20220512,1705,74,5,4,641.63,Damaged,False
4585,83808,20220505,1074,88,5,1,313.22,Damaged,False
4586,83865,20220504,1125,105,5,2,891.13,Changed mind,True
4587,83929,20220525,19,4,6,1,1951.36,Wrong size,True
4588,84080,20220418,799,29,6,3,372.98,Other,True
4589,83993,20220521,1618,32,6,3,61.11,Wrong size,True
4590,83967,20220511,1258,21,6,1,61.53,Damaged,False
4591,84053,20220519,1915,26,6,1,12.57,Changed mind,True
4592,83940,20220516,428,20,6,2,210.85,Changed mind,True
4593,84230,20220505,344,40,6,1,119.01,Changed mind,False
4594,84175,20220529,660,53,6,2,133.33,Changed mind,True
4595,84167,20220505,956,54,6,1,105.99,Wrong size,True
4596,84145,20220611,654,46,6,3,466.88,Damaged,False
4597,84279,20220420,721,46,6,5,1072.68,Warranty,False
4598,84299,20220513,31,43,6,1,129.04,Other,True
4599,84222,20220505,1158,56,6,5,625.18,Wrong size,True
4600,84157,20220601,290,55,6,1,100.04,Wrong size,True
4601,84173,20220509,658,43,6,1,121.38,Changed mind,True
4602,84148,20220527,532,56,6,1,141.18,Late delivery,True
4603,84139,20220426,613,48,6,1,134.47,Wrong size,False
4604,84386,20220523,858,75,6,1,213.62,Damaged,False
4605,84451,20220503,1147,79,6,2,720.57,Changed mind,True
4606,84336,20220508,1576,71,6,1,309.47,Damaged,False
4607,84514,20220608,1760,99,6,1,421.45,Late delivery,True
4608,84578,20220505,1054,29,7,3,313.69,Changed mind,True
4609,84664,20220424,142,17,7,3,190.4,Damaged,False
4610,84674,20220531,1647,25,7,1,138.86,Wrong size,True
4611,84634,20220529,501,33,7,1,71.27,Late delivery,True
4612,84623,20220524,454,30,7,2,90.83,Damaged,False
4613,84587,20220531,1497,22,7,1,100.26,Late delivery,False
4614,84572,20220614,1137,15,7,1,20.3,Wrong size,True
4615,84712,20220524,159,46,7,1,254.42,Wrong size,True
4616,84732,20220517,189,43,7,5,699.13,Wrong size,True
4617,84720,20220609,1725,54,7,1,91.37,Changed mind,True
4618,84733,20220618,897,49,7,1,77.25,Changed mind,True
4619,84823,20220417,1631,77,7,1,100.21,Other,True
4620,84809,20220513,1258,67,7,1,136.01,Warranty,False
4621,84778,20220531,1934,79,7,1,371.36,Wrong size,True
4622,84851,20220604,1855,65,7,1,38.57,Other,True
4623,84813,20220421,1359,70,7,1,156.37,Damaged,False
4624,84938,20220604,1943,98,7,2,240.46,Other,True
4625,84947,20220509,560,108,7,1,519.23,Changed mind,True
4626,84960,20220606,1801,1,8,1,944.52,Changed mind,False
4627,85038,20220529,54,24,8,1,30.57,Damaged,False
4628,85091,20220527,908,19,8,1,65.75,Other,True
4629,85058,20220524,554,16,8,1,104.87,Warranty,True
4630,85194,20220514,612,35,8,1,54.4,Late delivery,True
4631,85235,20220420,1818,39,8,1,131.53,Other,False
4632,85162,20220512,718,45,8,1,135.75,Wrong size,True
4633,85173,20220430,656,39,8,2,222.76,Late delivery,True
4634,85232,20220412,266,51,8,3,539.55,Late delivery,True
4635,85282,20220504,628,51,8,1,286.78,Changed mind,True
4636,85170,20220515,174,40,8,1,268.74,Wrong size,True
4637,85204,20220422,877,49,8,2,149.89,Warranty,False
4638,85366,20220609,1895,73,8,1,243.42,Damaged,False
4639,85396,20220528,563,89,8,6,1641.11,Warranty,True
4640,85477,20220525,390,96,8,1,650.85,Changed mind,False
4641,85487,20220531,951,6,9,6,7313.95,Damaged,False
4642,85573,20220521,1733,13,9,6,74.14,Other,True
4643,85544,20220426,1040,22,9,1,75.25,Late delivery,True
4644,85604,20220524,653,34,9,11,567.64,Changed mind,False
4645,85611,20220531,1590,43,9,1,139.92,Wrong size,True
4646,85721,20220425,119,56,9,2,356.03,Wrong size,True
4647,85680,20220514,1227,47,9,1,85.27,Damaged,False
4648,85751,20220528,475,46,9,3,452.6,Changed mind,True
4649,85657,20220509,1803,49,9,1,318.86,Late delivery,True
4650,85821,20220511,551,60,9,1,433.68,Changed mind,False
4651,85903,20220504,900,86,9,4,905.19,Warranty,False
4652,85901,20220504,1643,93,9,1,242.19,Wrong size,True
4653,85944,20220513,1227,104,9,1,386.35,Changed mind,False
4654,85989,20220521,703,99,9,1,526.25,Wrong size,True
4655,85990,20220509,456,94,9,1,389.67,Changed mind,True
4656,86581,20220525,260,15,10,1,18.51,Damaged,False
4657,86123,20220510,1423,15,10,1,16.74,Damaged,False
4658,86252,20220610,667,30,10,1,15.01,Late delivery,True
4659,86063,20220512,732,14,10,2,158.33,Wrong size,True
4660,86049,20220426,1825,28,10,1,34.62,Other,True
4661,86324,20220505,1798,18,10,1,88.11,Wrong size,True
4662,86197,20220526,760,13,10,5,57.93,Damaged,False
4663,86335,20220419,1242,18,10,3,243.25,Other,True
4664,86333,20220514,64,33,10,8,428.67,Damaged,False
4665,86544,20220521,525,26,10,2,24.09,Wrong size,True
4666,86352,20220513,1171,28,10,4,146.31,Wrong size,True
4667,86593,20220508,598,17,10,3,205.12,Changed mind,True
4668,86083,20220430,1958,23,10,3,169.44,Other,False
4669,86723,20220612,349,39,10,7,844.59,Changed mind,True
4670,86616,20220520,835,55,10,4,1251.43,Wrong size,True
4671,86799,20220416,1202,53,10,1,176.35,Changed mind,True
4672,86721,20220528,1006,52,10,2,90.36,Wrong size,True
4673,86782,20220501,613,35,10,1,74.86,Wrong size,True
4674,86650,20220428,726,35,10,3,238.47,Damaged,False
4675,86773,20220617,395,55,10,2,544.65,Late delivery,True
4676,86679,20220501,384,35,10,3,205.43,Wrong size,True
4677,86749,20220610,1602,47,10,1,100.48,Damaged,False
4678,86935,20220502,1657,78,10,1,159.41,Damaged,False
4679,86973,20220603,1392,65,10,2,70.35,Changed mind,True
4680,86875,20220502,379,79,10,1,316.64,Other,True
4681,86865,20220522,897,67,10,1,84.95,Changed mind,False
4682,86840,20220516,281,77,10,4,248.74,Late delivery,True
4683,86868,20220524,317,67,10,2,279.56,Late delivery,True
4684,86889,20220501,1157,67,10,6,955.94,Wrong size,True
4685,86836,20220423,1568,79,10,1,344.48,Other,True
4686,86970,20220605,642,63,10,2,403.4,Damaged,False
4687,87027,20220504,1247,88,10,1,101.72,Changed mind,True
4688,87105,20220427,51,92,10,2,928.21,Wrong size,True
4689,87091,20220605,889,82,10,1,520.77,Warranty,True
4690,87031,20220511,1262,93,10,1,238.08,Changed mind,True
4691,87199,20220611,794,28,11,1,29.13,Wrong size,True
4692,87325,20220423,186,23,11,3,32.7,Late delivery,True
4693,87316,20220528,53,19,11,1,71.38,Wrong size,True
4694,87188,20220515,1841,19,11,1,72.72,Changed mind,True
4695,87291,20220518,1448,19,11,6,417.93,Late delivery,True
4696,87274,20220509,746,28,11,2,64.8,Changed mind,True
4697,87341,20220506,1724,38,11,1,75.5,Wrong size,True
4698,87422,20220505,1782,56,11,1,152.23,Changed mind,True
4699,87446,20220603,436,36,11,1,165.85,Changed mind,True
4700,87416,20220511,1629,46,11,1,163.92,Wrong size,True
4701,87527,20220430,884,79,11,1,303.97,Changed mind,True
4702,87525,20220422,1654,70,11,1,198.3,Damaged,False
4703,87541,20220505,1960,74,11,2,294.44,Other,True
4704,87584,20220529,880,91,11,7,2805.53,Other,True
4705,87582,20220526,684,88,11,5,690.64,Late delivery,True
4706,87660,20220428,1796,105,11,2,870.06,Wrong size,True
4707,87695,20220607,1030,11,12,1,2853.4,Late delivery,True
4708,87836,20220607,49,21,12,2,149.46,Late delivery,True
4709,87811,20220503,1084,26,12,4,38.17,Late delivery,True
4710,87821,20220605,1832,16,12,11,166.35,Changed mind,False
4711,87914,20220501,1405,53,12,1,145.0,Wrong size,True
4712,87927,20220511,994,39,12,1,111.14,Changed mind,False
4713,87956,20220529,594,53,12,8,1154.99,Warranty,False
4714,88013,20220530,277,46,12,1,216.24,Wrong size,True
4715,87932,20220601,1361,43,12,4,498.69,Wrong size,True
4716,87909,20220622,1233,47,12,1,103.72,Late delivery,True
4717,87842,20220523,712,37,12,1,89.56,Late delivery,True
4718,87976,20220518,1008,43,12,1,159.9,Wrong size,True
4719,87903,20220606,1313,52,12,1,115.13,Changed mind,True
4720,87922,20220514,958,51,12,1,188.74,Wrong size,True
4721,87900,20220428,940,50,12,1,69.75,Wrong size,True
4722,88109,20220510,1434,69,12,1,222.59,Damaged,False
4723,88080,20220606,874,59,12,1,39.17,Wrong size,True
4724,88194,20220602,297,99,12,1,568.16,Changed mind,True
4725,88199,20220518,1338,97,12,2,1376.6,Changed mind,True
4726,88193,20220425,194,104,12,1,408.34,Changed mind,True
4727,88473,20220608,491,29,1,2,240.07,Warranty,False
4728,88530,20220711,1198,24,1,1,30.42,Warranty,False
4729,88393,20220611,585,20,1,1,122.48,Wrong size,True
4730,88318,20220621,672,23,1,2,57.16,Other,True
4731,88520,20220526,1925,20,1,1,120.54,Changed mind,True
4732,88316,20220615,217,23,1,1,60.83,Warranty,True
4733,88409,20220630,1484,17,1,1,69.86,Warranty,True
4734,88365,20220604,1709,28,1,1,36.8,Changed mind,True
4735,88549,20220611,172,54,1,3,304.12,Wrong size,False
4736,88544,20220614,121,49,1,1,67.43,Damaged,False
4737,88576,20220614,751,39,1,3,378.62,Late delivery,True
4738,88604,20220606,64,76,1,2,447.28,Changed mind,False
4739,88664,20220707,1970,93,1,1,140.59,Other,False
4740,88862,20220605,1185,18,2,3,232.05,Changed mind,True
4741,88829,20220524,695,14,2,7,532.56,Wrong size,True
4742,88861,20220524,1729,26,2,9,118.67,Changed mind,False
4743,88806,20220706,419,34,2,2,107.55,Changed mind,True
4744,88783,20220531,986,15,2,1,18.44,Warranty,False
4745,88812,20220701,258,27,2,1,60.31,Changed mind,True
4746,88796,20220709,235,27,2,4,284.59,Changed mind,True
4747,88830,20220616,916,19,2,2,146.28,Wrong size,True
4748,88780,20220705,1608,21,2,1,70.69,Late delivery,True
4749,88955,20220613,866,43,2,2,278.21,Warranty,False
4750,88987,20220521,1986,35,2,1,68.03,Warranty,False
4751,89043,20220607,93,60,2,1,325.37,Late delivery,True
4752,89020,20220629,1329,80,2,3,494.26,Changed mind,True
4753,89119,20220610,1686,87,2,2,227.47,Other,True
4754,89095,20220617,744,86,2,1,254.81,Wrong size,True
4755,89155,20220626,649,83,2,1,477.85,Wrong size,True
4756,89153,20220617,995,82,2,2,861.19,Late delivery,True
4757,89128,20220713,1683,91,2,9,3702.46,Other,True
4758,89102,20220603,182,92,2,2,914.86,Damaged,False
4759,89201,20220613,1547,6,3,2,8830.44,Late delivery,True
4760,89366,20220624,1912,16,3,1,94.81,Changed mind,False
4761,89265,20220606,1188,22,3,2,231.26,Late delivery,True
4762,89319,20220613,519,21,3,1,79.42,Wrong size,False
4763,89390,20220609,1363,16,3,1,80.52,Damaged,False
4764,89274,20220530,1384,23,3,3,164.74,Late delivery,True
4765,89324,20220705,203,19,3,5,406.1,Wrong size,False
4766,89278,20220712,742,30,3,3,154.33,Wrong size,False
4767,89247,20220710,1694,22,3,3,263.61,Other,True
4768,89388,20220608,656,17,3,1,61.47,Wrong size,True
4769,89461,20220625,1474,50,3,1,212.75,Wrong size,True
4770,89427,20220527,1506,47,3,1,108.22,Wrong size,False
4771,89438,20220710,342,55,3,1,270.24,Changed mind,False
4772,89544,20220620,703,72,3,4,948.48,Damaged,False
4773,89528,20220621,969,77,3,2,146.06,Changed mind,True
4774,89515,20220624,458,71,3,1,351.66,Changed mind,True
4775,89609,20220613,133,85,3,2,701.07,Wrong size,True
4776,89637,20220605,711,101,3,1,539.5,Wrong size,True
4777,89641,20220708,1986,97,3,4,2513.19,Other,True
4778,89779,20220614,1276,16,4,1,89.4,Wrong size,True
4779,89760,20220704,816,31,4,2,137.41,Wrong size,True
4780,89759,20220623,1239,28,4,2,67.3,Damaged,False
4781,89773,20220514,1507,20,4,1,78.42,Wrong size,True
4782,89814,20220607,694,21,4,1,43.8,Warranty,False
4783,89811,20220605,1277,18,4,4,339.84,Damaged,False
4784,89935,20220711,96,45,4,2,294.82,Wrong size,False
4785,89917,20220616,1594,40,4,1,293.92,Wrong size,True
4786,89926,20220608,1663,48,4,1,167.94,Wrong size,True
4787,89897,20220627,1246,41,4,4,875.15,Changed mind,True
4788,89912,20220703,1727,53,4,5,727.28,Wrong size,True
4789,89911,20220614,446,48,4,3,383.45,Late delivery,True
4790,89940,20220708,1754,57,4,2,631.47,Late delivery,False
4791,90050,20220611,54,75,4,2,216.64,Other,True
4792,90010,20220621,173,60,4,1,486.99,Wrong size,True
4793,90157,20220612,3,3,5,1,2128.37,Other,True
4794,90138,20220623,876,8,5,1,1776.47,Damaged,False
4795,90186,20220626,476,28,5,1,31.03,Damaged,False
4796,90308,20220518,660,34,5,2,96.12,Other,True
4797,90208,20220621,1466,33,5,14,1055.62,Warranty,True
4798,90224,20220527,886,13,5,3,28.9,Damaged,False
4799,90243,20220512,967,13,5,1,10.79,Other,True
4800,90410,20220603,505,56,5,5,684.92,Late delivery,True
4801,90365,20220613,227,35,5,3,499.37,Wrong size,False
4802,90500,20220621,11,56,5,1,169.98,Wrong size,True
4803,90380,20220628,789,56,5,1,150.54,Changed mind,True
4804,90459,20220705,1432,38,5,1,185.8,Damaged,False
4805,90436,20220524,1154,52,5,6,317.49,Late delivery,True
4806,90525,20220605,278,56,5,1,148.78,Wrong size,True
4807,90498,20220611,1090,41,5,1,236.11,Changed mind,True
4808,90426,20220527,423,40,5,2,508.21,Wrong size,True
4809,90514,20220628,1432,43,5,2,245.41,Warranty,True
4810,90621,20220702,1268,65,5,3,121.97,Warranty,False
4811,90640,20220605,505,69,5,1,309.71,Changed mind,False
4812,90619,20220709,683,79,5,1,342.94,Wrong size,False
4813,90615,20220708,1500,64,5,1,156.51,Changed mind,False
4814,90689,20220606,1491,77,5,4,256.89,Other,True
4815,90646,20220703,1786,71,5,5,1590.88,Damaged,False
4816,90715,20220609,1703,91,5,1,436.56,Changed mind,True
4817,90806,20220611,1116,4,6,1,2634.77,Warranty,False
4818,90811,20220714,1479,1,6,2,1864.1,Damaged,False
4819,90851,20220619,975,18,6,1,70.81,Late delivery,True
4820,90877,20220620,466,19,6,1,74.53,Wrong size,True
4821,91017,20220706,701,45,6,1,97.1,Other,True
4822,90997,20220711,1600,55,6,1,249.46,Wrong size,True
4823,90992,20220610,365,53,6,1,175.05,Wrong size,True
4824,91019,20220606,1147,43,6,3,409.73,Late delivery,True
4825,90918,20220621,1270,52,6,2,103.9,Warranty,True
4826,90929,20220530,546,44,6,7,1502.8,Changed mind,True
4827,90985,20220627,1850,47,6,5,547.43,Late delivery,True
4828,91078,20220607,1153,63,6,1,161.41,Wrong size,True
4829,91114,20220706,1157,65,6,1,119.83,Wrong size,False
4830,91152,20220523,487,58,6,1,356.84,Damaged,False
4831,91074,20220709,1954,65,6,2,69.97,Changed mind,False
4832,91143,20220527,441,58,6,1,311.99,Damaged,False
4833,91134,20220629,57,60,6,3,1465.62,Wrong size,True
4834,91253,20220602,595,84,6,1,162.03,Changed mind,True
4835,91325,20220611,180,28,7,1,34.28,Changed mind,True
4836,91311,20220626,411,19,7,1,57.62,Changed mind,True
4837,91458,20220530,1589,27,7,1,55.28,Changed mind,True
4838,91432,20220528,1467,27,7,1,66.08,Late delivery,True
4839,91314,20220718,470,26,7,3,31.28,Wrong size,True
4840,91491,20220617,714,30,7,1,52.34,Warranty,False
4841,91513,20220616,361,33,7,8,800.32,Other,True
4842,91363,20220627,1741,30,7,1,42.49,Late delivery,True
4843,91339,20220609,1085,25,7,1,76.32,Wrong size,True
4844,91369,20220708,214,34,7,2,94.0,Warranty,False
4845,91469,20220629,1264,22,7,6,475.13,Damaged,False
4846,91492,20220527,166,22,7,1,92.3,Other,True
4847,91688,20220627,826,56,7,2,306.03,Changed mind,True
4848,91652,20220512,1495,50,7,2,319.36,Warranty,False
4849,91646,20220614,612,47,7,3,234.46,Changed mind,True
4850,91649,20220628,1031,51,7,2,439.11,Damaged,False
4851,91626,20220630,49,44,7,1,267.81,Damaged,False
4852,91625,20220716,834,53,7,5,734.92,Late delivery,True
4853,91618,20220625,939,48,7,1,97.58,Wrong size,True
4854,91734,20220608,1348,67,7,2,279.1,Warranty,True
4855,91808,20220609,758,88,7,3,411.42,Wrong size,True
4856,91779,20220604,286,81,7,1,310.55,Changed mind,False
4857,92028,20220704,1730,22,8,1,119.29,Wrong size,True
4858,92025,20220613,647,21,8,5,222.34,Wrong size,True
4859,91977,20220604,1017,24,8,1,29.75,Warranty,False
4860,91864,20220621,206,14,8,1,67.08,Damaged,False
4861,92119,20220608,1082,28,8,1,32.76,Changed mind,True
4862,91931,20220621,361,21,8,1,72.33,Wrong size,True
4863,91880,20220706,107,32,8,5,554.17,Wrong size,True
4864,91999,20220713,1316,24,8,1,34.55,Wrong size,True
4865,91899,20220608,59,16,8,1,90.84,Wrong size,True
4866,92034,20220610,599,30,8,3,31.34,Warranty,True
4867,92251,20220529,1029,43,8,6,774.15,Changed mind,True
4868,92191,20220607,513,50,8,1,182.05,Late delivery,True
4869,92165,20220606,1841,47,8,1,97.04,Changed mind,False
4870,92139,20220616,1715,45,8,1,128.81,Changed mind,True
4871,92202,20220620,1196,49,8,1,61.91,Warranty,False
4872,92272,20220717,1267,72,8,1,275.21,Warranty,False
4873,92291,20220616,1551,74,8,1,177.69,Wrong size,True
4874,92293,20220708,107,59,8,1,52.48,Changed mind,True
4875,92320,20220606,1819,85,8,3,1189.95,Warranty,False
4876,92325,20220601,1394,104,8,3,1438.5,Late delivery,True
4877,92379,20220613,1145,14,9,2,166.68,Late delivery,True
4878,92534,20220628,535,45,9,3,488.87,Wrong size,True
4879,92468,20220629,526,43,9,1,132.03,Wrong size,True
4880,92461,20220512,1942,45,9,3,316.68,Damaged,False
4881,92548,20220719,1661,49,9,3,192.55,Late delivery,False
4882,92427,20220702,579,46,9,1,182.79,Wrong size,False
4883,92503,20220704,1039,39,9,1,112.56,Changed mind,False
4884,92520,20220626,900,46,9,2,404.35,Warranty,True
4885,92442,20220711,887,47,9,8,586.01,Late delivery,True
4886,92575,20220701,1686,74,9,1,206.43,Changed mind,True
4887,92703,20220606,143,9,10,1,909.97,Changed mind,True
4888,92745,20220606,975,32,10,2,31.43,Changed mind,True
4889,92845,20220614,190,20,10,1,133.5,Damaged,False
4890,92806,20220619,790,31,10,3,163.24,Wrong size,True
4891,92830,20220620,1545,28,10,2,69.19,Late delivery,True
4892,92786,20220608,1221,30,10,3,146.3,Changed mind,False
4893,92898,20220706,1883,44,10,9,1928.0,Wrong size,True
4894,92994,20220611,1720,54,10,4,416.2,Changed mind,True
4895,92997,20220627,408,41,10,2,414.62,Wrong size,True
4896,92948,20220617,1591,56,10,2,279.0,Changed mind,True
4897,92899,20220604,272,35,10,1,77.89,Wrong size,True
4898,92934,20220520,1253,35,10,1,98.59,Wrong size,True
4899,92953,20220705,692,47,10,1,100.55,Wrong size,True
4900,92897,20220701,46,47,10,3,301.33,Late delivery,True
4901,93121,20220606,1861,76,10,2,469.49,Changed mind,True
4902,93117,20220619,828,58,10,3,1148.77,Wrong size,False
4903,93114,20220514,1968,78,10,1,161.09,Wrong size,True
4904,93239,20220609,1286,90,10,4,2080.62,Damaged,False
4905,93280,20220527,643,9,11,1,958.33,Damaged,False
4906,93293,20220707,1737,7,11,1,1982.55,Warranty,False
4907,93367,20220627,919,29,11,1,149.82,Other,True
4908,93307,20220622,1384,16,11,1,103.25,Changed mind,True
4909,93479,20220526,268,48,11,3,463.57,Wrong size,True
4910,93482,20220528,1589,45,11,8,1059.66,Late delivery,True
4911,93561,20220612,1546,88,11,1,97.44,Late delivery,True
4912,93581,20220622,1716,83,11,1,370.28,Wrong size,False
4913,93713,20220602,506,28,12,1,37.58,Changed mind,False
4914,94048,20220707,1531,18,12,1,78.98,Other,True
4915,93920,20220628,1759,18,12,9,776.14,Other,True
4916,94117,20220622,115,31,12,1,82.33,Other,True
4917,94137,20220714,1373,28,12,4,145.31,Other,True
4918,94053,20220702,751,29,12,1,121.51,Other,True
4919,93999,20220619,1692,26,12,1,12.21,Changed mind,False
4920,93973,20220523,1957,28,12,2,58.5,Changed mind,True
4921,93844,20220615,915,28,12,1,39.03,Damaged,False
4922,93935,20220625,1611,16,12,1,99.76,Late delivery,True
4923,94083,20220630,545,26,12,3,35.9,Changed mind,False
4924,93826,20220615,1782,15,12,1,21.57,Changed mind,True
4925,94005,20220613,1371,22,12,1,97.7,Late delivery,True
4926,93969,20220707,1378,26,12,2,24.27,Damaged,False
4927,93728,20220522,388,29,12,1,138.02,Changed mind,True
4928,94135,20220601,45,23,12,1,47.9,Changed mind,True
4929,94107,20220716,1777,15,12,2,29.86,Late delivery,True
4930,93696,20220609,866,26,12,1,10.83,Wrong size,True
4931,94164,20220617,845,54,12,2,221.01,Wrong size,True
4932,94143,20220616,893,52,12,4,232.94,Wrong size,False
4933,94212,20220629,399,43,12,2,269.88,Other,True
4934,94159,20220616,587,41,12,1,235.07,Other,True
4935,94203,20220604,242,52,12,1,56.4,Damaged,False
4936,94352,20220614,458,61,12,3,698.14,Changed mind,True
4937,94340,20220612,1649,59,12,2,83.39,Late delivery,True
4938,94319,20220630,1435,77,12,2,429.61,Changed mind,True
4939,94317,20220702,1692,64,12,1,164.21,Changed mind,True
4940,94240,20220619,1015,63,12,2,422.33,Other,True
4941,94323,20220517,499,63,12,1,226.53,Wrong size,True
4942,94360,20220708,947,78,12,4,662.47,Damaged,False
4943,94428,20220615,670,104,12,1,456.25,Damaged,False
4944,94427,20220530,1499,94,12,1,445.17,Wrong size,True
4945,94491,20220624,450,31,1,1,73.54,Late delivery,True
4946,94612,20220626,450,33,1,1,70.21,Warranty,True
4947,94626,20220701,98,18,1,1,86.21,Wrong size,True
4948,94582,20220730,342,18,1,1,71.52,Warranty,False
4949,94632,20220710,1244,32,1,2,22.34,Changed mind,True
4950,94560,20220707,709,33,1,3,211.7,Changed mind,False
4951,94764,20220821,751,46,1,2,449.56,Wrong size,True
4952,94722,20220721,1879,54,1,4,406.76,Wrong size,True
4953,94720,20220810,1174,37,1,1,92.08,Changed mind,True
4954,94806,20220717,310,65,1,1,51.73,Wrong size,True
4955,94850,20220723,295,5,2,1,3433.01,Warranty,True
4956,94971,20220707,709,34,2,2,106.85,Late delivery,True
4957,94990,20220710,1386,24,2,1,34.6,Changed mind,True
4958,94983,20220811,1487,32,2,1,26.93,Damaged,False
4959,94972,20220619,16,27,2,1,82.19,Changed mind,True
4960,94999,20220629,1685,33,2,3,185.3,Changed mind,False
4961,95098,20220716,1049,46,2,4,873.73,Warranty,False
4962,95064,20220707,1808,36,2,1,150.73,Changed mind,True
4963,95053,20220622,43,55,2,1,159.4,Wrong size,True
4964,95118,20220806,445,45,2,2,306.81,Wrong size,True
4965,95056,20220711,1167,50,2,5,537.53,Late delivery,True
4966,95131,20220716,200,55,2,2,487.75,Changed mind,True
4967,95040,20220705,305,41,2,1,110.51,Changed mind,True
4968,95153,20220812,1737,78,2,1,177.51,Changed mind,True
4969,95147,20220720,1552,71,2,1,308.45,Changed mind,True
4970,95167,20220704,223,72,2,1,253.1,Wrong size,True
4971,95332,20220730,991,31,3,2,186.08,Warranty,False
4972,95482,20220715,1262,17,3,3,183.56,Other,True
4973,95503,20220723,916,23,3,1,70.46,Wrong size,True
4974,95404,20220630,84,33,3,1,68.11,Warranty,False
4975,95394,20220804,12,15,3,2,33.33,Changed mind,True
4976,95596,20220705,863,38,3,1,227.96,Late delivery,True
4977,95543,20220726,69,44,3,2,531.26,Wrong size,True
4978,95636,20220712,1275,44,3,1,261.28,Late delivery,True
4979,95557,20220703,1659,52,3,1,58.4,Changed mind,True
4980,95563,20220702,1154,55,3,1,272.68,Wrong size,False
4981,95574,20220810,52,42,3,1,87.57,Wrong size,True
4982,95635,20220708,369,54,3,1,83.11,Wrong size,True
4983,95678,20220720,1405,48,3,1,135.23,Damaged,False
4984,95594,20220704,1414,48,3,2,244.76,Late delivery,False
4985,95575,20220719,1284,39,3,4,511.33,Wrong size,True
4986,95686,20220809,208,40,3,4,818.79,Other,True
4987,95756,20220610,1646,66,3,2,191.28,Wrong size,True
4988,95719,20220727,829,67,3,2,304.5,Wrong size,True
4989,95749,20220710,1563,64,3,1,158.49,Warranty,False
4990,95800,20220801,33,84,3,1,249.49,Damaged,False
4991,95875,20220811,1160,19,4,2,150.28,Late delivery,True
4992,95916,20220701,1847,18,4,3,220.21,Wrong size,True
4993,96060,20220628,381,17,4,2,126.35,Warranty,True
4994,95932,20220712,157,16,4,2,199.1,Changed mind,True
4995,95941,20220729,670,29,4,1,115.32,Changed mind,True
4996,96112,20220826,452,41,4,1,210.34,Changed mind,False
4997,96217,20220717,771,36,4,1,110.55,Changed mind,True
4998,96192,20220814,1993,46,4,1,183.12,Warranty,False
4999,96179,20220705,390,46,4,1,209.39,Warranty,True
5000,96135,20220824,157,47,4,2,188.08,Changed mind,True
5001,96130,20220711,1382,51,4,1,173.71,Late delivery,True
5002,96230,20220726,1735,35,4,1,222.88,Warranty,True
5003,96327,20220727,1958,63,4,1,207.62,Warranty,False
5004,96300,20220714,1847,64,4,1,154.51,Changed mind,True
5005,96501,20220811,147,22,5,2,195.35,Changed mind,True
5006,96537,20220710,1621,18,5,1,68.27,Warranty,False
5007,96547,20220703,147,22,5,1,92.75,Other,True
5008,96607,20220812,979,52,5,3,150.59,Wrong size,True
5009,96550,20220729,1412,52,5,1,60.89,Late delivery,True
5010,96611,20220629,281,40,5,1,243.28,Warranty,False
5011,96617,20220707,1537,52,5,1,71.72,Changed mind,True
5012,96583,20220715,1060,39,5,1,91.9,Wrong size,False
5013,96637,20220702,89,35,5,4,324.5,Wrong size,True
5014,96549,20220723,1206,49,5,7,491.86,Damaged,False
5015,96608,20220817,605,55,5,2,464.05,Wrong size,False
5016,96644,20220721,155,51,5,1,220.52,Other,False
5017,96596,20220725,1953,48,5,2,311.8,Warranty,False
5018,96762,20220713,81,79,5,2,790.64,Changed mind,True
5019,96725,20220803,32,77,5,1,70.24,Changed mind,True
5020,96669,20220716,1313,76,5,1,158.96,Warranty,False
5021,96702,20220718,240,58,5,2,621.34,Damaged,False
5022,96734,20220707,1312,64,5,2,283.26,Warranty,False
5023,96789,20220628,1487,84,5,2,357.33,Other,True
5024,96966,20220708,1082,31,6,1,66.63,Warranty,False
5025,96901,20220727,946,24,6,2,80.95,Damaged,False
5026,96936,20220707,1361,24,6,1,30.25,Other,True
5027,96962,20220713,1682,31,6,1,57.23,Wrong size,True
5028,97007,20220717,1346,52,6,4,289.23,Late delivery,True
5029,97012,20220807,771,41,6,7,1646.22,Late delivery,True
5030,97057,20220702,1432,36,6,1,220.44,Wrong size,True
5031,97002,20220716,69,39,6,1,122.67,Wrong size,True
5032,97009,20220624,836,35,6,2,160.36,Wrong size,True
5033,97047,20220716,521,50,6,7,1084.86,Wrong size,False
5034,97039,20220803,801,44,6,3,553.52,Changed mind,True
5035,97103,20220718,437,48,6,1,140.78,Wrong size,False
5036,97197,20220706,324,22,7,1,91.56,Late delivery,True
5037,97334,20220715,1387,21,7,1,30.81,Other,True
5038,97200,20220707,470,26,7,9,93.5,Wrong size,True
5039,97325,20220804,807,17,7,1,51.8,Wrong size,True
5040,97314,20220803,503,27,7,1,66.28,Wrong size,True
5041,97431,20220720,45,56,7,1,81.56,Wrong size,True
5042,97449,20220708,1562,37,7,1,156.05,Changed mind,False
5043,97421,20220706,1179,37,7,1,71.2,Changed mind,True
5044,97408,20220731,867,50,7,5,851.61,Damaged,False
5045,97502,20220707,922,79,7,1,433.03,Damaged,False
5046,97554,20220703,132,8,8,3,5494.39,Wrong size,True
5047,97776,20220704,1931,14,8,9,900.72,Changed mind,True
5048,97669,20220624,34,16,8,3,308.81,Late delivery,True
5049,97668,20220630,252,22,8,2,183.65,Wrong size,True
5050,97766,20220717,57,28,8,2,53.4,Damaged,False
5051,97854,20220702,1300,43,8,6,853.79,Late delivery,True
5052,97909,20220618,1643,36,8,4,527.81,Changed mind,True
5053,97890,20220808,352,55,8,2,557.49,Warranty,False
5054,97827,20220724,1006,41,8,2,540.38,Wrong size,True
5055,97851,20220707,846,56,8,1,120.43,Wrong size,True
5056,97885,20220702,124,53,8,3,505.25,Changed mind,False
5057,97948,20220715,1253,78,8,1,225.91,Changed mind,True
5058,97993,20220707,1428,82,8,1,520.39,Late delivery,False
5059,97970,20220731,516,93,8,1,431.42,Changed mind,True
5060,98018,20220623,651,7,9,1,2222.09,Changed mind,False
5061,98014,20220718,1920,9,9,1,772.02,Damaged,False
5062,98123,20220724,502,21,9,2,164.95,Late delivery,True
5063,98242,20220709,1192,28,9,1,40.5,Changed mind,True
5064,98187,20220623,708,18,9,2,178.08,Changed mind,True
5065,98046,20220804,292,18,9,1,87.34,Wrong size,True
5066,98131,20220714,1380,21,9,1,97.34,Changed mind,True
5067,98097,20220709,852,30,9,3,152.1,Late delivery,False
5068,98175,20220720,465,25,9,9,792.17,Other,True
5069,98190,20220716,1605,16,9,1,98.06,Changed mind,True
5070,98369,20220724,1968,42,9,1,127.57,Changed mind,True
5071,98339,20220702,1856,37,9,1,99.6,Damaged,False
5072,98378,20220712,396,37,9,1,87.23,Wrong size,True
5073,98373,20220619,251,56,9,2,272.89,Changed mind,True
5074,98384,20220711,1926,50,9,2,327.72,Warranty,False
5075,98432,20220622,1746,60,9,2,871.65,Other,True
5076,98474,20220713,1175,84,9,2,385.54,Changed mind,True
5077,98491,20220812,1106,100,9,3,2169.63,Late delivery,True
5078,98545,20220807,1150,18,10,4,281.15,Late delivery,True
5079,98534,20220705,399,31,10,1,70.41,Other,True
5080,98539,20220801,967,16,10,2,179.11,Changed mind,True
5081,98658,20220806,1006,52,10,1,47.06,Changed mind,False
5082,98734,20220729,1953,51,10,3,702.44,Damaged,False
5083,98601,20220807,2,35,10,1,92.64,Other,True
5084,98626,20220719,1119,43,10,6,721.13,Other,True
5085,98662,20220726,1573,55,10,2,553.61,Wrong size,True
5086,98594,20220718,193,51,10,1,214.91,Damaged,False
5087,98733,20220710,665,37,10,1,80.91,Wrong size,False
5088,98748,20220712,87,50,10,2,284.63,Wrong size,True
5089,98814,20220613,1676,67,10,1,121.34,Warranty,True
5090,99037,20220803,1293,18,11,2,179.12,Changed mind,False
5091,98958,20220712,1356,14,11,1,72.36,Damaged,False
5092,99195,20220719,848,28,11,1,38.02,Wrong size,True
5093,98984,20220618,625,30,11,1,50.98,Late delivery,True
5094,99057,20220731,334,26,11,1,12.42,Changed mind,True
5095,99083,20220808,358,28,11,1,30.47,Damaged,False
5096,98960,20220804,84,31,11,1,77.52,Warranty,True
5097,98982,20220801,1755,24,11,6,181.44,Warranty,False
5098,99011,20220710,1619,24,11,1,36.05,Wrong size,True
5099,99214,20220706,37,44,11,1,204.02,Wrong size,False
5100,99254,20220724,1138,47,11,7,723.78,Other,True
5101,99260,20220717,1907,48,11,1,161.35,Wrong size,True
5102,99272,20220819,188,54,11,6,538.01,Wrong size,True
5103,99362,20220719,705,40,11,1,219.04,Wrong size,True
5104,99257,20220804,1183,38,11,4,813.39,Damaged,False
5105,99315,20220704,1692,37,11,2,197.3,Late delivery,True
5106,99345,20220627,1383,38,11,1,210.79,Wrong size,False
5107,99368,20220608,803,68,11,2,230.29,Changed mind,False
5108,99400,20220611,412,107,11,1,517.78,Late delivery,True
5109,99441,20220707,1795,8,12,2,3911.73,Warranty,False
5110,99721,20220709,562,32,12,9,163.72,Other,True
5111,99758,20220722,962,31,12,4,301.16,Changed mind,True
5112,99732,20220721,1378,24,12,4,326.88,Late delivery,True
5113,99649,20220802,1557,22,12,2,133.68,Other,True
5114,99705,20220718,10,18,12,1,77.05,Wrong size,True
5115,99608,20220701,1331,32,12,1,18.77,Late delivery,True
5116,99672,20220714,1623,15,12,1,16.25,Late delivery,True
5117,99859,20220725,1923,43,12,3,361.11,Changed mind,True
5118,99900,20220806,276,79,12,1,313.0,Damaged,False
5119,99993,20220809,376,17,1,2,118.3,Damaged,False
5120,99946,20220831,707,17,1,2,129.98,Changed mind,True
5121,100015,20220822,1380,33,1,1,84.39,Changed mind,True
5122,99958,20220831,1971,30,1,1,45.81,Changed mind,False
5123,99982,20220822,1149,28,1,3,100.7,Other,True
5124,99997,20220806,1481,32,1,3,68.24,Wrong size,True
5125,99967,20220823,376,17,1,1,59.56,Late delivery,True
5126,99953,20220901,326,20,1,2,129.66,Warranty,False
5127,100095,20220809,865,47,1,8,663.78,Wrong size,True
5128,100045,20220731,870,47,1,8,2330.42,Late delivery,True
5129,100122,20220805,1041,61,1,2,400.01,Wrong size,True
5130,100358,20220725,1802,25,2,6,696.8,Other,True
5131,100274,20220821,714,28,2,2,65.12,Changed mind,True
5132,100219,20220821,1879,20,2,1,115.75,Wrong size,False
5133,100413,20220819,1125,29,2,1,111.52,Warranty,True
5134,100243,20220901,928,28,2,3,119.78,Wrong size,False
5135,100275,20220822,1568,20,2,1,54.37,Changed mind,True
5136,100352,20220811,962,26,2,6,56.11,Other,True
5137,100297,20220824,261,21,2,2,162.66,Warranty,False
5138,100290,20220803,1324,31,2,3,253.14,Changed mind,True
5139,100483,20220805,1961,43,2,3,438.03,Wrong size,True
5140,100554,20220904,1218,45,2,1,152.76,Wrong size,True
5141,100465,20220823,1685,35,2,2,365.05,Wrong size,True
5142,100456,20220901,759,39,2,1,116.68,Changed mind,True
5143,100464,20220813,301,50,2,1,165.93,Changed mind,True
5144,100468,20220810,417,39,2,9,843.48,Damaged,False
5145,100479,20220812,738,52,2,1,49.95,Wrong size,True
5146,100427,20220904,369,42,2,1,141.23,Late delivery,True
5147,100496,20220729,1220,36,2,12,2257.53,Changed mind,False
5148,100514,20220809,1635,51,2,7,1422.1,Other,True
5149,100438,20220810,583,50,2,6,1046.01,Changed mind,True
5150,100599,20220812,962,47,2,1,121.48,Wrong size,True
5151,100668,20220730,934,79,2,2,687.54,Changed mind,True
5152,100659,20220713,742,60,2,1,404.43,Changed mind,True
5153,100629,20220907,1674,69,2,1,87.34,Wrong size,True
5154,100639,20220802,940,76,2,7,1377.22,Changed mind,True
5155,100671,20220817,39,75,2,2,573.98,Wrong size,True
5156,100666,20220728,801,65,2,1,200.69,Damaged,False
5157,100694,20220808,1568,81,2,3,842.0,Wrong size,True
5158,100914,20220827,833,22,3,1,96.01,Damaged,False
5159,100786,20220824,1346,34,3,1,52.09,Late delivery,True
5160,100799,20220816,113,24,3,1,33.25,Late delivery,False
5161,100915,20220801,1845,30,3,1,49.06,Late delivery,True
5162,100855,20220903,1815,23,3,2,101.54,Changed mind,True
5163,100838,20220828,842,28,3,2,124.53,Other,True
5164,100920,20220731,706,23,3,1,51.97,Wrong size,True
5165,101071,20220728,452,36,3,1,164.5,Wrong size,True
5166,101088,20220729,1091,48,3,1,133.21,Late delivery,True
5167,101150,20220816,1544,43,3,4,579.86,Wrong size,True
5168,101102,20220816,193,39,3,2,184.59,Warranty,True
5169,101021,20220906,1474,52,3,2,117.3,Wrong size,True
5170,101051,20220815,1843,47,3,2,188.35,Changed mind,False
5171,100985,20220811,1280,53,3,1,129.63,Changed mind,True
5172,101055,20220820,1751,51,3,2,442.53,Warranty,True
5173,101010,20220822,1568,51,3,2,287.08,Changed mind,True
5174,101205,20220815,465,18,4,2,169.81,Damaged,False
5175,101293,20220725,725,32,4,1,21.81,Late delivery,True
5176,101218,20220730,585,21,4,9,644.98,Changed mind,True
5177,101382,20220816,1458,13,4,1,13.46,Warranty,False
5178,101404,20220831,1969,21,4,5,289.46,Warranty,True
5179,101277,20220811,1705,27,4,2,137.77,Wrong size,True
5180,101242,20220802,207,32,4,1,20.58,Damaged,False
5181,101377,20220804,580,20,4,1,130.97,Warranty,False
5182,101575,20220716,1041,50,4,1,194.1,Damaged,False
5183,101582,20220803,313,52,4,1,130.86,Wrong size,True
5184,101485,20220803,1346,40,4,3,803.17,Damaged,False
5185,101521,20220820,631,39,4,1,91.22,Damaged,False
5186,101524,20220905,1252,56,4,1,135.18,Wrong size,True
5187,101531,20220901,810,44,4,1,209.26,Warranty,True
5188,101463,20220903,1616,52,4,1,65.49,Damaged,False
5189,101473,20220815,523,35,4,1,81.73,Late delivery,False
5190,101752,20220817,744,105,4,1,319.54,Changed mind,True
5191,101997,20220802,701,18,5,11,1023.03,Late delivery,True
5192,101867,20220817,497,21,5,1,70.2,Wrong size,False
5193,101865,20220815,745,26,5,2,29.19,Wrong size,True
5194,101927,20220819,915,29,5,5,653.79,Wrong size,True
5195,101839,20220822,40,23,5,2,116.6,Changed mind,True
5196,102028,20220801,1708,18,5,7,619.71,Late delivery,True
5197,102029,20220815,308,21,5,1,59.0,Wrong size,True
5198,101923,20220807,1878,34,5,4,173.45,Late delivery,True
5199,102053,20220807,858,29,5,1,141.83,Late delivery,True
5200,101804,20220813,1819,28,5,2,80.51,Changed mind,True
5201,102126,20220813,1491,54,5,3,325.97,Other,True
5202,102125,20220810,1382,42,5,2,218.9,Other,True
5203,102181,20220802,715,40,5,2,593.88,Other,True
5204,102140,20220813,923,47,5,1,102.72,Wrong size,True
5205,102331,20220725,551,77,5,1,101.58,Wrong size,True
5206,102275,20220901,677,77,5,1,86.61,Damaged,False
5207,102244,20220805,778,58,5,3,1055.79,Wrong size,False
5208,102257,20220807,1237,64,5,1,167.7,Damaged,False
5209,102246,20220822,1531,67,5,1,135.27,Wrong size,True
5210,102356,20220828,20,64,5,1,202.83,Changed mind,True
5211,102422,20220904,525,93,5,1,161.21,Warranty,False
5212,102443,20220803,497,101,5,1,495.02,Wrong size,True
5213,102577,20220814,148,34,6,5,250.4,Warranty,True
5214,102626,20220920,1214,21,6,2,140.69,Changed mind,False
5215,102649,20220909,35,29,6,1,36.0,Changed mind,True
5216,102664,20220820,10,22,6,3,271.78,Wrong size,False
5217,102486,20220824,738,34,6,3,179.88,Late delivery,True
5218,102567,20220913,1525,23,6,4,237.09,Damaged,False
5219,102706,20220725,1685,21,6,1,71.92,Changed mind,True
5220,102621,20220728,1510,33,6,2,162.94,Wrong size,False
5221,102695,20220825,1086,26,6,1,11.67,Warranty,False
5222,102684,20220809,326,22,6,1,70.41,Damaged,False
5223,102557,20220804,1014,13,6,1,11.52,Damaged,False
5224,102690,20220830,25,21,6,2,34.72,Other,True
5225,102661,20220830,798,21,6,2,180.63,Wrong size,True
5226,102619,20220815,48,20,6,4,374.29,Damaged,False
5227,102571,20220819,208,33,6,1,79.63,Damaged,False
5228,102524,20220820,934,16,6,2,192.87,Changed mind,True
5229,102555,20220810,846,19,6,1,76.29,Changed mind,True
5230,102781,20220829,727,42,6,4,466.81,Late delivery,True
5231,102729,20220819,1886,35,6,3,243.82,Changed mind,True
5232,102845,20220819,1151,55,6,1,323.78,Wrong size,True
5233,102840,20220803,1866,52,6,3,226.66,Wrong size,True
5234,102798,20220806,326,48,6,2,332.44,Changed mind,True
5235,102817,20220810,1886,51,6,2,168.92,Damaged,False
5236,102915,20220809,881,58,6,1,334.97,Late delivery,True
5237,103201,20220805,759,26,7,4,53.45,Damaged,False
5238,103314,20220811,1927,19,7,3,183.47,Late delivery,True
5239,103058,20220717,674,28,7,1,34.0,Changed mind,True
5240,103326,20220909,237,16,7,1,101.23,Changed mind,False
5241,103192,20220912,3,16,7,1,61.45,Changed mind,False
5242,103134,20220828,445,26,7,1,10.25,Damaged,False
5243,103055,20220905,1927,21,7,1,76.0,Wrong size,True
5244,103393,20220720,1624,30,7,1,54.6,Wrong size,True
5245,103224,20220909,1834,19,7,1,68.59,Changed mind,True
5246,103342,20220728,396,34,7,2,109.64,Late delivery,True
5247,103156,20220724,1438,27,7,1,74.94,Wrong size,True
5248,103282,20220821,1552,30,7,1,46.15,Changed mind,True
5249,103022,20220726,1580,19,7,4,209.08,Wrong size,True
5250,103269,20220902,320,32,7,1,19.69,Wrong size,True
5251,103151,20220913,788,15,7,1,15.31,Changed mind,True
5252,103311,20220903,808,30,7,4,224.17,Damaged,False
5253,103377,20220720,1947,24,7,3,88.48,Damaged,False
5254,103090,20220815,915,14,7,2,175.28,Wrong size,False
5255,103260,20220802,504,24,7,1,31.71,Wrong size,True
5256,103389,20220813,866,15,7,5,90.11,Late delivery,True
5257,103313,20220822,229,29,7,1,114.97,Wrong size,True
5258,103136,20220721,983,15,7,1,16.94,Warranty,False
5259,103405,20220815,1348,52,7,2,109.44,Changed mind,True
5260,103401,20220731,866,39,7,3,337.57,Changed mind,True
5261,103505,20220730,307,47,7,3,282.86,Damaged,False
5262,103417,20220801,319,37,7,2,178.65,Wrong size,True
5263,103485,20220909,1037,40,7,2,426.04,Changed mind,True
5264,103489,20220915,1000,46,7,2,432.83,Damaged,False
5265,103404,20220817,321,35,7,1,67.7,Changed mind,False
5266,103483,20220802,1245,45,7,1,154.41,Wrong size,True
5267,103407,20220822,1179,49,7,1,74.0,Changed mind,True
5268,103399,20220818,1781,55,7,1,325.12,Other,True
5269,103433,20220808,1407,49,7,1,64.56,Wrong size,True
5270,103499,20220723,125,49,7,1,60.56,Changed mind,True
5271,103409,20220907,1000,38,7,10,2142.19,Wrong size,True
5272,103582,20220730,1482,69,7,12,3102.43,Wrong size,True
5273,103609,20220830,915,93,7,2,312.9,Warranty,True
5274,103742,20220803,449,22,8,1,91.93,Wrong size,False
5275,103795,20220814,1342,30,8,15,786.22,Changed mind,True
5276,103841,20220714,1790,30,8,1,41.35,Warranty,False
5277,103882,20220821,1756,41,8,1,251.53,Wrong size,True
5278,103907,20220820,951,63,8,2,493.76,Wrong size,True
5279,104071,20220817,1119,50,9,1,201.0,Wrong size,False
5280,104104,20220814,348,42,9,1,102.69,Changed mind,True
5281,104146,20220716,1875,35,9,1,71.67,Changed mind,True
5282,104046,20220831,133,43,9,1,168.89,Wrong size,True
5283,104149,20220827,288,51,9,1,76.82,Damaged,False
5284,104130,20220903,435,50,9,2,323.43,Damaged,False
5285,104089,20220815,1748,47,9,1,151.1,Wrong size,False
5286,104062,20220830,171,38,9,5,843.07,Other,True
5287,104129,20220820,552,41,9,1,108.83,Wrong size,True
5288,104184,20220818,1225,67,9,2,264.86,Damaged,False
5289,104221,20220809,1593,57,9,6,1679.86,Other,True
5290,104422,20220916,694,15,10,1,19.02,Late delivery,True
5291,104460,20220902,1192,28,10,2,72.67,Changed mind,False
5292,104335,20220805,607,22,10,3,210.78,Wrong size,True
5293,104480,20220812,310,18,10,2,191.88,Late delivery,False
5294,104528,20220818,1420,17,10,1,72.12,Wrong size,False
5295,104440,20220805,351,13,10,4,48.74,Wrong size,True
5296,104530,20220804,781,16,10,1,94.5,Changed mind,True
5297,104482,20220813,890,20,10,8,808.0,Changed mind,True
5298,104605,20220912,171,44,10,6,1255.37,Other,True
5299,104589,20220804,764,51,10,2,467.47,Late delivery,True
5300,104709,20220812,989,53,10,1,198.21,Damaged,False
5301,104660,20220731,269,53,10,5,838.24,Wrong size,False
5302,104612,20220817,224,43,10,2,259.52,Wrong size,False
5303,104629,20220904,1940,46,10,1,180.33,Late delivery,True
5304,104622,20220823,1510,39,10,2,219.93,Changed mind,True
5305,104638,20220803,456,43,10,1,122.77,Late delivery,False
5306,104591,20220818,525,40,10,1,281.52,Wrong size,True
5307,104733,20220812,790,56,10,1,125.26,Wrong size,True
5308,104822,20220728,1259,71,10,1,269.8,Warranty,True
5309,104766,20220903,342,78,10,1,171.63,Damaged,False
5310,104745,20220809,1444,63,10,3,611.08,Changed mind,True
5311,104755,20220901,1351,79,10,1,353.33,Late delivery,True
5312,104910,20220901,1823,82,10,1,448.19,Warranty,True
5313,104947,20220913,291,1,11,1,1023.9,Warranty,True
5314,105034,20220725,1826,29,11,2,270.88,Wrong size,True
5315,104967,20220726,971,16,11,3,325.47,Wrong size,True
5316,104958,20220720,1630,32,11,2,115.36,Changed mind,False
5317,105014,20220819,30,21,11,2,102.3,Damaged,False
5318,105130,20220901,434,51,11,1,242.69,Other,True
5319,105080,20220725,45,39,11,1,109.46,Damaged,False
5320,105210,20220817,701,51,11,3,392.89,Wrong size,True
5321,105079,20220818,1122,41,11,1,212.02,Wrong size,True
5322,105183,20220802,849,45,11,3,190.79,Wrong size,True
5323,105073,20220806,941,50,11,1,158.89,Damaged,False
5324,105124,20220905,803,45,11,1,79.31,Changed mind,True
5325,105290,20220823,948,96,11,2,1166.75,Warranty,False
5326,105300,20220812,1931,7,12,1,2564.54,Warranty,False
5327,105345,20220812,1832,15,12,3,41.61,Wrong size,True
5328,105402,20220727,559,28,12,11,409.01,Late delivery,True
5329,105468,20220809,1390,34,12,1,66.57,Changed mind,True
5330,105404,20220823,893,29,12,1,106.0,Other,True
5331,105429,20220816,75,22,12,2,145.11,Late delivery,False
5332,105352,20220903,764,28,12,2,83.85,Wrong size,True
5333,105399,20220813,1806,19,12,1,66.62,Changed mind,True
5334,105378,20220906,1895,29,12,3,321.16,Late delivery,True
5335,105550,20220815,49,42,12,1,111.64,Changed mind,False
5336,105499,20220806,1689,42,12,2,172.15,Wrong size,False
5337,105621,20220825,1498,45,12,1,137.25,Late delivery,True
5338,105486,20220901,1066,38,12,4,757.13,Wrong size,True
5339,105657,20220727,1742,59,12,5,270.0,Wrong size,True
5340,105690,20220720,1223,57,12,4,938.04,Wrong size,True
5341,105645,20220817,1678,79,12,2,662.97,Wrong size,False
5342,105771,20220928,199,20,1,1,127.78,Changed mind,False
5343,105875,20220919,1424,24,1,2,75.04,Damaged,False
5344,105835,20220916,1065,20,1,4,495.03,Changed mind,True
5345,105833,20220907,1413,28,1,4,129.25,Warranty,False
5346,105870,20220819,1199,24,1,3,121.61,Warranty,True
5347,105931,20220827,1996,56,1,3,631.45,Wrong size,True
5348,105941,20220929,316,36,1,4,757.44,Damaged,False
5349,105923,20220831,1452,39,1,2,220.02,Wrong size,True
5350,105955,20220929,1327,45,1,5,661.08,Damaged,False
5351,105926,20220830,1414,38,1,1,199.0,Changed mind,True
5352,105917,20220922,1095,38,1,2,465.67,Damaged,False
5353,105964,20221001,1705,35,1,6,489.04,Wrong size,True
5354,106006,20220920,1867,63,1,1,213.59,Late delivery,True
5355,106000,20221009,937,60,1,2,981.36,Wrong size,True
5356,106020,20220904,827,80,1,4,629.05,Wrong size,True
5357,106157,20221011,468,25,2,1,11.48,Late delivery,True
5358,106135,20221005,1734,15,2,3,49.05,Other,True
5359,106197,20220917,1665,23,2,1,58.22,Wrong size,True
5360,106167,20220923,625,30,2,6,313.3,Wrong size,False
5361,106117,20220924,714,31,2,3,268.14,Changed mind,True
5362,106133,20220928,1442,19,2,6,347.15,Warranty,False
5363,106206,20220915,1835,22,2,1,77.55,Changed mind,True
5364,106185,20220928,416,28,2,2,67.09,Warranty,False
5365,106265,20220921,1879,20,2,1,115.87,Damaged,False
5366,106155,20221007,1218,27,2,2,123.08,Other,True
5367,106233,20220829,1671,17,2,2,153.53,Late delivery,True
5368,106359,20220817,1955,47,2,1,87.75,Damaged,False
5369,106415,20220919,417,39,2,2,188.78,Changed mind,True
5370,106443,20220827,17,74,2,2,334.19,Changed mind,True
5371,106507,20221010,1259,7,3,1,2225.95,Other,True
5372,106554,20221012,973,22,3,3,270.85,Damaged,False
5373,106605,20221007,1122,24,3,1,34.79,Wrong size,True
5374,106518,20220920,196,26,3,4,78.13,Late delivery,True
5375,106583,20221010,114,26,3,1,12.1,Damaged,False
5376,106644,20220918,1141,46,3,2,392.85,Changed mind,False
5377,106735,20220901,265,69,3,1,291.97,Changed mind,True
5378,106858,20220906,1744,25,4,3,287.3,Damaged,False
5379,106889,20220829,122,49,4,4,280.99,Changed mind,True
5380,106870,20220916,1239,53,4,3,470.73,Warranty,False
5381,107258,20220905,1924,19,5,1,67.52,Changed mind,True
5382,107288,20220822,281,21,5,8,584.8,Damaged,False
5383,107166,20220920,528,18,5,1,89.18,Warranty,True
5384,107105,20220830,1263,31,5,4,264.12,Warranty,False
5385,107254,20220928,878,29,5,1,137.09,Warranty,False
5386,107182,20220908,1009,17,5,2,132.43,Wrong size,True
5387,107162,20220920,939,16,5,1,89.33,Other,True
5388,107102,20220910,1458,27,5,1,96.36,Late delivery,False
5389,107089,20220921,781,25,5,2,150.22,Late delivery,True
5390,107241,20220926,360,26,5,1,9.28,Changed mind,True
5391,107214,20220831,310,19,5,1,63.29,Changed mind,True
5392,107409,20220918,993,46,5,1,203.45,Late delivery,True
5393,107371,20220911,1677,38,5,7,1382.01,Late delivery,True
5394,107359,20220903,549,43,5,2,369.82,Warranty,False
5395,107474,20221004,1544,80,5,3,420.59,Changed mind,True
5396,107438,20221015,177,64,5,2,475.46,Other,True
5397,107459,20220906,857,78,5,1,158.97,Changed mind,True
5398,107591,20220921,1828,22,6,1,94.92,Changed mind,True
5399,107660,20220921,130,24,6,1,30.69,Wrong size,True
5400,107634,20220904,1116,31,6,2,128.75,Warranty,False
5401,107691,20220927,1080,16,6,1,109.03,Wrong size,True
5402,107644,20220915,262,16,6,1,101.68,Warranty,True
5403,107676,20220911,254,16,6,2,161.91,Late delivery,True
5404,107569,20220912,639,14,6,1,80.93,Late delivery,True
5405,107604,20220902,1450,19,6,2,258.66,Other,True
5406,107759,20220830,1044,46,6,1,181.38,Wrong size,True
5407,107845,20220817,443,76,6,2,361.82,Changed mind,True
5408,107817,20220820,625,80,6,1,127.49,Warranty,False
5409,107863,20220910,1970,61,6,1,273.9,Changed mind,True
5410,107848,20220820,924,68,6,2,278.01,Other,True
5411,107844,20220828,213,58,6,9,3502.95,Wrong size,True
5412,107870,20220905,1761,74,6,1,169.62,Changed mind,True
5413,107922,20220822,1245,99,6,2,1235.86,Changed mind,True
5414,107918,20220910,1826,106,6,1,630.97,Damaged,False
5415,107966,20220831,1323,25,7,1,84.06,Damaged,False
5416,107968,20220901,84,22,7,2,179.58,Other,True
5417,108084,20220923,510,51,7,2,122.79,Late delivery,True
5418,108048,20220829,1336,54,7,1,111.83,Changed mind,False
5419,108097,20220903,1111,55,7,1,284.44,Wrong size,False
5420,108150,20220830,1118,82,7,1,622.6,Wrong size,True
5421,108244,20220928,1967,45,8,2,245.54,Damaged,False
5422,108318,20220917,1739,64,8,1,143.56,Changed mind,True
5423,108322,20220825,1029,78,8,2,299.57,Changed mind,True
5424,108436,20221002,6,29,9,2,115.32,Late delivery,False
5425,108396,20220902,1361,22,9,2,158.19,Changed mind,True
5426,108392,20220824,1241,16,9,1,67.16,Damaged,False
5427,108393,20220817,428,23,9,2,119.56,Damaged,False
5428,108467,20220918,1405,47,9,1,95.96,Changed mind,True
5429,108562,20220924,62,69,9,1,423.11,Changed mind,True
5430,108588,20220912,85,70,9,2,276.84,Wrong size,True
5431,108648,20220916,133,105,9,1,469.36,Changed mind,True
5432,108659,20220912,782,100,9,1,934.6,Changed mind,True
5433,108669,20220909,298,9,10,1,2658.56,Changed mind,True
5434,108712,20221008,860,19,10,2,157.96,Late delivery,True
5435,108692,20220903,477,29,10,1,124.25,Changed mind,True
5436,108794,20220918,298,34,10,1,56.06,Other,False
5437,108797,20220817,1396,29,10,2,258.14,Changed mind,True
5438,108741,20220922,98,18,10,1,100.34,Changed mind,True
5439,108923,20220915,1727,35,10,1,70.86,Wrong size,True
5440,108963,20220928,531,40,10,1,251.37,Changed mind,True
5441,108902,20220903,546,49,10,1,211.3,Wrong size,True
5442,109045,20220909,940,76,10,1,246.32,Wrong size,True
5443,109105,20221007,171,86,10,1,277.74,Late delivery,True
5444,109185,20220919,471,26,11,1,10.16,Warranty,False
5445,109210,20220910,1085,29,11,15,1724.25,Changed mind,True
5446,109300,20220917,157,43,11,1,142.04,Wrong size,True
5447,109269,20220909,28,47,11,2,160.69,Changed mind,True
5448,109286,20220910,1878,56,11,4,504.03,Wrong size,True
5449,109284,20220831,150,43,11,1,133.82,Wrong size,True
5450,109322,20220923,1848,63,11,2,85.26,Wrong size,True
5451,109369,20220921,1563,24,12,1,26.67,Damaged,False
5452,109475,20220909,350,22,12,1,84.68,Wrong size,True
5453,109418,20220910,1786,26,12,1,13.2,Warranty,True
5454,109405,20220825,1074,16,12,9,982.56,Changed mind,True
5455,109705,20220914,1084,26,12,3,30.26,Late delivery,True
5456,109456,20220816,1932,34,12,2,114.63,Damaged,False
5457,109612,20220916,1554,30,12,1,58.01,Changed mind,True
5458,109600,20220901,495,15,12,1,16.93,Wrong size,True
5459,109389,20220911,1755,25,12,1,87.84,Warranty,True
5460,109673,20220918,383,31,12,1,74.41,Changed mind,True
5461,109833,20220914,1246,54,12,3,236.76,Wrong size,True
5462,109747,20220823,1491,45,12,1,159.66,Changed mind,True
5463,109798,20220921,563,42,12,2,513.55,Warranty,True
5464,109727,20220913,332,36,12,1,158.05,Other,True
5465,109803,20220919,513,35,12,1,68.96,Damaged,False
5466,109885,20220926,412,76,12,1,234.85,Damaged,False
5467,109881,20221015,633,70,12,1,171.1,Other,False
5468,109955,20220927,1810,108,12,3,1831.01,Changed mind,False
5469,109966,20220915,901,104,12,2,930.51,Warranty,False
5470,110036,20221027,1413,27,1,1,35.42,Other,True
5471,110169,20220928,1407,50,1,1,170.0,Wrong size,True
5472,110171,20221029,1941,53,1,1,134.37,Wrong size,True
5473,110242,20221029,263,45,1,1,151.24,Late delivery,True
5474,110199,20221022,1417,44,1,4,857.28,Changed mind,True
5475,110201,20221002,516,45,1,1,199.69,Damaged,False
5476,110253,20220923,317,56,1,7,1036.51,Wrong size,True
5477,110267,20221001,480,59,1,1,50.07,Changed mind,True
5478,110297,20220917,233,67,1,4,554.9,Changed mind,False
5479,110259,20221118,433,80,1,2,244.43,Other,True
5480,110354,20221014,1481,81,1,1,317.12,Damaged,False
5481,110525,20221027,944,21,2,2,143.59,Changed mind,True
5482,110600,20221013,396,19,2,1,64.27,Wrong size,True
5483,110655,20221006,757,15,2,1,17.33,Late delivery,True
5484,110744,20221014,189,28,2,1,32.81,Wrong size,True
5485,110408,20220926,221,31,2,1,91.77,Wrong size,True
5486,110737,20221025,37,13,2,2,25.0,Warranty,False
5487,110420,20221004,122,32,2,9,209.69,Damaged,False
5488,110442,20221007,195,25,2,6,658.85,Changed mind,True
5489,110543,20221018,1214,15,2,1,16.61,Damaged,False
5490,110684,20221029,1071,24,2,2,52.54,Wrong size,True
5491,110575,20221016,1198,15,2,8,184.45,Damaged,False
5492,110549,20221025,113,33,2,1,21.94,Late delivery,True
5493,110769,20220927,43,50,2,2,315.8,Changed mind,True
5494,110795,20221108,69,38,2,2,476.01,Wrong size,True
5495,110803,20221014,326,47,2,1,133.39,Damaged,False
5496,110753,20220917,468,35,2,1,69.81,Changed mind,True
5497,110817,20221018,1523,40,2,4,1061.46,Wrong size,True
5498,110790,20221031,375,37,2,1,72.08,Late delivery,False
5499,110749,20221026,628,45,2,1,139.8,Wrong size,True
5500,110752,20221009,91,46,2,2,359.15,Wrong size,False
5501,110840,20221016,238,79,2,1,272.3,Changed mind,True
5502,110949,20221011,1612,89,2,2,109.81,Wrong size,True
5503,110942,20221004,437,93,2,2,250.86,Warranty,True
5504,111021,20221013,407,4,3,1,2695.23,Warranty,True
5505,111099,20220923,268,15,3,2,33.75,Other,True
5506,111060,20221016,782,14,3,1,86.23,Changed mind,True
5507,111115,20221002,1999,56,3,1,165.43,Wrong size,True
5508,111114,20221010,655,41,3,1,237.82,Wrong size,True
5509,111133,20221007,1718,75,3,1,278.86,Late delivery,True
5510,111141,20221008,113,72,3,1,187.08,Late delivery,True
5511,111135,20221102,842,69,3,1,44.46,Warranty,False
5512,111226,20221015,1256,94,3,2,790.45,Wrong size,False
5513,111227,20220915,633,101,3,1,560.67,Damaged,False
5514,111234,20221104,1409,98,3,2,271.98,Wrong size,True
5515,111233,20221027,823,99,3,1,490.88,Changed mind,True
5516,111545,20221023,580,19,4,1,54.98,Warranty,False
5517,111554,20221030,382,17,4,1,65.0,Damaged,False
5518,111387,20221017,1775,15,4,3,59.23,Late delivery,True
5519,111335,20221022,1998,24,4,3,75.0,Wrong size,True
5520,111556,20221030,1942,24,4,1,38.05,Changed mind,True
5521,111481,20221115,1812,34,4,1,51.61,Wrong size,True
5522,111595,20220929,1571,18,4,1,97.07,Late delivery,True
5523,111563,20221018,1005,21,4,1,71.03,Damaged,False
5524,111391,20221008,1551,29,4,5,359.98,Warranty,False
5525,111295,20221008,1137,16,4,4,332.69,Other,True
5526,111578,20221021,205,20,4,1,118.12,Other,True
5527,111274,20221026,1921,34,4,4,190.23,Damaged,False
5528,111511,20220929,1705,27,4,1,54.73,Changed mind,True
5529,111539,20221015,1027,26,4,6,71.88,Other,True
5530,111465,20221027,726,33,4,8,491.79,Warranty,True
5531,111415,20221025,911,14,4,1,78.5,Damaged,False
5532,111546,20221020,1199,19,4,1,67.79,Wrong size,True
5533,111753,20221007,273,47,4,7,522.95,Wrong size,True
5534,111692,20221004,751,48,4,1,180.51,Damaged,False
5535,111606,20221001,108,43,4,1,124.01,Late delivery,True
5536,111711,20220918,121,48,4,1,174.6,Wrong size,True
5537,111769,20221109,726,43,4,3,412.49,Late delivery,True
5538,111750,20221028,1347,53,4,2,356.2,Late delivery,True
5539,111690,20221005,240,39,4,1,134.93,Wrong size,False
5540,111641,20221013,1568,45,4,1,128.29,Late delivery,True
5541,111638,20221027,423,36,4,11,1623.23,Wrong size,True
5542,111689,20221108,116,46,4,1,184.04,Wrong size,True
5543,111809,20221010,449,75,4,1,216.17,Late delivery,True
5544,111918,20220926,313,82,4,1,685.48,Wrong size,True
5545,111893,20221028,1757,84,4,5,942.8,Late delivery,False
5546,111857,20221110,1932,81,4,1,230.82,Late delivery,True
5547,111945,20221010,672,98,4,1,184.93,Warranty,False
5548,111931,20220925,1905,96,4,1,511.88,Changed mind,True
5549,112135,20221114,1897,31,5,1,72.12,Warranty,True
5550,112069,20221020,1706,14,5,2,137.28,Wrong size,False
5551,112118,20221028,379,30,5,1,46.62,Damaged,False
5552,112033,20221110,1048,32,5,1,22.34,Damaged,False
5553,112099,20221022,196,20,5,1,168.24,Wrong size,True
5554,112241,20221007,390,37,5,2,191.8,Wrong size,True
5555,112279,20221002,1102,38,5,2,416.04,Wrong size,False
5556,112213,20221008,1601,52,5,1,55.92,Changed mind,True
5557,112236,20221013,245,50,5,1,266.33,Changed mind,True
5558,112276,20221013,164,43,5,4,481.7,Wrong size,True
5559,112212,20221026,385,36,5,1,193.84,Wrong size,True
5560,112187,20221001,80,49,5,1,65.15,Changed mind,True
5561,112195,20220928,32,54,5,1,79.53,Wrong size,True
5562,112206,20221014,1552,54,5,2,193.51,Wrong size,True
5563,112179,20221009,833,36,5,1,204.31,Changed mind,True
5564,112378,20220925,33,77,5,1,86.65,Late delivery,False
5565,112368,20221006,814,73,5,4,621.34,Warranty,False
5566,112313,20221114,1317,71,5,1,294.82,Changed mind,True
5567,112322,20221016,299,64,5,1,167.56,Changed mind,True
5568,112352,20221021,219,69,5,1,284.85,Late delivery,True
5569,112342,20220926,595,66,5,1,78.23,Warranty,False
5570,112431,20221025,883,100,5,1,822.83,Changed mind,True
5571,112517,20221007,401,33,6,2,140.11,Damaged,False
5572,112532,20221008,220,28,6,5,180.26,Wrong size,True
5573,112492,20221102,741,23,6,3,170.82,Wrong size,True
5574,112597,20221014,1769,35,6,10,610.23,Other,True
5575,112593,20221019,900,46,6,1,166.08,Wrong size,True
5576,112567,20221004,801,46,6,2,370.17,Late delivery,True
5577,112691,20221113,576,43,6,1,117.21,Changed mind,True
5578,112669,20221015,1509,53,6,1,137.34,Changed mind,False
5579,112637,20221007,63,35,6,4,384.35,Late delivery,True
5580,112611,20220927,1600,45,6,4,580.65,Warranty,True
5581,112599,20221003,1427,43,6,1,108.26,Wrong size,True
5582,112591,20221023,712,43,6,1,167.64,Wrong size,True
5583,112711,20221110,568,54,6,2,219.71,Changed mind,True
5584,112598,20220923,686,43,6,3,382.49,Changed mind,False
5585,112620,20220917,720,44,6,1,219.14,Other,True
5586,112672,20221023,1615,46,6,1,232.15,Changed mind,True
5587,112631,20221023,222,37,6,4,394.23,Changed mind,True
5588,112773,20221111,1392,7,7,3,5695.97,Other,True
5589,112813,20221028,164,30,7,6,323.64,Late delivery,True
5590,112887,20221014,1290,35,7,1,77.49,Warranty,False
5591,113005,20221023,564,41,7,2,538.03,Changed mind,False
5592,112999,20221024,1080,39,7,5,606.91,Other,True
5593,112882,20221023,660,44,7,1,94.6,Changed mind,True
5594,113000,20220913,1121,37,7,2,178.58,Changed mind,True
5595,113008,20221102,619,55,7,1,323.47,Wrong size,True
5596,113007,20221006,1026,47,7,1,80.21,Changed mind,False
5597,112941,20221018,1606,50,7,2,280.42,Wrong size,False
5598,112900,20221108,740,50,7,1,165.53,Wrong size,True
5599,112981,20221014,1132,52,7,1,68.05,Wrong size,True
5600,112972,20221020,955,49,7,2,134.37,Changed mind,True
5601,113138,20221011,727,16,8,1,90.66,Changed mind,True
5602,113186,20221017,1722,37,8,1,100.51,Wrong size,True
5603,113214,20221004,1755,60,8,1,376.5,Damaged,False
5604,113278,20221029,246,12,9,1,2258.87,Other,True
5605,113406,20221106,52,28,9,3,103.87,Other,True
5606,113466,20221018,875,20,9,3,289.51,Changed mind,False
5607,113285,20220927,397,31,9,1,88.29,Changed mind,True
5608,113512,20221010,1223,52,9,2,125.33,Wrong size,True
5609,113516,20220929,1643,38,9,1,200.56,Wrong size,True
5610,113522,20220926,1154,40,9,1,230.71,Changed mind,True
5611,113532,20221015,1644,53,9,1,174.37,Wrong size,True
5612,113592,20221014,955,76,9,2,427.43,Other,True
5613,113690,20221103,957,18,10,2,163.72,Other,True
5614,113708,20221007,914,26,10,1,12.64,Changed mind,True
5615,113740,20220919,355,32,10,1,23.31,Changed mind,True
5616,113737,20221014,157,22,10,4,389.81,Wrong size,True
5617,113812,20221028,1556,46,10,3,618.33,Wrong size,False
5618,113826,20221102,3,45,10,3,318.92,Damaged,False
5619,113882,20221011,1322,90,10,2,1054.37,Wrong size,True
5620,113987,20221115,429,16,11,2,199.96,Changed mind,True
5621,113955,20221013,1543,30,11,1,24.82,Other,True
5622,113941,20221015,1886,30,11,1,46.32,Wrong size,True
5623,113906,20221022,1187,30,11,1,13.09,Wrong size,True
5624,113992,20221028,467,22,11,1,91.37,Changed mind,False
5625,113946,20221027,1487,25,11,2,185.63,Changed mind,True
5626,113939,20221031,122,29,11,2,250.34,Changed mind,False
5627,114007,20220918,311,29,11,1,102.51,Changed mind,True
5628,114076,20221014,725,35,11,1,80.51,Other,True
5629,114053,20220922,196,43,11,1,140.64,Wrong size,True
5630,114058,20221021,861,42,11,1,61.01,Wrong size,False
5631,114100,20221110,1570,61,11,3,390.87,Warranty,False
5632,114128,20221001,1274,95,11,1,358.83,Late delivery,True
5633,114131,20220930,1175,108,11,1,643.13,Late delivery,True
5634,114165,20220911,403,33,12,1,67.41,Wrong size,False
5635,114258,20221028,1254,26,12,3,34.96,Damaged,False
5636,114210,20221105,1309,14,12,3,228.71,Other,True
5637,114262,20221016,144,20,12,5,722.7,Late delivery,True
5638,114339,20221111,383,14,12,4,306.22,Changed mind,True
5639,114325,20221028,1074,16,12,2,146.08,Changed mind,True
5640,114174,20220929,1203,27,12,1,61.34,Damaged,False
5641,114194,20221103,313,13,12,1,86.77,Other,True
5642,114488,20221019,57,40,12,1,278.13,Warranty,False
5643,114391,20221006,277,43,12,5,513.45,Late delivery,True
5644,114363,20221010,1668,47,12,3,280.89,Wrong size,True
5645,114405,20221026,216,35,12,1,70.07,Wrong size,True
5646,114476,20221028,847,50,12,1,151.04,Changed mind,True
5647,114381,20221112,1720,40,12,3,780.93,Late delivery,True
5648,114383,20221024,944,50,12,2,369.89,Damaged,False
5649,114441,20221019,588,51,12,2,363.49,Wrong size,True
5650,114374,20221009,1969,52,12,1,54.31,Warranty,False
5651,114496,20221122,1154,76,12,6,1012.61,Damaged,False
5652,114529,20221023,680,83,12,2,872.72,Other,True
5653,114563,20220922,50,93,12,1,136.25,Wrong size,False
5654,114588,20221017,877,95,12,1,261.14,Warranty,False
5655,114620,20221115,1445,28,1,2,53.91,Damaged,False
5656,114653,20221204,176,44,1,2,281.84,Changed mind,True
5657,114697,20221119,1372,108,1,5,2505.1,Late delivery,True
5658,114785,20221122,987,25,2,1,100.05,Changed mind,True
5659,114803,20221016,486,22,2,1,75.27,Changed mind,True
5660,114770,20221123,683,22,2,2,143.22,Other,True
5661,114806,20221120,684,19,2,1,63.31,Changed mind,True
5662,114813,20221113,124,55,2,1,277.27,Late delivery,True
5663,114858,20221119,1535,55,2,1,315.44,Late delivery,True
5664,114904,20221121,486,47,2,2,168.47,Late delivery,True
5665,114835,20221125,1943,42,2,2,206.29,Damaged,False
5666,114916,20221108,236,49,2,1,68.06,Changed mind,True
5667,114893,20221122,1836,52,2,6,352.76,Late delivery,True
5668,114816,20221120,1656,50,2,1,163.84,Wrong size,True
5669,114890,20221123,983,51,2,2,379.39,Wrong size,True
5670,114923,20221030,655,53,2,3,570.49,Late delivery,True
5671,114898,20221104,1629,51,2,2,405.74,Late delivery,True
5672,114920,20221208,848,46,2,7,1382.12,Warranty,False
5673,114939,20221119,124,71,2,1,234.29,Changed mind,True
5674,114980,20221019,1823,102,2,1,155.81,Damaged,False
5675,114993,20221201,1927,5,3,1,3758.95,Other,True
5676,115083,20221112,532,30,3,9,440.92,Late delivery,True
5677,115167,20221117,1807,20,3,2,249.43,Wrong size,True
5678,115202,20221201,913,20,3,1,129.23,Changed mind,False
5679,115217,20221030,160,21,3,4,321.18,Changed mind,True
5680,115118,20221202,187,14,3,1,98.99,Wrong size,False
5681,115224,20221204,1899,20,3,1,117.42,Changed mind,True
5682,115184,20221117,1768,31,3,4,343.2,Wrong size,True
5683,115178,20221119,713,26,3,3,30.92,Changed mind,True
5684,115143,20221205,1184,19,3,1,60.89,Other,True
5685,115096,20221118,326,22,3,1,98.16,Other,True
5686,115035,20221127,627,34,3,1,48.64,Wrong size,True
5687,115133,20221119,1121,25,3,5,498.81,Late delivery,True
5688,115299,20221129,88,53,3,2,341.13,Damaged,False
5689,115350,20221122,1448,43,3,1,147.77,Damaged,False
5690,115370,20221123,1901,35,3,1,72.0,Wrong size,True
5691,115382,20221121,1278,45,3,1,143.1,Wrong size,True
5692,115376,20221031,897,43,3,5,690.19,Changed mind,True
5693,115334,20221014,75,53,3,1,149.37,Wrong size,True
5694,115416,20221204,464,60,3,2,747.37,Warranty,True
5695,115392,20221127,1318,78,3,1,151.25,Damaged,False
5696,115479,20221213,1134,6,4,1,1240.15,Changed mind,True
5697,115535,20221122,200,17,4,2,135.82,Wrong size,True
5698,115529,20221108,1896,19,4,1,60.36,Wrong size,True
5699,115531,20221206,1541,20,4,2,216.38,Other,True
5700,115585,20221022,1383,60,4,1,429.82,Wrong size,True
5701,115572,20221129,1230,64,4,1,152.82,Changed mind,True
5702,115594,20221205,358,78,4,5,753.55,Damaged,False
5703,115702,20221120,932,22,5,7,637.32,Changed mind,True
5704,115656,20221122,579,20,5,1,127.0,Late delivery,True
5705,115667,20221120,955,16,5,3,261.07,Damaged,False
5706,115675,20221102,1522,25,5,1,10.33,Warranty,False
5707,115689,20221206,1012,24,5,1,27.25,Damaged,False
5708,115728,20221103,1206,49,5,1,76.68,Wrong size,False
5709,115774,20221114,1620,38,5,1,205.8,Changed mind,True
5710,115761,20221125,312,41,5,1,267.89,Changed mind,True
5711,115835,20221112,1446,41,5,1,247.19,Wrong size,True
5712,115739,20221101,1323,36,5,1,199.8,Wrong size,False
5713,115725,20221102,130,45,5,1,163.19,Changed mind,True
5714,115760,20221110,1522,35,5,1,76.94,Warranty,False
5715,115790,20221123,756,50,5,3,488.74,Other,True
5716,115886,20221217,1428,73,5,9,2859.66,Other,True
5717,115895,20221210,880,60,5,2,1038.37,Wrong size,True
5718,115882,20221109,824,67,5,2,308.97,Wrong size,True
5719,115960,20221107,3,108,5,1,336.71,Changed mind,True
5720,116013,20221120,698,20,6,5,723.48,Late delivery,True
5721,115983,20221031,1868,22,6,2,187.53,Warranty,False
5722,115997,20221126,1910,22,6,1,99.49,Damaged,False
5723,116119,20221201,930,39,6,1,124.75,Damaged,False
5724,116127,20221201,1725,70,6,1,177.92,Other,True
5725,116160,20221026,1697,87,6,2,301.52,Late delivery,True
5726,116383,20221217,1639,30,7,1,42.4,Late delivery,True
5727,116282,20221121,1497,13,7,2,23.15,Damaged,False
5728,116208,20221104,1283,19,7,2,131.4,Late delivery,True
5729,116283,20221202,1057,19,7,1,68.05,Warranty,False
5730,116402,20221103,507,25,7,2,181.76,Wrong size,True
5731,116337,20221209,1235,26,7,1,10.95,Changed mind,True
5732,116349,20221204,411,21,7,1,103.12,Warranty,False
5733,116239,20221115,192,28,7,4,136.07,Wrong size,True
5734,116376,20221205,949,23,7,2,139.17,Changed mind,True
5735,116245,20221103,862,17,7,1,60.4,Late delivery,True
5736,116444,20221122,1795,35,7,1,71.28,Late delivery,True
5737,116457,20221209,561,35,7,3,237.27,Wrong size,True
5738,116482,20221111,770,48,7,1,192.28,Wrong size,True
5739,116426,20221101,1451,43,7,1,144.25,Wrong size,True
5740,116509,20221117,736,54,7,1,107.4,Damaged,False
5741,116534,20221025,304,70,7,1,227.85,Wrong size,True
5742,116654,20221113,424,28,8,1,41.61,Changed mind,True
5743,116657,20221112,205,18,8,2,149.35,Wrong size,True
5744,116768,20221115,1819,77,8,1,72.25,Damaged,False
5745,116771,20221107,941,58,8,4,1239.83,Damaged,False
5746,116759,20221121,1186,67,8,9,1364.56,Late delivery,True
5747,116832,20221125,1305,20,9,4,412.52,Wrong size,True
5748,116958,20221027,1234,29,9,2,208.13,Changed mind,True
5749,116951,20221122,118,31,9,1,92.19,Changed mind,True
5750,116844,20221224,1733,28,9,1,34.47,Changed mind,False
5751,116953,20221104,413,25,9,1,74.72,Wrong size,True
5752,116897,20221113,62,25,9,3,283.47,Late delivery,True
5753,116890,20221107,60,23,9,2,110.6,Wrong size,True
5754,116829,20221103,1591,32,9,6,130.21,Changed mind,True
5755,116979,20221127,998,43,9,2,300.44,Damaged,False
5756,117068,20221107,243,50,9,1,202.99,Wrong size,True
5757,116980,20221105,171,49,9,1,57.24,Wrong size,True
5758,117009,20221212,1541,40,9,2,499.73,Late delivery,True
5759,117034,20221025,769,38,9,2,361.61,Wrong size,True
5760,116990,20221029,1069,36,9,1,162.5,Changed mind,True
5761,117075,20221115,1027,36,9,1,195.42,Changed mind,True
5762,117085,20221126,1279,38,9,1,203.73,Wrong size,False
5763,117087,20221108,1840,56,9,1,151.33,Wrong size,True
5764,117108,20221115,511,58,9,1,317.11,Changed mind,True
5765,117111,20221028,134,74,9,1,188.19,Warranty,True
5766,117143,20221028,1580,104,9,1,447.82,Warranty,False
5767,117155,20221201,298,3,10,1,2857.96,Wrong size,True
5768,117428,20221212,673,15,10,2,35.75,Changed mind,True
5769,117453,20221124,451,16,10,3,347.84,Changed mind,True
5770,117177,20221104,1120,33,10,2,122.03,Other,True
5771,117273,20221128,1195,24,10,3,148.24,Changed mind,True
5772,117254,20221205,437,22,10,1,92.42,Changed mind,True
5773,117362,20221130,1951,21,10,1,72.37,Changed mind,True
5774,117277,20221106,1833,23,10,4,196.21,Damaged,False
5775,117473,20221119,77,40,10,4,769.16,Late delivery,True
5776,117589,20221124,429,16,11,2,217.24,Changed mind,False
5777,117602,20221102,467,21,11,1,72.62,Wrong size,True
5778,117620,20221113,799,48,11,1,150.68,Damaged,False
5779,117627,20221118,697,55,11,10,2578.25,Changed mind,True
5780,117639,20221212,1720,56,11,10,1472.43,Damaged,False
5781,117652,20221106,760,69,11,2,463.26,Wrong size,True
5782,117699,20221114,995,11,12,1,3774.36,Warranty,True
5783,117794,20221025,1032,51,12,1,173.0,Changed mind,True
5784,117809,20221119,622,36,12,1,77.58,Wrong size,True
5785,117802,20221118,1367,45,12,1,124.31,Damaged,False
5786,117816,20221101,1410,43,12,3,386.55,Wrong size,True
5787,117815,20221127,763,56,12,3,388.09,Changed mind,False
5788,117891,20221029,513,80,12,2,256.12,Changed mind,True
5789,117940,20221220,1133,3,1,1,1756.64,Damaged,False
5790,118085,20230104,185,26,1,1,11.37,Late delivery,True
5791,118109,20221215,1570,30,1,1,55.0,Wrong size,True
5792,117985,20221208,1981,13,1,3,40.42,Changed mind,True
5793,118104,20221122,418,15,1,1,10.51,Damaged,False
5794,117949,20221219,1092,25,1,1,83.1,Changed mind,True
5795,118017,20230105,922,27,1,2,145.72,Wrong size,True
5796,118177,20221227,1502,59,1,1,52.42,Wrong size,True
5797,118174,20221118,1855,77,1,5,434.28,Changed mind,True
5798,118194,20230104,63,93,1,4,769.44,Changed mind,True
5799,118181,20221222,1836,85,1,4,1291.23,Warranty,False
5800,118330,20221221,725,25,2,1,93.96,Wrong size,True
5801,118302,20221217,1352,13,2,2,28.23,Other,True
5802,118427,20221125,498,33,2,1,63.86,Damaged,False
5803,118297,20221229,569,17,2,3,216.77,Warranty,True
5804,118451,20230105,780,26,2,1,12.98,Other,True
5805,118290,20221224,1108,26,2,1,12.4,Wrong size,True
5806,118528,20221216,921,24,2,1,47.98,Changed mind,True
5807,118608,20221229,800,39,2,9,1079.75,Late delivery,True
5808,118605,20221119,320,39,2,2,235.9,Damaged,False
5809,118581,20221227,1627,36,2,1,187.8,Changed mind,True
5810,118585,20221209,1523,48,2,2,320.31,Late delivery,False
5811,118537,20221208,354,45,2,2,242.87,Wrong size,True
5812,118546,20221217,173,49,2,1,63.4,Other,False
5813,118624,20221224,524,67,2,1,150.56,Changed mind,True
5814,118735,20230104,1068,93,2,2,335.75,Changed mind,True
5815,118874,20221217,557,28,3,1,32.05,Wrong size,True
5816,118802,20221209,1350,19,3,1,70.4,Changed mind,True
5817,118940,20230104,1585,16,3,4,341.71,Changed mind,True
5818,118941,20221217,861,28,3,3,125.86,Other,True
5819,119095,20221204,271,42,3,1,81.84,Changed mind,False
5820,119116,20221122,211,56,3,1,159.06,Wrong size,True
5821,119197,20221212,500,77,3,2,174.95,Damaged,False
5822,119174,20221210,1791,64,3,1,170.74,Wrong size,True
5823,119225,20221220,485,88,3,1,116.21,Changed mind,True
5824,119235,20221222,1323,88,3,1,120.88,Damaged,False
5825,119291,20221229,431,95,3,6,1890.07,Changed mind,True
5826,119452,20221122,1571,31,4,1,79.15,Damaged,False
5827,119330,20221219,1687,19,4,2,100.51,Late delivery,False
5828,119458,20221203,580,19,4,1,55.02,Other,True
5829,119371,20230115,450,34,4,1,51.36,Warranty,False
5830,119505,20221224,415,39,4,7,677.96,Changed mind,True
5831,119549,20230112,440,41,4,1,236.68,Late delivery,True
5832,119506,20221110,661,35,4,4,319.56,Warranty,False
5833,119517,20221228,1961,56,4,1,175.45,Wrong size,True
5834,119651,20221230,1085,76,4,1,172.66,Other,True
5835,119923,20221228,745,22,5,1,85.94,Changed mind,True
5836,119991,20221220,259,25,5,1,108.54,Late delivery,True
5837,119981,20230104,278,16,5,2,241.93,Changed mind,True
5838,119783,20221214,1889,14,5,3,258.74,Late delivery,True
5839,119845,20221224,1292,20,5,2,244.53,Wrong size,True
5840,119773,20230115,1416,25,5,2,21.83,Wrong size,True
5841,119828,20221209,985,25,5,1,117.28,Damaged,False
5842,119913,20221220,1480,20,5,2,132.72,Changed mind,True
5843,120011,20221225,385,26,5,1,16.2,Damaged,False
5844,119889,20221231,685,21,5,3,222.16,Wrong size,True
5845,119747,20221119,1207,31,5,2,117.32,Changed mind,True
5846,120038,20221117,461,28,5,1,32.95,Changed mind,True
5847,120113,20221118,180,38,5,5,1090.65,Changed mind,True
5848,120143,20221113,926,40,5,1,315.24,Warranty,False
5849,120046,20230103,1009,54,5,1,110.43,Wrong size,True
5850,120103,20221209,523,48,5,1,160.14,Changed mind,True
5851,120091,20221225,1223,50,5,1,174.7,Late delivery,True
5852,120069,20221231,1094,44,5,1,269.68,Changed mind,True
5853,120161,20221214,1205,50,5,1,192.43,Wrong size,True
5854,120096,20221215,386,44,5,6,1574.63,Wrong size,True
5855,120178,20221226,1703,43,5,6,835.64,Wrong size,True
5856,120083,20221217,370,37,5,2,179.29,Other,True
5857,120078,20221224,1509,44,5,4,1087.54,Late delivery,True
5858,120057,20221120,1401,48,5,1,146.36,Late delivery,True
5859,120288,20221210,47,57,5,2,429.66,Warranty,False
5860,120285,20221225,1060,67,5,1,144.4,Changed mind,True
5861,120364,20230109,1229,93,5,5,883.49,Changed mind,True
5862,120381,20230121,1822,90,5,1,629.73,Late delivery,True
5863,120382,20221123,599,104,5,3,1170.06,Changed mind,True
5864,120445,20221128,1682,31,6,1,64.83,Wrong size,False
5865,120435,20221231,659,19,6,6,412.4,Late delivery,True
5866,120429,20221126,1686,18,6,1,77.53,Damaged,False
5867,120461,20221121,1941,20,6,3,402.56,Warranty,False
5868,120446,20221204,273,24,6,6,204.06,Damaged,False
5869,120604,20221203,1250,52,6,1,64.06,Changed mind,True
5870,120675,20230103,1744,40,6,1,265.81,Other,True
5871,120608,20221204,949,36,6,3,340.73,Damaged,False
5872,120586,20230103,1575,47,6,4,257.4,Damaged,False
5873,120598,20230107,313,50,6,5,984.05,Damaged,False
5874,120739,20221229,1146,89,6,1,49.47,Warranty,False
5875,120780,20221218,1305,98,6,2,297.21,Changed mind,True
5876,120787,20221214,1952,108,6,1,548.97,Wrong size,True
5877,120829,20221203,885,23,7,2,139.96,Warranty,False
5878,120807,20221230,868,18,7,1,18.01,Changed mind,True
5879,120869,20221120,542,20,7,1,97.34,Other,True
5880,120854,20221205,829,22,7,1,93.15,Late delivery,True
5881,120941,20221125,588,16,7,1,93.54,Changed mind,True
5882,120959,20221130,1979,15,7,2,106.17,Warranty,False
5883,120983,20221130,1493,48,7,2,351.32,Warranty,False
5884,121055,20221219,198,52,7,2,93.89,Changed mind,True
5885,120972,20221204,996,54,7,2,209.6,Wrong size,True
5886,121014,20221119,1985,38,7,1,160.65,Warranty,True
5887,121000,20221130,826,39,7,5,638.16,Damaged,False
5888,121095,20221223,1283,91,7,1,391.84,Changed mind,False
5889,121128,20221223,1946,89,7,1,55.43,Changed mind,True
5890,121266,20221216,83,16,8,1,95.5,Damaged,False
5891,121350,20221231,1835,39,8,2,259.85,Changed mind,True
5892,121293,20221201,183,54,8,1,104.75,Late delivery,True
5893,121356,20221214,1766,48,8,1,193.2,Damaged,False
5894,121342,20221111,370,53,8,1,136.62,Wrong size,True
5895,121340,20221231,408,45,8,1,114.95,Warranty,False
5896,121367,20221130,1387,46,8,9,1946.81,Warranty,False
5897,121419,20221231,83,57,8,1,287.22,Damaged,False
5898,121420,20221226,1212,57,8,1,238.03,Late delivery,True
5899,121465,20221224,81,82,8,1,481.85,Late delivery,True
5900,121565,20221219,1265,13,9,2,23.02,Changed mind,True
5901,121486,20221115,134,25,9,2,203.81,Damaged,False
5902,121598,20221121,118,31,9,1,71.95,Changed mind,False
5903,121647,20221207,503,76,9,4,851.97,Late delivery,True
5904,121685,20221205,309,83,9,1,453.31,Late delivery,True
5905,121701,20221130,1051,9,10,1,1046.87,Changed mind,True
5906,121694,20221125,1059,11,10,1,3431.0,Late delivery,True
5907,121697,20221201,169,3,10,1,2565.05,Wrong size,True
5908,121696,20230101,938,7,10,1,2329.75,Late delivery,True
5909,121786,20221216,1191,28,10,4,124.03,Damaged,False
5910,121806,20221213,1040,43,10,1,129.76,Wrong size,True
5911,121880,20221125,338,77,10,2,173.86,Warranty,False
5912,121897,20221214,1205,92,10,2,964.7,Wrong size,True
5913,121904,20221207,1914,90,10,9,4257.56,Other,True
5914,121993,20221207,1958,108,10,1,453.7,Wrong size,True
5915,121988,20221124,1315,104,10,1,451.67,Wrong size,True
5916,121983,20221221,1234,105,10,4,1696.0,Late delivery,True
5917,122035,20230114,18,34,11,1,52.84,Other,True
5918,122095,20221217,357,20,11,1,123.88,Wrong size,False
5919,122017,20221226,707,24,11,1,34.24,Changed mind,True
5920,122107,20221217,1729,30,11,1,70.03,Changed mind,True
5921,122078,20230106,796,22,11,2,137.79,Late delivery,True
5922,122190,20221225,269,22,11,2,161.89,Other,False
5923,122132,20221123,146,34,11,1,52.36,Wrong size,True
5924,122208,20230111,1184,45,11,1,145.05,Wrong size,True
5925,122228,20221227,555,48,11,2,225.99,Damaged,False
5926,122243,20221115,436,36,11,1,176.69,Wrong size,True
5927,122328,20230105,785,83,11,7,2423.32,Changed mind,True
5928,122334,20230115,1239,81,11,1,300.25,Late delivery,True
5929,122395,20221229,1021,13,12,2,17.55,Wrong size,True
5930,122461,20221206,1352,31,12,6,439.25,Wrong size,True
5931,122623,20221220,1130,104,12,2,901.33,Changed mind,True
5932,122646,20230115,28,33,1,5,380.46,Other,True
5933,122666,20221227,921,30,1,1,49.24,Other,True
5934,122652,20230217,1811,26,1,2,19.54,Damaged,False
5935,122698,20230112,1622,46,1,3,536.0,Changed mind,True
5936,122724,20230201,20,46,1,1,210.37,Wrong size,True
5937,122890,20230110,1406,32,2,6,128.47,Damaged,False
5938,122876,20230122,714,28,2,2,60.2,Warranty,False
5939,122982,20221225,1960,78,2,1,143.46,Warranty,False
5940,123031,20230107,385,86,2,1,230.1,Changed mind,True
5941,123070,20230102,1507,81,2,1,269.11,Wrong size,True
5942,123264,20230122,52,22,3,5,440.98,Late delivery,True
5943,123197,20230103,1638,18,3,2,170.34,Changed mind,True
5944,123281,20230126,450,23,3,1,53.35,Changed mind,True
5945,123338,20230104,1208,55,3,1,233.72,Damaged,False
5946,123313,20221215,133,40,3,4,1185.85,Wrong size,True
5947,123335,20230207,1628,55,3,2,564.47,Late delivery,True
5948,123426,20230114,1289,60,3,1,444.81,Damaged,False
5949,123400,20230128,1909,64,3,1,170.3,Warranty,False
5950,123496,20230112,995,103,3,2,884.05,Changed mind,True
5951,123556,20230122,1277,25,4,1,102.8,Damaged,False
5952,123636,20230215,1571,18,4,1,76.23,Wrong size,True
5953,123639,20221224,54,15,4,1,15.65,Changed mind,True
5954,123615,20230112,1724,16,4,2,194.53,Changed mind,True
5955,123646,20230112,593,45,4,2,318.9,Late delivery,True
5956,123682,20230110,1013,62,4,1,132.61,Changed mind,True
5957,123776,20230111,288,88,4,1,129.33,Damaged,False
5958,123853,20221224,1849,21,5,1,68.25,Other,False
5959,123963,20230125,701,52,5,1,54.28,Changed mind,True
5960,123978,20221228,861,56,5,1,142.43,Changed mind,True
5961,123877,20230127,93,43,5,1,123.29,Late delivery,True
5962,123917,20230112,505,56,5,12,1664.78,Damaged,False
5963,123992,20230118,618,55,5,1,258.36,Wrong size,True
5964,123964,20230207,81,36,5,1,158.29,Wrong size,False
5965,123931,20221224,492,43,5,1,149.01,Wrong size,False
5966,123922,20230124,320,55,5,9,2230.99,Changed mind,True
5967,123939,20221228,1532,39,5,1,114.67,Late delivery,True
5968,123930,20230129,1298,43,5,2,263.64,Other,True
5969,124053,20230105,490,76,5,1,193.72,Other,True
5970,124190,20230201,1307,30,6,1,46.58,Changed mind,True
5971,124172,20221226,1153,20,6,1,142.02,Damaged,False
5972,124267,20230125,527,21,6,1,76.18,Warranty,True
5973,124187,20230128,184,19,6,3,195.46,Changed mind,True
5974,124144,20230128,1097,24,6,2,65.61,Late delivery,True
5975,124210,20230123,298,23,6,4,221.18,Damaged,False
5976,124249,20230116,278,20,6,1,134.19,Changed mind,True
5977,124327,20230103,854,55,6,1,285.85,Late delivery,True
5978,124407,20230114,1081,49,6,1,68.69,Late delivery,True
5979,124392,20230107,1307,40,6,3,801.45,Changed mind,True
5980,124281,20230115,604,46,6,1,134.87,Wrong size,True
5981,124379,20230207,543,39,6,5,528.58,Late delivery,True
5982,124363,20230105,1797,35,6,1,85.19,Late delivery,True
5983,124274,20221227,755,46,6,7,1210.45,Wrong size,True
5984,124289,20230204,1354,39,6,2,229.33,Wrong size,False
5985,124347,20230101,1165,50,6,2,326.89,Warranty,False
5986,124458,20230208,1258,63,6,4,797.93,Damaged,False
5987,124469,20221226,1925,62,6,1,125.22,Warranty,False
5988,124442,20221227,880,75,6,1,281.33,Warranty,False
5989,124484,20230115,298,61,6,5,1366.73,Changed mind,True
5990,124532,20221219,748,16,7,1,86.48,Changed mind,False
5991,124599,20230201,1481,15,7,1,17.02,Wrong size,True
5992,124546,20230209,1548,26,7,1,14.91,Changed mind,True
5993,124555,20230201,1669,14,7,3,261.89,Changed mind,True
5994,124645,20230126,1035,38,7,1,257.23,Wrong size,True
5995,124620,20230121,412,47,7,6,585.35,Changed mind,True
5996,124619,20230118,449,37,7,1,91.81,Wrong size,True
5997,124627,20230128,1371,55,7,1,253.57,Wrong size,False
5998,124628,20221215,1606,50,7,1,155.97,Late delivery,True
5999,124657,20230105,651,44,7,1,241.46,Changed mind,True
6000,124851,20230106,993,24,8,1,38.14,Warranty,False
6001,124899,20230114,613,15,8,3,44.07,Damaged,False
6002,124903,20230130,1522,21,8,1,19.36,Warranty,True
6003,124845,20230118,807,25,8,1,100.75,Late delivery,True
6004,124926,20230128,822,36,8,3,558.23,Damaged,False
6005,124930,20221223,1541,47,8,13,2145.3,Wrong size,True
6006,125131,20230201,1630,21,9,4,281.38,Other,True
6007,125107,20230202,1728,23,9,4,206.86,Changed mind,True
6008,125116,20230129,1860,16,9,2,190.29,Changed mind,True
6009,125218,20221221,1405,63,9,5,1019.62,Wrong size,True
6010,125202,20221228,251,60,9,2,313.46,Changed mind,True
6011,125205,20230127,1293,69,9,1,292.85,Late delivery,True
6012,125292,20230209,1648,101,9,6,4352.6,Changed mind,True
6013,125409,20230125,739,24,10,1,36.67,Late delivery,True
6014,125402,20230130,1410,15,10,2,39.24,Warranty,False
6015,125359,20221219,721,20,10,3,343.71,Other,True
6016,125447,20230121,1682,29,10,2,227.4,Late delivery,True
6017,125429,20230128,1202,17,10,2,134.33,Warranty,False
6018,125504,20221222,1939,28,10,2,78.16,Changed mind,True
6019,125445,20221219,1676,18,10,2,163.68,Changed mind,True
6020,125342,20230109,1286,32,10,2,42.12,Changed mind,True
6021,125377,20221227,860,19,10,3,213.31,Warranty,False
6022,125580,20230112,853,38,10,1,206.99,Wrong size,True
6023,125576,20221223,333,51,10,2,340.36,Damaged,False
6024,125624,20230105,414,68,10,1,156.92,Changed mind,True
6025,125764,20230202,1552,8,11,1,2082.31,Wrong size,False
6026,126005,20230122,361,24,11,4,128.63,Late delivery,True
6027,125897,20230131,934,21,11,2,200.52,Other,True
6028,125883,20221212,1518,17,11,2,151.79,Late delivery,True
6029,125884,20230210,1635,14,11,2,185.43,Wrong size,False
6030,125919,20230119,319,13,11,1,10.97,Wrong size,True
6031,125908,20230117,1722,22,11,1,104.53,Changed mind,True
6032,125835,20230122,1171,32,11,1,19.67,Damaged,False
6033,125823,20230126,1996,22,11,2,168.87,Wrong size,True
6034,125964,20230101,823,23,11,1,53.99,Warranty,False
6035,126006,20230119,536,15,11,5,89.48,Changed mind,True
6036,126121,20230126,796,57,11,4,1009.84,Wrong size,True
6037,126075,20230112,794,76,11,1,219.09,Wrong size,True
6038,126143,20230114,1557,86,11,6,1210.69,Other,True
6039,126312,20230104,215,20,12,1,100.75,Changed mind,True
6040,126350,20230119,1598,22,12,2,217.75,Late delivery,True
6041,126486,20230119,1217,22,12,10,1029.45,Changed mind,True
6042,126394,20221213,1215,28,12,1,94.94,Other,False
6043,126339,20230201,521,19,12,6,917.69,Changed mind,True
6044,126324,20230122,388,23,12,1,69.52,Changed mind,True
6045,126445,20221226,1747,30,12,4,253.03,Warranty,False
6046,126348,20230206,1960,18,12,1,65.32,Wrong size,True
6047,126270,20221230,1021,32,12,1,121.31,Wrong size,True
6048,126452,20230126,1190,13,12,1,12.99,Damaged,False
6049,126332,20230112,1544,22,12,3,303.18,Warranty,True
6050,126534,20230125,1399,35,12,1,86.34,Damaged,False
6051,126565,20230129,1563,80,12,1,157.55,Late delivery,True
6052,126654,20230110,1821,82,12,1,532.26,Other,True
6053,126629,20230120,889,86,12,1,323.81,Changed mind,True
6054,126801,20230310,1398,23,1,1,130.75,Changed mind,True
6055,126807,20230125,696,19,1,2,144.21,Changed mind,False
6056,126834,20230213,81,26,1,1,16.78,Wrong size,True
6057,126730,20230127,640,13,1,4,58.74,Changed mind,True
6058,126779,20230120,628,13,1,1,14.89,Wrong size,True
6059,126771,20230215,517,13,1,1,15.98,Late delivery,True
6060,126787,20230205,388,28,1,3,89.58,Wrong size,True
6061,126837,20230127,320,20,1,1,136.71,Damaged,False
6062,126816,20230128,1911,22,1,1,86.54,Wrong size,True
6063,126752,20230122,1996,19,1,2,144.34,Changed mind,True
6064,126833,20230124,341,28,1,1,36.59,Changed mind,True
6065,126812,20230318,569,22,1,1,79.93,Changed mind,True
6066,126941,20230127,1767,36,1,1,202.24,Warranty,False
6067,126934,20230301,1372,54,1,1,103.49,Wrong size,True
6068,126988,20230303,1176,39,1,15,1694.4,Wrong size,True
6069,126893,20230216,1495,43,1,2,239.51,Damaged,False
6070,126951,20230212,10,51,1,3,716.06,Changed mind,True
6071,126888,20230131,187,36,1,3,577.18,Damaged,False
6072,126970,20230220,170,40,1,6,1424.4,Late delivery,True
6073,126921,20230213,1693,36,1,1,151.44,Wrong size,True
6074,127017,20230203,1971,72,1,2,442.19,Damaged,False
6075,127091,20230204,72,12,2,1,3608.42,Other,True
6076,127117,20230225,754,18,2,1,84.57,Other,True
6077,127383,20230217,1473,16,2,3,287.15,Warranty,False
6078,127118,20230130,171,29,2,3,298.61,Changed mind,True
6079,127401,20230302,578,31,2,2,156.49,Damaged,False
6080,127105,20230117,1148,30,2,2,114.45,Other,True
6081,127124,20230208,1784,20,2,2,251.74,Wrong size,True
6082,127247,20230128,795,19,2,1,69.55,Late delivery,True
6083,127416,20230312,133,22,2,1,101.28,Late delivery,True
6084,127342,20230206,490,21,2,3,216.88,Other,False
6085,127201,20230321,1587,16,2,1,110.91,Changed mind,True
6086,127472,20230210,345,15,2,3,53.69,Other,True
6087,127421,20230228,721,27,2,1,32.27,Late delivery,False
6088,127314,20230228,548,14,2,1,95.89,Wrong size,True
6089,127482,20230216,1197,14,2,1,78.18,Changed mind,True
6090,127176,20230127,767,21,2,1,66.74,Damaged,False
6091,127533,20230214,570,40,2,2,513.31,Other,True
6092,127538,20230219,205,40,2,7,2037.76,Wrong size,True
6093,127534,20230131,1989,50,2,1,220.57,Changed mind,True
6094,127522,20230309,1830,56,2,1,137.31,Changed mind,True
6095,127744,20230316,601,1,3,2,1972.89,Late delivery,True
6096,128107,20230128,760,24,3,2,68.55,Late delivery,False
6097,128227,20230215,37,34,3,1,49.26,Late delivery,True
6098,128233,20230113,137,20,3,1,118.17,Damaged,False
6099,128192,20230226,1312,32,3,4,82.31,Wrong size,True
6100,128180,20230216,760,24,3,2,70.93,Wrong size,True
6101,127973,20230221,1331,25,3,2,204.66,Damaged,False
6102,128097,20230211,1464,28,3,2,67.11,Damaged,False
6103,128111,20230126,120,34,3,3,110.41,Changed mind,True
6104,128250,20230317,1452,20,3,2,271.57,Changed mind,False
6105,128093,20230215,1418,33,3,1,77.69,Changed mind,True
6106,128058,20230310,1899,19,3,6,410.03,Changed mind,True
6107,128110,20230207,171,24,3,10,349.87,Other,True
6108,127978,20230307,848,30,3,1,59.97,Wrong size,False
6109,128409,20230321,726,43,3,1,114.78,Changed mind,True
6110,128576,20230224,698,35,3,1,241.22,Wrong size,False
6111,128483,20230208,1241,45,3,1,140.69,Wrong size,True
6112,128318,20230218,349,51,3,7,1266.92,Wrong size,True
6113,128465,20230220,469,46,3,2,473.66,Wrong size,True
6114,128512,20230211,807,40,3,3,787.52,Other,True
6115,128399,20230210,1936,54,3,3,259.46,Changed mind,True
6116,128461,20230222,572,35,3,2,137.51,Wrong size,True
6117,128312,20230201,478,41,3,2,472.83,Other,True
6118,128451,20230209,205,55,3,2,717.97,Wrong size,True
6119,128533,20230311,799,35,3,1,90.08,Wrong size,True
6120,128586,20230121,1780,53,3,2,361.76,Warranty,False
6121,128601,20230301,1843,47,3,2,169.41,Changed mind,False
6122,128551,20230309,1285,48,3,1,155.57,Warranty,False
6123,128537,20230313,35,36,3,1,197.89,Wrong size,True
6124,128362,20230117,1563,46,3,3,491.16,Damaged,False
6125,128598,20230126,1729,50,3,1,118.21,Damaged,False
6126,128366,20230204,210,40,3,1,290.13,Damaged,False
6127,128372,20230306,1960,53,3,1,196.28,Wrong size,False
6128,128618,20230210,1685,63,3,7,1669.49,Warranty,True
6129,128720,20230128,1112,61,3,1,284.86,Wrong size,True
6130,128717,20230117,441,61,3,9,2938.72,Damaged,False
6131,128667,20230209,1352,73,3,1,217.85,Changed mind,True
6132,128816,20230227,1169,86,3,2,477.99,Changed mind,True
6133,128890,20230212,1049,94,3,1,433.21,Wrong size,True
6134,128874,20230314,803,102,3,3,343.47,Damaged,False
6135,128883,20230201,1960,95,3,1,615.54,Changed mind,True
6136,128910,20230204,1690,18,4,1,100.51,Changed mind,False
6137,129075,20230317,1508,26,4,1,13.22,Wrong size,True
6138,128991,20230211,1381,19,4,4,345.78,Wrong size,True
6139,128921,20230204,1299,33,4,1,72.79,Wrong size,True
6140,129049,20230226,1392,19,4,2,151.28,Wrong size,True
6141,129121,20230210,1101,22,4,2,207.52,Damaged,False
6142,129055,20230216,549,23,4,2,125.55,Changed mind,True
6143,129015,20230118,1646,23,4,1,59.2,Late delivery,True
6144,129106,20230207,1546,20,4,1,103.42,Damaged,False
6145,129333,20230128,1914,51,4,3,254.86,Wrong size,True
6146,129216,20230223,1857,41,4,2,523.29,Changed mind,True
6147,129263,20230130,142,46,4,1,211.54,Late delivery,True
6148,129167,20230218,737,52,4,2,113.44,Warranty,False
6149,129326,20230204,865,38,4,1,198.8,Wrong size,True
6150,129299,20230125,1571,55,4,1,352.75,Wrong size,True
6151,129155,20230124,1638,42,4,1,114.04,Late delivery,True
6152,129343,20230216,1985,41,4,1,289.41,Wrong size,True
6153,129129,20230216,101,56,4,1,129.26,Warranty,False
6154,129231,20230305,1160,54,4,1,86.04,Damaged,False
6155,129322,20230130,1810,44,4,1,266.17,Wrong size,True
6156,129348,20230313,1881,46,4,1,184.59,Changed mind,True
6157,129212,20230201,815,37,4,1,81.83,Wrong size,True
6158,129208,20230129,1577,55,4,1,365.63,Warranty,False
6159,129327,20230302,722,48,4,1,145.17,Wrong size,True
6160,129365,20230128,744,76,4,1,154.57,Other,True
6161,129388,20230227,1304,81,4,2,518.17,Changed mind,True
6162,129470,20230301,1834,81,4,1,302.62,Warranty,False
6163,129515,20230129,288,107,4,1,725.27,Other,True
6164,129506,20230221,313,103,4,1,470.91,Damaged,False
6165,130053,20230217,528,30,5,2,91.04,Warranty,True
6166,130155,20230213,989,19,5,1,70.51,Wrong size,True
6167,129888,20230217,22,28,5,2,71.75,Other,True
6168,129730,20230211,1244,15,5,1,16.71,Other,True
6169,129985,20230126,40,18,5,3,257.24,Changed mind,False
6170,129734,20230228,1775,31,5,1,94.16,Warranty,True
6171,129972,20230218,126,15,5,3,56.94,Warranty,False
6172,130020,20230218,855,29,5,1,101.16,Changed mind,True
6173,129627,20230207,779,22,5,2,174.41,Warranty,False
6174,129786,20230307,708,17,5,1,80.59,Damaged,False
6175,129879,20230312,1722,24,5,1,34.55,Changed mind,True
6176,129625,20230207,1664,30,5,2,90.78,Wrong size,False
6177,130070,20230224,1537,14,5,3,250.13,Damaged,False
6178,129911,20230223,1783,19,5,2,130.1,Wrong size,True
6179,129596,20230314,400,16,5,1,103.21,Late delivery,True
6180,130079,20230202,1112,16,5,1,70.01,Late delivery,True
6181,130036,20230221,528,18,5,1,89.17,Warranty,False
6182,130162,20230214,155,16,5,1,104.12,Warranty,True
6183,130019,20230211,1670,31,5,2,154.86,Changed mind,True
6184,130118,20230222,388,34,5,1,46.15,Wrong size,True
6185,129595,20230220,981,22,5,1,84.5,Warranty,False
6186,129827,20230202,949,20,5,2,267.99,Other,True
6187,129821,20230210,614,15,5,1,20.48,Wrong size,True
6188,129803,20230206,1315,25,5,1,117.08,Wrong size,True
6189,129990,20230209,14,27,5,8,459.31,Other,True
6190,129759,20230312,368,30,5,2,120.5,Wrong size,True
6191,129593,20230211,1853,20,5,1,89.59,Changed mind,True
6192,129875,20230208,697,22,5,6,572.35,Warranty,False
6193,130132,20230131,1292,20,5,1,126.62,Late delivery,True
6194,130146,20230220,359,21,5,2,135.49,Other,True
6195,129743,20230215,476,28,5,2,58.86,Late delivery,True
6196,130421,20230206,964,46,5,1,172.25,Warranty,False
6197,130417,20230209,824,40,5,18,4892.48,Late delivery,True
6198,130340,20230113,972,42,5,1,113.52,Changed mind,True
6199,130304,20230303,13,36,5,2,319.13,Damaged,False
6200,130428,20230205,1521,48,5,1,156.43,Warranty,False
6201,130410,20230115,1047,44,5,2,436.14,Damaged,False
6202,130339,20230317,1458,51,5,2,469.78,Warranty,True
6203,130241,20230311,1965,47,5,4,974.04,Wrong size,True
6204,130391,20230131,1160,40,5,3,1050.08,Wrong size,True
6205,130254,20230225,1438,39,5,2,326.19,Changed mind,True
6206,130215,20230222,306,48,5,1,195.84,Changed mind,True
6207,130431,20230218,1985,52,5,2,108.58,Late delivery,True
6208,130499,20230212,1316,73,5,2,573.14,Damaged,False
6209,130541,20230121,1440,67,5,7,1029.65,Wrong size,False
6210,130478,20230216,1905,79,5,5,1631.06,Other,True
6211,130699,20230216,701,91,5,1,364.22,Late delivery,True
6212,130818,20230226,203,4,6,1,2763.31,Warranty,True
6213,130857,20230131,1994,25,6,5,532.4,Late delivery,True
6214,130916,20230216,1009,33,6,1,62.87,Other,False
6215,130881,20230303,1192,31,6,1,80.63,Wrong size,True
6216,130979,20230212,1309,45,6,2,242.03,Wrong size,True
6217,130959,20230206,48,47,6,1,97.95,Damaged,False
6218,130972,20230213,1349,49,6,2,132.39,Changed mind,True
6219,130953,20230311,756,38,6,3,504.42,Damaged,False
6220,130966,20230216,1853,47,6,1,98.44,Wrong size,True
6221,130994,20230223,1139,63,6,1,217.48,Changed mind,True
6222,131010,20230302,477,77,6,2,133.85,Other,True
6223,131012,20230320,1136,59,6,1,66.76,Changed mind,True
6224,131037,20230214,1064,81,6,1,338.1,Other,False
6225,131089,20230211,1206,2,7,1,3492.61,Warranty,False
6226,131209,20230218,808,30,7,4,241.57,Changed mind,True
6227,131286,20230217,1748,18,7,1,77.01,Other,True
6228,131302,20230219,414,32,7,1,22.33,Changed mind,True
6229,131168,20230201,454,18,7,2,158.36,Changed mind,True
6230,131327,20230308,1047,20,7,2,321.8,Damaged,False
6231,131152,20230324,304,26,7,2,24.51,Changed mind,True
6232,131174,20230118,1389,15,7,4,69.22,Warranty,False
6233,131292,20230212,1438,27,7,1,55.75,Late delivery,True
6234,131166,20230317,1901,18,7,7,562.68,Changed mind,True
6235,131220,20230223,1542,33,7,3,217.13,Warranty,False
6236,131232,20230123,180,28,7,1,37.18,Changed mind,True
6237,131309,20230228,1032,34,7,2,111.93,Damaged,False
6238,131458,20230223,1041,54,7,2,193.23,Wrong size,True
6239,131499,20230211,860,39,7,3,289.53,Damaged,False
6240,131423,20230119,1741,43,7,3,583.63,Late delivery,False
6241,131510,20230303,722,56,7,2,346.76,Changed mind,True
6242,131448,20230306,1606,50,7,1,181.75,Damaged,False
6243,131532,20230223,251,47,7,2,143.97,Changed mind,False
6244,131425,20230226,595,51,7,1,219.58,Wrong size,True
6245,131469,20230227,1945,36,7,3,570.53,Late delivery,True
6246,131516,20230219,1979,38,7,4,720.23,Wrong size,True
6247,131397,20230224,1777,38,7,1,191.36,Wrong size,True
6248,131398,20230215,1829,53,7,1,178.9,Wrong size,True
6249,131427,20230211,996,47,7,1,96.9,Wrong size,True
6250,131623,20230228,897,80,7,2,338.38,Wrong size,True
6251,131576,20230227,1245,69,7,1,288.17,Wrong size,True
6252,131591,20230226,460,70,7,1,343.73,Changed mind,True
6253,131702,20230129,476,83,7,5,2637.2,Damaged,False
6254,131855,20230317,1518,34,8,2,120.96,Changed mind,True
6255,131813,20230219,1541,31,8,1,82.52,Late delivery,False
6256,131925,20230218,1289,26,8,2,29.43,Changed mind,True
6257,131762,20230226,1623,15,8,2,37.99,Late delivery,True
6258,131999,20230218,142,28,8,1,24.64,Other,True
6259,131958,20230211,1981,24,8,1,36.32,Other,True
6260,131814,20230213,1898,24,8,2,71.87,Damaged,False
6261,132106,20230214,799,42,8,1,99.1,Wrong size,True
6262,132116,20230130,1994,38,8,7,1402.19,Damaged,False
6263,132107,20230324,1531,37,8,4,347.9,Wrong size,True
6264,132006,20230207,1514,54,8,2,224.81,Wrong size,True
6265,132011,20230223,1409,56,8,1,153.1,Wrong size,True
6266,132073,20230224,982,38,8,1,188.26,Changed mind,True
6267,132063,20230121,1082,41,8,3,282.97,Damaged,False
6268,132062,20230312,177,55,8,1,251.9,Wrong size,True
6269,132104,20230211,667,49,8,1,125.47,Changed mind,True
6270,132049,20230131,1672,52,8,1,58.43,Changed mind,False
6271,132407,20230203,1891,14,9,5,390.71,Other,True
6272,132323,20230121,1468,23,9,1,55.56,Warranty,False
6273,132251,20230122,780,23,9,3,172.52,Warranty,True
6274,132339,20230201,893,15,9,1,16.71,Changed mind,True
6275,132313,20230227,762,32,9,1,19.2,Changed mind,True
6276,132525,20230224,1998,16,9,4,340.42,Changed mind,True
6277,132257,20230226,34,30,9,2,103.38,Wrong size,True
6278,132300,20230207,252,22,9,1,119.51,Damaged,False
6279,132463,20230116,1823,31,9,1,80.49,Changed mind,True
6280,132270,20230126,1145,14,9,4,338.7,Other,True
6281,132453,20230215,1980,16,9,2,195.44,Wrong size,True
6282,132403,20230125,1517,16,9,2,186.26,Warranty,False
6283,132305,20230127,355,13,9,1,13.87,Late delivery,True
6284,132292,20230214,649,16,9,3,243.82,Damaged,False
6285,132374,20230131,1088,26,9,1,51.39,Wrong size,False
6286,132491,20230311,60,33,9,5,337.55,Damaged,False
6287,132408,20230120,1604,25,9,6,641.15,Changed mind,True
6288,132320,20230302,1119,16,9,2,230.43,Wrong size,False
6289,132497,20230304,1539,18,9,1,78.82,Changed mind,True
6290,132505,20230222,1075,16,9,3,257.2,Changed mind,True
6291,132655,20230227,220,56,9,1,142.97,Warranty,False
6292,132632,20230213,1187,39,9,4,451.65,Damaged,False
6293,132606,20230123,1178,51,9,2,354.76,Warranty,False
6294,132626,20230125,1361,56,9,1,73.21,Warranty,False
6295,132749,20230210,731,59,9,1,53.17,Warranty,True
6296,132799,20230123,799,67,9,1,131.98,Damaged,False
6297,132866,20230301,1387,1,10,1,1095.73,Warranty,False
6298,132877,20230307,1217,1,10,1,899.29,Changed mind,True
6299,132930,20230222,1000,29,10,6,686.91,Wrong size,True
6300,133016,20230204,1824,28,10,4,154.85,Late delivery,True
6301,132989,20230223,1556,22,10,2,136.62,Damaged,False
6302,133035,20230304,415,22,10,1,99.95,Changed mind,True
6303,133013,20230313,367,21,10,1,92.9,Damaged,False
6304,132994,20230114,1040,28,10,1,37.79,Changed mind,False
6305,132935,20230129,555,20,10,2,270.54,Changed mind,True
6306,132903,20230222,1442,20,10,1,127.12,Warranty,False
6307,133008,20230316,774,16,10,2,23.45,Wrong size,True
6308,132995,20230203,1442,27,10,1,74.89,Changed mind,True
6309,133076,20230130,1516,53,10,3,445.49,Changed mind,True
6310,133101,20230205,830,55,10,1,277.52,Wrong size,True
6311,133135,20230228,1253,53,10,3,505.32,Other,True
6312,133058,20230226,367,38,10,1,238.03,Late delivery,True
6313,133133,20230215,159,38,10,1,193.39,Changed mind,True
6314,133147,20230304,1365,38,10,1,201.97,Changed mind,True
6315,133081,20230207,1874,37,10,1,80.28,Damaged,False
6316,133072,20230214,1253,35,10,1,97.07,Changed mind,True
6317,133067,20230130,1180,48,10,2,314.16,Changed mind,True
6318,133165,20230228,1591,69,10,7,2491.23,Wrong size,True
6319,133294,20230317,1327,71,10,4,1124.44,Late delivery,True
6320,133256,20230225,1419,61,10,1,312.96,Wrong size,True
6321,133385,20230212,1546,82,10,1,592.6,Wrong size,True
6322,133461,20230215,1024,103,10,2,987.3,Wrong size,True
6323,133432,20230212,1165,101,10,2,923.75,Other,True
6324,133445,20230208,1,96,10,1,579.72,Changed mind,True
6325,133518,20230312,592,28,11,1,33.68,Damaged,False
6326,133498,20230129,210,26,11,2,25.24,Other,True
6327,133593,20230204,1035,41,11,2,443.98,Wrong size,False
6328,133658,20230319,1744,70,11,2,324.71,Wrong size,True
6329,133661,20230208,85,80,11,3,409.12,Late delivery,True
6330,133672,20230314,536,66,11,1,97.29,Changed mind,True
6331,133731,20230305,859,82,11,1,646.2,Changed mind,True
6332,133784,20230206,1595,9,12,1,979.47,Damaged,False
6333,134139,20230306,620,17,12,1,70.94,Wrong size,True
6334,134044,20230305,1678,17,12,1,84.97,Wrong size,True
6335,134086,20230220,1181,19,12,4,301.48,Warranty,False
6336,133919,20230213,479,23,12,1,53.8,Late delivery,True
6337,134052,20230322,802,22,12,3,251.05,Late delivery,True
6338,134090,20230114,1797,28,12,1,39.11,Late delivery,True
6339,133913,20230122,1930,14,12,1,100.16,Changed mind,True
6340,133951,20230207,93,19,12,1,69.26,Wrong size,True
6341,133799,20230305,1830,28,12,1,30.9,Warranty,False
6342,133936,20230304,802,22,12,2,149.01,Late delivery,True
6343,133947,20230121,1369,31,12,1,77.36,Other,True
6344,133840,20230215,1328,27,12,2,140.15,Damaged,False
6345,134183,20230324,319,36,12,3,390.54,Wrong size,False
6346,134190,20230305,1563,42,12,6,664.98,Wrong size,True
6347,134203,20230205,1200,59,12,5,221.74,Warranty,False
6348,134310,20230218,1745,75,12,2,129.37,Damaged,False
6349,134212,20230209,1709,73,12,2,485.23,Wrong size,True
6350,134340,20230109,1399,99,12,1,631.58,Late delivery,True
6351,134342,20230213,1402,103,12,1,444.36,Changed mind,True
6352,134464,20230401,1244,26,1,4,143.37,Damaged,False
6353,134529,20230406,1569,46,1,2,353.91,Wrong size,True
6354,134586,20230327,501,52,1,6,335.61,Wrong size,True
6355,134591,20230312,544,51,1,2,512.93,Late delivery,True
6356,134514,20230322,516,50,1,2,476.88,Wrong size,True
6357,134502,20230209,1380,50,1,1,156.66,Changed mind,True
6358,134538,20230321,262,35,1,2,192.29,Wrong size,True
6359,134596,20230407,162,54,1,1,78.76,Late delivery,True
6360,134540,20230312,307,37,1,1,96.42,Damaged,False
6361,134560,20230322,202,49,1,1,63.23,Wrong size,True
6362,134503,20230311,1075,45,1,2,260.47,Changed mind,True
6363,134507,20230302,1966,43,1,1,116.57,Late delivery,True
6364,134649,20230318,1609,74,1,1,168.61,Changed mind,False
6365,134886,20230411,1777,14,2,2,130.95,Wrong size,True
6366,134835,20230315,615,14,2,2,183.96,Damaged,False
6367,135058,20230331,1835,47,2,1,90.13,Wrong size,True
6368,134975,20230314,486,36,2,4,953.67,Changed mind,True
6369,135015,20230315,574,54,2,3,546.95,Wrong size,True
6370,135064,20230319,486,55,2,1,335.62,Warranty,True
6371,135059,20230406,411,55,2,2,622.21,Warranty,False
6372,134918,20230421,153,45,2,3,468.21,Late delivery,True
6373,135045,20230316,1837,49,2,1,61.68,Wrong size,True
6374,135040,20230326,1872,45,2,1,127.84,Changed mind,False
6375,134917,20230303,91,45,2,1,139.01,Wrong size,True
6376,134942,20230302,200,55,2,2,624.68,Warranty,False
6377,135157,20230408,1460,88,2,1,113.32,Warranty,False
6378,135307,20230401,1219,15,3,10,749.07,Damaged,False
6379,135486,20230308,1285,19,3,1,82.12,Wrong size,True
6380,135365,20230321,1459,24,3,8,276.05,Wrong size,True
6381,135240,20230311,1237,19,3,2,159.97,Changed mind,True
6382,135415,20230316,1570,24,3,2,59.46,Changed mind,True
6383,135275,20230312,1047,28,3,1,35.71,Changed mind,False
6384,135354,20230328,1899,20,3,1,131.86,Damaged,False
6385,135457,20230413,1037,30,3,1,52.63,Changed mind,True
6386,135246,20230327,421,19,3,3,205.61,Wrong size,False
6387,135243,20230214,369,26,3,1,16.37,Wrong size,True
6388,135344,20230406,362,34,3,2,91.39,Damaged,False
6389,135373,20230402,1936,28,3,1,39.61,Changed mind,True
6390,135472,20230306,848,34,3,1,48.22,Warranty,True
6391,135347,20230405,1111,25,3,1,117.28,Warranty,True
6392,135524,20230401,1169,39,3,1,98.37,Damaged,False
6393,135498,20230402,1099,51,3,1,197.05,Other,False
6394,135629,20230325,640,101,3,1,615.34,Damaged,False
6395,135682,20230325,403,20,4,1,109.82,Wrong size,True
6396,135825,20230318,1998,24,4,3,105.15,Wrong size,True
6397,135873,20230228,1042,23,4,1,57.75,Damaged,False
6398,135669,20230219,205,20,4,1,128.86,Changed mind,True
6399,135992,20230328,456,19,4,1,65.95,Changed mind,True
6400,135704,20230406,1280,14,4,2,187.28,Warranty,False
6401,135912,20230311,421,20,4,6,772.31,Wrong size,True
6402,135844,20230331,1061,15,4,2,31.53,Wrong size,True
6403,135890,20230322,1188,32,4,1,24.64,Changed mind,False
6404,136013,20230401,711,21,4,2,135.01,Late delivery,True
6405,135934,20230311,508,20,4,1,22.34,Other,True
6406,135771,20230329,1027,26,4,2,25.32,Late delivery,True
6407,135767,20230409,663,27,4,1,66.85,Wrong size,True
6408,135772,20230301,1230,22,4,1,94.33,Warranty,False
6409,135904,20230323,1998,24,4,2,65.21,Late delivery,True
6410,135924,20230224,181,28,4,2,68.92,Warranty,False
6411,135941,20230326,1551,19,4,6,390.03,Warranty,False
6412,136069,20230409,1886,18,4,1,69.98,Changed mind,True
6413,136147,20230330,1339,52,4,1,62.57,Damaged,False
6414,136120,20230412,310,40,4,2,477.52,Changed mind,True
6415,136130,20230309,1473,40,4,1,311.92,Other,True
6416,136135,20230308,1727,53,4,2,311.8,Changed mind,True
6417,136139,20230312,1252,56,4,1,144.85,Changed mind,False
6418,136212,20230410,544,47,4,1,116.17,Damaged,False
6419,136095,20230331,894,47,4,1,107.53,Other,True
6420,136227,20230330,1440,56,4,1,148.92,Changed mind,True
6421,136272,20230407,1233,67,4,3,515.75,Late delivery,False
6422,136311,20230305,1949,67,4,6,1116.37,Late delivery,True
6423,136299,20230321,355,57,4,2,595.24,Changed mind,True
6424,136323,20230327,1360,69,4,2,595.68,Wrong size,True
6425,136333,20230328,1687,60,4,1,458.42,Other,True
6426,136377,20230309,363,59,4,6,510.32,Damaged,False
6427,136340,20230414,941,57,4,1,190.74,Changed mind,True
6428,136439,20230309,685,106,4,2,1260.35,Other,True
6429,136487,20230329,1930,5,5,1,3176.86,Wrong size,True
6430,136937,20230323,864,24,5,1,34.36,Late delivery,True
6431,136590,20230314,936,33,5,2,173.74,Damaged,False
6432,136832,20230226,1323,24,5,1,42.09,Warranty,True
6433,136933,20230327,1009,17,5,8,608.35,Changed mind,True
6434,136697,20230327,958,33,5,1,64.24,Wrong size,True
6435,136730,20230318,1156,29,5,1,132.97,Late delivery,True
6436,136732,20230310,870,19,5,3,131.85,Damaged,False
6437,136936,20230320,868,15,5,4,62.3,Wrong size,True
6438,136727,20230316,1640,22,5,2,190.63,Late delivery,True
6439,136970,20230316,1551,42,5,1,107.27,Damaged,False
6440,137025,20230315,1285,46,5,1,182.26,Damaged,False
6441,137037,20230227,1050,45,5,5,911.85,Damaged,False
6442,137002,20230322,832,47,5,1,114.36,Wrong size,False
6443,136960,20230318,153,53,5,4,640.19,Damaged,False
6444,137065,20230331,1189,72,5,4,845.87,Wrong size,True
6445,137093,20230327,1207,62,5,1,442.55,Changed mind,True
6446,137057,20230405,344,71,5,1,307.6,Wrong size,True
6447,137085,20230324,824,77,5,3,263.2,Changed mind,True
6448,137111,20230219,505,83,5,1,464.9,Wrong size,True
6449,137210,20230320,89,13,6,3,114.69,Changed mind,True
6450,137161,20230403,1307,30,6,1,50.45,Wrong size,True
6451,137179,20230308,1362,24,6,2,57.02,Changed mind,True
6452,137275,20230323,1217,51,6,1,205.2,Wrong size,False
6453,137276,20230412,1610,41,6,2,603.21,Changed mind,True
6454,137308,20230222,108,70,6,1,239.7,Other,True
6455,137295,20230224,1146,64,6,1,165.77,Damaged,False
6456,137335,20230328,465,90,6,2,1045.56,Warranty,False
6457,137355,20230303,956,90,6,3,1663.29,Changed mind,True
6458,137348,20230308,720,92,6,1,565.88,Wrong size,True
6459,137383,20230302,985,102,6,1,112.08,Warranty,False
6460,137520,20230326,511,29,7,1,108.09,Changed mind,True
6461,137488,20230407,1287,31,7,1,80.27,Wrong size,True
6462,137534,20230314,13,24,7,1,46.28,Changed mind,True
6463,137502,20230318,604,15,7,2,38.67,Wrong size,True
6464,137465,20230322,1820,15,7,1,103.86,Wrong size,True
6465,137519,20230217,457,23,7,1,70.54,Other,False
6466,137601,20230313,1935,22,7,1,66.16,Wrong size,True
6467,137516,20230404,1131,18,7,2,153.01,Late delivery,True
6468,137557,20230219,288,21,7,1,109.67,Other,True
6469,137763,20230312,875,43,7,1,158.81,Changed mind,True
6470,137804,20230312,244,35,7,1,85.82,Damaged,False
6471,137793,20230306,943,50,7,2,453.26,Changed mind,True
6472,137667,20230314,1979,43,7,1,126.03,Damaged,False
6473,137661,20230322,331,53,7,1,150.84,Wrong size,True
6474,137728,20230320,212,36,7,3,442.62,Wrong size,True
6475,137636,20230212,3,36,7,1,159.15,Wrong size,True
6476,137640,20230212,200,40,7,1,215.62,Changed mind,True
6477,137658,20230307,1331,46,7,1,171.01,Wrong size,True
6478,137899,20230320,392,87,7,2,792.39,Changed mind,True
6479,137949,20230310,226,8,8,1,1593.61,Damaged,False
6480,137986,20230224,1460,30,8,6,308.91,Damaged,False
6481,137987,20230324,795,22,8,1,94.33,Wrong size,True
6482,138003,20230301,1074,19,8,1,65.53,Damaged,False
6483,137992,20230327,1946,20,8,1,117.4,Late delivery,True
6484,137975,20230312,46,21,8,1,83.47,Wrong size,True
6485,138023,20230402,431,28,8,3,90.22,Changed mind,True
6486,138152,20230305,648,56,8,2,323.96,Late delivery,False
6487,138047,20230330,793,40,8,8,2105.2,Wrong size,True
6488,138112,20230319,1715,45,8,2,267.83,Wrong size,True
6489,138056,20230320,631,42,8,1,119.47,Late delivery,True
6490,138189,20230309,890,72,8,1,242.32,Wrong size,False
6491,138201,20230305,1765,67,8,1,160.16,Changed mind,True
6492,138238,20230304,380,88,8,1,116.65,Damaged,False
6493,138360,20230411,1350,30,9,1,60.86,Warranty,True
6494,138371,20230222,159,18,9,1,78.69,Wrong size,True
6495,138298,20230322,1347,18,9,1,103.13,Wrong size,True
6496,138519,20230418,1324,49,9,1,59.45,Late delivery,True
6497,138477,20230318,547,41,9,4,998.11,Wrong size,True
6498,138533,20230312,1758,57,9,2,498.51,Damaged,False
6499,138561,20230311,1505,79,9,1,395.71,Wrong size,True
6500,138734,20230315,586,15,10,1,12.7,Changed mind,True
6501,138849,20230401,1464,25,10,2,238.44,Wrong size,True
6502,138663,20230223,1676,18,10,2,209.4,Changed mind,True
6503,138951,20230321,127,49,10,7,499.69,Other,True
6504,138905,20230304,230,40,10,1,248.09,Wrong size,True
6505,138958,20230327,1642,55,10,3,914.17,Late delivery,True
6506,138892,20230323,1726,44,10,5,1577.26,Wrong size,True
6507,139040,20230219,1259,45,10,1,148.35,Changed mind,True
6508,139027,20230330,1971,54,10,12,1246.16,Wrong size,False
6509,138952,20230305,10,55,10,1,254.55,Changed mind,True
6510,138999,20230225,1948,50,10,1,177.34,Warranty,True
6511,139041,20230408,1202,53,10,1,179.09,Wrong size,True
6512,139042,20230313,16,53,10,3,427.33,Warranty,False
6513,139195,20230324,591,19,11,4,295.32,Other,True
6514,139332,20230321,1682,19,11,2,134.76,Changed mind,True
6515,139158,20230329,482,26,11,7,634.96,Late delivery,True
6516,139298,20230225,1333,23,11,8,487.67,Warranty,True
6517,139417,20230317,159,26,11,1,11.77,Changed mind,True
6518,139406,20230312,687,13,11,2,23.91,Wrong size,False
6519,139256,20230310,1391,21,11,2,147.67,Damaged,False
6520,139141,20230326,1333,23,11,2,96.5,Wrong size,True
6521,139434,20230324,1955,28,11,2,77.43,Wrong size,False
6522,139237,20230326,1985,18,11,1,88.97,Late delivery,True
6523,139380,20230226,592,28,11,1,30.75,Warranty,False
6524,139242,20230314,695,26,11,1,15.33,Damaged,False
6525,139243,20230322,702,20,11,5,610.37,Damaged,False
6526,139425,20230313,310,20,11,1,136.5,Late delivery,True
6527,139497,20230404,1785,48,11,2,364.19,Wrong size,True
6528,139561,20230212,511,49,11,1,62.38,Wrong size,False
6529,139580,20230414,1311,41,11,1,259.83,Wrong size,True
6530,139479,20230221,1748,39,11,1,114.02,Other,True
6531,139657,20230327,1798,69,11,11,3372.33,Damaged,False
6532,139683,20230208,874,58,11,3,955.1,Changed mind,True
6533,139706,20230226,316,57,11,1,243.3,Other,False
6534,139663,20230226,1122,58,11,2,807.48,Wrong size,False
6535,139747,20230319,1133,10,12,5,8438.01,Wrong size,True
6536,139804,20230221,277,15,12,2,35.48,Warranty,True
6537,139808,20230311,133,13,12,2,22.06,Changed mind,True
6538,139809,20230331,975,30,12,1,52.79,Changed mind,True
6539,139750,20230315,49,24,12,3,103.45,Warranty,True
6540,139805,20230220,972,25,12,3,252.6,Wrong size,True
6541,139977,20230320,395,54,12,1,92.15,Late delivery,True
6542,139923,20230309,877,47,12,1,90.93,Damaged,False
6543,139853,20230402,139,49,12,1,70.81,Damaged,False
6544,139847,20230404,1402,41,12,1,277.44,Wrong size,True
6545,140064,20230324,1998,35,12,1,66.56,Wrong size,True
6546,139851,20230330,1969,52,12,5,276.93,Wrong size,True
6547,140051,20230330,1318,47,12,4,371.83,Damaged,False
6548,139990,20230315,1944,56,12,6,996.01,Damaged,False
6549,139987,20230306,1030,46,12,2,405.05,Changed mind,False
6550,140068,20230224,1030,46,12,1,234.91,Wrong size,True
6551,139889,20230404,1358,49,12,3,225.02,Wrong size,True
6552,139941,20230327,1919,39,12,1,302.61,Changed mind,False
6553,139974,20230404,130,37,12,1,88.16,Wrong size,True
6554,139999,20230406,1785,37,12,5,475.92,Wrong size,True
6555,139873,20230311,1353,50,12,1,159.84,Late delivery,False
6556,139982,20230222,1317,36,12,2,375.83,Late delivery,False
6557,139856,20230330,242,40,12,3,610.05,Changed mind,True
6558,140044,20230403,1206,47,12,3,224.72,Other,True
6559,139968,20230324,587,42,12,2,233.79,Wrong size,True
6560,140147,20230418,1602,87,12,1,148.69,Changed mind,True
6561,140205,20230308,1299,100,12,1,822.06,Changed mind,True
6562,140226,20230407,823,96,12,2,1190.86,Changed mind,False
6563,140217,20230222,820,99,12,1,594.26,Warranty,False
6564,140289,20230421,1693,27,1,1,61.23,Other,True
6565,140350,20230428,231,25,1,3,338.08,Late delivery,True
6566,140296,20230504,1227,25,1,1,95.6,Wrong size,True
6567,140330,20230426,1394,14,1,2,158.22,Changed mind,True
6568,140292,20230428,517,13,1,2,24.37,Damaged,False
6569,140320,20230425,542,29,1,2,244.63,Wrong size,True
6570,140337,20230514,435,21,1,7,471.74,Damaged,False
6571,140383,20230402,558,33,1,1,76.89,Wrong size,True
6572,140420,20230421,1767,39,1,1,156.33,Late delivery,True
6573,140555,20230409,471,40,1,1,99.31,Warranty,False
6574,140428,20230403,1113,42,1,1,126.54,Wrong size,True
6575,140518,20230418,987,46,1,1,195.88,Wrong size,True
6576,140418,20230426,1528,41,1,1,251.77,Wrong size,True
6577,140592,20230316,36,52,1,1,49.27,Changed mind,False
6578,140511,20230416,1925,44,1,4,1011.07,Wrong size,True
6579,140576,20230520,263,44,1,8,2171.57,Damaged,False
6580,140586,20230402,1841,47,1,3,236.19,Wrong size,True
6581,140545,20230425,1622,46,1,3,568.32,Wrong size,False
6582,140493,20230511,498,35,1,4,337.52,Wrong size,True
6583,140417,20230407,419,42,1,1,107.87,Late delivery,False
6584,140593,20230501,1334,51,1,1,186.48,Wrong size,True
6585,140589,20230418,770,48,1,1,163.77,Wrong size,True
6586,140653,20230512,519,66,1,1,76.31,Late delivery,True
6587,140745,20230321,804,81,1,1,313.42,Damaged,False
6588,140707,20230423,1713,84,1,3,490.72,Wrong size,True
6589,140756,20230409,1330,3,2,1,2663.71,Warranty,False
6590,140971,20230518,1771,25,2,3,89.47,Damaged,False
6591,141174,20230508,1247,13,2,1,11.19,Late delivery,True
6592,140814,20230430,1020,14,2,4,409.8,Changed mind,True
6593,140978,20230501,1386,24,2,1,31.97,Wrong size,True
6594,141189,20230413,166,18,2,1,67.49,Changed mind,True
6595,141110,20230423,478,15,2,4,78.54,Changed mind,True
6596,141212,20230317,1467,25,2,1,110.0,Warranty,False
6597,140874,20230412,378,29,2,1,111.24,Wrong size,False
6598,141271,20230412,189,28,2,1,32.71,Other,True
6599,141267,20230414,1606,28,2,4,133.57,Damaged,False
6600,141219,20230402,1126,16,2,1,142.96,Warranty,False
6601,141186,20230419,257,32,2,1,23.38,Changed mind,True
6602,140827,20230421,1299,28,2,1,37.4,Late delivery,True
6603,141153,20230501,1326,27,2,7,431.83,Changed mind,False
6604,140992,20230315,508,26,2,1,81.67,Changed mind,True
6605,141187,20230330,327,31,2,1,86.45,Changed mind,True
6606,141056,20230318,402,24,2,1,29.81,Warranty,False
6607,140807,20230313,1463,24,2,1,34.89,Wrong size,True
6608,140780,20230502,1332,22,2,2,182.83,Changed mind,False
6609,141403,20230418,1098,35,2,2,143.41,Warranty,False
6610,141493,20230413,1160,42,2,1,119.08,Changed mind,False
6611,141549,20230403,124,56,2,2,312.17,Damaged,False
6612,141427,20230507,1784,45,2,1,155.01,Warranty,False
6613,141505,20230413,844,47,2,1,110.4,Late delivery,True
6614,141532,20230429,1188,36,2,5,925.63,Late delivery,True
6615,141316,20230405,1800,36,2,1,181.34,Warranty,False
6616,141454,20230502,445,45,2,2,332.35,Warranty,True
6617,141489,20230424,230,39,2,1,113.87,Wrong size,True
6618,141414,20230412,440,41,2,2,139.06,Changed mind,False
6619,141466,20230508,292,50,2,2,372.04,Wrong size,False
6620,141431,20230414,532,47,2,1,170.63,Wrong size,True
6621,141334,20230426,126,54,2,1,106.33,Damaged,False
6622,141415,20230413,792,42,2,1,101.18,Late delivery,True
6623,141604,20230417,847,41,2,3,717.63,Wrong size,True
6624,141318,20230422,112,35,2,2,157.07,Late delivery,True
6625,141635,20230505,877,67,2,1,177.02,Changed mind,False
6626,141728,20230416,1247,59,2,7,370.66,Changed mind,True
6627,141663,20230511,1228,74,2,2,427.57,Other,True
6628,141646,20230326,1852,74,2,2,389.67,Damaged,False
6629,141679,20230407,716,67,2,1,287.44,Other,True
6630,141896,20230515,571,84,2,1,178.36,Changed mind,False
6631,141949,20230411,1801,104,2,3,1351.54,Damaged,False
6632,141938,20230418,113,96,2,2,1247.64,Damaged,False
6633,141987,20230417,648,2,3,2,3736.12,Late delivery,True
6634,141994,20230424,1897,11,3,2,6063.8,Damaged,False
6635,142173,20230504,202,29,3,4,346.02,Late delivery,True
6636,142223,20230321,842,27,3,1,74.12,Changed mind,True
6637,142180,20230501,336,33,3,3,214.76,Changed mind,True
6638,142278,20230409,1363,16,3,1,81.33,Wrong size,True
6639,142042,20230327,1472,16,3,1,89.9,Changed mind,True
6640,142072,20230323,92,19,3,1,59.59,Damaged,False
6641,142008,20230327,1461,26,3,1,12.5,Changed mind,True
6642,142160,20230407,1530,34,3,1,52.47,Wrong size,True
6643,142167,20230401,7,34,3,1,24.05,Changed mind,True
6644,142152,20230424,1685,16,3,2,188.92,Changed mind,True
6645,142267,20230326,1657,17,3,4,161.78,Changed mind,True
6646,142095,20230404,1314,30,3,3,163.11,Warranty,False
6647,142304,20230317,1811,53,3,2,365.14,Damaged,False
6648,142484,20230423,713,40,3,2,614.92,Wrong size,True
6649,142535,20230417,609,35,3,10,878.15,Late delivery,True
6650,142335,20230418,1470,45,3,2,318.38,Wrong size,True
6651,142359,20230410,865,42,3,1,140.78,Wrong size,True
6652,142473,20230429,214,46,3,3,641.31,Wrong size,True
6653,142321,20230414,171,43,3,2,250.39,Wrong size,True
6654,142319,20230420,333,50,3,1,182.03,Other,True
6655,142590,20230422,78,36,3,1,187.43,Damaged,False
6656,142458,20230327,1097,52,3,2,89.88,Wrong size,True
6657,142656,20230412,488,76,3,1,183.11,Warranty,False
6658,142753,20230411,694,66,3,1,95.52,Other,False
6659,142649,20230317,1036,70,3,1,169.72,Wrong size,True
6660,142802,20230405,1894,86,3,3,608.96,Late delivery,True
6661,142771,20230318,33,81,3,1,374.12,Late delivery,False
6662,142917,20230425,456,19,4,2,129.24,Other,True
6663,143111,20230505,552,30,4,2,108.75,Wrong size,True
6664,142992,20230423,663,27,4,2,129.72,Changed mind,True
6665,143017,20230327,114,15,4,1,19.3,Changed mind,True
6666,142949,20230316,1517,26,4,1,16.55,Damaged,False
6667,142925,20230412,771,19,4,4,325.38,Changed mind,False
6668,142967,20230429,1406,15,4,1,16.64,Wrong size,True
6669,142963,20230517,1656,13,4,4,50.81,Changed mind,True
6670,143068,20230424,408,26,4,1,12.52,Wrong size,True
6671,143312,20230419,1094,46,4,1,175.32,Damaged,False
6672,143179,20230424,131,38,4,6,645.51,Wrong size,True
6673,143239,20230407,1057,51,4,1,195.13,Changed mind,True
6674,143285,20230428,467,48,4,3,558.19,Wrong size,True
6675,143242,20230410,1857,41,4,4,1007.32,Changed mind,True
6676,143292,20230419,1366,53,4,1,164.52,Wrong size,True
6677,143306,20230415,689,51,4,2,369.8,Changed mind,True
6678,143280,20230422,647,45,4,1,169.18,Wrong size,True
6679,143279,20230402,106,38,4,1,178.79,Changed mind,True
6680,143440,20230327,505,98,4,3,579.23,Wrong size,True
6681,143623,20230327,1389,15,5,6,124.04,Changed mind,True
6682,143796,20230505,1112,16,5,3,268.08,Changed mind,True
6683,143690,20230414,794,33,5,1,77.63,Damaged,False
6684,143750,20230510,1952,30,5,2,108.18,Changed mind,True
6685,143878,20230430,920,22,5,1,99.68,Other,True
6686,143557,20230419,115,20,5,2,251.61,Changed mind,True
6687,143847,20230508,1169,19,5,2,153.67,Damaged,False
6688,143647,20230319,531,19,5,1,79.98,Changed mind,False
6689,143986,20230326,1790,26,5,1,11.76,Wrong size,True
6690,143916,20230401,1405,20,5,5,617.02,Warranty,True
6691,144018,20230311,1460,34,5,3,147.66,Wrong size,True
6692,144176,20230429,1094,47,5,1,81.19,Wrong size,True
6693,144109,20230310,1048,40,5,6,1654.72,Late delivery,True
6694,144115,20230411,1926,40,5,1,255.68,Wrong size,True
6695,144089,20230414,685,53,5,1,240.92,Damaged,False
6696,144139,20230320,1770,54,5,1,88.25,Wrong size,True
6697,144190,20230420,973,80,5,1,201.71,Wrong size,True
6698,144250,20230424,297,76,5,4,819.0,Changed mind,True
6699,144448,20230506,1852,89,5,1,60.56,Wrong size,True
6700,144426,20230423,607,91,5,1,467.31,Changed mind,True
6701,144615,20230413,833,27,6,3,225.37,Changed mind,True
6702,144648,20230427,10,22,6,3,211.27,Other,True
6703,144643,20230423,156,31,6,7,585.91,Warranty,False
6704,144673,20230505,1245,21,6,8,629.3,Late delivery,True
6705,144664,20230319,480,24,6,2,64.96,Wrong size,True
6706,144528,20230503,1099,32,6,4,260.95,Wrong size,True
6707,144622,20230406,754,32,6,1,23.5,Wrong size,True
6708,144718,20230418,435,51,6,1,196.97,Wrong size,True
6709,144819,20230416,746,48,6,5,906.91,Damaged,False
6710,144749,20230402,13,50,6,1,198.95,Wrong size,True
6711,144794,20230418,947,42,6,2,208.56,Wrong size,True
6712,144785,20230406,1316,45,6,7,995.38,Damaged,False
6713,144732,20230422,801,46,6,4,795.7,Other,True
6714,144743,20230330,590,48,6,3,418.98,Late delivery,True
6715,144788,20230428,842,37,6,1,96.33,Late delivery,True
6716,144705,20230408,1846,49,6,1,98.56,Late delivery,True
6717,144715,20230430,115,56,6,2,290.61,Changed mind,True
6718,144745,20230410,1944,45,6,2,253.41,Wrong size,True
6719,144893,20230331,1316,88,6,2,230.58,Changed mind,True
6720,144912,20230509,118,87,6,3,387.8,Changed mind,True
6721,145120,20230501,23,13,7,1,25.84,Late delivery,True
6722,145154,20230318,973,24,7,3,96.71,Changed mind,True
6723,144973,20230421,995,18,7,2,157.34,Wrong size,True
6724,145041,20230314,1710,15,7,1,16.51,Late delivery,True
6725,145347,20230414,1138,43,7,3,302.86,Late delivery,False
6726,145301,20230407,1394,53,7,1,171.99,Wrong size,True
6727,145175,20230511,75,45,7,1,133.28,Wrong size,True
6728,145178,20230424,1417,55,7,2,517.95,Damaged,False
6729,145226,20230319,1562,45,7,1,134.24,Wrong size,True
6730,145267,20230414,1045,45,7,2,283.85,Late delivery,False
6731,145320,20230410,599,54,7,1,92.12,Warranty,False
6732,145224,20230421,1569,45,7,2,307.28,Wrong size,True
6733,145237,20230414,201,47,7,2,158.83,Wrong size,True
6734,145234,20230409,1461,42,7,1,298.72,Changed mind,True
6735,145292,20230419,830,50,7,8,1279.23,Wrong size,True
6736,145398,20230329,470,100,7,2,1614.26,Wrong size,True
6737,145407,20230408,1436,102,7,3,470.55,Changed mind,True
6738,145472,20230430,1522,22,8,5,419.04,Warranty,False
6739,145481,20230331,178,23,8,2,119.3,Damaged,False
6740,145482,20230426,1698,30,8,1,52.5,Late delivery,True
6741,145689,20230407,1950,44,8,2,452.9,Changed mind,True
6742,145600,20230403,920,42,8,2,275.26,Wrong size,True
6743,145642,20230418,688,35,8,1,77.35,Wrong size,True
6744,145664,20230503,1326,56,8,1,160.11,Wrong size,True
6745,145559,20230419,1250,45,8,2,290.66,Wrong size,False
6746,145563,20230326,1715,45,8,1,132.07,Other,True
6747,145628,20230309,1939,48,8,2,371.75,Warranty,False
6748,145620,20230410,1627,35,8,2,179.15,Other,True
6749,145599,20230412,770,40,8,1,328.38,Damaged,False
6750,145566,20230426,438,42,8,2,205.89,Wrong size,True
6751,145541,20230427,1835,39,8,2,301.79,Late delivery,False
6752,145783,20230405,216,88,8,1,117.01,Warranty,True
6753,145779,20230402,1745,84,8,1,182.41,Wrong size,True
6754,145787,20230407,240,81,8,2,604.57,Other,True
6755,145833,20230415,1652,21,9,1,83.47,Wrong size,True
6756,146128,20230330,1145,19,9,4,115.94,Wrong size,False
6757,145936,20230420,1003,24,9,1,31.78,Other,False
6758,146069,20230407,1192,34,9,1,53.4,Changed mind,True
6759,145856,20230420,683,15,9,1,17.64,Damaged,False
6760,146054,20230331,44,19,9,1,68.77,Warranty,False
6761,145918,20230425,566,21,9,3,215.88,Warranty,False
6762,145928,20230409,1186,22,9,1,106.69,Changed mind,True
6763,146084,20230520,60,24,9,2,65.37,Late delivery,True
6764,146081,20230313,522,15,9,2,35.46,Changed mind,True
6765,146035,20230414,1164,22,9,1,103.08,Wrong size,True
6766,145890,20230415,1823,13,9,1,14.31,Late delivery,True
6767,145878,20230504,66,30,9,2,85.65,Wrong size,True
6768,146036,20230424,1977,22,9,2,169.52,Changed mind,True
6769,145977,20230413,1305,20,9,2,253.5,Wrong size,True
6770,146042,20230405,89,19,9,1,71.1,Changed mind,True
6771,146207,20230412,572,72,9,4,796.73,Warranty,True
6772,146280,20230403,1227,98,9,5,798.03,Other,False
6773,146730,20230330,1521,29,10,1,135.85,Changed mind,True
6774,146387,20230430,1303,18,10,2,169.3,Wrong size,True
6775,146777,20230421,586,15,10,1,17.02,Changed mind,True
6776,146367,20230420,1171,32,10,1,38.03,Changed mind,True
6777,146473,20230425,1874,20,10,1,112.53,Warranty,False
6778,146336,20230315,184,23,10,1,52.05,Wrong size,True
6779,146811,20230317,1377,26,10,1,14.33,Changed mind,True
6780,146726,20230411,439,16,10,6,561.02,Changed mind,True
6781,146799,20230412,825,30,10,7,378.57,Changed mind,True
6782,146606,20230429,1286,17,10,1,62.22,Wrong size,True
6783,146729,20230419,1557,25,10,3,335.07,Warranty,True
6784,146369,20230427,1279,28,10,2,178.04,Changed mind,True
6785,146812,20230422,616,16,10,1,84.92,Other,True
6786,146626,20230517,952,14,10,1,87.02,Damaged,False
6787,146748,20230409,288,28,10,1,100.54,Changed mind,False
6788,146778,20230414,244,27,10,2,125.65,Late delivery,True
6789,146382,20230326,1037,29,10,1,20.04,Late delivery,False
6790,146766,20230415,384,30,10,1,65.67,Late delivery,True
6791,146445,20230409,1212,33,10,6,396.29,Warranty,False
6792,146935,20230326,329,35,10,1,73.3,Wrong size,True
6793,146887,20230410,722,48,10,3,479.39,Changed mind,True
6794,146948,20230427,530,55,10,3,992.81,Damaged,False
6795,146930,20230413,1970,56,10,2,312.04,Changed mind,True
6796,146911,20230313,206,53,10,3,594.54,Warranty,True
6797,146866,20230427,1554,53,10,1,164.83,Changed mind,True
6798,146906,20230410,1835,35,10,2,181.19,Changed mind,True
6799,147030,20230421,1900,61,10,8,2500.52,Wrong size,True
6800,147106,20230418,1754,82,10,1,650.55,Damaged,False
6801,147086,20230422,1720,84,10,1,180.72,Late delivery,True
6802,147044,20230418,1405,86,10,2,730.13,Changed mind,True
6803,147130,20230429,322,102,10,4,491.24,Damaged,False
6804,147148,20230508,1127,100,10,1,775.89,Late delivery,True
6805,147355,20230329,1043,33,11,8,729.05,Wrong size,False
6806,147279,20230410,173,25,11,1,122.78,Warranty,False
6807,147267,20230418,145,20,11,1,137.15,Damaged,False
6808,147215,20230521,209,30,11,2,108.32,Changed mind,True
6809,147185,20230426,781,23,11,4,291.54,Changed mind,True
6810,147226,20230406,1249,20,11,2,230.17,Changed mind,False
6811,147272,20230402,54,26,11,1,81.71,Changed mind,False
6812,147422,20230322,663,42,11,1,119.95,Changed mind,True
6813,147377,20230420,1017,50,11,1,176.75,Changed mind,True
6814,147484,20230402,1805,70,11,1,203.07,Changed mind,True
6815,147497,20230502,50,68,11,1,165.78,Warranty,False
6816,147472,20230416,1611,65,11,3,113.45,Damaged,False
6817,147461,20230401,1448,77,11,1,78.99,Late delivery,True
6818,147444,20230502,475,77,11,2,165.06,Damaged,False
6819,147520,20230405,1959,84,11,1,442.49,Late delivery,True
6820,147543,20230318,521,104,11,1,495.74,Changed mind,True
6821,147559,20230416,1724,9,12,1,974.72,Warranty,True
6822,147574,20230513,823,1,12,2,5988.91,Late delivery,True
6823,147976,20230501,1011,31,12,1,92.23,Changed mind,False
6824,147796,20230411,115,31,12,3,216.75,Changed mind,False
6825,147703,20230324,1281,27,12,1,62.44,Damaged,False
6826,148019,20230407,1844,24,12,1,34.5,Other,True
6827,147826,20230403,523,20,12,2,249.85,Damaged,False
6828,147671,20230413,1796,25,12,1,97.26,Changed mind,True
6829,147721,20230423,290,30,12,5,250.24,Late delivery,True
6830,147906,20230430,562,32,12,1,20.8,Wrong size,True
6831,147987,20230404,221,26,12,1,11.23,Changed mind,True
6832,147629,20230325,132,29,12,1,84.95,Late delivery,True
6833,147972,20230411,989,33,12,2,144.95,Other,True
6834,147978,20230405,139,16,12,1,85.35,Late delivery,True
6835,147969,20230510,930,18,12,1,117.46,Wrong size,True
6836,147748,20230331,1100,31,12,1,85.6,Changed mind,True
6837,147670,20230416,833,14,12,1,95.93,Changed mind,True
6838,147610,20230330,990,33,12,1,83.98,Wrong size,True
6839,147724,20230407,338,20,12,1,175.36,Changed mind,False
6840,147840,20230328,979,34,12,1,51.42,Damaged,False
6841,148039,20230505,1088,56,12,14,2639.49,Changed mind,True
6842,148066,20230416,132,39,12,1,126.83,Wrong size,True
6843,148059,20230326,1371,49,12,7,958.47,Damaged,False
6844,148136,20230413,1931,77,12,2,193.52,Changed mind,True
6845,148086,20230420,1745,79,12,4,333.57,Late delivery,True
6846,148306,20230502,1442,90,12,3,2005.74,Wrong size,True
6847,148340,20230410,1094,103,12,1,570.72,Warranty,False
6848,148591,20230523,450,30,1,1,51.7,Damaged,False
6849,148430,20230507,1256,18,1,2,194.92,Late delivery,True
6850,148646,20230513,558,33,1,1,78.42,Damaged,False
6851,148517,20230603,19,34,1,7,409.48,Damaged,False
6852,148411,20230423,58,20,1,1,121.85,Wrong size,True
6853,148496,20230505,1566,33,1,2,142.48,Late delivery,False
6854,148399,20230519,1233,34,1,3,176.17,Late delivery,True
6855,148689,20230608,1786,45,1,7,1049.02,Wrong size,True
6856,148737,20230607,1955,69,1,2,714.61,Late delivery,True
6857,148734,20230513,1135,63,1,1,208.62,Changed mind,True
6858,148769,20230510,923,91,1,2,772.02,Damaged,False
6859,148806,20230507,1637,103,1,1,457.56,Wrong size,True
6860,148802,20230617,1874,107,1,5,2585.35,Late delivery,False
6861,148800,20230527,397,103,1,1,532.26,Other,True
6862,148881,20230523,1036,32,2,1,24.59,Damaged,False
6863,149095,20230502,318,20,2,2,289.43,Changed mind,False
6864,148980,20230518,1709,20,2,1,125.62,Changed mind,True
6865,149140,20230614,1827,14,2,4,339.32,Late delivery,True
6866,148945,20230503,1192,27,2,2,56.72,Changed mind,True
6867,148897,20230509,621,29,2,3,339.26,Other,True
6868,148942,20230530,1473,16,2,1,87.99,Damaged,False
6869,148905,20230516,478,15,2,4,82.14,Wrong size,True
6870,149149,20230413,1501,37,2,1,80.77,Changed mind,True
6871,149206,20230515,259,52,2,4,216.19,Changed mind,True
6872,149227,20230518,501,74,2,1,140.13,Warranty,False
6873,149240,20230527,303,89,2,1,62.04,Warranty,False
6874,149386,20230424,785,98,2,2,361.69,Warranty,True
6875,149402,20230603,1927,5,3,1,3820.09,Warranty,False
6876,149405,20230527,1325,1,3,1,982.69,Other,True
6877,149414,20230517,1611,2,3,1,1698.17,Wrong size,True
6878,149462,20230502,314,17,3,1,70.08,Wrong size,True
6879,149451,20230524,1260,34,3,1,41.99,Wrong size,True
6880,149463,20230504,419,32,3,4,89.05,Changed mind,True
6881,149489,20230602,1557,28,3,1,36.33,Damaged,False
6882,149465,20230520,832,28,3,5,212.1,Wrong size,True
6883,149475,20230511,703,13,3,2,23.53,Changed mind,True
6884,149454,20230503,1693,29,3,2,238.1,Changed mind,True
6885,149730,20230511,54,47,3,1,92.52,Wrong size,True
6886,149750,20230524,1089,39,3,1,94.69,Wrong size,True
6887,149696,20230512,97,55,3,1,308.69,Changed mind,True
6888,149692,20230517,537,51,3,1,64.23,Wrong size,True
6889,149679,20230513,653,40,3,2,359.56,Wrong size,True
6890,149759,20230429,1806,41,3,1,245.61,Changed mind,True
6891,149664,20230531,259,41,3,3,729.07,Wrong size,True
6892,149555,20230528,905,52,3,4,219.94,Warranty,False
6893,149600,20230516,1999,56,3,1,194.36,Wrong size,True
6894,149591,20230428,1597,36,3,1,180.79,Wrong size,True
6895,149642,20230416,650,39,3,1,110.79,Wrong size,True
6896,149688,20230505,188,47,3,1,82.73,Damaged,False
6897,149513,20230508,336,49,3,1,78.22,Changed mind,True
6898,149603,20230425,1012,52,3,2,217.7,Damaged,False
6899,149504,20230520,1097,52,3,7,430.06,Warranty,True
6900,149553,20230430,1921,43,3,2,340.88,Wrong size,False
6901,149714,20230518,1544,53,3,2,360.47,Late delivery,True
6902,149779,20230504,1595,67,3,1,143.33,Changed mind,True
6903,149803,20230525,1371,62,3,1,166.14,Warranty,False
6904,149796,20230503,1341,66,3,2,145.83,Wrong size,True
6905,149871,20230430,1344,108,3,4,1981.45,Damaged,False
6906,149906,20230528,95,6,4,1,1272.79,Warranty,False
6907,150044,20230519,1385,24,4,2,62.61,Changed mind,True
6908,149955,20230520,647,26,4,2,22.86,Wrong size,False
6909,150242,20230517,461,44,4,1,269.45,Wrong size,False
6910,150234,20230520,1517,52,4,2,576.74,Wrong size,True
6911,150218,20230510,335,47,4,3,297.63,Late delivery,False
6912,150137,20230508,234,47,4,1,94.09,Wrong size,True
6913,150226,20230522,91,48,4,1,142.65,Damaged,False
6914,150138,20230505,409,48,4,5,940.49,Wrong size,True
6915,150290,20230503,324,86,4,2,465.24,Changed mind,True
6916,150374,20230523,1271,97,4,1,517.03,Changed mind,True
6917,150480,20230510,663,24,5,2,67.45,Other,True
6918,150446,20230512,1331,28,5,1,40.39,Wrong size,True
6919,150544,20230502,1766,16,5,1,102.38,Wrong size,True
6920,150469,20230515,283,15,5,2,42.89,Wrong size,True
6921,150725,20230520,542,51,5,1,224.52,Late delivery,True
6922,150567,20230525,1277,37,5,3,297.99,Changed mind,False
6923,150641,20230512,1926,40,5,2,451.8,Late delivery,True
6924,150696,20230510,780,51,5,2,429.8,Wrong size,True
6925,150649,20230504,93,43,5,1,135.25,Wrong size,True
6926,150600,20230603,1675,50,5,4,792.06,Late delivery,True
6927,150592,20230506,351,35,5,2,148.55,Damaged,False
6928,150655,20230509,1844,35,5,1,156.45,Wrong size,True
6929,150658,20230531,701,52,5,1,58.67,Other,True
6930,150619,20230522,1189,51,5,7,1154.38,Wrong size,True
6931,150628,20230514,1123,50,5,3,685.83,Warranty,True
6932,150637,20230617,442,41,5,2,404.51,Late delivery,True
6933,150751,20230607,259,58,5,5,1770.49,Other,True
6934,150870,20230524,1190,62,5,1,139.05,Changed mind,True
6935,150761,20230528,1631,58,5,1,303.02,Warranty,False
6936,150778,20230509,1034,64,5,1,163.31,Warranty,False
6937,150755,20230423,219,76,5,1,160.88,Changed mind,True
6938,150873,20230602,1084,75,5,1,256.35,Late delivery,False
6939,150936,20230501,3,83,5,2,925.34,Warranty,True
6940,150923,20230519,773,82,5,2,1273.79,Late delivery,True
6941,151005,20230520,1735,98,5,8,1424.49,Changed mind,True
6942,150983,20230517,1832,99,5,1,567.42,Wrong size,True
6943,150989,20230516,1922,94,5,1,369.08,Changed mind,True
6944,150991,20230504,1125,105,5,2,865.69,Other,True
6945,151016,20230516,1520,95,5,1,297.81,Damaged,False
6946,151160,20230428,32,20,6,2,222.94,Other,False
6947,151182,20230517,1719,33,6,8,557.97,Wrong size,True
6948,151436,20230508,57,14,6,8,691.86,Wrong size,False
6949,151188,20230603,456,30,6,1,82.72,Late delivery,True
6950,151143,20230511,1153,21,6,1,70.65,Changed mind,True
6951,151139,20230511,14,16,6,2,205.49,Warranty,True
6952,151372,20230522,918,26,6,2,30.23,Late delivery,True
6953,151119,20230508,714,20,6,1,120.97,Changed mind,True
6954,151236,20230530,428,26,6,1,132.29,Wrong size,True
6955,151444,20230519,1795,18,6,1,79.08,Wrong size,True
6956,151536,20230613,1846,49,6,1,79.07,Wrong size,True
6957,151572,20230521,461,52,6,1,55.53,Changed mind,True
6958,151594,20230515,262,46,6,2,353.8,Wrong size,True
6959,151476,20230521,1231,43,6,1,143.51,Changed mind,True
6960,151590,20230521,746,48,6,5,845.6,Wrong size,False
6961,151522,20230603,1384,44,6,2,441.32,Changed mind,True
6962,151492,20230522,1072,56,6,1,164.9,Wrong size,True
6963,151481,20230504,1501,42,6,1,104.39,Wrong size,True
6964,151569,20230523,1383,39,6,2,185.74,Warranty,True
6965,151538,20230606,1744,35,6,1,84.27,Damaged,False
6966,151658,20230520,1946,65,6,1,39.29,Late delivery,False
6967,151657,20230529,1866,63,6,1,193.62,Wrong size,True
6968,151655,20230520,173,79,6,3,1112.13,Warranty,False
6969,151671,20230523,444,69,6,1,322.09,Damaged,False
6970,151681,20230516,1848,98,6,1,179.75,Wrong size,True
6971,151701,20230523,220,104,6,3,1274.48,Warranty,True
6972,151693,20230518,1359,103,6,1,480.79,Changed mind,True
6973,151856,20230611,162,20,7,8,1173.91,Damaged,False
6974,151787,20230525,1164,21,7,1,65.27,Wrong size,True
6975,151950,20230509,1744,30,7,2,115.25,Damaged,False
6976,151889,20230516,973,24,7,1,32.63,Changed mind,False
6977,151913,20230511,1710,15,7,2,38.0,Changed mind,True
6978,151972,20230521,269,24,7,2,67.94,Other,False
6979,151895,20230527,609,29,7,3,318.51,Warranty,False
6980,151976,20230518,1375,16,7,1,12.68,Wrong size,False
6981,151749,20230522,361,33,7,1,66.25,Warranty,False
6982,151985,20230509,1056,31,7,2,165.25,Wrong size,False
6983,152045,20230522,801,23,7,3,183.88,Wrong size,True
6984,151865,20230512,37,22,7,1,96.7,Other,False
6985,152219,20230505,1045,45,7,1,146.89,Wrong size,True
6986,152114,20230511,660,43,7,1,135.91,Changed mind,True
6987,152154,20230511,1348,50,7,2,113.41,Other,True
6988,152192,20230608,1030,42,7,2,332.07,Wrong size,True
6989,152109,20230516,453,51,7,1,259.22,Wrong size,True
6990,152145,20230514,409,45,7,2,286.85,Wrong size,True
6991,152100,20230417,1110,46,7,1,155.94,Wrong size,True
6992,152206,20230525,1179,49,7,1,68.71,Wrong size,True
6993,152314,20230604,1036,72,7,1,294.16,Damaged,False
6994,152254,20230515,848,68,7,2,255.98,Damaged,False
6995,152396,20230422,132,8,8,1,1986.74,Damaged,False
6996,152567,20230504,1935,23,8,2,116.35,Damaged,False
6997,152420,20230501,974,15,8,2,37.03,Warranty,False
6998,152537,20230516,352,27,8,1,92.22,Damaged,False
6999,152482,20230527,933,21,8,4,296.2,Wrong size,False
7000,152496,20230616,1670,19,8,2,129.77,Changed mind,True
7001,152580,20230507,445,17,8,1,76.51,Warranty,True
7002,152653,20230507,1074,51,8,2,369.31,Wrong size,True
7003,152620,20230601,463,54,8,2,233.27,Changed mind,True
7004,152625,20230525,1670,44,8,1,221.34,Wrong size,True
7005,152713,20230622,1343,60,8,4,1828.6,Warranty,False
7006,152712,20230418,1055,61,8,1,232.73,Other,True
7007,152722,20230527,1039,71,8,2,615.9,Changed mind,False
7008,152726,20230619,490,91,8,6,3125.45,Wrong size,True
7009,152734,20230523,850,84,8,2,345.59,Changed mind,True
7010,152762,20230610,1585,87,8,1,123.37,Wrong size,True
7011,153194,20230604,525,15,9,11,179.17,Warranty,False
7012,152869,20230519,584,25,9,1,89.32,Warranty,True
7013,153004,20230523,1747,21,9,2,144.17,Damaged,False
7014,152898,20230521,1682,34,9,3,52.7,Wrong size,True
7015,153201,20230524,1015,13,9,1,12.03,Wrong size,True
7016,153145,20230513,323,31,9,3,279.59,Damaged,False
7017,153138,20230604,643,20,9,3,416.6,Changed mind,True
7018,152961,20230513,1434,27,9,2,141.05,Wrong size,True
7019,153077,20230522,210,25,9,1,128.2,Wrong size,True
7020,153179,20230501,1364,15,9,5,110.79,Late delivery,True
7021,152927,20230524,1135,15,9,1,20.17,Wrong size,True
7022,153053,20230521,924,21,9,1,96.95,Damaged,False
7023,152907,20230503,1087,19,9,1,62.57,Damaged,False
7024,152873,20230510,924,21,9,1,85.78,Late delivery,True
7025,152938,20230509,364,27,9,4,227.51,Changed mind,True
7026,153183,20230611,1405,34,9,1,67.99,Damaged,False
7027,153223,20230505,447,44,9,3,716.63,Late delivery,True
7028,153314,20230501,1901,48,9,2,296.88,Other,True
7029,153290,20230504,1543,44,9,4,823.22,Late delivery,False
7030,153227,20230510,149,54,9,8,712.9,Late delivery,True
7031,153357,20230517,190,43,9,1,129.39,Changed mind,True
7032,153306,20230422,1582,42,9,1,61.74,Wrong size,True
7033,153308,20230522,406,39,9,1,109.71,Damaged,False
7034,153315,20230511,546,36,9,3,464.82,Late delivery,True
7035,153298,20230503,1075,49,9,1,79.72,Changed mind,False
7036,153343,20230615,1004,55,9,1,269.05,Warranty,True
7037,153360,20230523,1169,46,9,2,374.66,Damaged,False
7038,153377,20230513,700,51,9,1,189.65,Changed mind,True
7039,153248,20230419,385,52,9,1,63.2,Changed mind,True
7040,153279,20230429,925,54,9,5,412.85,Warranty,False
7041,153428,20230502,1816,67,9,1,122.55,Changed mind,False
7042,153415,20230513,1532,69,9,1,263.85,Damaged,False
7043,153410,20230508,849,75,9,2,521.31,Warranty,False
7044,153390,20230608,1650,69,9,2,703.8,Other,False
7045,153460,20230504,1398,81,9,1,329.93,Changed mind,True
7046,153519,20230502,1390,7,10,1,2200.08,Changed mind,True
7047,153651,20230609,890,16,10,1,100.64,Changed mind,True
7048,153816,20230430,252,27,10,1,66.1,Warranty,False
7049,153846,20230420,1756,25,10,6,588.49,Wrong size,True
7050,153594,20230507,60,20,10,3,338.8,Damaged,False
7051,153718,20230612,1951,21,10,2,166.25,Wrong size,False
7052,153817,20230502,446,16,10,1,86.75,Changed mind,True
7053,153870,20230426,711,31,10,1,83.75,Changed mind,True
7054,153727,20230507,869,29,10,1,82.93,Other,True
7055,153919,20230606,915,25,10,2,227.74,Changed mind,True
7056,153869,20230419,1137,30,10,1,39.59,Wrong size,False
7057,153676,20230420,669,30,10,1,51.1,Damaged,False
7058,153616,20230419,804,13,10,1,10.96,Wrong size,False
7059,153863,20230509,2,21,10,1,80.42,Other,True
7060,153813,20230613,784,29,10,7,843.06,Damaged,False
7061,153659,20230605,1016,22,10,2,192.54,Late delivery,True
7062,153558,20230528,764,25,10,1,104.22,Late delivery,True
7063,153942,20230531,1084,50,10,1,285.74,Late delivery,False
7064,153991,20230427,1968,40,10,5,1157.33,Damaged,False
7065,153966,20230612,1464,46,10,1,244.73,Wrong size,True
7066,154050,20230529,519,69,10,2,580.9,Changed mind,False
7067,154038,20230501,349,58,10,1,459.27,Wrong size,True
7068,154067,20230608,1949,77,10,4,390.54,Changed mind,True
7069,154187,20230504,104,82,10,6,2883.0,Changed mind,True
7070,154203,20230519,1573,108,10,6,3033.21,Damaged,False
7071,154232,20230610,694,9,11,3,2907.12,Other,True
7072,154474,20230524,1237,20,11,1,149.89,Late delivery,True
7073,154391,20230424,347,16,11,1,76.14,Changed mind,True
7074,154549,20230423,1940,24,11,1,39.48,Other,False
7075,154296,20230516,1159,24,11,2,69.69,Damaged,False
7076,154394,20230509,442,23,11,3,210.15,Wrong size,True
7077,154535,20230520,184,13,11,1,54.48,Damaged,False
7078,154529,20230422,971,30,11,1,49.58,Damaged,False
7079,154563,20230522,1505,30,11,1,48.76,Late delivery,True
7080,154397,20230425,1327,29,11,3,281.5,Changed mind,True
7081,154491,20230518,146,34,11,3,167.12,Warranty,True
7082,154446,20230525,1267,32,11,1,80.4,Other,True
7083,154728,20230509,1942,52,11,1,174.1,Changed mind,True
7084,154676,20230526,618,35,11,1,57.64,Changed mind,True
7085,154656,20230527,410,39,11,2,225.68,Wrong size,False
7086,154736,20230611,383,40,11,1,262.71,Wrong size,True
7087,154744,20230528,436,36,11,1,180.94,Changed mind,False
7088,154704,20230505,1367,41,11,9,2603.86,Changed mind,True
7089,154752,20230505,750,41,11,1,266.28,Changed mind,True
7090,154771,20230602,809,37,11,1,91.04,Damaged,False
7091,154655,20230419,1580,48,11,1,195.53,Wrong size,True
7092,154679,20230519,1896,49,11,3,240.72,Wrong size,True
7093,154799,20230514,459,57,11,6,1576.62,Wrong size,True
7094,154793,20230502,1787,74,11,1,203.03,Changed mind,True
7095,154850,20230524,1689,93,11,2,349.54,Other,True
7096,155134,20230509,1661,21,12,1,71.62,Changed mind,True
7097,155088,20230525,260,32,12,1,20.64,Damaged,False
7098,155113,20230506,1262,19,12,2,130.41,Late delivery,True
7099,155030,20230531,1641,28,12,1,34.55,Late delivery,True
7100,155112,20230518,1734,28,12,1,42.0,Late delivery,True
7101,154975,20230510,193,32,12,1,19.74,Changed mind,True
7102,155069,20230424,1094,33,12,2,31.27,Wrong size,True
7103,155304,20230510,1900,60,12,1,447.96,Changed mind,True
7104,155270,20230425,1384,77,12,1,73.78,Changed mind,True
7105,155219,20230502,1987,60,12,1,418.14,Wrong size,True
7106,155285,20230506,669,76,12,2,673.91,Changed mind,True
7107,155362,20230501,222,81,12,1,327.27,Changed mind,True
7108,155382,20230426,1176,92,12,1,560.98,Wrong size,True
7109,155434,20230529,1356,102,12,1,114.15,Warranty,False
7110,155472,20230524,750,34,1,1,49.98,Changed mind,True
7111,155562,20230619,666,18,1,1,79.61,Changed mind,True
7112,155582,20230624,260,45,1,2,337.19,Wrong size,True
7113,155576,20230619,1188,53,1,2,428.24,Wrong size,True
7114,155573,20230604,1490,56,1,1,137.52,Late delivery,True
7115,155590,20230522,659,51,1,1,229.02,Wrong size,True
7116,155649,20230616,190,87,1,1,100.79,Warranty,False
7117,156145,20230612,1319,15,2,2,32.61,Changed mind,True
7118,155796,20230612,1665,23,2,1,54.2,Damaged,False
7119,156011,20230605,621,29,2,2,227.26,Damaged,False
7120,155825,20230610,1412,21,2,5,317.43,Warranty,True
7121,155983,20230623,800,23,2,2,19.05,Damaged,False
7122,156038,20230625,131,33,2,1,72.56,Damaged,False
7123,156018,20230602,600,28,2,5,201.34,Changed mind,True
7124,155840,20230608,16,27,2,2,151.92,Late delivery,True
7125,155708,20230629,378,29,2,1,127.49,Late delivery,True
7126,155909,20230605,926,28,2,1,37.97,Wrong size,True
7127,156076,20230705,1943,22,2,3,206.56,Damaged,False
7128,155989,20230609,1936,21,2,1,83.91,Wrong size,False
7129,156174,20230703,1398,40,2,1,244.45,Wrong size,True
7130,156259,20230617,1566,38,2,1,211.54,Wrong size,True
7131,156212,20230617,1843,43,2,5,584.7,Changed mind,True
7132,156196,20230610,1869,45,2,1,110.78,Wrong size,True
7133,156241,20230523,1535,39,2,1,53.04,Warranty,True
7134,156204,20230629,852,41,2,1,193.96,Wrong size,True
7135,156242,20230620,1713,55,2,1,335.6,Other,False
7136,156222,20230524,1871,41,2,2,494.19,Late delivery,True
7137,156229,20230615,1160,43,2,3,374.6,Damaged,False
7138,156157,20230701,180,44,2,2,427.2,Damaged,False
7139,156238,20230713,1949,55,2,1,326.98,Damaged,False
7140,156270,20230617,1024,71,2,1,339.98,Wrong size,True
7141,156271,20230609,1735,78,2,2,291.63,Damaged,False
7142,156289,20230526,1388,64,2,3,451.59,Changed mind,False
7143,156284,20230614,601,80,2,1,167.02,Wrong size,True
7144,156409,20230626,28,16,3,1,88.48,Wrong size,False
7145,156468,20230620,193,28,3,1,31.67,Wrong size,True
7146,156516,20230623,1819,46,3,1,155.08,Wrong size,False
7147,156609,20230627,932,67,3,2,353.39,Wrong size,False
7148,156546,20230622,1431,70,3,3,417.94,Wrong size,True
7149,156570,20230617,1099,61,3,1,301.47,Changed mind,True
7150,156613,20230714,529,57,3,4,1173.25,Wrong size,True
7151,156628,20230703,712,92,3,1,361.87,Late delivery,True
7152,156644,20230629,350,3,4,1,1587.54,Late delivery,True
7153,156750,20230702,448,30,4,3,156.71,Changed mind,True
7154,156783,20230523,1596,21,4,1,74.87,Changed mind,True
7155,156708,20230706,1386,29,4,2,253.7,Wrong size,True
7156,156674,20230624,877,24,4,2,74.94,Changed mind,True
7157,156777,20230620,6,21,4,1,56.44,Warranty,True
7158,156778,20230630,868,34,4,1,59.72,Wrong size,True
7159,156837,20230721,355,21,4,8,550.28,Changed mind,True
7160,156742,20230619,1578,25,4,2,175.06,Changed mind,True
7161,156825,20230521,1101,13,4,2,103.21,Other,True
7162,156985,20230702,1558,50,4,10,2096.38,Changed mind,True
7163,156979,20230716,1426,46,4,2,397.05,Changed mind,True
7164,156914,20230621,1803,48,4,2,409.53,Changed mind,True
7165,156964,20230612,216,51,4,1,194.41,Warranty,True
7166,156910,20230605,519,50,4,1,186.42,Late delivery,True
7167,156931,20230619,823,39,4,1,123.05,Changed mind,True
7168,156943,20230511,1731,47,4,1,99.26,Wrong size,True
7169,156998,20230710,1077,46,4,10,2059.56,Late delivery,True
7170,156966,20230620,919,39,4,1,121.98,Changed mind,True
7171,157027,20230703,919,46,4,2,383.44,Wrong size,True
7172,157016,20230529,1382,51,4,1,177.64,Warranty,False
7173,157062,20230614,499,46,4,8,1727.07,Wrong size,True
7174,157149,20230617,1572,69,4,3,1034.76,Warranty,False
7175,157113,20230609,67,73,4,2,551.07,Wrong size,False
7176,157140,20230622,1082,79,4,5,1809.81,Damaged,False
7177,157388,20230628,822,15,5,1,20.29,Warranty,True
7178,157333,20230613,1695,29,5,2,271.39,Changed mind,True
7179,157407,20230608,614,20,5,1,144.92,Warranty,False
7180,157319,20230625,1576,18,5,2,156.23,Changed mind,False
7181,157400,20230614,1014,20,5,4,547.06,Damaged,False
7182,157480,20230611,626,43,5,2,326.84,Wrong size,True
7183,157486,20230527,439,40,5,4,1281.54,Wrong size,True
7184,157541,20230615,1578,41,5,5,1177.09,Changed mind,True
7185,157482,20230630,1674,40,5,2,488.58,Wrong size,True
7186,157555,20230620,1719,56,5,3,476.17,Damaged,False
7187,157548,20230624,1743,50,5,1,159.48,Wrong size,False
7188,157544,20230715,1905,44,5,3,813.94,Damaged,False
7189,157512,20230605,789,56,5,6,939.43,Changed mind,True
7190,157451,20230702,911,37,5,1,100.76,Changed mind,True
7191,157467,20230603,1653,40,5,9,2395.78,Wrong size,True
7192,157524,20230610,1835,39,5,2,200.4,Wrong size,True
7193,157586,20230528,1585,72,5,4,805.82,Late delivery,True
7194,157692,20230608,1591,103,5,2,1039.19,Other,True
7195,157687,20230608,734,95,5,1,393.24,Changed mind,False
7196,157691,20230525,1591,108,5,3,1767.4,Late delivery,True
7197,157897,20230712,370,15,6,5,87.97,Changed mind,False
7198,157898,20230602,197,30,6,1,100.78,Wrong size,True
7199,157771,20230605,1244,13,6,2,27.2,Changed mind,True
7200,157796,20230520,1115,33,6,3,226.77,Late delivery,True
7201,157834,20230616,539,31,6,8,580.3,Changed mind,True
7202,157779,20230604,718,15,6,8,610.47,Warranty,False
7203,157728,20230609,9,24,6,1,33.69,Damaged,False
7204,157832,20230616,1557,33,6,1,78.6,Warranty,False
7205,157903,20230615,1664,38,6,3,719.22,Damaged,False
7206,157962,20230528,268,41,6,5,1353.18,Wrong size,True
7207,157974,20230523,1607,50,6,2,278.61,Changed mind,True
7208,158060,20230611,1349,56,6,2,295.97,Wrong size,False
7209,158000,20230626,1054,43,6,1,135.53,Changed mind,True
7210,158021,20230610,1584,37,6,1,107.47,Wrong size,True
7211,157973,20230605,1714,53,6,1,185.94,Late delivery,True
7212,158042,20230608,129,53,6,2,461.71,Changed mind,True
7213,158044,20230625,535,41,6,1,266.22,Wrong size,True
7214,158051,20230603,57,53,6,1,188.02,Changed mind,True
7215,158331,20230615,1960,26,7,1,11.05,Warranty,False
7216,158238,20230625,304,34,7,2,94.39,Other,True
7217,158242,20230713,1027,17,7,1,65.42,Wrong size,True
7218,158346,20230712,854,13,7,1,11.15,Changed mind,True
7219,158296,20230616,178,26,7,1,13.09,Late delivery,True
7220,158180,20230702,1584,30,7,1,48.6,Wrong size,True
7221,158396,20230521,1913,41,7,2,475.71,Wrong size,True
7222,158545,20230716,1588,45,7,3,374.15,Late delivery,True
7223,158418,20230613,870,36,7,3,511.83,Wrong size,True
7224,158385,20230609,127,37,7,2,148.39,Late delivery,True
7225,158384,20230603,1961,49,7,6,388.72,Warranty,True
7226,158535,20230628,1242,39,7,1,124.94,Other,True
7227,158382,20230615,612,54,7,1,79.26,Other,True
7228,158533,20230525,1760,55,7,1,313.84,Changed mind,True
7229,158420,20230524,660,35,7,2,145.69,Warranty,True
7230,158563,20230617,1901,35,7,1,71.28,Changed mind,True
7231,158505,20230621,251,40,7,2,550.04,Damaged,False
7232,158514,20230521,637,54,7,3,352.02,Late delivery,False
7233,158446,20230622,1672,52,7,2,98.68,Late delivery,True
7234,158445,20230527,1951,46,7,2,304.48,Wrong size,True
7235,158469,20230525,1740,40,7,1,329.08,Wrong size,True
7236,158421,20230609,811,44,7,3,630.58,Wrong size,True
7237,158507,20230613,1727,41,7,2,444.47,Changed mind,False
7238,158439,20230605,1579,44,7,2,421.75,Wrong size,True
7239,158537,20230524,1829,50,7,7,1321.84,Wrong size,True
7240,158619,20230703,179,71,7,4,1178.37,Late delivery,True
7241,158644,20230621,1835,72,7,1,238.72,Changed mind,True
7242,158638,20230614,1858,60,7,1,466.74,Wrong size,False
7243,158632,20230605,1366,71,7,2,714.85,Wrong size,True
7244,158589,20230715,853,75,7,1,271.71,Other,True
7245,158678,20230522,1281,91,7,1,54.86,Wrong size,True
7246,158860,20230611,1726,22,8,1,95.05,Late delivery,False
7247,158741,20230530,10,34,8,1,53.04,Late delivery,True
7248,158891,20230603,422,15,8,1,59.57,Damaged,False
7249,158900,20230615,1579,28,8,8,317.73,Wrong size,True
7250,158815,20230606,1620,18,8,1,77.28,Changed mind,False
7251,158921,20230608,453,36,8,1,161.43,Other,True
7252,158912,20230602,1383,35,8,1,72.2,Damaged,False
7253,158916,20230517,1541,50,8,1,214.35,Wrong size,True
7254,158947,20230710,1300,85,8,1,257.12,Other,True
7255,158955,20230612,1172,108,8,2,1164.46,Changed mind,True
7256,159071,20230625,159,18,9,1,90.35,Changed mind,True
7257,159104,20230612,964,21,9,6,483.0,Changed mind,True
7258,159131,20230528,1310,20,9,1,33.84,Changed mind,True
7259,159074,20230627,560,21,9,2,156.12,Damaged,False
7260,159162,20230606,1920,17,9,1,55.62,Wrong size,True
7261,158978,20230615,1494,30,9,1,136.8,Wrong size,True
7262,159161,20230706,1292,17,9,1,72.76,Warranty,True
7263,159252,20230622,703,49,9,1,62.95,Wrong size,True
7264,159245,20230603,1893,47,9,11,1035.43,Wrong size,True
7265,159173,20230621,724,47,9,1,100.18,Late delivery,True
7266,159180,20230713,1504,52,9,1,47.82,Wrong size,True
7267,159177,20230610,1704,55,9,1,293.18,Changed mind,True
7268,159200,20230706,1187,56,9,9,1478.82,Wrong size,True
7269,159293,20230527,1906,75,9,2,571.73,Wrong size,True
7270,159353,20230604,1297,98,9,1,177.37,Changed mind,False
7271,159456,20230517,51,25,10,1,112.43,Late delivery,True
7272,159437,20230629,1274,27,10,7,506.56,Late delivery,True
7273,159503,20230610,1652,22,10,1,94.57,Wrong size,True
7274,159420,20230630,139,26,10,1,25.02,Changed mind,True
7275,159387,20230515,1572,18,10,1,81.55,Changed mind,True
7276,159511,20230628,1344,28,10,3,91.31,Late delivery,True
7277,159551,20230611,1252,15,10,1,17.34,Changed mind,True
7278,159647,20230716,1295,35,10,1,252.41,Damaged,False
7279,159611,20230528,1016,46,10,4,380.22,Damaged,False
7280,159651,20230524,392,36,10,1,247.97,Changed mind,False
7281,159652,20230619,1419,47,10,1,90.27,Changed mind,True
7282,159639,20230524,1921,47,10,1,83.75,Wrong size,True
7283,159693,20230610,46,69,10,1,319.36,Damaged,False
7284,159679,20230629,457,76,10,1,55.06,Changed mind,True
7285,159959,20230526,945,19,11,2,142.41,Wrong size,False
7286,159795,20230627,1437,18,11,1,93.36,Other,True
7287,159753,20230619,1387,33,11,3,182.33,Wrong size,True
7288,159869,20230625,119,24,11,2,72.61,Damaged,False
7289,159912,20230605,478,14,11,1,89.19,Warranty,True
7290,159871,20230529,1437,26,11,1,29.99,Damaged,False
7291,159942,20230601,947,15,11,1,22.9,Late delivery,True
7292,159964,20230530,1043,24,11,2,72.3,Late delivery,True
7293,160054,20230710,1665,56,11,4,658.95,Wrong size,True
7294,160073,20230526,1988,42,11,2,241.95,Other,True
7295,160128,20230614,616,36,11,8,1049.62,Warranty,True
7296,160032,20230708,695,45,11,1,125.04,Changed mind,True
7297,160057,20230529,1984,49,11,1,78.26,Changed mind,True
7298,160041,20230630,1691,55,11,1,295.26,Wrong size,True
7299,160103,20230610,921,55,11,1,228.3,Wrong size,True
7300,160008,20230527,45,35,11,2,159.53,Changed mind,True
7301,160011,20230614,1110,52,11,2,119.97,Damaged,False
7302,160076,20230616,1737,45,11,1,241.6,Other,True
7303,160044,20230525,1029,37,11,1,94.37,Wrong size,True
7304,160025,20230628,479,37,11,1,94.21,Damaged,False
7305,160070,20230617,23,41,11,1,295.69,Late delivery,True
7306,160142,20230622,1267,59,11,1,51.87,Late delivery,True
7307,160160,20230608,1517,81,11,1,269.68,Changed mind,True
7308,160193,20230716,1748,102,11,2,222.8,Changed mind,True
7309,160224,20230531,192,4,12,2,4758.58,Changed mind,True
7310,160245,20230710,1636,34,12,1,60.93,Late delivery,True
7311,160533,20230719,1611,30,12,1,90.78,Changed mind,True
7312,160429,20230528,1335,28,12,1,37.87,Wrong size,True
7313,160275,20230610,1811,21,12,1,77.42,Wrong size,True
7314,160249,20230611,1368,16,12,3,323.28,Changed mind,True
7315,160283,20230619,1440,34,12,2,187.12,Changed mind,True
7316,160402,20230706,1919,32,12,1,23.19,Warranty,True
7317,160308,20230619,452,25,12,3,279.51,Warranty,True
7318,160294,20230629,1860,33,12,1,71.24,Damaged,False
7319,160499,20230618,135,14,12,5,428.35,Changed mind,True
7320,160358,20230614,19,17,12,1,61.78,Wrong size,True
7321,160520,20230612,1318,20,12,2,237.12,Damaged,False
7322,160348,20230625,76,19,12,1,74.31,Wrong size,True
7323,160261,20230612,1425,22,12,2,175.78,Changed mind,True
7324,160428,20230628,172,16,12,4,370.84,Warranty,False
7325,160754,20230616,1175,56,12,1,136.02,Wrong size,True
7326,160757,20230516,596,55,12,1,150.95,Damaged,False
7327,160701,20230719,1176,52,12,3,166.68,Wrong size,True
7328,160761,20230531,1220,46,12,1,203.27,Wrong size,True
7329,160569,20230613,209,48,12,2,312.29,Wrong size,True
7330,160718,20230531,784,46,12,1,197.16,Warranty,False
7331,160697,20230616,199,38,12,2,444.9,Changed mind,True
7332,160601,20230612,750,47,12,2,535.75,Wrong size,True
7333,160644,20230625,155,56,12,3,520.27,Wrong size,True
7334,160639,20230602,310,45,12,1,113.86,Other,True
7335,160660,20230619,1353,50,12,2,305.27,Wrong size,True
7336,160561,20230602,1015,50,12,1,57.71,Wrong size,True
7337,160568,20230620,1731,49,12,1,76.01,Late delivery,True
7338,160779,20230710,1365,69,12,1,238.97,Changed mind,True
7339,160799,20230723,661,89,12,1,51.18,Wrong size,True
7340,160902,20230728,84,33,1,1,89.4,Late delivery,True
7341,161016,20230710,1187,26,1,2,24.72,Damaged,False
7342,161140,20230625,1566,16,1,1,103.4,Late delivery,True
7343,160874,20230803,1734,31,1,1,76.3,Wrong size,True
7344,160899,20230722,1649,26,1,1,12.83,Wrong size,True
7345,161160,20230809,1014,36,1,2,373.24,Damaged,False
7346,161145,20230717,1693,36,1,2,364.8,Wrong size,True
7347,161173,20230704,555,54,1,1,79.39,Late delivery,True
7348,161182,20230629,1229,83,1,8,3718.68,Changed mind,True
7349,161228,20230706,322,98,1,1,192.58,Changed mind,True
7350,161636,20230730,861,27,2,1,79.12,Changed mind,True
7351,161623,20230730,1249,17,2,6,501.93,Damaged,False
7352,161322,20230718,1521,24,2,1,27.14,Damaged,False
7353,161258,20230726,1916,25,2,1,81.23,Changed mind,True
7354,161494,20230802,1459,22,2,1,79.85,Changed mind,True
7355,161645,20230801,1402,18,2,1,88.42,Wrong size,True
7356,161455,20230801,1421,18,2,2,28.56,Other,True
7357,161508,20230802,20,29,2,5,517.42,Late delivery,True
7358,161690,20230727,951,20,2,3,438.62,Changed mind,False
7359,161286,20230609,1884,22,2,1,113.15,Late delivery,True
7360,161539,20230715,1123,24,2,3,129.69,Damaged,False
7361,161376,20230628,1230,31,2,1,78.76,Other,True
7362,161563,20230701,1632,15,2,1,77.92,Wrong size,True
7363,161590,20230629,1929,20,2,2,277.38,Changed mind,True
7364,161582,20230702,1931,14,2,2,151.13,Warranty,False
7365,161386,20230702,745,32,2,2,54.29,Damaged,False
7366,161662,20230724,1473,28,2,2,74.67,Other,True
7367,161537,20230627,1315,15,2,10,164.24,Late delivery,True
7368,161423,20230706,1412,21,2,1,68.3,Wrong size,True
7369,161463,20230711,847,16,2,3,312.43,Other,True
7370,161275,20230720,1731,23,2,3,174.12,Damaged,False
7371,161425,20230725,12,22,2,2,213.16,Warranty,False
7372,161874,20230724,284,54,2,1,80.74,Changed mind,True
7373,161890,20230715,1408,45,2,5,740.05,Changed mind,True
7374,161916,20230717,1316,37,2,6,664.57,Wrong size,True
7375,161896,20230707,1681,45,2,1,173.14,Wrong size,True
7376,161873,20230701,171,53,2,1,161.43,Wrong size,True
7377,161945,20230622,127,67,2,1,128.78,Damaged,False
7378,162066,20230724,1208,92,2,7,4209.25,Damaged,False
7379,162067,20230630,1150,90,2,1,573.76,Changed mind,True
7380,161980,20230809,249,93,2,1,167.83,Changed mind,True
7381,162113,20230730,934,94,2,2,793.59,Warranty,True
7382,162106,20230704,801,103,2,4,2000.99,Changed mind,True
7383,162101,20230803,910,100,2,1,728.27,Other,True
7384,162276,20230719,110,26,3,1,11.99,Late delivery,True
7385,162159,20230715,906,20,3,1,137.36,Late delivery,True
7386,162313,20230730,1005,21,3,1,61.65,Other,True
7387,162302,20230716,1314,13,3,1,11.77,Changed mind,True
7388,162289,20230627,1121,29,3,1,116.65,Changed mind,True
7389,162272,20230719,54,19,3,3,212.5,Wrong size,True
7390,162319,20230701,411,22,3,1,107.59,Wrong size,True
7391,162324,20230712,945,44,3,5,1161.8,Wrong size,True
7392,162584,20230730,1957,41,3,2,416.86,Wrong size,True
7393,162558,20230629,572,52,3,1,51.34,Changed mind,True
7394,162546,20230723,609,35,3,5,344.71,Changed mind,True
7395,162477,20230720,1814,54,3,4,330.21,Late delivery,True
7396,162455,20230814,924,49,3,1,78.01,Wrong size,True
7397,162498,20230804,1563,46,3,3,592.5,Late delivery,True
7398,162571,20230701,1522,55,3,1,264.14,Wrong size,True
7399,162496,20230718,1516,40,3,4,1123.68,Late delivery,True
7400,162345,20230721,752,53,3,2,371.66,Wrong size,True
7401,162337,20230724,752,53,3,1,182.91,Warranty,False
7402,162427,20230803,653,40,3,1,236.25,Wrong size,True
7403,162461,20230725,766,36,3,2,247.46,Wrong size,True
7404,162565,20230623,133,40,3,1,315.62,Wrong size,True
7405,162362,20230720,113,38,3,1,170.93,Wrong size,True
7406,162386,20230626,1328,38,3,2,399.2,Late delivery,False
7407,162671,20230718,481,91,3,1,433.88,Wrong size,False
7408,162663,20230626,33,81,3,1,310.72,Wrong size,True
7409,162768,20230731,1405,94,3,1,371.74,Late delivery,True
7410,162760,20230720,1935,103,3,4,1817.33,Wrong size,True
7411,162864,20230726,57,28,4,6,232.87,Late delivery,True
7412,163103,20230711,1752,36,4,4,275.9,Damaged,False
7413,162950,20230710,1767,36,4,1,158.72,Changed mind,True
7414,162948,20230703,503,47,4,1,101.48,Other,False
7415,163074,20230724,461,43,4,3,445.42,Changed mind,True
7416,163123,20230628,1884,56,4,1,160.7,Damaged,False
7417,162939,20230722,924,41,4,2,423.31,Damaged,False
7418,163096,20230708,868,52,4,1,54.73,Wrong size,True
7419,163083,20230710,833,38,4,2,355.84,Late delivery,True
7420,163020,20230720,1291,38,4,2,386.43,Warranty,True
7421,163034,20230730,1601,53,4,1,175.71,Other,True
7422,163111,20230730,771,45,4,5,817.28,Other,True
7423,163017,20230704,1967,46,4,4,383.39,Changed mind,True
7424,163042,20230728,303,43,4,1,162.89,Changed mind,True
7425,162961,20230618,95,46,4,5,805.18,Changed mind,True
7426,162945,20230728,505,52,4,1,215.55,Late delivery,True
7427,162993,20230810,32,41,4,1,217.55,Damaged,False
7428,163101,20230718,569,46,4,2,371.47,Wrong size,False
7429,163200,20230709,733,79,4,1,353.89,Damaged,False
7430,163156,20230720,989,59,4,2,88.52,Late delivery,True
7431,163151,20230613,1459,76,4,2,96.12,Warranty,False
7432,163252,20230714,1274,82,4,1,504.54,Changed mind,True
7433,163265,20230719,1154,91,4,4,1285.52,Damaged,False
7434,163404,20230704,1664,30,5,1,59.11,Wrong size,True
7435,163611,20230711,1706,21,5,2,123.96,Other,True
7436,163330,20230726,1573,26,5,1,13.4,Changed mind,True
7437,163696,20230804,1488,19,5,5,281.15,Changed mind,True
7438,163662,20230726,550,14,5,12,1111.31,Damaged,False
7439,163539,20230807,949,20,5,2,285.8,Late delivery,True
7440,163364,20230628,791,21,5,1,84.74,Wrong size,True
7441,163624,20230713,1817,32,5,2,44.35,Warranty,True
7442,163468,20230712,14,27,5,8,475.36,Changed mind,True
7443,163670,20230724,959,16,5,2,217.45,Damaged,False
7444,163770,20230713,205,16,5,6,617.21,Damaged,False
7445,163676,20230805,579,15,5,3,57.12,Changed mind,True
7446,163382,20230706,1172,16,5,1,76.59,Warranty,False
7447,163449,20230812,1695,17,5,2,172.5,Damaged,False
7448,163819,20230710,1289,35,5,2,162.61,Wrong size,True
7449,163937,20230806,1298,43,5,1,130.21,Warranty,True
7450,164104,20230707,595,37,5,1,72.0,Wrong size,True
7451,164009,20230805,1657,40,5,1,276.21,Wrong size,True
7452,164108,20230726,191,38,5,1,176.51,Wrong size,True
7453,164062,20230731,1429,38,5,1,221.63,Other,True
7454,164092,20230709,83,38,5,1,194.6,Warranty,False
7455,163909,20230805,400,55,5,3,855.95,Changed mind,True
7456,164074,20230704,1479,45,5,2,247.66,Changed mind,True
7457,164015,20230621,291,48,5,4,873.39,Changed mind,True
7458,164069,20230722,1944,43,5,1,131.87,Wrong size,True
7459,163904,20230720,1189,51,5,1,264.71,Wrong size,True
7460,163923,20230712,893,55,5,4,1366.99,Wrong size,True
7461,164050,20230707,1250,35,5,1,72.33,Wrong size,True
7462,163977,20230820,39,44,5,1,138.63,Late delivery,True
7463,163882,20230803,1458,48,5,2,557.49,Wrong size,True
7464,163949,20230727,1113,53,5,8,1386.59,Wrong size,True
7465,163964,20230624,647,45,5,1,131.89,Damaged,False
7466,163883,20230713,1421,53,5,8,1164.61,Changed mind,True
7467,163961,20230718,1946,43,5,1,137.55,Late delivery,True
7468,164079,20230713,1700,52,5,2,97.83,Wrong size,True
7469,163954,20230714,1578,41,5,6,1252.34,Wrong size,False
7470,163928,20230714,1835,39,5,1,103.51,Wrong size,True
7471,164143,20230803,269,71,5,1,306.08,Damaged,False
7472,164157,20230719,1982,75,5,6,1715.86,Warranty,False
7473,164202,20230712,1415,81,5,1,390.53,Warranty,False
7474,164221,20230714,173,81,5,4,1305.62,Damaged,False
7475,164311,20230721,1924,108,5,1,499.42,Changed mind,True
7476,164325,20230805,292,9,6,2,1915.21,Warranty,True
7477,164330,20230711,907,12,6,1,4235.9,Other,True
7478,164432,20230730,1729,27,6,2,160.45,Wrong size,True
7479,164475,20230628,1496,32,6,2,41.72,Wrong size,True
7480,164396,20230627,1115,33,6,5,321.03,Wrong size,False
7481,164577,20230720,1667,31,6,8,711.3,Damaged,False
7482,164395,20230626,686,26,6,1,11.86,Other,True
7483,164385,20230723,945,21,6,1,34.7,Changed mind,True
7484,164603,20230712,1450,20,6,3,326.47,Wrong size,False
7485,164383,20230729,119,19,6,1,81.31,Wrong size,True
7486,164562,20230716,1526,25,6,1,80.87,Late delivery,True
7487,164500,20230710,437,25,6,4,291.56,Changed mind,True
7488,164618,20230623,1758,18,6,1,60.86,Warranty,False
7489,164631,20230718,1153,47,6,6,596.38,Wrong size,False
7490,164731,20230703,1152,69,6,3,663.64,Changed mind,True
7491,164691,20230806,1157,64,6,3,433.61,Damaged,False
7492,164649,20230716,1958,66,6,1,86.83,Changed mind,True
7493,164683,20230813,431,68,6,1,144.71,Changed mind,True
7494,164695,20230719,1658,61,6,5,1503.41,Damaged,False
7495,164751,20230629,1964,89,6,5,345.71,Damaged,False
7496,164759,20230813,298,84,6,8,1386.26,Warranty,False
7497,164768,20230814,27,97,6,2,1196.33,Damaged,False
7498,164798,20230728,1487,12,7,2,3359.22,Warranty,True
7499,164789,20230723,1512,7,7,1,2152.95,Wrong size,True
7500,164924,20230706,774,28,7,3,108.34,Late delivery,True
7501,164845,20230711,1146,28,7,1,27.26,Wrong size,True
7502,164925,20230712,415,24,7,4,120.66,Wrong size,True
7503,164948,20230718,252,13,7,3,149.18,Damaged,False
7504,164803,20230704,445,28,7,1,30.8,Other,True
7505,164849,20230806,1487,23,7,3,193.52,Damaged,False
7506,165044,20230625,210,51,7,1,93.72,Wrong size,True
7507,165076,20230720,23,51,7,1,177.76,Changed mind,True
7508,165050,20230616,294,55,7,1,147.6,Wrong size,True
7509,165081,20230623,347,36,7,2,299.89,Changed mind,True
7510,165097,20230720,503,55,7,2,362.83,Wrong size,True
7511,164962,20230801,1731,41,7,3,695.53,Warranty,True
7512,165084,20230815,1334,56,7,1,185.07,Warranty,False
7513,164961,20230807,322,39,7,2,227.94,Changed mind,True
7514,165010,20230704,449,39,7,2,196.21,Other,True
7515,165069,20230802,924,44,7,1,261.02,Changed mind,True
7516,164999,20230629,1945,36,7,6,1112.32,Wrong size,True
7517,165007,20230725,1786,52,7,4,251.96,Damaged,False
7518,165124,20230713,765,75,7,1,277.36,Changed mind,True
7519,165196,20230714,251,62,7,1,143.85,Damaged,False
7520,165211,20230715,1586,83,7,1,279.73,Changed mind,True
7521,165246,20230710,825,2,8,2,3944.39,Warranty,True
7522,165308,20230821,1887,19,8,1,61.27,Changed mind,True
7523,165265,20230704,1360,15,8,1,18.16,Changed mind,True
7524,165603,20230620,1289,25,8,1,102.6,Wrong size,True
7525,165261,20230803,1663,17,8,1,79.18,Changed mind,True
7526,165333,20230718,499,33,8,1,82.22,Late delivery,True
7527,165324,20230707,1953,30,8,2,102.63,Damaged,False
7528,165539,20230709,14,14,8,5,533.88,Damaged,False
7529,165410,20230719,1029,32,8,1,24.76,Damaged,False
7530,165560,20230725,1641,31,8,1,84.91,Changed mind,True
7531,165283,20230722,34,16,8,1,98.51,Wrong size,True
7532,165722,20230702,1737,40,8,2,547.45,Wrong size,True
7533,165739,20230725,633,50,8,2,347.39,Warranty,False
7534,165717,20230812,453,36,8,1,179.17,Wrong size,True
7535,165759,20230629,44,50,8,2,354.5,Changed mind,True
7536,165752,20230717,924,50,8,2,287.7,Changed mind,True
7537,165655,20230614,611,36,8,1,198.2,Late delivery,False
7538,165829,20230707,1768,77,8,1,242.61,Warranty,True
7539,165837,20230802,44,78,8,3,580.67,Warranty,False
7540,165847,20230707,579,68,8,1,127.13,Damaged,False
7541,165902,20230811,1082,92,8,7,3154.19,Other,True
7542,165954,20230727,1718,104,8,1,498.79,Damaged,False
7543,165966,20230711,1996,100,8,1,517.66,Warranty,True
7544,166311,20230619,1512,22,9,2,190.05,Changed mind,True
7545,166138,20230711,717,14,9,3,296.28,Changed mind,True
7546,166177,20230801,1687,13,9,1,10.2,Changed mind,True
7547,166276,20230814,603,29,9,1,112.81,Damaged,False
7548,166156,20230723,1827,33,9,4,287.33,Late delivery,False
7549,166321,20230725,502,18,9,1,85.81,Changed mind,True
7550,166102,20230727,538,33,9,1,71.58,Wrong size,True
7551,166269,20230720,1609,22,9,1,12.7,Wrong size,True
7552,166198,20230805,1101,16,9,2,191.61,Warranty,True
7553,166345,20230810,875,20,9,1,97.65,Late delivery,True
7554,166274,20230617,656,16,9,2,160.36,Wrong size,True
7555,166196,20230717,1292,17,9,1,71.02,Damaged,False
7556,166266,20230725,1805,26,9,2,24.57,Changed mind,True
7557,166213,20230809,291,16,9,3,283.81,Other,True
7558,166132,20230704,1361,22,9,1,100.71,Wrong size,True
7559,166338,20230720,1580,28,9,1,43.39,Changed mind,True
7560,166025,20230624,1025,24,9,1,36.15,Changed mind,True
7561,166054,20230709,653,34,9,5,296.91,Damaged,False
7562,166201,20230722,426,17,9,1,77.32,Changed mind,True
7563,166203,20230724,484,13,9,2,21.85,Damaged,False
7564,166188,20230706,1900,30,9,1,46.6,Other,False
7565,166396,20230721,1894,44,9,2,266.46,Changed mind,True
7566,166468,20230629,1048,43,9,1,144.81,Late delivery,False
7567,166525,20230713,1981,56,9,1,146.93,Changed mind,True
7568,166360,20230728,951,38,9,3,520.87,Wrong size,True
7569,166436,20230730,404,40,9,1,276.69,Warranty,False
7570,166450,20230804,1467,48,9,1,123.66,Late delivery,True
7571,166429,20230627,62,50,9,2,305.34,Wrong size,True
7572,166426,20230728,1769,44,9,3,693.35,Damaged,False
7573,166615,20230718,905,3,10,1,2189.5,Changed mind,True
7574,167140,20230708,1462,34,10,1,55.66,Changed mind,True
7575,166954,20230715,143,34,10,4,213.03,Warranty,False
7576,166879,20230712,303,14,10,1,101.19,Changed mind,False
7577,167058,20230803,777,33,10,2,128.46,Late delivery,True
7578,166767,20230729,1400,14,10,1,111.81,Wrong size,True
7579,166806,20230712,1410,15,10,2,42.15,Wrong size,True
7580,167166,20230727,1822,31,10,2,168.68,Late delivery,False
7581,166867,20230811,985,21,10,9,651.56,Changed mind,True
7582,166796,20230723,1442,34,10,1,61.6,Wrong size,True
7583,167154,20230720,1505,31,10,1,68.67,Damaged,False
7584,167133,20230802,225,28,10,1,32.44,Late delivery,True
7585,167041,20230728,1120,33,10,1,69.91,Warranty,True
7586,166649,20230712,1505,32,10,6,150.1,Late delivery,True
7587,167203,20230810,922,17,10,1,71.8,Changed mind,True
7588,166749,20230801,858,24,10,2,69.53,Damaged,False
7589,166635,20230722,1068,29,10,1,99.69,Changed mind,False
7590,167057,20230707,1016,22,10,1,102.13,Changed mind,True
7591,166842,20230728,1464,17,10,3,204.86,Other,True
7592,167342,20230720,1295,46,10,3,502.65,Late delivery,True
7593,167254,20230730,1941,50,10,2,346.23,Wrong size,True
7594,167384,20230802,1768,46,10,1,225.34,Changed mind,True
7595,167309,20230711,602,37,10,4,370.6,Late delivery,True
7596,167476,20230613,581,47,10,1,105.96,Changed mind,True
7597,167440,20230722,1390,49,10,7,470.9,Late delivery,True
7598,167294,20230705,1758,50,10,3,529.24,Changed mind,True
7599,167413,20230801,1359,56,10,1,175.89,Wrong size,True
7600,167259,20230707,794,38,10,5,994.85,Wrong size,True
7601,167508,20230709,1979,38,10,1,100.23,Changed mind,False
7602,167399,20230702,101,46,10,1,207.21,Warranty,False
7603,167251,20230722,671,39,10,2,237.65,Changed mind,True
7604,167595,20230719,331,64,10,10,1639.66,Changed mind,True
7605,167542,20230705,20,80,10,1,128.66,Changed mind,True
7606,167612,20230616,101,80,10,2,334.66,Warranty,True
7607,167664,20230701,19,94,10,1,368.81,Other,True
7608,167675,20230716,1206,98,10,4,849.87,Wrong size,True
7609,168027,20230715,140,34,11,1,59.45,Changed mind,True
7610,168033,20230721,269,25,11,2,232.44,Other,True
7611,167990,20230620,1718,18,11,2,114.12,Warranty,False
7612,167829,20230624,1129,22,11,3,244.79,Damaged,False
7613,167786,20230704,684,21,11,6,499.42,Warranty,True
7614,167823,20230725,1706,14,11,1,85.58,Changed mind,True
7615,167810,20230707,488,15,11,1,19.26,Damaged,False
7616,167740,20230725,233,22,11,1,75.13,Changed mind,True
7617,168119,20230706,887,55,11,1,337.85,Changed mind,True
7618,168061,20230723,159,46,11,1,189.98,Changed mind,False
7619,168095,20230723,1418,48,11,1,180.57,Wrong size,True
7620,168165,20230714,1939,74,11,1,167.16,Changed mind,True
7621,168148,20230724,381,71,11,6,1782.79,Changed mind,False
7622,168284,20230619,1800,6,12,1,1094.3,Wrong size,True
7623,168322,20230715,702,23,12,1,57.87,Late delivery,True
7624,168419,20230723,1797,28,12,1,43.26,Warranty,True
7625,168370,20230702,1561,29,12,1,161.65,Late delivery,True
7626,168387,20230629,1928,15,12,1,18.08,Other,False
7627,168362,20230630,802,22,12,1,89.22,Damaged,False
7628,168429,20230801,1186,19,12,4,362.32,Wrong size,True
7629,168355,20230703,773,34,12,1,52.03,Wrong size,True
7630,168347,20230730,283,16,12,1,78.69,Changed mind,True
7631,168348,20230628,1497,19,12,1,58.98,Warranty,True
7632,168407,20230707,1494,19,12,1,67.5,Damaged,False
7633,168539,20230625,987,50,12,1,210.37,Warranty,True
7634,168603,20230728,1937,51,12,1,216.7,Changed mind,True
7635,168536,20230704,563,55,12,3,813.98,Damaged,False
7636,168466,20230712,1323,50,12,1,188.41,Wrong size,False
7637,168511,20230624,962,39,12,1,90.03,Wrong size,False
7638,168492,20230816,1414,53,12,3,552.97,Changed mind,True
7639,168451,20230728,1475,46,12,1,182.64,Wrong size,True
7640,168519,20230707,1703,35,12,1,75.83,Wrong size,True
7641,168529,20230718,1717,37,12,2,166.14,Changed mind,True
7642,168608,20230702,901,56,12,3,364.11,Wrong size,False
7643,168622,20230701,1795,74,12,2,364.09,Warranty,True
7644,168723,20230815,1752,65,12,6,962.64,Changed mind,True
7645,168722,20230722,1357,75,12,1,287.28,Changed mind,True
7646,168825,20230715,1484,17,1,1,73.15,Late delivery,True
7647,168980,20230816,664,29,1,2,279.47,Damaged,False
7648,168763,20230817,985,19,1,1,58.94,Wrong size,True
7649,168810,20230916,83,19,1,2,147.45,Other,True
7650,168921,20230827,131,21,1,1,68.34,Changed mind,True
7651,168776,20230806,73,22,1,1,100.11,Damaged,False
7652,168887,20230819,1437,30,1,4,178.0,Wrong size,True
7653,168957,20230807,85,24,1,2,75.02,Late delivery,True
7654,168991,20230730,722,21,1,2,146.0,Changed mind,False
7655,168899,20230911,743,28,1,1,49.1,Wrong size,True
7656,169036,20230907,1075,48,1,1,177.11,Wrong size,True
7657,169031,20230908,1296,46,1,3,513.84,Changed mind,True
7658,169133,20230823,723,43,1,1,112.33,Warranty,False
7659,169048,20230817,1728,56,1,4,543.25,Wrong size,True
7660,169081,20230816,756,56,1,3,448.38,Warranty,True
7661,169014,20230730,1263,36,1,1,149.66,Wrong size,True
7662,169074,20230812,1369,44,1,2,484.61,Damaged,False
7663,169185,20230904,985,57,1,1,256.73,Wrong size,True
7664,169258,20230915,985,96,1,1,554.44,Late delivery,True
7665,169499,20230909,938,26,2,6,75.19,Other,True
7666,169435,20230904,1024,23,2,1,29.28,Warranty,False
7667,169561,20230820,1566,22,2,2,172.06,Changed mind,True
7668,169543,20230803,1519,13,2,1,12.2,Late delivery,True
7669,169301,20230908,1795,24,2,4,111.55,Damaged,False
7670,169407,20230811,1534,25,2,4,416.17,Wrong size,True
7671,169466,20230905,1214,15,2,7,159.53,Warranty,True
7672,169362,20230729,1853,19,2,4,287.51,Changed mind,True
7673,169467,20230828,52,34,2,2,104.18,Changed mind,True
7674,169711,20230819,1541,42,2,2,231.45,Wrong size,True
7675,169625,20230904,1434,52,2,1,59.51,Wrong size,True
7676,169662,20230722,1066,45,2,4,425.09,Changed mind,False
7677,169636,20230829,436,54,2,1,93.93,Wrong size,True
7678,169793,20230831,595,61,2,1,233.29,Warranty,False
7679,169862,20230906,968,69,2,1,271.46,Wrong size,True
7680,169771,20230828,1569,60,2,1,318.04,Wrong size,True
7681,169772,20230716,267,58,2,1,331.53,Changed mind,True
7682,169941,20230829,1107,85,2,5,1866.76,Late delivery,True
7683,169999,20230812,1606,101,2,1,190.21,Damaged,False
7684,170232,20230717,1472,23,3,3,242.8,Late delivery,True
7685,170092,20230920,1248,31,3,16,1122.57,Damaged,False
7686,170159,20230725,1329,13,3,4,50.86,Wrong size,True
7687,170235,20230722,206,33,3,1,75.12,Wrong size,True
7688,170052,20230807,1845,28,3,2,128.95,Late delivery,True
7689,170164,20230727,906,20,3,1,118.69,Damaged,False
7690,170205,20230731,906,20,3,2,260.93,Warranty,False
7691,170265,20230830,750,28,3,1,37.65,Changed mind,True
7692,170090,20230903,1686,28,3,1,34.59,Changed mind,False
7693,170208,20230818,5,24,3,1,34.28,Damaged,False
7694,170190,20230728,1768,29,3,3,316.26,Wrong size,True
7695,170334,20230908,615,55,3,1,293.75,Changed mind,True
7696,170389,20230807,1142,38,3,2,394.11,Changed mind,False
7697,170359,20230731,1485,46,3,2,483.36,Wrong size,True
7698,170488,20230808,478,41,3,5,1362.55,Wrong size,True
7699,170467,20230815,828,35,3,1,89.92,Changed mind,True
7700,170327,20230819,1052,41,3,2,483.7,Warranty,False
7701,170358,20230721,1506,40,3,1,293.36,Late delivery,True
7702,170355,20230903,1311,53,3,2,367.48,Changed mind,True
7703,170331,20230910,675,44,3,3,766.62,Warranty,True
7704,170372,20230818,1994,56,3,1,131.84,Damaged,False
7705,170322,20230728,1925,37,3,1,60.36,Wrong size,True
7706,170516,20230803,210,66,3,1,83.35,Damaged,False
7707,170558,20230815,19,64,3,1,467.63,Other,True
7708,170661,20230813,477,91,3,1,439.57,Other,True
7709,170696,20230807,1454,90,3,4,1759.23,Other,True
7710,170705,20230809,755,87,3,1,368.84,Changed mind,True
7711,170774,20230903,1687,94,3,1,455.43,Warranty,True
7712,170748,20230823,1049,103,3,2,1161.57,Other,False
7713,170733,20230804,1158,105,3,1,383.43,Wrong size,True
7714,171159,20230824,1901,28,4,4,110.29,Late delivery,True
7715,170818,20230904,1033,34,4,1,61.19,Damaged,False
7716,170980,20230813,877,24,4,1,33.65,Wrong size,True
7717,171026,20230713,1341,24,4,1,27.81,Damaged,False
7718,170948,20230825,580,30,4,3,132.81,Wrong size,True
7719,170954,20230806,924,33,4,4,64.74,Damaged,False
7720,171112,20230912,529,16,4,1,87.35,Wrong size,True
7721,170796,20230828,1688,24,4,3,122.33,Damaged,False
7722,170821,20230823,1820,15,4,1,19.74,Wrong size,True
7723,171010,20230809,1564,34,4,1,47.06,Wrong size,False
7724,171061,20230816,1183,15,4,5,105.34,Other,True
7725,170922,20230822,1732,16,4,1,78.76,Wrong size,True
7726,171152,20230716,1299,20,4,1,147.37,Changed mind,True
7727,170993,20230803,670,29,4,2,230.89,Warranty,True
7728,170917,20230805,1346,20,4,1,137.56,Warranty,False
7729,171266,20230825,710,38,4,2,186.29,Other,True
7730,171250,20230802,1788,44,4,1,58.73,Changed mind,True
7731,171289,20230826,1258,75,4,1,358.85,Warranty,False
7732,171657,20230823,864,16,5,2,199.2,Damaged,False
7733,171523,20230808,400,26,5,1,13.33,Wrong size,True
7734,171818,20230826,1101,19,5,2,175.44,Late delivery,True
7735,171629,20230802,1779,30,5,1,121.11,Wrong size,True
7736,171725,20230722,1531,18,5,1,82.45,Changed mind,False
7737,171535,20230808,1896,20,5,1,113.98,Other,True
7738,171879,20230909,962,20,5,2,216.94,Changed mind,True
7739,171686,20230808,745,33,5,2,179.71,Warranty,False
7740,171578,20230816,1439,16,5,1,94.42,Damaged,False
7741,171645,20230731,1080,26,5,1,12.25,Late delivery,True
7742,171539,20230722,1836,34,5,1,62.02,Warranty,False
7743,171842,20230912,1822,26,5,2,23.31,Wrong size,False
7744,171564,20230918,1334,20,5,1,70.47,Changed mind,True
7745,171877,20230816,685,32,5,1,10.3,Damaged,False
7746,171882,20230722,1236,33,5,1,79.75,Damaged,False
7747,171637,20230818,1664,30,5,2,101.38,Changed mind,True
7748,171743,20230819,423,26,5,1,14.04,Late delivery,True
7749,171792,20230826,1272,28,5,3,115.22,Wrong size,True
7750,172008,20230814,824,42,5,1,102.22,Changed mind,True
7751,171992,20230831,935,43,5,1,155.01,Changed mind,True
7752,171986,20230819,727,40,5,3,726.49,Changed mind,False
7753,172033,20230822,942,46,5,2,374.91,Wrong size,True
7754,171944,20230903,1722,43,5,1,121.72,Wrong size,True
7755,171933,20230723,1906,48,5,1,142.38,Wrong size,False
7756,171976,20230825,1582,51,5,2,395.32,Wrong size,True
7757,171985,20230729,83,38,5,2,391.93,Changed mind,True
7758,172120,20230810,1474,62,5,2,278.17,Late delivery,False
7759,172112,20230809,196,76,5,7,1407.99,Warranty,False
7760,172118,20230722,1040,78,5,4,655.64,Wrong size,True
7761,172196,20230723,1189,90,5,1,402.06,Late delivery,True
7762,172193,20230818,1040,89,5,1,51.26,Damaged,False
7763,172463,20230923,204,28,6,6,187.1,Late delivery,True
7764,172549,20230818,1956,33,6,1,64.35,Changed mind,True
7765,172416,20230803,1411,18,6,1,97.65,Late delivery,True
7766,172431,20230822,1507,19,6,7,466.04,Changed mind,False
7767,172394,20230726,1203,19,6,5,467.48,Wrong size,True
7768,172294,20230910,1722,29,6,2,212.25,Wrong size,True
7769,172286,20230829,1389,26,6,1,14.63,Late delivery,True
7770,172525,20230725,824,23,6,1,48.42,Warranty,False
7771,172387,20230902,388,21,6,2,167.88,Warranty,False
7772,172446,20230825,1119,19,6,2,145.3,Other,True
7773,172410,20230912,83,26,6,1,10.69,Other,True
7774,172785,20230810,428,46,6,1,196.46,Other,True
7775,172733,20230830,1584,37,6,1,115.41,Wrong size,True
7776,172776,20230719,471,45,6,16,2279.47,Wrong size,True
7777,172655,20230727,1049,39,6,1,110.15,Wrong size,True
7778,172690,20230831,313,50,6,5,744.28,Other,True
7779,172660,20230830,1264,39,6,2,197.37,Wrong size,True
7780,172803,20230830,1012,80,6,1,132.36,Wrong size,True
7781,172973,20230818,44,28,7,2,68.64,Warranty,True
7782,173241,20230804,888,27,7,1,87.33,Late delivery,True
7783,173185,20230906,1182,22,7,2,151.72,Wrong size,True
7784,173006,20230816,1303,20,7,1,127.27,Wrong size,False
7785,173114,20230829,342,18,7,1,83.42,Changed mind,True
7786,172896,20230812,727,15,7,1,15.55,Changed mind,True
7787,172925,20230903,1845,14,7,2,217.39,Damaged,False
7788,172993,20230807,1492,30,7,1,37.3,Warranty,False
7789,173084,20230902,1931,25,7,2,117.86,Late delivery,True
7790,173085,20230725,1623,27,7,1,68.8,Late delivery,True
7791,173081,20230808,281,32,7,1,19.43,Wrong size,True
7792,173207,20230807,1692,15,7,1,14.36,Damaged,False
7793,173317,20230816,1444,53,7,1,156.37,Warranty,True
7794,173284,20230909,602,49,7,2,157.98,Damaged,False
7795,173428,20230711,87,44,7,2,470.25,Wrong size,True
7796,173423,20230826,411,53,7,1,161.07,Changed mind,True
7797,173452,20230817,1646,39,7,2,236.1,Wrong size,True
7798,173349,20230819,757,38,7,1,182.79,Warranty,False
7799,173583,20230806,1988,107,7,1,489.62,Wrong size,True
7800,173871,20230828,1351,13,8,1,14.6,Changed mind,False
7801,173955,20230809,848,21,8,4,307.16,Wrong size,True
7802,173675,20230913,1060,20,8,2,219.19,Damaged,False
7803,173737,20230818,1716,27,8,2,121.19,Late delivery,False
7804,173646,20230828,735,24,8,2,72.95,Late delivery,True
7805,173618,20230731,129,31,8,1,88.44,Late delivery,True
7806,173604,20230823,993,17,8,4,334.49,Wrong size,True
7807,173953,20230824,1655,27,8,4,357.79,Changed mind,True
7808,173787,20230909,472,19,8,7,760.17,Damaged,False
7809,173902,20230826,1210,20,8,2,220.96,Damaged,False
7810,173678,20230812,1647,25,8,5,423.11,Changed mind,True
7811,173603,20230811,972,22,8,2,172.98,Changed mind,True
7812,173704,20230803,214,31,8,3,327.0,Warranty,False
7813,173921,20230813,894,27,8,2,120.56,Warranty,True
7814,173645,20230807,1100,30,8,1,48.89,Damaged,False
7815,173991,20230817,184,23,8,1,59.52,Late delivery,True
7816,173828,20230722,894,27,8,3,191.47,Wrong size,True
7817,173988,20230804,1686,26,8,2,25.02,Changed mind,True
7818,174129,20230831,1122,46,8,1,231.0,Late delivery,True
7819,174174,20230826,352,41,8,1,300.57,Late delivery,True
7820,174148,20230923,1280,37,8,1,99.71,Wrong size,True
7821,174172,20230729,913,39,8,1,106.75,Wrong size,True
7822,174147,20230907,1016,49,8,1,59.67,Wrong size,True
7823,174151,20230826,648,45,8,1,158.2,Wrong size,True
7824,174108,20230726,504,53,8,5,790.29,Wrong size,True
7825,174120,20230809,689,55,8,2,628.76,Damaged,False
7826,174157,20230809,807,47,8,1,96.17,Changed mind,True
7827,174268,20230731,862,85,8,1,339.38,Late delivery,True
7828,174243,20230729,1605,91,8,2,96.67,Damaged,False
7829,174297,20230819,922,98,8,3,506.34,Other,True
7830,174558,20230823,241,27,9,1,70.61,Changed mind,True
7831,174480,20230902,1159,29,9,1,117.71,Wrong size,True
7832,174502,20230909,353,21,9,2,138.12,Wrong size,True
7833,174573,20230821,738,25,9,1,98.07,Warranty,False
7834,174529,20230804,1658,25,9,3,225.81,Other,True
7835,174457,20230824,1111,17,9,2,119.97,Wrong size,True
7836,174639,20230813,785,29,9,1,119.77,Damaged,False
7837,174654,20230724,1517,42,9,1,120.47,Wrong size,True
7838,174661,20230906,1668,37,9,3,219.25,Changed mind,True
7839,174731,20230819,1324,72,9,2,434.57,Wrong size,True
7840,174761,20230820,1463,75,9,1,261.77,Late delivery,True
7841,174825,20230901,56,104,9,2,986.48,Changed mind,True
7842,174839,20230806,327,7,10,1,2019.57,Warranty,False
7843,174995,20230829,421,31,10,1,102.71,Wrong size,True
7844,174944,20230727,658,20,10,2,293.41,Warranty,False
7845,174870,20230730,1513,26,10,2,26.55,Late delivery,True
7846,174880,20230816,1687,16,10,3,285.95,Changed mind,False
7847,174959,20230714,1566,33,10,2,149.33,Late delivery,True
7848,174953,20230820,1528,15,10,1,155.99,Wrong size,True
7849,174894,20230819,994,15,10,1,13.48,Wrong size,True
7850,174904,20230821,1102,33,10,1,74.75,Other,True
7851,175180,20230816,1034,39,10,1,101.16,Warranty,True
7852,175136,20230727,1568,45,10,2,249.73,Changed mind,True
7853,175261,20230902,1802,41,10,1,185.11,Wrong size,True
7854,175024,20230803,1456,37,10,1,204.59,Late delivery,True
7855,175183,20230717,1194,51,10,2,366.75,Late delivery,True
7856,175062,20230801,954,43,10,2,250.98,Wrong size,True
7857,175029,20230814,953,50,10,2,385.35,Wrong size,True
7858,175112,20230815,1683,35,10,2,279.46,Wrong size,True
7859,175085,20230915,1498,55,10,4,1025.08,Late delivery,False
7860,175226,20230727,1682,51,10,5,1149.13,Damaged,False
7861,175223,20230816,613,35,10,1,81.04,Changed mind,True
7862,175099,20230728,562,42,10,1,103.94,Late delivery,True
7863,175163,20230730,531,45,10,1,270.26,Damaged,False
7864,175428,20230812,1657,65,10,1,46.01,Late delivery,True
7865,175340,20230721,1591,63,10,1,163.89,Late delivery,True
7866,175358,20230822,450,69,10,2,560.56,Changed mind,True
7867,175335,20230829,880,76,10,2,400.89,Damaged,False
7868,175311,20230810,1745,76,10,1,211.84,Damaged,False
7869,175502,20230824,1102,93,10,8,1196.35,Damaged,False
7870,175552,20230808,1193,85,10,1,401.78,Changed mind,True
7871,175632,20230906,1786,29,11,1,132.32,Other,True
7872,175673,20230803,1441,25,11,1,111.39,Damaged,False
7873,175735,20230821,501,16,11,4,375.46,Damaged,False
7874,175725,20230829,1288,18,11,4,47.84,Late delivery,True
7875,175736,20230729,761,17,11,2,126.64,Damaged,False
7876,175733,20230826,458,13,11,2,20.49,Changed mind,True
7877,175648,20230810,488,19,11,1,77.65,Warranty,True
7878,175782,20230828,1605,25,11,6,479.51,Warranty,False
7879,175837,20230807,1742,50,11,2,379.15,Other,True
7880,176327,20230816,1576,30,12,1,52.5,Late delivery,True
7881,176324,20230809,559,28,12,5,185.24,Changed mind,False
7882,176043,20230810,1335,14,12,2,142.93,Wrong size,False
7883,176241,20230910,1923,22,12,1,90.13,Warranty,False
7884,176024,20230822,1380,21,12,3,213.77,Wrong size,False
7885,175960,20230901,563,25,12,2,232.2,Other,True
7886,176044,20230731,2000,28,12,2,81.86,Late delivery,False
7887,175940,20230719,1179,18,12,2,154.35,Changed mind,False
7888,175990,20230724,547,29,12,1,108.8,Wrong size,True
7889,176119,20230901,332,32,12,4,86.24,Wrong size,True
7890,176329,20230804,47,27,12,5,348.3,Wrong size,True
7891,176107,20230811,1203,27,12,1,81.03,Damaged,False
7892,176331,20230731,1413,49,12,1,70.05,Wrong size,True
7893,176359,20230722,1222,49,12,1,63.43,Other,True
7894,176423,20230908,94,46,12,2,384.18,Wrong size,True
7895,176361,20230807,75,47,12,1,83.94,Warranty,True
7896,176375,20230912,1937,36,12,1,170.96,Warranty,False
7897,176540,20230808,1603,63,12,1,193.74,Wrong size,True
7898,176460,20230916,702,64,12,1,172.89,Other,True
7899,176492,20230719,550,78,12,9,1691.26,Wrong size,True
7900,176576,20230831,113,78,12,2,342.62,Damaged,False
7901,176686,20230811,877,105,12,1,417.53,Damaged,False
7902,176671,20230816,820,99,12,4,1855.89,Late delivery,False
7903,176781,20231003,979,28,1,1,38.25,Damaged,False
7904,176727,20230915,1576,14,1,10,799.67,Changed mind,True
7905,176753,20230914,18,27,1,1,71.44,Damaged,False
7906,176765,20230919,1124,33,1,3,236.85,Changed mind,True
7907,176785,20230820,1303,27,1,1,73.28,Wrong size,True
7908,176812,20230827,376,50,1,1,104.36,Damaged,False
7909,176932,20230915,1500,36,1,2,315.89,Changed mind,True
7910,176832,20230930,1745,44,1,4,787.54,Wrong size,True
7911,176950,20231018,1566,61,1,8,2605.93,Late delivery,False
7912,176955,20230908,734,87,1,1,528.66,Late delivery,True
7913,177013,20230831,1218,6,2,1,1212.68,Damaged,False
7914,177044,20230824,1120,34,2,1,57.35,Late delivery,True
7915,177027,20230827,1587,27,2,1,63.05,Changed mind,True
7916,177108,20230917,271,47,2,1,87.1,Changed mind,True
7917,177122,20230826,1326,35,2,2,140.83,Wrong size,True
7918,177126,20230920,592,49,2,2,134.07,Warranty,True
7919,177119,20230925,1992,43,2,2,231.16,Damaged,False
7920,177218,20231019,1975,66,2,1,89.29,Late delivery,True
7921,177213,20230824,1979,72,2,1,337.73,Late delivery,True
7922,177265,20230924,722,84,2,1,166.82,Damaged,False
7923,177296,20230901,653,86,2,2,472.77,Changed mind,True
7924,177320,20231003,1927,5,3,1,3515.79,Damaged,False
7925,177325,20230905,1957,1,3,1,977.15,Warranty,True
7926,177496,20230901,708,16,3,2,23.96,Other,True
7927,177432,20230921,863,30,3,4,218.69,Warranty,False
7928,177472,20230929,1891,19,3,1,71.46,Damaged,False
7929,177332,20230910,419,32,3,1,27.75,Damaged,False
7930,177409,20231010,1564,26,3,2,173.21,Changed mind,False
7931,177604,20230916,828,21,3,1,81.47,Late delivery,True
7932,177621,20230902,207,17,3,1,64.86,Warranty,True
7933,177503,20230920,1027,25,3,2,179.48,Warranty,False
7934,177405,20230905,1221,16,3,4,410.71,Late delivery,True
7935,177349,20230904,113,24,3,1,38.83,Late delivery,True
7936,177465,20230923,1659,19,3,1,72.79,Warranty,False
7937,177508,20230906,1758,13,3,8,94.8,Damaged,False
7938,177382,20230911,1248,13,3,5,59.23,Late delivery,True
7939,177424,20231018,1664,20,3,1,129.71,Other,True
7940,177754,20230910,1595,65,3,8,320.27,Changed mind,True
7941,177741,20230926,617,67,3,1,130.7,Changed mind,True
7942,177992,20230921,425,34,4,1,51.48,Changed mind,False
7943,177948,20230901,1366,25,4,2,63.73,Changed mind,True
7944,177873,20231001,1632,24,4,1,35.82,Other,False
7945,177988,20230908,1147,18,4,1,98.84,Changed mind,True
7946,177924,20230913,1852,20,4,1,117.7,Damaged,False
7947,177832,20230922,1600,21,4,1,79.19,Warranty,False
7948,177867,20230909,285,16,4,4,412.91,Late delivery,True
7949,178051,20230829,1775,38,4,1,224.56,Wrong size,True
7950,178049,20231020,895,54,4,1,94.29,Damaged,False
7951,178039,20230907,955,37,4,3,243.26,Late delivery,True
7952,178066,20230911,1252,56,4,1,122.78,Warranty,False
7953,178041,20230915,483,51,4,2,400.67,Damaged,False
7954,178235,20230908,555,25,5,1,117.26,Warranty,True
7955,178341,20230817,537,15,5,1,18.7,Changed mind,True
7956,178392,20230829,1458,16,5,1,101.97,Wrong size,True
7957,178202,20230823,1339,29,5,1,118.49,Late delivery,True
7958,178349,20231005,1320,31,5,3,273.59,Wrong size,True
7959,178524,20230925,886,45,5,3,438.72,Damaged,False
7960,178453,20230920,1636,35,5,7,495.81,Damaged,False
7961,178514,20230910,222,55,5,1,312.15,Wrong size,True
7962,178464,20230901,910,40,5,1,250.29,Late delivery,True
7963,178452,20230916,818,56,5,1,162.42,Damaged,False
7964,178612,20231002,1828,71,5,3,1022.73,Changed mind,True
7965,178609,20230903,1648,64,5,1,171.5,Changed mind,True
7966,178646,20230912,579,70,5,1,162.26,Damaged,False
7967,178641,20231011,1507,65,5,5,222.08,Wrong size,True
7968,178686,20230823,10,22,6,3,271.17,Changed mind,True
7969,178820,20230919,244,19,6,1,85.87,Late delivery,True
7970,178869,20230917,57,14,6,7,543.73,Other,True
7971,178690,20230922,1138,19,6,2,148.37,Warranty,False
7972,178813,20230915,846,28,6,1,41.48,Changed mind,True
7973,178791,20231002,1510,14,6,1,97.06,Other,True
7974,178792,20230928,1542,21,6,1,84.58,Changed mind,True
7975,178825,20231016,1936,31,6,2,285.1,Changed mind,True
7976,178802,20230828,747,26,6,1,13.2,Changed mind,True
7977,178694,20230925,1446,22,6,2,160.84,Warranty,False
7978,178923,20231004,1660,43,6,1,126.31,Other,True
7979,178989,20230830,268,41,6,4,936.75,Wrong size,True
7980,178973,20230912,1044,37,6,2,190.76,Wrong size,True
7981,178933,20230826,712,41,6,2,216.95,Late delivery,False
7982,178977,20230915,669,46,6,1,180.05,Other,True
7983,179021,20230828,1729,37,6,1,95.25,Wrong size,True
7984,179064,20230926,1660,62,6,2,290.3,Other,True
7985,179211,20230926,1156,22,7,1,81.05,Late delivery,False
7986,179200,20230821,1102,21,7,1,78.94,Warranty,False
7987,179204,20230919,470,26,7,4,47.75,Damaged,False
7988,179407,20230922,307,40,7,2,434.15,Changed mind,True
7989,179347,20230818,250,56,7,1,172.1,Changed mind,True
7990,179388,20230926,1795,40,7,3,956.33,Wrong size,True
7991,179326,20230823,1345,53,7,1,181.71,Damaged,False
7992,179399,20230901,1531,36,7,6,873.84,Wrong size,True
7993,179391,20230819,834,48,7,1,137.85,Wrong size,True
7994,179470,20230928,1945,80,7,1,172.25,Changed mind,True
7995,179675,20230907,862,19,8,3,173.48,Other,True
7996,179577,20230826,1346,21,8,2,125.5,Changed mind,True
7997,179819,20230928,261,54,8,1,88.12,Late delivery,True
7998,179786,20230904,1497,40,8,1,214.29,Changed mind,True
7999,179835,20231011,1409,60,8,4,1768.39,Damaged,False
8000,179833,20230901,1039,68,8,1,117.09,Wrong size,True
8001,179876,20230924,206,89,8,1,41.87,Wrong size,False
8002,179841,20230830,216,88,8,2,193.33,Damaged,False
8003,180070,20230924,1672,27,9,2,135.06,Changed mind,True
8004,179968,20230827,1019,25,9,1,89.4,Wrong size,True
8005,179974,20230824,270,34,9,1,59.61,Wrong size,True
8006,179990,20231003,1643,18,9,2,209.42,Other,True
8007,180043,20230913,1275,23,9,5,279.51,Changed mind,True
8008,179980,20230922,1240,29,9,1,142.36,Changed mind,True
8009,180149,20230818,907,39,9,1,109.58,Other,True
8010,180155,20231010,115,63,9,3,570.73,Late delivery,True
8011,180197,20230927,1539,67,9,4,795.63,Changed mind,True
8012,180333,20230924,1909,17,10,2,38.49,Late delivery,True
8013,180291,20230929,1321,27,10,1,62.71,Changed mind,True
8014,180346,20230831,98,18,10,1,73.98,Changed mind,False
8015,180442,20230921,1674,16,10,4,366.31,Late delivery,True
8016,180627,20230912,710,34,10,2,97.23,Wrong size,True
8017,180498,20230919,326,22,10,1,85.36,Damaged,False
8018,180239,20230829,953,32,10,3,72.14,Damaged,False
8019,180716,20231015,1992,32,10,1,19.1,Changed mind,True
8020,180598,20230917,477,29,10,2,257.59,Damaged,False
8021,180463,20230905,1353,27,10,1,75.15,Late delivery,True
8022,180468,20230925,1191,16,10,1,39.46,Late delivery,True
8023,180535,20230831,718,20,10,2,271.38,Damaged,False
8024,180325,20230922,172,30,10,2,103.35,Changed mind,True
8025,180398,20230828,1457,20,10,1,137.08,Changed mind,True
8026,180244,20230826,1171,15,10,1,17.18,Other,True
8027,180245,20230919,1037,15,10,1,20.98,Changed mind,True
8028,180268,20230918,205,14,10,1,89.96,Damaged,False
8029,180749,20230923,329,38,10,1,49.61,Other,True
8030,180772,20230912,451,56,10,2,289.62,Wrong size,True
8031,180822,20230908,1125,48,10,9,1569.31,Damaged,False
8032,180754,20231009,676,39,10,1,120.26,Changed mind,True
8033,180809,20230901,1430,42,10,3,384.68,Changed mind,True
8034,180794,20230927,55,46,10,1,206.42,Wrong size,True
8035,180855,20230914,93,71,10,1,302.12,Wrong size,False
8036,180851,20231010,1131,77,10,1,64.55,Changed mind,True
8037,180873,20230912,157,93,10,1,155.76,Warranty,False
8038,180961,20230928,665,96,10,1,698.55,Wrong size,True
8039,181055,20230818,996,22,11,1,88.45,Changed mind,True
8040,181072,20230814,833,31,11,4,349.37,Other,True
8041,181041,20230926,1468,14,11,2,141.68,Wrong size,False
8042,181056,20231008,971,25,11,4,382.0,Other,True
8043,181177,20230921,1183,36,11,1,215.62,Warranty,False
8044,181197,20230826,523,42,11,1,101.37,Damaged,False
8045,181187,20230901,1397,44,11,1,206.17,Other,True
8046,181223,20230825,458,40,11,1,306.67,Wrong size,True
8047,181128,20230916,419,48,11,2,265.69,Changed mind,True
8048,181219,20231005,412,35,11,1,81.26,Changed mind,True
8049,181233,20230928,471,47,11,1,107.69,Wrong size,True
8050,181132,20230914,924,42,11,2,210.16,Warranty,False
8051,181179,20230919,750,41,11,1,246.69,Wrong size,True
8052,181146,20230814,1268,56,11,1,161.46,Damaged,False
8053,181164,20230916,535,40,11,1,266.82,Damaged,False
8054,181228,20231005,1628,50,11,2,353.68,Changed mind,True
8055,181370,20230901,833,99,11,2,1053.0,Damaged,False
8056,181595,20230926,1877,47,12,1,95.51,Damaged,False
8057,181611,20231005,94,46,12,1,170.39,Late delivery,True
8058,181500,20230923,1986,54,12,1,83.49,Wrong size,True
8059,181591,20230918,1950,40,12,3,709.34,Changed mind,True
8060,181565,20231006,579,35,12,1,80.94,Warranty,False
8061,181532,20230808,772,49,12,5,400.78,Other,True
8062,181584,20230923,12,45,12,1,156.3,Other,True
8063,181574,20230916,1433,55,12,1,302.11,Changed mind,True
8064,181527,20230824,194,41,12,1,274.8,Changed mind,True
8065,181664,20230831,1212,56,12,2,294.85,Damaged,False
8066,181513,20230920,1720,40,12,1,300.71,Warranty,False
8067,181660,20230918,1785,38,12,2,450.34,Wrong size,True
8068,181621,20230928,584,48,12,5,763.75,Late delivery,True
8069,181514,20230909,1849,38,12,2,428.64,Changed mind,True
8070,181780,20231029,1202,16,1,3,269.42,Changed mind,True
8071,181867,20231104,918,21,1,1,80.74,Damaged,False
8072,181773,20231012,1107,24,1,3,106.74,Wrong size,True
8073,181822,20231013,1499,28,1,3,111.12,Damaged,False
8074,181857,20231031,729,14,1,7,646.03,Damaged,False
8075,181911,20231029,1623,46,1,1,222.25,Damaged,False
8076,182462,20231023,246,25,2,1,114.05,Late delivery,True
8077,182016,20230919,1755,20,2,2,244.35,Other,True
8078,182442,20231023,594,16,2,4,335.59,Other,True
8079,182522,20231005,1808,17,2,4,318.09,Changed mind,True
8080,182254,20231114,843,13,2,2,20.73,Changed mind,True
8081,182479,20231005,1678,34,2,2,109.99,Late delivery,True
8082,182308,20231113,611,32,2,4,101.27,Changed mind,True
8083,182197,20231028,1665,24,2,3,100.56,Late delivery,True
8084,182429,20231017,747,33,2,3,175.06,Warranty,False
8085,182013,20231110,1827,14,2,3,257.5,Damaged,False
8086,182358,20231010,162,29,2,2,256.6,Wrong size,True
8087,181986,20231028,1534,25,2,2,184.61,Damaged,False
8088,182302,20231025,1367,30,2,1,51.47,Late delivery,False
8089,182423,20231010,798,24,2,1,34.4,Warranty,True
8090,182428,20231107,1194,19,2,2,121.22,Wrong size,False
8091,182281,20231013,1554,31,2,1,80.98,Late delivery,True
8092,182356,20231001,757,24,2,1,17.42,Warranty,False
8093,182513,20230927,34,28,2,1,37.0,Late delivery,True
8094,182005,20231107,1534,25,2,2,236.83,Damaged,False
8095,182590,20230930,48,37,2,1,90.38,Wrong size,True
8096,182581,20231020,1975,47,2,6,1086.59,Damaged,False
8097,182663,20231021,1144,40,2,1,70.64,Wrong size,True
8098,182682,20230923,570,41,2,2,545.62,Changed mind,True
8099,182541,20231029,610,45,2,1,193.22,Changed mind,True
8100,182565,20231030,1759,38,2,4,827.49,Warranty,False
8101,182554,20231030,1339,43,2,1,126.62,Other,True
8102,182597,20231016,1341,48,2,2,321.75,Damaged,False
8103,182624,20231019,1694,38,2,1,204.36,Wrong size,True
8104,182634,20231105,495,42,2,5,557.97,Warranty,False
8105,182795,20231003,821,75,2,5,1536.53,Other,True
8106,182845,20231031,17,69,2,5,1896.7,Damaged,False
8107,182778,20230925,1525,76,2,1,176.14,Damaged,False
8108,182718,20231016,110,75,2,2,463.14,Late delivery,True
8109,182709,20231008,1722,65,2,1,106.19,Other,False
8110,182896,20231023,1996,93,2,2,363.17,Changed mind,True
8111,182903,20230930,1137,88,2,1,133.68,Changed mind,True
8112,182929,20231024,1783,82,2,1,557.18,Warranty,False
8113,182963,20231104,1332,98,2,3,417.05,Warranty,True
8114,182947,20231011,631,96,2,4,1846.46,Late delivery,True
8115,182949,20231004,124,102,2,3,388.18,Wrong size,True
8116,182959,20231120,1467,99,2,8,4718.59,Damaged,False
8117,182976,20231014,537,5,3,1,3277.36,Other,True
8118,183284,20231102,1598,21,3,1,70.56,Damaged,False
8119,183292,20231020,109,28,3,2,56.02,Wrong size,True
8120,183182,20231005,124,32,3,4,79.67,Wrong size,True
8121,183204,20231028,342,22,3,3,296.01,Warranty,True
8122,183023,20231007,1211,17,3,6,407.54,Late delivery,True
8123,183108,20230928,713,18,3,2,192.5,Wrong size,True
8124,183096,20231014,1955,28,3,2,74.36,Damaged,False
8125,183248,20231015,1844,24,3,1,34.46,Wrong size,True
8126,183337,20231006,352,14,3,2,159.52,Changed mind,True
8127,183116,20231030,17,32,3,1,22.61,Wrong size,True
8128,183049,20231028,1845,16,3,5,249.95,Changed mind,True
8129,183422,20230928,136,30,3,1,51.79,Warranty,False
8130,183423,20231025,492,13,3,3,37.86,Changed mind,True
8131,183195,20231020,1999,26,3,2,22.17,Other,True
8132,183543,20231121,1285,46,3,1,193.83,Wrong size,True
8133,183638,20231027,1780,53,3,1,158.77,Changed mind,True
8134,183527,20231006,426,44,3,1,217.24,Wrong size,True
8135,183634,20231001,484,50,3,1,185.96,Wrong size,True
8136,183529,20231021,1807,39,3,1,134.72,Damaged,False
8137,183498,20231103,473,46,3,3,215.61,Changed mind,True
8138,183617,20230925,1664,54,3,2,192.65,Warranty,False
8139,183538,20231110,67,54,3,1,70.8,Wrong size,True
8140,183671,20231014,1055,49,3,1,72.09,Wrong size,True
8141,183532,20231019,35,55,3,1,307.3,Other,True
8142,183590,20231016,370,47,3,1,93.8,Other,False
8143,183779,20231007,381,68,3,6,2033.86,Damaged,False
8144,183722,20231115,804,62,3,4,680.88,Late delivery,True
8145,183823,20231028,1164,85,3,1,336.69,Other,True
8146,183806,20230918,532,85,3,2,695.54,Wrong size,True
8147,183854,20231102,620,83,3,1,407.14,Warranty,False
8148,183925,20231102,1801,103,3,1,588.43,Damaged,False
8149,183946,20231022,587,94,3,3,1052.5,Damaged,False
8150,183941,20231004,706,108,3,2,1201.39,Changed mind,True
8151,183950,20231019,412,95,3,1,372.01,Changed mind,True
8152,183952,20230928,782,106,3,1,709.47,Damaged,False
8153,184109,20231029,1299,22,4,1,76.86,Changed mind,True
8154,184245,20231027,215,33,4,3,99.67,Wrong size,True
8155,184177,20230929,708,29,4,2,284.07,Damaged,False
8156,184128,20231018,1554,34,4,3,176.21,Other,True
8157,183971,20231017,1302,31,4,2,169.33,Other,True
8158,184210,20231021,1183,15,4,1,16.97,Wrong size,True
8159,184309,20231001,20,26,4,1,9.31,Damaged,False
8160,184292,20231017,450,18,4,12,1225.03,Late delivery,True
8161,184015,20231016,847,27,4,1,70.94,Changed mind,True
8162,184066,20231014,1753,28,4,5,172.25,Damaged,False
8163,184159,20231013,1662,29,4,1,99.48,Changed mind,True
8164,184002,20230911,876,27,4,1,11.94,Warranty,False
8165,184445,20231016,535,40,4,8,2075.52,Other,True
8166,184433,20231027,1673,48,4,1,200.95,Changed mind,True
8167,184419,20231015,156,41,4,1,280.13,Changed mind,True
8168,184361,20231014,1881,46,4,1,217.6,Late delivery,True
8169,184316,20231014,463,56,4,1,141.49,Warranty,True
8170,184435,20231008,30,54,4,2,172.34,Late delivery,False
8171,184413,20230919,417,38,4,2,408.52,Other,True
8172,184489,20231005,481,64,4,1,228.47,Late delivery,True
8173,184517,20231002,925,58,4,1,364.52,Changed mind,True
8174,184539,20231005,1952,84,4,1,50.12,Wrong size,False
8175,184726,20231029,5,18,5,2,172.06,Changed mind,True
8176,184668,20231101,537,15,5,5,90.03,Late delivery,True
8177,184739,20231016,461,17,5,3,275.94,Late delivery,True
8178,184738,20230921,1889,14,5,1,69.85,Late delivery,True
8179,184728,20231108,546,24,5,2,54.98,Damaged,False
8180,184910,20231030,147,26,5,4,42.58,Late delivery,True
8181,184594,20231027,47,24,5,3,92.73,Late delivery,False
8182,184897,20231109,1758,16,5,3,267.15,Late delivery,True
8183,184886,20231019,1192,23,5,6,537.28,Damaged,False
8184,184805,20231007,1123,25,5,4,331.21,Changed mind,True
8185,184875,20230929,733,19,5,2,147.23,Wrong size,True
8186,184932,20231003,1825,26,5,1,14.04,Wrong size,True
8187,184673,20231022,131,21,5,1,83.94,Warranty,True
8188,184885,20231028,293,24,5,13,506.79,Warranty,True
8189,185139,20231013,146,36,5,1,150.67,Wrong size,True
8190,185053,20231023,985,53,5,1,185.13,Late delivery,True
8191,185002,20231102,530,41,5,1,301.08,Wrong size,True
8192,184997,20230925,956,44,5,1,238.02,Changed mind,True
8193,185132,20231005,649,35,5,1,89.02,Late delivery,True
8194,185162,20231022,442,41,5,2,488.78,Late delivery,True
8195,185042,20231110,990,46,5,1,181.51,Damaged,False
8196,185035,20231030,1223,53,5,1,153.34,Late delivery,True
8197,185095,20231115,310,39,5,6,737.47,Changed mind,True
8198,185086,20231012,1870,39,5,1,124.83,Wrong size,True
8199,185178,20231016,772,40,5,1,331.98,Wrong size,True
8200,185113,20231029,823,36,5,18,3548.76,Damaged,False
8201,185323,20230917,1855,65,5,3,113.16,Late delivery,True
8202,185182,20231029,1843,71,5,2,581.34,Other,True
8203,185212,20230923,1537,61,5,6,1571.95,Damaged,False
8204,185225,20231101,240,58,5,2,568.59,Damaged,False
8205,185319,20231021,370,59,5,1,54.82,Warranty,True
8206,185239,20231007,1094,63,5,4,892.53,Wrong size,False
8207,185509,20231024,242,31,6,1,93.81,Changed mind,True
8208,185706,20231010,1097,28,6,4,93.3,Warranty,False
8209,185474,20231024,1999,15,6,3,51.06,Changed mind,False
8210,185581,20231021,1806,25,6,1,88.28,Warranty,False
8211,185511,20231016,1989,33,6,2,120.53,Damaged,False
8212,185651,20231029,910,20,6,1,120.02,Damaged,False
8213,185646,20231023,1362,19,6,1,38.61,Changed mind,True
8214,185724,20230928,1829,21,6,1,77.81,Warranty,False
8215,185670,20231015,586,30,6,1,46.89,Changed mind,False
8216,185502,20230926,1681,19,6,2,140.4,Wrong size,True
8217,185704,20231018,578,32,6,4,87.8,Wrong size,False
8218,185503,20230915,725,32,6,1,22.05,Wrong size,True
8219,185623,20231016,760,28,6,4,119.46,Wrong size,True
8220,185774,20231012,1383,55,6,1,307.33,Wrong size,True
8221,185862,20231119,220,75,6,4,1066.71,Damaged,False
8222,185814,20230910,1082,57,6,1,337.78,Damaged,False
8223,185830,20231007,760,64,6,2,331.53,Late delivery,True
8224,186148,20230929,614,18,7,4,533.96,Warranty,False
8225,186072,20231023,1281,20,7,3,364.82,Damaged,False
8226,186196,20231021,1766,55,7,1,291.51,Damaged,False
8227,186209,20230926,1068,49,7,4,250.2,Late delivery,False
8228,186400,20231110,1363,50,7,5,944.69,Changed mind,True
8229,186234,20231017,1901,49,7,2,154.2,Warranty,False
8230,186260,20230921,1670,48,7,1,174.67,Damaged,False
8231,186328,20231024,759,45,7,2,249.62,Wrong size,True
8232,186218,20231025,213,48,7,2,316.28,Wrong size,True
8233,186220,20230917,1927,38,7,1,188.67,Damaged,False
8234,186164,20230924,1457,55,7,1,297.97,Damaged,False
8235,186388,20231105,1573,39,7,5,637.62,Wrong size,True
8236,186245,20231025,1035,38,7,2,434.97,Other,False
8237,186344,20231008,211,54,7,1,63.31,Late delivery,True
8238,186442,20231020,1136,60,7,2,372.75,Damaged,False
8239,186512,20230923,330,98,7,3,2102.39,Changed mind,True
8240,186511,20231021,1830,101,7,2,845.85,Late delivery,True
8241,186514,20230925,518,105,7,1,437.32,Damaged,False
8242,186685,20230912,1897,19,8,1,57.48,Other,False
8243,186636,20231012,1630,30,8,2,110.04,Wrong size,True
8244,186619,20230927,110,21,8,1,70.55,Warranty,True
8245,186613,20231020,1510,16,8,7,795.92,Damaged,False
8246,186664,20231003,944,19,8,2,138.83,Changed mind,False
8247,186588,20231108,1106,22,8,1,80.32,Changed mind,True
8248,186671,20231009,1744,16,8,1,104.15,Damaged,False
8249,186632,20231030,1074,18,8,3,277.11,Wrong size,True
8250,186841,20231111,1202,38,8,3,480.58,Other,False
8251,186842,20231102,449,46,8,3,516.44,Wrong size,True
8252,186845,20230922,602,44,8,2,594.42,Wrong size,True
8253,186820,20231114,1815,43,8,5,594.07,Wrong size,True
8254,186804,20230929,1719,51,8,2,399.64,Wrong size,False
8255,186859,20231003,1241,74,8,2,328.57,Changed mind,True
8256,186886,20231021,2,73,8,2,497.05,Damaged,False
8257,186933,20231014,931,63,8,1,180.56,Wrong size,True
8258,186858,20231016,1518,63,8,1,255.67,Warranty,True
8259,186945,20231008,1311,93,8,1,213.51,Changed mind,True
8260,186964,20231008,1996,93,8,1,168.76,Warranty,False
8261,186977,20231009,1777,87,8,6,1022.1,Late delivery,True
8262,187087,20230916,8,26,9,14,187.96,Wrong size,True
8263,187160,20231014,1860,54,9,3,220.78,Changed mind,True
8264,187168,20231007,24,36,9,1,167.15,Changed mind,True
8265,187198,20231008,773,51,9,1,197.16,Wrong size,True
8266,187174,20231020,291,41,9,3,505.98,Changed mind,True
8267,187178,20231107,1338,47,9,2,229.54,Wrong size,True
8268,187523,20231102,502,24,10,1,43.85,Wrong size,True
8269,187672,20231028,694,23,10,4,59.67,Changed mind,True
8270,187405,20231104,1286,32,10,2,46.03,Warranty,True
8271,187867,20231023,497,15,10,2,38.63,Changed mind,True
8272,187442,20231102,847,29,10,1,116.83,Late delivery,True
8273,187767,20231028,905,16,10,5,493.47,Other,True
8274,187379,20231027,975,21,10,3,29.78,Warranty,True
8275,187617,20230924,1079,19,10,2,119.37,Late delivery,True
8276,187798,20231023,895,21,10,3,74.77,Other,True
8277,187559,20231001,1513,26,10,1,11.79,Late delivery,True
8278,187870,20231025,1141,15,10,1,20.61,Changed mind,True
8279,187504,20231024,1038,18,10,2,172.19,Late delivery,True
8280,187704,20231012,1055,14,10,3,263.81,Late delivery,True
8281,187715,20231013,1219,28,10,2,74.68,Damaged,False
8282,187857,20231006,162,26,10,1,14.64,Wrong size,True
8283,187642,20231013,45,18,10,1,90.95,Damaged,False
8284,187413,20231029,904,32,10,2,138.86,Late delivery,True
8285,187437,20231028,1494,27,10,4,258.97,Late delivery,True
8286,187493,20231112,1962,25,10,2,206.47,Changed mind,True
8287,187910,20231010,206,55,10,1,308.23,Wrong size,True
8288,187936,20231013,1851,53,10,2,229.63,Other,True
8289,187927,20231029,10,55,10,2,706.75,Wrong size,True
8290,188021,20231008,1566,46,10,1,235.32,Other,True
8291,187976,20231020,1251,36,10,2,161.27,Warranty,True
8292,187984,20230926,1023,46,10,2,335.22,Wrong size,True
8293,187982,20231103,549,35,10,3,286.7,Wrong size,True
8294,188005,20230908,1254,46,10,3,664.68,Damaged,False
8295,188043,20231004,1215,55,10,1,297.66,Changed mind,True
8296,187933,20230922,322,41,10,1,272.31,Changed mind,True
8297,188047,20231109,1554,41,10,1,254.04,Late delivery,True
8298,188092,20231014,567,69,10,3,950.05,Late delivery,True
8299,188075,20231008,1430,63,10,1,242.62,Warranty,False
8300,188161,20231028,1430,69,10,2,787.52,Late delivery,False
8301,188129,20231009,1866,66,10,6,591.77,Late delivery,True
8302,188242,20231019,705,84,10,1,500.36,Damaged,False
8303,188230,20231108,1621,91,10,2,847.9,Wrong size,True
8304,188344,20231025,753,28,11,1,36.82,Wrong size,True
8305,188319,20231003,892,16,11,2,217.95,Changed mind,True
8306,188318,20230927,775,17,11,5,401.54,Wrong size,True
8307,188534,20231005,1371,24,11,1,29.28,Wrong size,True
8308,188384,20231013,420,18,11,4,337.93,Wrong size,True
8309,188370,20231013,1661,30,11,1,57.74,Changed mind,True
8310,188393,20231021,1226,23,11,5,296.2,Wrong size,True
8311,188621,20231102,1785,16,11,6,555.79,Damaged,False
8312,188594,20231014,1601,16,11,2,166.49,Late delivery,False
8313,188403,20230927,1771,22,11,3,241.27,Other,True
8314,188737,20231103,574,77,11,1,118.17,Late delivery,True
8315,188780,20230922,1599,82,11,2,392.01,Other,True
8316,188847,20231009,194,98,11,2,402.3,Changed mind,False
8317,188914,20231007,523,20,12,2,252.02,Warranty,False
8318,189182,20231104,721,51,12,11,2913.71,Wrong size,True
8319,189033,20231013,1320,46,12,1,222.55,Changed mind,True
8320,189057,20230920,1367,55,12,1,309.29,Damaged,False
8321,188993,20230927,546,45,12,5,788.32,Wrong size,False
8322,188981,20231004,587,41,12,3,771.63,Damaged,False
8323,189095,20231104,1232,51,12,1,199.1,Changed mind,True
8324,189114,20231015,1498,55,12,2,555.72,Wrong size,False
8325,189078,20231021,1266,45,12,1,155.2,Changed mind,True
8326,189070,20231028,1814,45,12,1,143.0,Late delivery,True
8327,189038,20231009,1677,44,12,1,269.32,Warranty,True
8328,188963,20231018,1368,48,12,1,173.27,Wrong size,True
8329,189048,20231109,807,43,12,1,151.07,Changed mind,True
8330,189007,20231001,546,45,12,2,300.66,Damaged,False
8331,189168,20231015,727,43,12,1,129.28,Late delivery,True
8332,188985,20231027,1577,55,12,3,895.4,Wrong size,False
8333,189261,20231104,54,91,12,2,881.54,Other,True
8334,189421,20231115,1978,32,1,8,996.53,Wrong size,True
8335,189340,20231027,857,22,1,2,154.85,Changed mind,True
8336,189378,20231017,418,26,1,1,16.26,Warranty,False
8337,189395,20231214,1767,22,1,1,80.9,Wrong size,True
8338,189400,20231121,1186,13,1,6,79.17,Wrong size,True
8339,189321,20231027,1289,25,1,1,107.54,Other,True
8340,189416,20231117,1996,19,1,4,303.99,Damaged,False
8341,189418,20231206,1422,30,1,1,55.02,Wrong size,True
8342,189499,20231114,315,37,1,2,218.63,Late delivery,True
8343,189508,20231121,1941,51,1,1,71.68,Wrong size,True
8344,189516,20231117,129,38,1,1,186.38,Wrong size,False
8345,189514,20231113,1158,39,1,2,246.87,Late delivery,True
8346,189543,20231114,1581,54,1,1,94.2,Wrong size,True
8347,189548,20231030,1916,52,1,1,50.26,Wrong size,True
8348,189581,20231020,240,79,1,3,798.82,Wrong size,True
8349,189640,20231123,767,15,2,1,19.02,Changed mind,False
8350,189887,20231118,1050,14,2,3,234.12,Damaged,False
8351,189712,20231119,1879,20,2,1,113.65,Changed mind,True
8352,189662,20231127,1461,27,2,2,142.78,Wrong size,True
8353,189886,20231108,1544,31,2,1,78.32,Late delivery,True
8354,189749,20231122,1936,23,2,1,58.05,Changed mind,True
8355,189666,20231106,257,32,2,2,49.27,Wrong size,True
8356,189630,20231114,1881,20,2,2,255.21,Changed mind,True
8357,189819,20231018,684,29,2,1,67.74,Warranty,True
8358,189677,20231025,847,16,2,2,182.99,Warranty,False
8359,189956,20231023,800,39,2,4,547.28,Wrong size,True
8360,189918,20231125,1142,35,2,1,73.98,Wrong size,True
8361,189930,20231014,540,53,2,2,377.34,Wrong size,False
8362,189904,20231024,280,46,2,3,544.07,Damaged,False
8363,189935,20231130,115,47,2,10,900.67,Warranty,False
8364,189958,20231020,166,50,2,2,330.37,Late delivery,True
8365,189989,20231110,1247,69,2,2,96.53,Late delivery,True
8366,190034,20231102,1131,64,2,2,304.17,Warranty,False
8367,190069,20231102,360,69,2,2,654.63,Warranty,False
8368,190055,20231030,1490,74,2,1,171.19,Changed mind,True
8369,190057,20231104,939,65,2,4,198.17,Changed mind,True
8370,190068,20231015,417,72,2,2,509.57,Damaged,False
8371,190058,20231120,1591,74,2,1,177.05,Damaged,False
8372,190120,20231107,1056,106,2,1,183.22,Wrong size,True
8373,190188,20231107,1052,17,3,2,122.57,Changed mind,True
8374,190230,20231124,209,21,3,1,78.0,Warranty,True
8375,190134,20231130,803,30,3,1,54.11,Wrong size,True
8376,190334,20231113,503,16,3,1,103.67,Damaged,False
8377,190283,20231114,819,20,3,1,38.71,Damaged,False
8378,190190,20231124,475,15,3,1,18.31,Warranty,False
8379,190166,20231113,1538,21,3,1,68.59,Wrong size,True
8380,190196,20231120,1040,26,3,2,24.44,Damaged,False
8381,190171,20231102,477,24,3,2,60.56,Changed mind,True
8382,190282,20231129,1048,22,3,1,94.34,Changed mind,True
8383,190124,20231019,393,17,3,12,742.85,Changed mind,True
8384,190247,20231128,1106,31,3,1,77.66,Warranty,False
8385,190267,20231120,92,19,3,1,56.38,Other,True
8386,190154,20231023,205,19,3,1,72.56,Changed mind,True
8387,190479,20231119,1768,39,3,2,254.2,Changed mind,True
8388,190518,20231124,1414,47,3,2,176.89,Wrong size,True
8389,190394,20231212,1934,45,3,1,149.84,Wrong size,True
8390,190451,20231112,754,44,3,1,207.26,Wrong size,True
8391,190398,20231021,618,46,3,1,209.02,Damaged,False
8392,190423,20231113,348,50,3,3,758.7,Wrong size,True
8393,190542,20231124,1960,43,3,1,156.69,Damaged,False
8394,190420,20231201,1637,49,3,1,61.7,Late delivery,True
8395,190484,20231127,282,54,3,1,97.02,Other,True
8396,190471,20231126,635,51,3,1,64.79,Damaged,False
8397,190566,20231012,386,69,3,1,330.86,Changed mind,True
8398,190637,20231105,33,79,3,8,2899.5,Warranty,True
8399,190668,20231023,1788,89,3,1,55.18,Wrong size,True
8400,190659,20231215,643,90,3,2,1136.53,Wrong size,False
8401,190771,20231210,714,30,4,1,8.76,Wrong size,True
8402,190856,20231203,535,18,4,1,85.5,Wrong size,True
8403,190896,20231114,1857,19,4,3,191.51,Wrong size,True
8404,191040,20231118,1129,32,4,3,77.65,Wrong size,True
8405,190915,20231024,596,24,4,1,106.55,Damaged,False
8406,190900,20231115,1943,14,4,4,330.76,Other,True
8407,190761,20231112,1497,34,4,1,59.49,Late delivery,True
8408,190817,20231023,1053,24,4,2,52.32,Changed mind,True
8409,190788,20231130,236,24,4,1,36.98,Changed mind,True
8410,190902,20231208,1773,19,4,1,70.64,Damaged,False
8411,191025,20231219,682,15,4,5,86.03,Late delivery,True
8412,190954,20231118,215,21,4,4,353.11,Wrong size,True
8413,190854,20231202,1366,24,4,2,72.52,Damaged,False
8414,190942,20231205,1346,22,4,2,227.39,Wrong size,True
8415,190845,20231120,1189,16,4,1,37.31,Late delivery,False
8416,190935,20231112,1095,22,4,3,361.08,Wrong size,True
8417,191061,20231124,1571,18,4,11,926.79,Late delivery,True
8418,191050,20231205,211,17,4,3,201.03,Changed mind,True
8419,191170,20231209,1775,70,4,2,282.84,Wrong size,True
8420,191203,20231203,884,72,4,3,773.65,Warranty,False
8421,191198,20231127,1794,63,4,1,253.53,Changed mind,True
8422,191215,20231208,1498,73,4,1,264.32,Damaged,False
8423,191230,20231030,1192,64,4,1,162.49,Changed mind,True
8424,191185,20231029,1707,57,4,2,386.42,Damaged,False
8425,191356,20231124,1977,31,5,1,82.72,Warranty,False
8426,191381,20231123,663,24,5,2,68.8,Damaged,False
8427,191405,20231114,329,18,5,2,199.24,Changed mind,True
8428,191453,20231029,1749,28,5,1,39.77,Changed mind,True
8429,191499,20231029,758,44,5,1,240.28,Wrong size,False
8430,191515,20231212,657,37,5,2,180.57,Late delivery,True
8431,191565,20231113,1102,71,5,1,225.46,Damaged,False
8432,191532,20231119,345,72,5,2,477.43,Late delivery,True
8433,191552,20231102,824,67,5,2,347.22,Changed mind,True
8434,191631,20231022,1521,106,5,2,1409.37,Wrong size,True
8435,191776,20231017,440,28,6,8,314.56,Wrong size,True
8436,191650,20231104,1682,14,6,2,165.19,Warranty,False
8437,191692,20231014,328,19,6,1,79.8,Late delivery,True
8438,191685,20231117,393,18,6,1,101.23,Changed mind,True
8439,191752,20231111,505,18,6,1,73.27,Wrong size,True
8440,191734,20231031,1969,13,6,10,112.79,Late delivery,True
8441,191704,20231111,201,31,6,1,65.7,Wrong size,True
8442,191647,20231112,1744,30,6,1,70.78,Damaged,False
8443,191695,20231218,971,15,6,5,83.28,Late delivery,True
8444,191783,20231031,1440,47,6,3,253.91,Wrong size,True
8445,191833,20231123,397,66,6,1,98.05,Other,False
8446,191872,20231031,761,92,6,1,440.96,Wrong size,True
8447,192056,20231219,1727,24,7,1,35.41,Damaged,False
8448,192014,20231202,694,18,7,4,304.19,Wrong size,True
8449,192032,20231219,1580,19,7,1,62.43,Wrong size,True
8450,192031,20231025,838,24,7,1,29.34,Wrong size,True
8451,192152,20231102,285,45,7,4,684.64,Wrong size,True
8452,192136,20231019,652,41,7,9,2668.98,Other,True
8453,192110,20231220,84,41,7,1,262.55,Changed mind,True
8454,192071,20231126,1111,55,7,5,1733.05,Wrong size,True
8455,192107,20231109,186,53,7,1,144.92,Changed mind,False
8456,192095,20231028,736,47,7,2,203.58,Changed mind,True
8457,192150,20231201,476,48,7,2,261.97,Changed mind,True
8458,192130,20231127,1841,56,7,1,139.9,Changed mind,True
8459,192234,20231130,959,58,7,1,163.81,Changed mind,True
8460,192308,20231019,1861,20,8,6,72.78,Damaged,False
8461,192413,20231128,1121,50,8,2,324.02,Other,True
8462,192490,20231115,771,43,8,1,143.14,Wrong size,True
8463,192359,20231023,1196,53,8,1,142.03,Wrong size,True
8464,192392,20231204,336,45,8,2,236.15,Wrong size,True
8465,192473,20231123,1081,52,8,1,56.38,Warranty,False
8466,192448,20231102,1683,51,8,5,1112.95,Changed mind,True
8467,192629,20231127,1186,16,9,1,54.56,Damaged,False
8468,192607,20231126,1538,29,9,6,166.92,Other,True
8469,192564,20231130,559,13,9,1,13.21,Late delivery,True
8470,192806,20231025,1414,50,9,2,421.84,Wrong size,True
8471,192712,20231124,1019,51,9,3,646.87,Late delivery,False
8472,192791,20231104,606,48,9,5,898.74,Other,True
8473,192686,20231024,316,52,9,1,50.39,Late delivery,True
8474,192705,20231111,1787,36,9,1,178.29,Damaged,False
8475,192696,20231026,1698,42,9,2,293.87,Damaged,False
8476,192781,20231102,717,36,9,1,212.49,Wrong size,True
8477,192764,20231118,1891,38,9,1,223.04,Damaged,False
8478,192762,20231116,1048,43,9,1,154.24,Wrong size,True
8479,192774,20231027,1279,40,9,1,259.4,Warranty,False
8480,192902,20231129,101,60,9,1,449.39,Changed mind,True
8481,192851,20231118,1906,75,9,1,272.65,Wrong size,False
8482,192930,20231112,928,92,9,2,1112.38,Wrong size,True
8483,192940,20231121,1587,27,10,2,129.04,Wrong size,True
8484,192979,20231013,997,24,10,2,73.84,Wrong size,True
8485,193037,20231114,374,55,10,2,483.24,Damaged,False
8486,193118,20231101,1206,36,10,1,152.16,Changed mind,False
8487,193086,20231115,1492,55,10,1,305.73,Late delivery,True
8488,193114,20231217,626,43,10,1,101.22,Wrong size,True
8489,193184,20231107,1682,55,10,3,576.59,Wrong size,True
8490,193083,20231119,1396,50,10,1,159.4,Wrong size,True
8491,193021,20231024,1814,49,10,1,77.24,Changed mind,True
8492,193171,20231122,820,51,10,6,1301.75,Warranty,False
8493,193139,20231108,1262,38,10,2,425.1,Late delivery,True
8494,193153,20231102,1091,50,10,1,154.44,Wrong size,False
8495,193140,20231204,1566,46,10,2,412.5,Wrong size,True
8496,193124,20231113,534,52,10,2,115.44,Wrong size,True
8497,193060,20231110,329,41,10,4,960.81,Warranty,False
8498,193045,20231202,87,52,10,1,58.34,Wrong size,True
8499,193088,20231126,1848,52,10,1,66.35,Late delivery,True
8500,193218,20231107,435,77,10,18,3612.01,Wrong size,True
8501,193271,20231118,1303,66,10,1,76.24,Changed mind,True
8502,193212,20231110,1921,79,10,2,727.09,Wrong size,False
8503,193210,20231209,1200,59,10,1,58.79,Wrong size,True
8504,193274,20231228,555,77,10,1,255.91,Late delivery,True
8505,193265,20231114,1540,80,10,2,367.55,Wrong size,True
8506,193272,20231114,1693,65,10,1,36.95,Late delivery,True
8507,193296,20231126,1797,60,10,1,400.34,Late delivery,True
8508,193351,20231120,649,83,10,1,479.48,Late delivery,True
8509,193368,20231119,1512,81,10,2,742.28,Warranty,False
8510,193348,20231014,17,87,10,1,137.83,Damaged,False
8511,193390,20231122,320,96,10,1,589.15,Other,True
8512,193471,20231101,1478,28,11,11,383.82,Wrong size,True
8513,193584,20231126,1249,20,11,1,139.72,Changed mind,True
8514,193618,20231202,619,22,11,1,84.62,Other,True
8515,193608,20231208,1070,15,11,2,37.23,Late delivery,False
8516,193462,20231024,244,21,11,1,91.64,Late delivery,True
8517,193598,20231013,28,15,11,2,39.71,Wrong size,True
8518,193507,20231015,277,30,11,2,121.71,Other,False
8519,193581,20231114,1249,25,11,2,287.57,Changed mind,True
8520,193443,20231111,1461,23,11,1,55.78,Wrong size,True
8521,193542,20231027,1591,17,11,2,131.7,Changed mind,True
8522,193642,20231112,884,55,11,2,373.21,Other,True
8523,193648,20231020,1979,37,11,2,184.56,Wrong size,True
8524,193657,20231105,1129,53,11,11,1689.99,Damaged,False
8525,193661,20231103,628,53,11,4,612.2,Wrong size,True
8526,193692,20231201,1347,67,11,1,142.76,Changed mind,True
8527,193717,20231203,468,85,11,1,180.55,Changed mind,True
8528,193729,20231026,654,98,11,1,142.47,Warranty,False
8529,193840,20231128,607,30,12,1,61.5,Damaged,False
8530,193797,20231014,139,16,12,1,79.54,Changed mind,True
8531,193757,20231112,215,24,12,2,79.54,Changed mind,True
8532,193880,20231128,865,15,12,1,18.22,Warranty,False
8533,193782,20231207,1888,33,12,1,64.73,Other,True
8534,193764,20231028,764,20,12,1,127.71,Changed mind,True
8535,193754,20231105,675,24,12,2,73.18,Wrong size,True
8536,193916,20231108,245,36,12,1,183.88,Warranty,False
8537,193904,20231111,1266,37,12,2,186.59,Wrong size,False
8538,194006,20231220,1677,57,12,11,2944.2,Warranty,True
8539,194072,20231011,1240,102,12,2,1192.14,Late delivery,True
8540,194065,20231120,801,106,12,1,807.81,Wrong size,True
8541,194088,20231028,216,95,12,1,447.24,Changed mind,True
8542,194177,20240109,1690,20,1,1,126.83,Damaged,False
8543,194211,20231224,383,19,1,4,298.66,Wrong size,True
8544,194107,20231226,1380,33,1,4,302.75,Warranty,False
8545,194299,20231230,1867,18,1,1,87.32,Late delivery,True
8546,194185,20231208,97,20,1,3,431.67,Wrong size,True
8547,194119,20231213,454,22,1,1,93.7,Late delivery,True
8548,194193,20231213,1652,34,1,1,46.71,Other,True
8549,194207,20231130,222,26,1,2,23.78,Wrong size,False
8550,194422,20240102,92,60,1,5,2457.41,Changed mind,True
8551,194403,20240106,1913,75,1,1,299.92,Changed mind,True
8552,194506,20231115,411,107,1,1,549.22,Changed mind,True
8553,194632,20231211,895,26,2,1,12.42,Wrong size,True
8554,194642,20231112,500,31,2,1,87.31,Changed mind,True
8555,194615,20231205,962,33,2,5,59.74,Warranty,True
8556,194614,20231222,847,16,2,1,89.73,Other,True
8557,194535,20240102,267,16,2,1,113.86,Changed mind,True
8558,194680,20231227,1098,40,2,1,265.78,Other,True
8559,194737,20231207,983,51,2,1,217.04,Wrong size,True
8560,194763,20231119,1694,38,2,1,184.59,Wrong size,True
8561,194676,20231218,133,51,2,7,1304.86,Damaged,False
8562,194661,20240104,1093,53,2,2,262.89,Wrong size,True
8563,194751,20231225,37,41,2,1,224.86,Late delivery,True
8564,194798,20231220,1967,69,2,1,240.54,Wrong size,True
8565,194807,20231214,75,64,2,1,149.13,Changed mind,True
8566,195126,20231228,503,18,3,1,79.16,Damaged,False
8567,195057,20231207,1030,21,3,1,88.34,Wrong size,True
8568,194981,20231217,620,27,3,2,149.62,Wrong size,True
8569,195054,20240105,19,26,3,2,25.75,Changed mind,True
8570,195114,20240101,1459,22,3,7,632.55,Changed mind,True
8571,195077,20240114,446,30,3,2,94.9,Wrong size,False
8572,195044,20231213,1931,19,3,1,54.33,Changed mind,True
8573,195016,20231222,1198,27,3,2,111.15,Wrong size,True
8574,195313,20231209,1692,37,3,1,90.56,Changed mind,True
8575,195262,20231208,1474,50,3,1,152.58,Late delivery,True
8576,195423,20240107,918,40,3,1,286.21,Wrong size,True
8577,195264,20231212,1751,47,3,2,211.14,Changed mind,True
8578,195310,20240106,214,42,3,4,427.07,Late delivery,True
8579,195298,20240103,824,35,3,2,137.31,Wrong size,True
8580,195311,20231208,1403,54,3,1,91.43,Wrong size,True
8581,195218,20231217,1284,39,3,3,371.9,Damaged,False
8582,195240,20231230,1352,42,3,3,273.39,Wrong size,True
8583,195304,20231128,348,41,3,1,274.99,Wrong size,True
8584,195252,20231213,464,39,3,8,1452.63,Changed mind,True
8585,195510,20231210,943,66,3,1,101.02,Warranty,False
8586,195456,20240124,1352,73,3,1,236.12,Warranty,False
8587,195467,20231220,1909,79,3,1,295.75,Wrong size,True
8588,195657,20231225,300,31,4,1,79.0,Wrong size,False
8589,195617,20240121,1678,27,4,1,72.19,Changed mind,False
8590,195652,20231129,1122,22,4,2,183.46,Late delivery,True
8591,195590,20231122,506,24,4,1,42.45,Changed mind,False
8592,195649,20231230,442,25,4,1,57.8,Changed mind,True
8593,195790,20231219,362,56,4,2,294.62,Damaged,False
8594,195890,20231208,1433,76,4,1,238.89,Changed mind,True
8595,195891,20240112,1227,75,4,2,528.78,Wrong size,False
8596,195893,20231215,119,79,4,2,687.88,Damaged,False
8597,195855,20231220,675,77,4,1,44.66,Wrong size,True
8598,195943,20231205,25,90,4,1,610.76,Late delivery,True
8599,195912,20231224,1181,84,4,1,206.1,Changed mind,True
8600,196093,20231227,517,19,5,1,76.2,Damaged,False
8601,196301,20240101,1507,25,5,1,98.95,Damaged,False
8602,196306,20240107,388,21,5,2,148.78,Damaged,False
8603,196169,20231211,1429,16,5,1,96.47,Changed mind,True
8604,196408,20231216,1225,55,5,1,257.13,Wrong size,True
8605,196442,20231128,105,54,5,7,631.85,Changed mind,True
8606,196421,20240110,1559,55,5,2,452.22,Late delivery,True
8607,196455,20240103,1869,77,5,1,68.11,Damaged,False
8608,196536,20231201,1046,90,5,1,570.6,Other,True
8609,196572,20231225,772,97,5,4,2355.54,Late delivery,False
8610,196563,20231214,1352,106,5,1,800.9,Changed mind,False
8611,196599,20231116,356,23,6,2,120.41,Wrong size,True
8612,196634,20231218,318,21,6,2,141.94,Changed mind,True
8613,196683,20231202,1797,35,6,1,88.03,Wrong size,True
8614,196664,20231216,416,47,6,2,202.9,Warranty,True
8615,196687,20231126,411,35,6,2,131.91,Changed mind,True
8616,196654,20231122,658,48,6,1,116.21,Wrong size,True
8617,196677,20231212,303,44,6,1,190.8,Wrong size,True
8618,196665,20231224,1838,56,6,1,143.1,Wrong size,True
8619,196690,20231224,1404,54,6,1,99.45,Wrong size,True
8620,196731,20231219,751,104,6,1,452.38,Changed mind,True
8621,196766,20231120,862,17,7,13,832.49,Wrong size,True
8622,196942,20231210,1496,25,7,1,72.56,Damaged,False
8623,196934,20240104,1306,19,7,1,91.26,Warranty,False
8624,197093,20240114,1551,26,7,1,13.51,Warranty,True
8625,197043,20240107,1246,19,7,7,580.85,Changed mind,False
8626,197124,20231205,73,21,7,1,68.01,Damaged,False
8627,196758,20240103,5,30,7,2,98.07,Warranty,True
8628,197037,20231217,1188,15,7,1,18.47,Other,True
8629,196961,20231225,1489,34,7,8,503.64,Wrong size,True
8630,197108,20231215,321,15,7,5,87.88,Late delivery,True
8631,196838,20231204,1752,21,7,1,80.78,Warranty,True
8632,197186,20231209,1148,43,7,1,130.78,Wrong size,False
8633,197154,20231222,333,49,7,3,229.53,Wrong size,False
8634,197195,20231129,1048,38,7,9,1530.6,Wrong size,False
8635,197163,20240110,1066,43,7,1,108.9,Warranty,False
8636,197210,20231124,1259,57,7,1,242.69,Wrong size,True
8637,197230,20240113,612,76,7,2,387.01,Late delivery,True
8638,197260,20231203,1017,14,8,1,95.1,Wrong size,True
8639,197406,20231113,683,32,8,4,88.21,Damaged,False
8640,197310,20231217,913,21,8,1,85.49,Wrong size,True
8641,197489,20231225,1777,47,8,1,90.69,Changed mind,True
8642,197509,20231216,46,36,8,1,174.27,Wrong size,True
8643,197476,20231219,76,49,8,1,60.17,Wrong size,True
8644,197472,20231219,560,43,8,1,134.62,Wrong size,True
8645,197553,20231220,1929,78,8,2,399.05,Other,True
8646,197548,20231115,576,64,8,1,159.62,Wrong size,True
8647,197733,20231222,355,27,9,2,104.73,Damaged,False
8648,197799,20231215,1661,15,9,1,22.85,Damaged,False
8649,197639,20231205,1548,16,9,2,170.13,Wrong size,True
8650,197842,20231209,62,25,9,6,518.25,Changed mind,True
8651,197838,20240123,1985,23,9,1,61.99,Changed mind,True
8652,197671,20231125,1019,33,9,1,63.34,Changed mind,False
8653,197779,20231212,396,25,9,1,82.75,Changed mind,True
8654,197713,20231221,316,14,9,1,78.76,Wrong size,True
8655,198000,20231226,1156,44,9,1,271.31,Other,True
8656,197960,20240106,946,37,9,1,109.84,Wrong size,True
8657,197948,20231209,243,50,9,1,173.87,Wrong size,True
8658,197966,20231217,1256,43,9,3,443.47,Damaged,False
8659,198024,20231116,1048,73,9,1,274.71,Warranty,True
8660,198044,20240113,52,74,9,9,1604.43,Warranty,False
8661,198107,20240111,246,83,9,4,1911.35,Changed mind,True
8662,198109,20240113,1049,106,9,1,712.97,Late delivery,True
8663,198189,20231218,3,16,10,1,97.86,Changed mind,True
8664,198297,20231120,711,29,10,1,64.76,Changed mind,True
8665,198315,20231220,847,29,10,1,139.67,Wrong size,False
8666,198184,20231116,1543,26,10,1,14.9,Damaged,False
8667,198287,20231224,756,30,10,1,64.31,Late delivery,True
8668,198360,20231127,1423,16,10,2,217.0,Warranty,False
8669,198347,20231214,1727,25,10,3,85.24,Late delivery,True
8670,198160,20231209,776,13,10,1,13.04,Wrong size,True
8671,198227,20231226,790,25,10,2,153.26,Changed mind,True
8672,198243,20231231,449,31,10,1,81.11,Damaged,False
8673,198264,20231214,681,24,10,1,35.06,Late delivery,True
8674,198265,20231220,510,21,10,1,78.81,Changed mind,True
8675,198444,20231229,308,51,10,2,360.85,Wrong size,True
8676,198439,20240101,1206,48,10,1,126.66,Wrong size,True
8677,198473,20231219,1066,61,10,2,539.5,Changed mind,True
8678,198477,20231217,1259,71,10,1,291.85,Wrong size,True
8679,198554,20231227,1650,31,11,2,152.81,Changed mind,False
8680,198628,20231217,334,26,11,1,14.28,Warranty,False
8681,198653,20231202,1841,48,11,1,167.42,Wrong size,True
8682,198668,20240103,1811,38,11,3,574.37,Late delivery,True
8683,198722,20231225,126,43,11,1,138.0,Late delivery,True
8684,198712,20231201,1358,40,11,1,258.08,Changed mind,True
8685,198633,20231205,1874,46,11,2,372.55,Late delivery,True
8686,198677,20231212,497,49,11,1,113.11,Changed mind,True
8687,198717,20231218,854,50,11,1,200.78,Warranty,False
8688,198696,20231208,541,52,11,1,52.91,Wrong size,True
8689,198937,20240107,1755,23,12,1,51.97,Changed mind,True
8690,198918,20231203,1844,24,12,1,33.12,Changed mind,True
8691,198988,20231223,714,31,12,1,98.8,Changed mind,True
8692,198754,20240105,1734,28,12,2,78.7,Changed mind,True
8693,198974,20231224,970,22,12,2,204.74,Wrong size,True
8694,198812,20231127,85,21,12,1,74.23,Damaged,False
8695,198742,20231128,993,27,12,1,67.54,Late delivery,True
8696,199053,20240106,1246,36,12,2,403.63,Wrong size,True
8697,199031,20231221,116,51,12,6,1206.74,Wrong size,True
8698,199062,20240106,1585,35,12,1,82.64,Warranty,False
8699,199234,20240108,1939,26,1,3,237.66,Late delivery,True
8700,199327,20240117,1086,33,1,6,421.78,Wrong size,False
8701,199387,20240124,448,20,1,3,370.97,Damaged,False
8702,199347,20240127,411,14,1,6,581.89,Wrong size,True
8703,199098,20231227,470,22,1,2,259.79,Wrong size,True
8704,199394,20231224,668,30,1,1,60.14,Changed mind,False
8705,199203,20240129,1690,15,1,1,77.09,Warranty,False
8706,199297,20240211,1066,30,1,1,61.05,Damaged,False
8707,199388,20240114,180,25,1,1,77.89,Warranty,False
8708,199383,20240114,1152,23,1,1,65.82,Damaged,False
8709,199392,20231229,296,28,1,1,43.54,Changed mind,True
8710,199106,20231223,797,28,1,1,43.16,Changed mind,True
8711,199339,20240108,1678,21,1,1,61.04,Wrong size,True
8712,199354,20240129,1527,15,1,3,56.13,Other,True
8713,199356,20240124,91,20,1,2,161.57,Damaged,False
8714,199325,20231223,1945,21,1,2,129.67,Other,True
8715,199142,20240111,235,33,1,1,71.7,Changed mind,True
8716,199258,20240127,1377,19,1,2,144.9,Late delivery,True
8717,199104,20240126,901,27,1,1,68.26,Late delivery,True
8718,199239,20240130,1625,21,1,1,67.44,Wrong size,True
8719,199503,20240212,1359,55,1,1,253.91,Late delivery,False
8720,199477,20240103,1833,50,1,3,615.54,Wrong size,True
8721,199443,20240108,476,46,1,4,752.8,Warranty,True
8722,199534,20231230,1373,52,1,1,50.53,Late delivery,True
8723,199512,20240116,1766,45,1,2,271.72,Other,True
8724,199479,20240109,1628,51,1,1,256.53,Changed mind,True
8725,199454,20240124,408,37,1,2,161.24,Late delivery,True
8726,199531,20240131,947,48,1,5,719.96,Changed mind,False
8727,199561,20240117,129,65,1,1,39.98,Wrong size,True
8728,199594,20240111,618,103,1,1,461.27,Other,True
8729,199618,20240110,91,6,2,1,1311.74,Changed mind,True
8730,199718,20240111,1322,30,2,1,54.51,Changed mind,True
8731,199797,20240101,1988,14,2,2,165.99,Wrong size,True
8732,199683,20240119,490,21,2,1,90.02,Wrong size,True
8733,199697,20240123,1449,16,2,2,172.12,Damaged,False
8734,199623,20240114,490,21,2,2,142.27,Damaged,False
8735,199822,20240130,725,28,2,6,212.93,Late delivery,True
8736,199699,20240114,426,24,2,5,171.19,Other,True
8737,199872,20240118,1567,15,2,1,21.98,Changed mind,True
8738,199841,20240130,29,16,2,2,219.89,Late delivery,True
8739,199845,20240125,662,14,2,3,285.74,Damaged,False
8740,199752,20240105,475,21,2,1,74.05,Damaged,False
8741,200086,20231231,84,35,2,3,224.14,Wrong size,True
8742,199946,20240122,1398,53,2,2,461.04,Other,False
8743,200112,20231228,990,52,2,2,106.82,Wrong size,True
8744,199917,20240216,561,45,2,2,314.69,Damaged,False
8745,199992,20231227,9,45,2,1,175.12,Late delivery,True
8746,199997,20240127,126,54,2,1,104.73,Wrong size,True
8747,200123,20231223,320,39,2,1,128.35,Wrong size,True
8748,200005,20240115,1987,41,2,1,109.05,Changed mind,True
8749,200141,20240116,1555,56,2,1,165.47,Damaged,False
8750,200099,20240122,874,37,2,2,201.61,Wrong size,True
8751,200028,20240216,922,47,2,1,77.76,Wrong size,True
8752,200143,20240128,350,69,2,1,288.12,Wrong size,True
8753,200164,20231227,339,72,2,1,261.83,Other,True
8754,200153,20240205,1871,74,2,1,194.86,Damaged,False
8755,200144,20240121,1612,58,2,1,415.38,Damaged,False
8756,200165,20240129,486,71,2,8,451.0,Warranty,False
8757,200158,20240102,904,64,2,1,177.35,Changed mind,True
8758,200252,20240115,1988,88,2,1,134.03,Damaged,False
8759,200688,20240104,1491,33,3,1,89.23,Other,True
8760,200526,20240108,706,15,3,5,94.62,Wrong size,True
8761,200583,20231208,1682,15,3,5,86.14,Damaged,False
8762,200700,20240129,620,27,3,5,272.31,Changed mind,True
8763,200407,20240129,1037,30,3,4,220.36,Wrong size,True
8764,200427,20231220,1485,13,3,4,51.53,Damaged,False
8765,200609,20240109,1030,21,3,1,62.9,Late delivery,True
8766,200325,20231223,160,15,3,1,16.27,Late delivery,True
8767,200705,20240101,1040,33,3,3,241.3,Other,True
8768,200533,20240105,557,19,3,1,57.5,Warranty,False
8769,200415,20231226,1961,19,3,2,111.83,Wrong size,True
8770,200589,20240109,788,32,3,3,220.39,Wrong size,True
8771,200421,20240211,1487,28,3,1,39.43,Damaged,False
8772,200732,20240208,1060,34,3,2,90.86,Late delivery,True
8773,200486,20231225,1222,30,3,3,170.79,Late delivery,True
8774,200443,20240131,1819,26,3,1,12.37,Changed mind,True
8775,200602,20240119,1625,27,3,1,73.57,Changed mind,True
8776,200608,20240109,1352,33,3,1,64.24,Damaged,False
8777,200299,20240103,1153,18,3,1,78.62,Changed mind,True
8778,200380,20240122,991,31,3,4,379.21,Wrong size,True
8779,200327,20240114,1271,14,3,7,427.64,Late delivery,True
8780,200291,20240126,784,13,3,8,119.19,Changed mind,True
8781,200570,20231215,109,28,3,1,26.4,Other,True
8782,200771,20231229,1779,56,3,6,944.05,Wrong size,True
8783,200832,20240207,601,39,3,4,454.59,Other,True
8784,200944,20240102,1222,38,3,3,807.28,Wrong size,True
8785,200883,20240118,1079,49,3,1,82.91,Late delivery,True
8786,200821,20231225,473,43,3,1,120.43,Damaged,False
8787,200759,20240115,891,39,3,2,203.9,Wrong size,True
8788,200864,20231225,1047,56,3,3,459.19,Changed mind,True
8789,200781,20240106,458,47,3,2,106.0,Wrong size,True
8790,200841,20240120,1692,37,3,1,102.5,Warranty,False
8791,200972,20240221,1122,44,3,1,143.98,Wrong size,True
8792,200811,20231231,1405,46,3,1,193.12,Warranty,False
8793,200887,20231221,109,47,3,1,103.2,Wrong size,True
8794,200960,20240110,1994,56,3,1,142.08,Changed mind,True
8795,200777,20240130,1659,52,3,1,59.44,Warranty,True
8796,200778,20240113,1634,51,3,2,403.42,Changed mind,True
8797,200845,20240131,775,52,3,1,60.24,Wrong size,True
8798,201008,20240125,1706,79,3,2,569.51,Changed mind,True
8799,201128,20240207,815,91,3,5,2315.33,Late delivery,True
8800,201222,20240202,1648,100,3,3,2281.22,Changed mind,True
8801,201238,20240113,1632,103,3,1,544.13,Wrong size,True
8802,201400,20231218,726,33,4,2,134.71,Late delivery,True
8803,201439,20231227,631,22,4,1,32.12,Changed mind,True
8804,201278,20240116,864,22,4,6,663.58,Late delivery,True
8805,201370,20240122,1181,28,4,1,38.61,Wrong size,True
8806,201470,20231221,57,34,4,2,102.35,Changed mind,True
8807,201416,20240206,1952,16,4,1,90.13,Damaged,False
8808,201282,20240110,408,18,4,1,88.83,Late delivery,True
8809,201383,20240116,405,28,4,2,65.97,Wrong size,False
8810,201347,20240128,1370,31,4,4,324.97,Wrong size,True
8811,201305,20240209,1507,18,4,1,80.1,Late delivery,True
8812,201510,20240113,125,49,4,1,61.42,Wrong size,True
8813,201629,20240130,240,45,4,3,440.88,Changed mind,True
8814,201592,20240126,1881,46,4,1,194.72,Late delivery,True
8815,201515,20240116,273,48,4,5,400.33,Late delivery,True
8816,201498,20240104,1147,44,4,3,829.49,Wrong size,True
8817,201567,20240113,920,45,4,2,319.28,Changed mind,True
8818,201652,20240110,823,39,4,4,409.39,Wrong size,True
8819,201595,20240201,1657,45,4,1,144.36,Damaged,False
8820,201522,20240120,452,41,4,1,275.41,Wrong size,False
8821,201645,20231229,1803,48,4,1,138.43,Damaged,False
8822,201560,20240108,1687,38,4,1,224.07,Wrong size,True
8823,201760,20240201,1360,69,4,2,557.52,Warranty,True
8824,201767,20240119,989,59,4,1,49.34,Other,True
8825,201689,20240112,1557,78,4,2,338.95,Changed mind,True
8826,201848,20240116,1834,101,4,8,3970.64,Changed mind,True
8827,201960,20240105,1619,30,5,1,102.93,Changed mind,True
8828,202044,20240210,666,21,5,1,77.77,Late delivery,False
8829,201897,20240109,989,19,5,1,77.23,Changed mind,True
8830,202061,20240114,1021,34,5,1,59.28,Wrong size,False
8831,202073,20240126,570,47,5,7,766.1,Late delivery,True
8832,202093,20240112,312,47,5,1,283.93,Damaged,False
8833,202122,20231221,1285,67,5,2,278.24,Damaged,False
8834,202179,20240107,204,87,5,1,132.22,Changed mind,True
8835,202219,20231231,1194,34,6,1,60.61,Late delivery,True
8836,202297,20240124,3,23,6,2,130.82,Warranty,False
8837,202382,20240104,1263,28,6,1,31.47,Changed mind,True
8838,202450,20240123,1232,21,6,2,159.91,Changed mind,True
8839,202471,20240114,1136,16,6,3,322.27,Wrong size,True
8840,202239,20240115,88,34,6,2,111.26,Other,True
8841,202339,20240210,1441,15,6,1,20.44,Wrong size,True
8842,202419,20231230,166,33,6,2,145.98,Wrong size,True
8843,202240,20231221,1595,27,6,4,285.71,Changed mind,True
8844,202430,20240127,1394,27,6,1,80.91,Changed mind,False
8845,202583,20240109,222,49,6,6,447.73,Wrong size,True
8846,202569,20240119,1501,48,6,1,132.49,Late delivery,False
8847,202597,20231216,1322,44,6,1,230.24,Changed mind,True
8848,202563,20231231,490,36,6,2,392.65,Late delivery,True
8849,202553,20240208,794,37,6,9,774.03,Late delivery,True
8850,202524,20240128,122,44,6,1,305.9,Warranty,False
8851,202875,20240110,504,28,7,1,37.41,Wrong size,True
8852,203103,20240207,759,34,7,4,61.42,Wrong size,False
8853,202807,20240121,1121,20,7,2,224.21,Late delivery,True
8854,203025,20240108,1847,27,7,2,123.19,Damaged,False
8855,202752,20240120,870,18,7,1,96.47,Late delivery,True
8856,202912,20240113,1384,26,7,2,22.66,Wrong size,True
8857,202849,20240126,1784,18,7,1,108.19,Other,True
8858,202790,20240114,1286,30,7,3,146.46,Wrong size,False
8859,202845,20240129,1661,29,7,1,119.6,Changed mind,True
8860,202944,20240204,1811,30,7,1,54.52,Warranty,False
8861,202689,20240121,1832,17,7,2,164.63,Changed mind,True
8862,203010,20240102,1120,24,7,1,41.63,Other,True
8863,202862,20231229,229,24,7,3,109.42,Wrong size,False
8864,202706,20240112,790,27,7,1,61.67,Wrong size,True
8865,202863,20240125,1188,23,7,1,62.12,Changed mind,False
8866,202885,20231227,3,20,7,4,492.27,Damaged,False
8867,202825,20240128,1057,30,7,2,93.44,Changed mind,True
8868,202766,20240129,1936,31,7,1,63.03,Warranty,False
8869,202804,20240101,413,15,7,1,19.35,Damaged,False
8870,203034,20240127,442,19,7,1,59.62,Damaged,False
8871,203121,20240118,940,36,7,3,590.31,Wrong size,False
8872,203267,20240107,192,56,7,3,473.72,Changed mind,True
8873,203222,20240202,637,55,7,1,289.93,Damaged,False
8874,203261,20240119,180,35,7,2,168.53,Damaged,False
8875,203132,20240122,1203,40,7,1,329.52,Wrong size,False
8876,203142,20240103,1525,36,7,1,176.8,Other,True
8877,203176,20240205,303,46,7,2,440.29,Wrong size,True
8878,203372,20240127,1732,69,7,1,257.06,Wrong size,True
8879,203331,20231222,410,65,7,1,40.94,Other,True
8880,203301,20240131,1423,79,7,2,699.88,Changed mind,True
8881,203406,20240103,1545,83,7,3,1582.07,Late delivery,True
8882,203519,20240128,1777,13,8,3,32.51,Changed mind,True
8883,203520,20240109,413,31,8,1,77.73,Wrong size,True
8884,203535,20240118,2000,19,8,1,75.09,Wrong size,True
8885,203459,20240202,846,17,8,2,138.18,Other,True
8886,203608,20240210,981,47,8,1,83.1,Wrong size,True
8887,203733,20240112,1928,52,8,2,462.57,Wrong size,True
8888,203697,20240128,1841,47,8,1,90.4,Changed mind,False
8889,203607,20240118,94,49,8,3,259.71,Warranty,False
8890,203629,20240206,1457,38,8,5,1134.56,Changed mind,True
8891,203634,20240216,858,39,8,1,138.25,Wrong size,True
8892,203724,20240120,1639,50,8,1,212.56,Warranty,False
8893,203753,20240112,1269,67,8,1,171.33,Warranty,False
8894,203738,20240106,174,63,8,16,4058.84,Late delivery,True
8895,203747,20240107,897,64,8,3,442.6,Wrong size,True
8896,203800,20240106,1523,83,8,1,456.49,Wrong size,True
8897,203813,20240123,544,101,8,2,930.07,Changed mind,True
8898,203818,20240202,319,101,8,2,845.12,Changed mind,True
8899,203833,20240127,339,95,8,2,679.06,Changed mind,True
8900,203925,20240107,1058,26,9,2,27.84,Other,True
8901,203954,20231229,825,30,9,4,200.08,Wrong size,True
8902,204014,20240123,633,31,9,2,24.62,Wrong size,True
8903,203981,20240106,1027,24,9,2,72.96,Late delivery,True
8904,203898,20240120,201,16,9,1,102.96,Other,False
8905,203974,20240116,947,22,9,1,130.97,Changed mind,True
8906,203994,20240101,371,14,9,1,71.21,Other,True
8907,204041,20231224,615,18,9,2,172.08,Warranty,True
8908,203909,20240121,1623,32,9,8,207.11,Warranty,False
8909,203890,20240123,114,26,9,6,74.69,Wrong size,False
8910,203916,20240103,1808,21,9,1,89.41,Damaged,False
8911,204125,20231227,703,49,9,3,190.61,Wrong size,True
8912,204144,20240115,834,60,9,3,1370.24,Other,True
8913,204575,20240127,1407,29,10,2,261.8,Damaged,False
8914,204259,20240116,285,20,10,2,232.46,Warranty,False
8915,204232,20240114,1676,21,10,2,123.17,Damaged,False
8916,204379,20240126,1995,30,10,2,116.12,Warranty,False
8917,204504,20240101,1502,16,10,6,524.23,Damaged,False
8918,204428,20240103,986,17,10,6,511.49,Changed mind,True
8919,204354,20240119,1049,34,10,1,49.29,Changed mind,True
8920,204356,20240112,1171,29,10,3,306.33,Changed mind,True
8921,204584,20240114,1038,34,10,1,52.16,Changed mind,True
8922,204398,20240119,1221,30,10,2,104.67,Warranty,True
8923,204500,20240102,1124,23,10,2,76.51,Late delivery,True
8924,204305,20240122,760,13,10,1,12.81,Late delivery,True
8925,204573,20240109,870,26,10,3,39.59,Damaged,False
8926,204489,20231231,1751,25,10,1,91.02,Late delivery,True
8927,204548,20240128,825,30,10,2,117.49,Late delivery,False
8928,204535,20240110,1188,30,10,1,80.07,Changed mind,True
8929,204292,20240126,1171,15,10,2,35.47,Wrong size,True
8930,204561,20240114,1736,18,10,1,71.11,Wrong size,True
8931,204677,20240110,1467,45,10,1,135.51,Other,True
8932,204659,20240117,941,54,10,1,107.25,Warranty,False
8933,204749,20240108,1621,42,10,1,139.54,Wrong size,True
8934,204734,20240113,1229,47,10,1,106.56,Wrong size,False
8935,204699,20240121,1940,49,10,1,71.11,Wrong size,True
8936,204696,20240121,804,56,10,1,210.91,Changed mind,False
8937,204758,20240206,298,50,10,3,458.65,Changed mind,True
8938,204788,20240106,260,78,10,1,184.05,Wrong size,True
8939,204897,20231219,853,76,10,1,222.54,Late delivery,True
8940,204843,20240101,1990,76,10,1,221.88,Wrong size,True
8941,204893,20240127,1549,59,10,1,58.29,Changed mind,True
8942,204967,20240111,970,94,10,1,419.32,Damaged,False
8943,204989,20240116,775,17,11,1,72.48,Changed mind,True
8944,205025,20240127,145,19,11,1,62.92,Changed mind,True
8945,205088,20240114,691,31,11,3,248.62,Changed mind,True
8946,205038,20240212,78,28,11,1,32.69,Wrong size,True
8947,205118,20240126,1306,30,11,1,58.45,Changed mind,False
8948,205062,20240219,1214,33,11,3,218.41,Wrong size,True
8949,205036,20240207,1058,24,11,1,31.66,Damaged,False
8950,205039,20240107,1327,28,11,2,58.44,Wrong size,True
8951,205020,20240127,616,24,11,1,36.15,Damaged,False
8952,205328,20240214,219,43,11,6,836.07,Changed mind,True
8953,205198,20240227,1088,47,11,1,85.33,Changed mind,True
8954,205206,20240113,725,35,11,1,78.79,Changed mind,True
8955,205175,20240217,1742,50,11,12,1787.95,Late delivery,True
8956,205167,20240101,1666,40,11,2,258.01,Late delivery,False
8957,205212,20240119,1381,43,11,1,122.86,Damaged,False
8958,205327,20240125,1117,38,11,1,211.34,Late delivery,True
8959,205270,20240120,383,55,11,1,298.61,Changed mind,True
8960,205401,20231225,872,106,11,1,666.6,Late delivery,True
8961,205429,20240102,1240,8,12,1,1781.61,Changed mind,True
8962,205712,20240204,1307,28,12,3,85.49,Wrong size,True
8963,205738,20240203,403,33,12,1,66.92,Changed mind,True
8964,205485,20240108,409,18,12,1,83.99,Wrong size,True
8965,205758,20240117,1965,22,12,3,295.03,Wrong size,True
8966,205572,20240114,1413,22,12,1,91.97,Late delivery,True
8967,205568,20231229,1638,31,12,1,86.75,Late delivery,True
8968,205731,20240107,576,24,12,3,118.41,Changed mind,True
8969,205614,20240118,970,22,12,3,322.83,Late delivery,True
8970,205621,20240124,1066,29,12,2,267.2,Changed mind,True
8971,205658,20231216,949,26,12,1,11.57,Wrong size,True
8972,205677,20240202,1576,30,12,1,52.79,Changed mind,True
8973,205639,20240104,781,29,12,2,243.09,Late delivery,True
8974,205616,20240121,1860,33,12,3,218.15,Late delivery,False
8975,205610,20240212,1229,23,12,1,91.06,Changed mind,True
8976,205640,20240127,1856,13,12,1,10.97,Late delivery,True
8977,205486,20240120,1149,16,12,1,83.27,Wrong size,True
8978,205585,20240206,472,15,12,1,107.4,Late delivery,True
8979,205539,20240201,1025,13,12,1,12.1,Warranty,True
8980,205527,20240108,168,14,12,3,105.93,Other,True
8981,205630,20240101,1797,28,12,1,39.61,Changed mind,True
8982,205894,20240101,1755,55,12,1,311.37,Other,False
8983,205846,20240202,993,47,12,1,86.52,Wrong size,True
8984,205879,20240110,332,36,12,1,160.48,Damaged,False
8985,205962,20240125,1410,54,12,3,307.57,Changed mind,True
8986,205843,20240121,1852,45,12,5,880.99,Other,False
8987,205975,20240116,1865,35,12,1,73.35,Other,True
8988,205873,20231212,1372,36,12,3,370.96,Wrong size,True
8989,205858,20231223,1357,47,12,1,82.34,Wrong size,False
8990,205916,20240106,1397,43,12,2,219.3,Damaged,False
8991,205881,20240121,1620,45,12,1,134.4,Wrong size,True
8992,205876,20240105,633,56,12,2,413.34,Changed mind,True
8993,205913,20240127,242,52,12,1,53.44,Late delivery,True
8994,205924,20240203,1981,45,12,2,287.57,Wrong size,True
8995,205925,20240128,50,44,12,2,422.17,Wrong size,True
8996,205980,20240213,495,80,12,2,280.5,Wrong size,True
8997,206068,20240109,299,58,12,1,347.99,Damaged,False
8998,206194,20240115,936,86,12,1,334.54,Late delivery,False
8999,206114,20240123,155,84,12,3,425.19,Late delivery,True
9000,206160,20240106,1797,87,12,1,225.1,Late delivery,True
9001,206220,20240110,1810,108,12,4,2324.55,Damaged,False
9002,206284,20240225,1511,18,1,2,160.71,Damaged,False
9003,206278,20240301,422,27,1,1,71.69,Changed mind,True
9004,206395,20240217,641,47,1,2,198.07,Wrong size,True
9005,206348,20240220,615,47,1,5,451.83,Wrong size,True
9006,206460,20240213,1714,43,1,4,485.22,Late delivery,True
9007,206494,20240128,1603,44,1,2,450.0,Wrong size,True
9008,206336,20240213,498,43,1,1,120.02,Other,True
9009,206398,20240209,551,48,1,4,572.7,Warranty,True
9010,206328,20240210,363,40,1,1,241.39,Damaged,False
9011,206407,20240205,1143,40,1,1,247.23,Damaged,False
9012,206469,20240122,1589,55,1,6,1896.47,Changed mind,True
9013,206319,20240223,260,45,1,2,273.81,Wrong size,True
9014,206496,20240131,748,39,1,1,178.77,Wrong size,True
9015,206361,20240306,185,42,1,1,108.41,Warranty,True
9016,206536,20240221,276,58,1,1,350.02,Damaged,False
9017,206514,20240113,843,65,1,1,51.15,Late delivery,True
9018,206509,20240124,1923,57,1,1,320.62,Changed mind,True
9019,206513,20240224,98,72,1,1,282.47,Late delivery,True
9020,206555,20240122,835,70,1,1,164.84,Changed mind,True
9021,206571,20240203,1323,84,1,2,359.93,Late delivery,True
9022,206616,20240320,161,86,1,1,231.96,Wrong size,True
9023,206696,20240211,1686,29,2,7,790.72,Changed mind,True
9024,207001,20240306,1492,34,2,3,169.38,Other,True
9025,206713,20240203,688,18,2,1,87.84,Changed mind,True
9026,206865,20240221,1590,27,2,1,54.86,Wrong size,True
9027,206879,20240220,516,18,2,1,84.26,Changed mind,True
9028,206923,20240215,1135,22,2,1,98.87,Changed mind,False
9029,206835,20240124,326,30,2,2,109.35,Wrong size,False
9030,206797,20240215,1608,21,2,4,306.0,Changed mind,True
9031,206719,20240224,969,21,2,1,71.57,Changed mind,True
9032,206673,20240210,671,33,2,1,74.98,Wrong size,True
9033,206850,20240226,1341,29,2,1,109.41,Changed mind,True
9034,206670,20240215,50,19,2,2,158.83,Other,True
9035,207037,20240219,711,28,2,1,29.47,Warranty,True
9036,206963,20240228,1490,23,2,1,118.97,Wrong size,True
9037,206841,20240123,1157,16,2,1,77.6,Changed mind,False
9038,206662,20240221,802,34,2,2,102.93,Damaged,False
9039,206847,20240219,830,29,2,2,273.64,Late delivery,True
9040,206827,20240212,620,17,2,1,63.07,Wrong size,True
9041,207083,20240220,1938,28,2,1,32.05,Damaged,False
9042,206885,20240211,1138,20,2,1,112.48,Changed mind,True
9043,207203,20240221,152,56,2,2,363.0,Wrong size,True
9044,207225,20240131,592,36,2,1,188.16,Damaged,False
9045,207128,20240216,610,45,2,1,176.35,Other,False
9046,207122,20240220,1123,46,2,1,205.89,Changed mind,True
9047,207209,20240202,546,53,2,1,136.33,Wrong size,True
9048,207273,20240308,1568,45,2,1,141.2,Late delivery,True
9049,207148,20240219,1307,55,2,2,648.93,Other,True
9050,207143,20240207,1326,35,2,1,68.49,Warranty,False
9051,207114,20240221,1860,49,2,1,96.62,Late delivery,True
9052,207127,20240305,284,54,2,2,195.26,Wrong size,False
9053,207163,20240304,84,35,2,4,333.77,Wrong size,True
9054,207252,20240211,1005,40,2,4,1154.38,Wrong size,False
9055,207117,20240215,320,41,2,2,558.08,Warranty,False
9056,207733,20240217,1753,13,3,4,50.81,Wrong size,True
9057,207856,20240209,411,14,3,7,714.55,Late delivery,True
9058,207608,20240311,1214,16,3,2,176.56,Wrong size,True
9059,207506,20240229,746,17,3,1,70.39,Changed mind,True
9060,207735,20240218,28,29,3,4,511.57,Changed mind,True
9061,207580,20240228,1060,33,3,4,309.17,Late delivery,True
9062,207819,20240121,1330,20,3,2,316.79,Wrong size,True
9063,207549,20240226,1363,15,3,1,18.58,Warranty,False
9064,207685,20240312,1052,17,3,1,61.27,Changed mind,True
9065,207534,20240303,1974,24,3,1,25.04,Changed mind,True
9066,207515,20240217,475,15,3,1,16.63,Wrong size,True
9067,207593,20240218,492,19,3,4,284.43,Changed mind,True
9068,207917,20240213,1671,31,3,1,72.52,Changed mind,True
9069,207671,20240205,1312,32,3,6,127.54,Other,True
9070,207645,20240201,1485,13,3,2,28.41,Damaged,False
9071,207784,20240201,1485,13,3,1,15.83,Other,True
9072,207622,20240223,237,34,3,3,133.05,Changed mind,False
9073,207885,20240315,128,25,3,1,102.3,Changed mind,True
9074,207618,20240216,1332,27,3,1,73.29,Late delivery,True
9075,207507,20240305,883,23,3,1,46.86,Late delivery,True
9076,207937,20240215,1177,47,3,1,77.99,Other,True
9077,207936,20240302,863,38,3,1,196.08,Other,True
9078,207990,20240218,258,54,3,1,94.23,Damaged,False
9079,208003,20240306,611,44,3,5,1114.78,Wrong size,True
9080,207950,20240224,1377,44,3,1,239.13,Changed mind,True
9081,207934,20240210,1601,40,3,1,127.13,Late delivery,True
9082,207942,20240209,54,52,3,2,119.68,Changed mind,True
9083,207948,20240204,1464,46,3,3,568.81,Warranty,False
9084,208012,20240228,307,52,3,1,56.23,Changed mind,True
9085,207988,20240113,1806,42,3,3,251.02,Other,True
9086,207935,20240229,249,35,3,1,153.61,Wrong size,True
9087,208050,20240308,1363,62,3,2,287.23,Changed mind,True
9088,208105,20240126,186,86,3,2,463.94,Changed mind,True
9089,208119,20240129,929,83,3,1,440.99,Wrong size,True
9090,208154,20240126,806,100,3,1,755.99,Changed mind,True
9091,208166,20240326,362,98,3,1,225.23,Other,True
9092,208176,20240316,1227,108,3,2,1199.84,Damaged,False
9093,208326,20240214,1508,17,4,1,82.26,Wrong size,True
9094,208434,20240220,1896,21,4,4,302.64,Wrong size,True
9095,208447,20240302,1465,16,4,3,295.06,Changed mind,True
9096,208443,20240222,1612,31,4,1,34.43,Late delivery,True
9097,208306,20240108,322,29,4,2,33.87,Changed mind,True
9098,208325,20240227,1480,29,4,4,502.13,Warranty,False
9099,208343,20240225,1288,23,4,1,54.45,Changed mind,True
9100,208423,20240218,88,19,4,1,73.79,Changed mind,True
9101,208340,20240223,652,21,4,1,73.24,Changed mind,False
9102,208452,20240226,405,18,4,1,39.18,Changed mind,True
9103,208240,20240227,1683,28,4,10,330.98,Other,False
9104,208486,20240228,233,15,4,1,16.86,Warranty,False
9105,208324,20240305,1392,19,4,6,409.62,Damaged,False
9106,208414,20240115,91,14,4,1,118.9,Damaged,False
9107,208331,20240223,1292,30,4,3,154.55,Changed mind,True
9108,208502,20240221,1558,40,4,2,483.96,Damaged,False
9109,208509,20240130,461,50,4,3,493.65,Wrong size,True
9110,208507,20240226,952,38,4,3,566.62,Wrong size,True
9111,208515,20240207,1735,41,4,1,245.4,Warranty,False
9112,208538,20240303,554,35,4,4,327.54,Wrong size,True
9113,208533,20240305,69,43,4,1,143.61,Wrong size,True
9114,208544,20240222,1287,79,4,2,708.05,Wrong size,True
9115,208596,20240218,1302,66,4,2,271.01,Changed mind,True
9116,208646,20240128,1596,67,4,6,734.92,Damaged,False
9117,208543,20240303,456,67,4,1,139.61,Damaged,False
9118,208578,20240124,1700,79,4,2,696.22,Other,True
9119,208667,20240313,273,89,4,5,215.46,Other,True
9120,209192,20240218,399,28,5,4,154.07,Changed mind,True
9121,208961,20240119,115,17,5,1,77.12,Changed mind,True
9122,208984,20240129,1783,19,5,2,121.1,Damaged,False
9123,209008,20240224,804,15,5,2,38.67,Changed mind,True
9124,208708,20240123,329,25,5,1,109.99,Other,True
9125,209108,20240305,1031,15,5,1,16.99,Changed mind,True
9126,209097,20240201,933,16,5,5,408.62,Damaged,False
9127,209004,20240218,755,21,5,5,407.0,Warranty,True
9128,208864,20240201,30,26,5,1,12.99,Warranty,True
9129,208849,20240210,1467,30,5,1,50.39,Wrong size,True
9130,209121,20240216,674,15,5,1,142.1,Damaged,False
9131,209199,20240305,1063,30,5,2,149.27,Late delivery,True
9132,209212,20240207,142,24,5,1,32.39,Wrong size,True
9133,209191,20240204,897,26,5,1,12.4,Damaged,False
9134,208753,20240215,74,21,5,2,151.2,Changed mind,True
9135,209089,20240208,540,15,5,1,21.13,Changed mind,True
9136,208890,20240213,1878,32,5,2,50.42,Changed mind,True
9137,208958,20240218,178,22,5,7,739.46,Warranty,True
9138,209213,20240124,1012,24,5,1,33.07,Wrong size,True
9139,209086,20240216,1507,25,5,1,99.86,Damaged,False
9140,208780,20240220,1855,27,5,1,74.38,Changed mind,True
9141,209094,20240201,832,21,5,1,68.92,Late delivery,True
9142,208896,20240210,281,21,5,1,56.08,Other,True
9143,209278,20240228,1534,45,5,1,150.42,Other,True
9144,209336,20240213,1123,40,5,1,268.5,Damaged,False
9145,209340,20240222,596,47,5,1,126.34,Wrong size,True
9146,209284,20240214,1142,39,5,1,104.87,Late delivery,True
9147,209323,20240226,985,54,5,1,91.57,Wrong size,True
9148,209314,20240316,1731,38,5,3,288.09,Wrong size,False
9149,209330,20240208,853,46,5,1,211.63,Warranty,False
9150,209354,20240224,140,38,5,2,390.85,Damaged,False
9151,209306,20240301,1167,36,5,1,308.82,Changed mind,True
9152,209430,20240126,1994,31,6,1,74.81,Late delivery,False
9153,209571,20240317,1797,30,6,2,92.05,Changed mind,True
9154,209598,20240209,1139,15,6,4,65.09,Changed mind,True
9155,209564,20240305,48,22,6,11,1076.93,Damaged,False
9156,209519,20240224,975,18,6,1,78.53,Late delivery,True
9157,209588,20240219,1066,17,6,1,70.85,Damaged,False
9158,209558,20240303,517,32,6,3,62.98,Warranty,False
9159,209522,20240217,956,17,6,1,82.99,Damaged,False
9160,209668,20240123,1593,27,6,1,68.18,Late delivery,True
9161,209467,20240323,386,29,6,2,232.08,Changed mind,True
9162,209670,20240219,749,13,6,1,13.2,Wrong size,True
9163,209488,20240207,591,30,6,1,40.91,Changed mind,True
9164,209476,20240216,358,14,6,1,72.37,Changed mind,True
9165,209559,20240201,1686,18,6,4,341.19,Late delivery,True
9166,209615,20240211,583,13,6,1,15.66,Changed mind,True
9167,209675,20240211,669,46,6,1,226.55,Wrong size,True
9168,209676,20240111,1382,48,6,1,169.63,Wrong size,True
9169,209712,20240303,1647,87,6,1,166.68,Changed mind,True
9170,209706,20240312,858,81,6,9,2577.13,Late delivery,True
9171,209744,20240302,286,83,6,1,359.9,Damaged,False
9172,209774,20240308,1564,107,6,3,2080.73,Damaged,False
9173,209833,20240207,566,21,7,1,69.9,Late delivery,True
9174,209871,20240229,866,22,7,1,105.14,Damaged,False
9175,209801,20240306,231,20,7,3,363.72,Damaged,False
9176,209827,20240316,413,15,7,6,120.38,Late delivery,True
9177,209866,20240118,37,25,7,5,493.4,Wrong size,True
9178,209850,20240131,1377,18,7,1,95.36,Changed mind,True
9179,209935,20240208,674,37,7,1,119.53,Wrong size,True
9180,210010,20240205,292,53,7,1,205.98,Changed mind,True
9181,209924,20240220,579,53,7,1,155.1,Other,True
9182,210023,20240302,879,42,7,1,133.38,Wrong size,True
9183,209904,20240210,703,40,7,1,293.31,Wrong size,True
9184,209905,20240218,296,36,7,1,221.03,Wrong size,True
9185,209957,20240204,1058,38,7,2,430.36,Changed mind,False
9186,210011,20240227,1293,41,7,7,1640.6,Wrong size,True
9187,209937,20240313,1213,49,7,12,814.33,Late delivery,True
9188,210092,20240213,1852,67,7,1,169.09,Changed mind,True
9189,210117,20240216,1403,74,7,1,404.38,Damaged,False
9190,210050,20240204,901,63,7,1,208.19,Late delivery,True
9191,210098,20240211,1371,60,7,1,425.79,Changed mind,True
9192,210334,20240214,839,23,8,1,64.99,Wrong size,True
9193,210465,20240319,4,15,8,1,23.05,Wrong size,True
9194,210518,20240201,1427,34,8,2,107.01,Changed mind,True
9195,210340,20240203,921,20,8,1,99.55,Other,True
9196,210377,20240315,647,22,8,2,181.73,Damaged,False
9197,210346,20240225,1519,18,8,1,96.21,Changed mind,True
9198,210355,20240202,192,33,8,1,70.02,Changed mind,True
9199,210427,20240227,857,17,8,6,410.19,Late delivery,True
9200,210441,20240219,1658,17,8,2,160.45,Late delivery,True
9201,210498,20240227,960,21,8,1,88.19,Damaged,False
9202,210632,20240221,793,55,8,2,614.73,Wrong size,True
9203,210578,20240222,756,37,8,1,210.27,Changed mind,True
9204,210652,20240129,1036,55,8,1,323.47,Wrong size,True
9205,210612,20240209,1894,38,8,1,222.98,Wrong size,True
9206,210646,20240302,1407,52,8,4,263.03,Changed mind,False
9207,210602,20240130,1931,39,8,2,245.52,Wrong size,True
9208,210584,20240301,1630,45,8,6,1010.42,Changed mind,True
9209,210644,20240206,1726,41,8,3,496.55,Wrong size,True
9210,210614,20240205,1939,44,8,1,196.13,Wrong size,True
9211,210548,20240218,1939,44,8,2,376.26,Wrong size,True
9212,210576,20240224,1750,42,8,1,130.02,Wrong size,True
9213,210676,20240305,1217,64,8,4,801.82,Warranty,False
9214,210707,20240124,1537,93,8,3,542.94,Late delivery,False
9215,210706,20240228,1233,89,8,3,180.75,Changed mind,True
9216,210734,20240206,1970,99,8,2,1106.18,Changed mind,True
9217,210743,20240128,100,94,8,1,319.68,Changed mind,True
9218,210900,20240219,406,32,9,6,166.66,Changed mind,False
9219,210845,20240130,352,18,9,1,85.12,Wrong size,True
9220,210856,20240223,1227,29,9,7,960.21,Damaged,False
9221,210789,20240221,1969,17,9,1,70.14,Wrong size,True
9222,210786,20240316,119,14,9,1,91.02,Changed mind,True
9223,210795,20240129,825,34,9,2,112.5,Damaged,False
9224,210944,20240131,745,36,9,1,172.73,Other,True
9225,210930,20240201,1070,56,9,1,157.92,Wrong size,False
9226,210906,20240319,1849,55,9,1,297.35,Other,False
9227,210926,20240126,1847,45,9,1,132.84,Changed mind,True
9228,210937,20240210,5,37,9,4,472.88,Changed mind,True
9229,210969,20240303,1796,69,9,2,601.33,Late delivery,True
9230,211008,20240205,724,79,9,4,1418.8,Other,True
9231,210988,20240225,849,75,9,1,271.26,Changed mind,False
9232,211571,20240203,142,16,10,1,110.55,Changed mind,True
9233,211326,20240125,878,34,10,4,194.75,Damaged,False
9234,211410,20240316,802,27,10,1,70.21,Wrong size,True
9235,211238,20240213,470,21,10,1,87.72,Changed mind,True
9236,211361,20240313,1166,26,10,2,31.78,Wrong size,True
9237,211070,20240202,165,28,10,1,32.19,Wrong size,True
9238,211290,20240211,829,13,10,1,14.02,Late delivery,True
9239,211574,20240219,1038,34,10,1,61.15,Late delivery,True
9240,211087,20240211,97,24,10,1,34.85,Wrong size,True
9241,211179,20240206,1262,31,10,3,236.29,Late delivery,True
9242,211560,20240128,793,18,10,2,145.15,Damaged,False
9243,211220,20240209,575,24,10,2,78.81,Changed mind,True
9244,211440,20240224,55,18,10,3,100.05,Changed mind,True
9245,211117,20240227,1467,28,10,3,113.13,Wrong size,True
9246,211128,20240202,1252,28,10,1,33.45,Changed mind,True
9247,211466,20240217,1131,19,10,1,63.09,Changed mind,True
9248,211300,20240323,230,17,10,2,138.85,Wrong size,True
9249,211228,20240208,642,32,10,8,140.53,Damaged,False
9250,211078,20240227,392,24,10,1,38.93,Changed mind,True
9251,211460,20240211,1631,19,10,2,133.11,Other,True
9252,211491,20240202,122,15,10,2,40.19,Wrong size,True
9253,211448,20240217,206,32,10,4,95.54,Wrong size,True
9254,211441,20240204,452,30,10,1,52.15,Changed mind,True
9255,211065,20240214,29,19,10,1,68.24,Wrong size,True
9256,211399,20240213,1390,24,10,2,48.9,Warranty,True
9257,211095,20240229,1221,14,10,1,112.96,Changed mind,True
9258,211412,20240201,614,31,10,2,170.27,Damaged,False
9259,211288,20240217,485,30,10,1,53.93,Damaged,False
9260,211535,20240129,952,25,10,2,260.52,Wrong size,True
9261,211249,20240207,985,13,10,2,25.62,Changed mind,True
9262,211563,20240215,804,26,10,6,73.44,Changed mind,True
9263,211713,20240206,172,52,10,4,223.6,Late delivery,True
9264,211818,20240227,184,35,10,1,78.53,Late delivery,True
9265,211743,20240220,124,37,10,1,87.18,Damaged,False
9266,211717,20240211,950,47,10,1,99.94,Late delivery,False
9267,211810,20240130,1125,48,10,4,726.15,Wrong size,True
9268,211690,20240217,326,41,10,1,268.25,Changed mind,True
9269,211657,20240201,1440,45,10,2,256.85,Wrong size,True
9270,211885,20240214,1234,39,10,2,207.22,Damaged,False
9271,211711,20240125,1719,43,10,1,142.53,Wrong size,False
9272,211607,20240124,1892,50,10,1,268.39,Late delivery,True
9273,211604,20240220,298,50,10,1,170.28,Warranty,False
9274,211766,20240125,370,38,10,2,408.73,Wrong size,False
9275,211621,20240306,1130,53,10,2,344.13,Late delivery,True
9276,211652,20240224,1803,54,10,1,119.77,Wrong size,True
9277,211727,20240211,1377,50,10,1,183.76,Damaged,False
9278,211905,20240206,1805,42,10,1,171.79,Changed mind,True
9279,211857,20240207,1322,40,10,2,500.08,Wrong size,True
9280,211728,20240211,143,47,10,1,95.06,Changed mind,False
9281,211868,20240318,1497,41,10,1,181.44,Damaged,False
9282,211691,20240125,1262,52,10,2,101.41,Changed mind,True
9283,211832,20240303,1979,37,10,2,167.94,Other,False
9284,211749,20240224,489,50,10,1,182.7,Wrong size,True
9285,211821,20240129,819,41,10,2,492.67,Wrong size,True
9286,211969,20240126,1517,66,10,1,81.76,Other,True
9287,212044,20240207,730,69,10,2,763.05,Changed mind,True
9288,211934,20240309,1726,65,10,1,37.74,Wrong size,True
9289,212080,20240130,1568,79,10,3,1162.17,Damaged,False
9290,212056,20240206,1220,79,10,1,325.34,Wrong size,True
9291,212030,20240301,794,58,10,1,374.21,Other,True
9292,212072,20240229,1953,69,10,1,349.25,Warranty,False
9293,211923,20240304,1653,77,10,1,93.76,Wrong size,True
9294,212053,20240216,598,74,10,1,204.49,Warranty,True
9295,212040,20240221,1956,69,10,4,1210.92,Other,True
9296,212095,20240213,599,65,10,3,139.96,Wrong size,True
9297,212101,20240211,872,81,10,1,369.18,Changed mind,False
9298,212135,20240207,1310,89,10,1,61.16,Changed mind,True
9299,212162,20240130,1692,107,10,1,564.04,Wrong size,True
9300,212143,20240215,1657,97,10,5,2986.08,Wrong size,True
9301,212316,20240220,1689,21,11,2,154.36,Changed mind,True
9302,212443,20240126,695,27,11,1,63.01,Wrong size,True
9303,212304,20240304,553,14,11,1,70.43,Warranty,False
9304,212442,20240207,979,16,11,1,80.65,Warranty,True
9305,212382,20240213,13,18,11,1,91.56,Warranty,False
9306,212224,20240211,467,21,11,1,93.82,Damaged,False
9307,212471,20240210,1706,20,11,3,470.83,Other,True
9308,212215,20240229,373,16,11,1,104.61,Wrong size,True
9309,212351,20240128,578,28,11,4,144.94,Damaged,False
9310,212364,20240220,775,17,11,2,146.82,Changed mind,True
9311,212445,20240204,1383,20,11,1,140.45,Late delivery,True
9312,212190,20240209,1237,20,11,1,144.03,Wrong size,True
9313,212480,20240224,1534,15,11,2,38.67,Changed mind,True
9314,212291,20240124,184,30,11,1,56.91,Changed mind,True
9315,212410,20240307,827,19,11,1,49.35,Damaged,False
9316,212267,20240227,1650,31,11,2,199.91,Damaged,False
9317,212277,20240215,1470,28,11,4,111.25,Late delivery,False
9318,212394,20240131,1841,22,11,3,245.69,Late delivery,True
9319,212663,20240213,1885,43,11,1,157.47,Warranty,True
9320,212582,20240216,1122,49,11,3,236.48,Changed mind,True
9321,212652,20240217,1140,43,11,3,387.28,Damaged,False
9322,212660,20240302,1615,38,11,3,752.64,Late delivery,False
9323,212687,20240302,594,43,11,7,959.34,Wrong size,True
9324,212647,20240301,92,55,11,1,288.52,Changed mind,True
9325,212667,20240125,714,56,11,3,543.71,Damaged,False
9326,212550,20240226,1768,55,11,1,266.38,Damaged,False
9327,212693,20240204,282,54,11,4,430.1,Wrong size,True
9328,212561,20240222,814,48,11,3,594.42,Wrong size,True
9329,212768,20240212,251,57,11,1,195.79,Damaged,False
9330,212765,20240214,712,58,11,1,355.87,Late delivery,True
9331,212787,20240305,540,66,11,3,258.71,Wrong size,True
9332,212715,20240216,1969,72,11,2,551.04,Wrong size,True
9333,212746,20240214,1070,67,11,1,258.85,Late delivery,True
9334,212806,20240216,471,108,11,1,472.14,Damaged,False
9335,212830,20240306,290,5,12,1,2746.29,Wrong size,True
9336,212900,20240228,1894,18,12,3,291.49,Other,True
9337,212951,20240214,974,20,12,6,284.59,Changed mind,True
9338,212987,20240222,1400,15,12,1,16.36,Damaged,False
9339,212970,20240307,914,15,12,1,17.39,Wrong size,True
9340,213051,20240215,1825,13,12,1,10.78,Late delivery,True
9341,213015,20240225,1347,25,12,3,196.31,Changed mind,True
9342,213228,20240210,688,46,12,2,486.96,Warranty,True
9343,213206,20240223,35,54,12,3,169.29,Late delivery,True
9344,213082,20240210,1181,43,12,1,127.68,Changed mind,True
9345,213096,20240207,1414,53,12,6,1179.94,Wrong size,True
9346,213273,20240220,704,48,12,1,199.23,Changed mind,True
9347,213176,20240229,562,36,12,3,463.62,Wrong size,True
9348,213293,20240209,986,48,12,1,156.63,Wrong size,True
9349,213144,20240219,869,42,12,1,170.66,Late delivery,True
9350,213269,20240207,394,56,12,1,192.68,Wrong size,True
9351,213128,20240224,1778,37,12,1,95.66,Damaged,False
9352,213172,20240214,1893,46,12,1,250.74,Wrong size,True
9353,213125,20240212,1367,43,12,1,120.42,Damaged,False
9354,213359,20240314,1145,70,12,1,192.9,Other,True
9355,213401,20240203,1258,69,12,1,349.81,Wrong size,True
9356,213368,20240308,1172,73,12,4,951.25,Changed mind,True
9357,213449,20240117,543,82,12,4,2222.72,Warranty,False
9358,213464,20240218,1781,89,12,1,54.58,Wrong size,True
9359,213516,20240311,1621,3,1,1,2572.63,Warranty,False
9360,213672,20240315,885,31,1,2,184.87,Late delivery,True
9361,213608,20240228,1256,18,1,1,90.01,Other,False
9362,213568,20240307,1171,17,1,10,756.92,Wrong size,True
9363,213538,20240325,1546,20,1,5,637.64,Changed mind,False
9364,213594,20240304,1649,26,1,4,47.6,Changed mind,False
9365,213664,20240309,92,28,1,1,48.87,Changed mind,True
9366,213581,20240315,157,32,1,1,18.44,Wrong size,True
9367,213727,20240316,173,45,1,1,134.67,Late delivery,True
9368,213693,20240318,95,43,1,1,107.37,Wrong size,True
9369,213687,20240413,1478,39,1,2,276.34,Wrong size,True
9370,213809,20240301,1820,72,1,1,283.96,Other,False
9371,213765,20240325,748,79,1,4,1476.43,Changed mind,True
9372,213786,20240213,1571,70,1,1,168.04,Wrong size,True
9373,213762,20240302,1446,71,1,1,280.36,Changed mind,False
9374,213868,20240220,18,96,1,1,691.14,Damaged,False
9375,214069,20240309,377,22,2,3,223.67,Wrong size,True
9376,214025,20240321,776,18,2,1,87.04,Wrong size,True
9377,214338,20240222,1459,22,2,2,183.01,Changed mind,True
9378,214138,20240311,1567,15,2,2,34.93,Damaged,False
9379,214345,20240324,1654,21,2,6,572.46,Wrong size,False
9380,214229,20240320,1491,28,2,3,112.23,Changed mind,True
9381,214031,20240408,1587,22,2,1,100.13,Wrong size,True
9382,213890,20240305,751,18,2,2,167.91,Changed mind,True
9383,214307,20240330,1803,27,2,1,105.0,Late delivery,False
9384,214347,20240221,1836,14,2,1,93.14,Warranty,False
9385,213931,20240415,983,21,2,1,74.7,Late delivery,True
9386,214208,20240330,1999,30,2,1,57.35,Changed mind,True
9387,214038,20240312,162,29,2,2,285.55,Wrong size,True
9388,214128,20240314,1570,21,2,1,69.63,Changed mind,True
9389,214085,20240329,1881,25,2,2,251.81,Damaged,False
9390,213984,20240228,1459,22,2,3,276.39,Changed mind,True
9391,214446,20240402,1332,28,2,1,37.68,Changed mind,True
9392,214515,20240228,1882,28,2,1,42.31,Warranty,True
9393,214294,20240303,1370,21,2,1,75.41,Changed mind,True
9394,214061,20240323,999,30,2,4,172.15,Damaged,False
9395,213916,20240222,1402,27,2,3,274.21,Other,True
9396,213966,20240328,1316,14,2,1,74.44,Wrong size,True
9397,214080,20240224,669,21,2,1,68.58,Damaged,False
9398,214816,20240315,1993,44,2,2,594.23,Changed mind,True
9399,214790,20240320,934,52,2,2,300.27,Late delivery,True
9400,214677,20240315,593,42,2,1,108.59,Damaged,False
9401,214805,20240306,621,46,2,2,358.38,Changed mind,True
9402,214619,20240319,37,41,2,2,448.89,Wrong size,True
9403,214591,20240309,1066,45,2,11,1161.99,Damaged,False
9404,214707,20240304,1367,43,2,1,102.56,Late delivery,False
9405,214527,20240323,354,45,2,3,401.35,Wrong size,True
9406,214682,20240414,1615,40,2,1,270.08,Other,True
9407,214671,20240305,1969,44,2,2,478.94,Wrong size,True
9408,214793,20240229,472,47,2,1,98.26,Warranty,False
9409,214741,20240307,1058,47,2,2,216.08,Other,True
9410,214726,20240303,1367,43,2,1,122.45,Changed mind,True
9411,214570,20240315,1324,50,2,2,324.81,Changed mind,False
9412,214589,20240416,1479,43,2,1,122.44,Warranty,False
9413,214724,20240326,50,49,2,2,158.4,Damaged,False
9414,214578,20240325,1324,53,2,3,468.62,Wrong size,True
9415,214643,20240305,966,48,2,1,157.1,Changed mind,True
9416,214582,20240304,1975,38,2,12,2544.49,Wrong size,True
9417,214524,20240307,421,41,2,1,292.11,Changed mind,True
9418,214890,20240308,1966,68,2,1,149.99,Warranty,False
9419,214921,20240327,37,58,2,1,365.6,Changed mind,True
9420,214861,20240313,1908,75,2,2,652.36,Damaged,False
9421,214860,20240222,1604,59,2,2,412.49,Late delivery,True
9422,214950,20240223,1487,62,2,2,279.54,Changed mind,True
9423,214852,20240222,707,62,2,1,152.75,Wrong size,False
9424,214882,20240413,1525,63,2,1,165.64,Late delivery,True
9425,215042,20240314,1529,11,3,1,3472.5,Changed mind,True
9426,215159,20240323,399,13,3,1,11.4,Changed mind,True
9427,215188,20240326,115,15,3,2,38.35,Wrong size,True
9428,215403,20240317,849,21,3,7,1023.39,Changed mind,True
9429,215406,20240221,1485,29,3,1,46.75,Wrong size,True
9430,215519,20240226,1659,20,3,1,101.33,Damaged,False
9431,215407,20240405,1485,13,3,3,33.76,Damaged,False
9432,215396,20240410,362,34,3,1,50.47,Late delivery,True
9433,215376,20240222,151,18,3,4,134.0,Wrong size,True
9434,215326,20240323,1423,16,3,6,578.52,Warranty,False
9435,215500,20240321,757,24,3,1,34.27,Changed mind,True
9436,215246,20240228,1862,24,3,1,38.2,Changed mind,False
9437,215175,20240331,1299,22,3,2,182.58,Warranty,False
9438,215469,20240319,733,19,3,3,205.31,Damaged,False
9439,215483,20240320,307,18,3,5,443.97,Other,False
9440,215258,20240311,1048,22,3,1,99.42,Damaged,False
9441,215389,20240227,1423,16,3,2,193.16,Wrong size,False
9442,215352,20240322,1214,16,3,3,249.37,Changed mind,False
9443,215517,20240318,597,14,3,1,80.74,Late delivery,True
9444,215512,20240409,940,29,3,4,366.19,Changed mind,True
9445,215154,20240312,362,34,3,3,184.34,Damaged,False
9446,215616,20240321,847,31,3,3,265.18,Warranty,False
9447,215216,20240316,1320,19,3,1,74.11,Other,True
9448,215302,20240313,544,19,3,1,70.79,Late delivery,True
9449,215458,20240412,1573,33,3,8,538.44,Late delivery,True
9450,215501,20240308,202,27,3,3,190.34,Changed mind,True
9451,215239,20240319,1960,17,3,1,62.35,Changed mind,False
9452,215332,20240327,1659,19,3,1,68.02,Wrong size,True
9453,215520,20240309,1528,17,3,1,67.83,Wrong size,True
9454,215099,20240412,764,23,3,1,62.31,Changed mind,True
9455,215196,20240404,1968,20,3,1,147.22,Wrong size,True
9456,215643,20240305,557,19,3,2,111.32,Other,True
9457,215096,20240327,1219,14,3,5,365.05,Late delivery,True
9458,215479,20240321,1579,32,3,2,51.62,Warranty,False
9459,215507,20240406,1351,16,3,4,410.05,Wrong size,True
9460,215532,20240220,1919,19,3,5,340.89,Wrong size,True
9461,215524,20240302,17,30,3,2,100.61,Wrong size,True
9462,215418,20240219,398,30,3,1,51.47,Changed mind,True
9463,215588,20240327,1507,19,3,1,70.56,Changed mind,True
9464,215137,20240313,689,16,3,2,217.5,Other,True
9465,215755,20240421,681,53,3,3,542.68,Damaged,False
9466,215751,20240327,1260,48,3,1,172.31,Other,True
9467,215741,20240306,1816,50,3,1,288.71,Wrong size,True
9468,215840,20240320,1562,69,3,3,926.39,Warranty,False
9469,215806,20240312,874,79,3,4,1319.38,Changed mind,True
9470,215768,20240311,1864,68,3,1,117.93,Wrong size,True
9471,215852,20240405,458,71,3,3,1005.75,Changed mind,True
9472,215796,20240407,452,72,3,4,1220.96,Changed mind,True
9473,215826,20240224,1451,65,3,1,49.01,Damaged,False
9474,215785,20240314,706,62,3,3,458.35,Changed mind,False
9475,215994,20240325,349,102,3,2,238.7,Wrong size,True
9476,216018,20240322,47,108,3,1,608.58,Changed mind,False
9477,216290,20240324,552,30,4,2,96.66,Wrong size,True
9478,216196,20240330,1078,32,4,1,22.75,Wrong size,True
9479,216621,20240309,1005,21,4,2,178.61,Late delivery,True
9480,216151,20240313,637,23,4,1,66.88,Damaged,False
9481,216373,20240407,1482,28,4,1,38.57,Warranty,True
9482,216208,20240330,577,14,4,1,101.87,Warranty,True
9483,216125,20240222,285,16,4,7,601.47,Other,True
9484,216110,20240327,1932,31,4,1,82.2,Changed mind,True
9485,216536,20240324,1909,16,4,1,108.99,Wrong size,True
9486,216593,20240402,400,28,4,2,122.01,Late delivery,True
9487,216133,20240411,784,31,4,1,84.78,Other,True
9488,216372,20240308,308,34,4,1,57.53,Wrong size,True
9489,216418,20240320,338,24,4,3,122.32,Late delivery,True
9490,216419,20240415,580,30,4,2,108.25,Wrong size,True
9491,216589,20240306,1678,18,4,1,72.04,Other,True
9492,216447,20240406,1717,26,4,3,34.83,Warranty,False
9493,216406,20240309,448,34,4,3,146.27,Damaged,False
9494,216486,20240322,1497,34,4,7,346.38,Late delivery,False
9495,216248,20240331,1688,24,4,3,115.05,Other,True
9496,216363,20240408,1948,18,4,1,85.95,Changed mind,True
9497,216255,20240411,1724,14,4,2,157.62,Warranty,False
9498,216305,20240315,1658,24,4,5,159.57,Changed mind,True
9499,216138,20240320,1077,23,4,3,221.83,Wrong size,True
9500,216503,20240402,31,31,4,1,68.31,Changed mind,True
9501,216499,20240318,1839,18,4,3,247.39,Late delivery,False
9502,216242,20240326,744,18,4,1,100.72,Late delivery,True
9503,216650,20240315,473,18,4,2,172.15,Late delivery,True
9504,216398,20240314,431,15,4,1,17.29,Other,True
9505,216558,20240313,408,24,4,1,36.62,Other,True
9506,216245,20240315,1138,26,4,3,41.45,Late delivery,True
9507,216587,20240303,1208,20,4,5,786.05,Damaged,False
9508,216540,20240322,160,31,4,3,261.2,Other,True
9509,216270,20240312,924,30,4,1,48.56,Changed mind,True
9510,216479,20240318,47,23,4,1,62.47,Late delivery,True
9511,216450,20240330,236,24,4,3,128.9,Changed mind,True
9512,216400,20240225,1183,15,4,5,109.91,Damaged,False
9513,216124,20240220,1735,16,4,7,550.16,Late delivery,True
9514,216826,20240303,528,48,4,9,1496.71,Wrong size,True
9515,216673,20240310,967,43,4,1,136.82,Other,False
9516,216666,20240311,518,46,4,2,370.02,Wrong size,True
9517,216835,20240318,483,51,4,2,425.97,Wrong size,True
9518,216657,20240218,368,53,4,3,656.57,Changed mind,True
9519,216670,20240312,1347,53,4,2,299.77,Wrong size,False
9520,216717,20240328,1752,43,4,1,128.67,Changed mind,False
9521,216687,20240326,22,41,4,2,429.32,Wrong size,True
9522,216672,20240306,1594,40,4,2,630.18,Warranty,False
9523,216766,20240226,1458,40,4,1,313.77,Wrong size,True
9524,216864,20240322,528,48,4,3,500.39,Wrong size,True
9525,216802,20240319,1155,48,4,2,318.47,Wrong size,True
9526,216723,20240211,142,46,4,1,179.24,Changed mind,True
9527,216692,20240214,647,44,4,1,111.96,Damaged,False
9528,216870,20240326,390,40,4,2,485.93,Changed mind,True
9529,216663,20240315,840,56,4,1,167.55,Changed mind,True
9530,216721,20240225,217,47,4,2,214.01,Late delivery,True
9531,216781,20240308,541,55,4,1,332.99,Changed mind,True
9532,216820,20240315,1574,37,4,4,397.87,Changed mind,True
9533,217042,20240312,1292,64,4,2,429.76,Wrong size,True
9534,216939,20240321,1990,67,4,1,174.94,Wrong size,True
9535,217021,20240322,420,79,4,1,308.0,Other,True
9536,216948,20240223,431,79,4,1,340.26,Changed mind,True
9537,217090,20240321,405,58,4,1,305.1,Changed mind,True
9538,216875,20240307,896,57,4,2,524.76,Damaged,False
9539,217041,20240403,622,72,4,1,248.77,Other,False
9540,217196,20240323,964,91,4,1,430.42,Warranty,False
9541,217241,20240402,1707,88,4,1,138.7,Wrong size,True
9542,217242,20240310,1703,94,4,3,1290.6,Damaged,False
9543,217497,20240227,1834,24,5,1,78.91,Late delivery,True
9544,217333,20240323,1893,26,5,2,28.2,Damaged,False
9545,217306,20240315,115,20,5,2,231.09,Changed mind,False
9546,217325,20240410,1626,29,5,2,277.8,Changed mind,True
9547,217308,20240327,1797,23,5,1,14.38,Wrong size,True
9548,217556,20240307,631,14,5,1,75.47,Wrong size,True
9549,217310,20240321,1021,21,5,6,175.16,Changed mind,True
9550,217499,20240325,1724,13,5,1,12.17,Other,True
9551,217390,20240327,147,30,5,2,111.22,Other,True
9552,217301,20240317,68,20,5,1,101.68,Late delivery,True
9553,217810,20240405,96,53,5,5,961.62,Changed mind,True
9554,217641,20240409,1876,49,5,6,1204.08,Wrong size,True
9555,217717,20240407,1551,42,5,1,110.56,Other,True
9556,217822,20240321,958,55,5,1,285.27,Changed mind,True
9557,217686,20240303,81,36,5,2,385.72,Wrong size,True
9558,217731,20240402,1681,35,5,1,84.98,Late delivery,True
9559,217586,20240312,818,56,5,1,197.01,Wrong size,False
9560,217636,20240303,1116,52,5,1,56.16,Damaged,False
9561,217655,20240321,1722,43,5,1,152.98,Warranty,True
9562,217844,20240304,499,37,5,1,93.09,Changed mind,True
9563,217615,20240225,1236,37,5,1,86.94,Damaged,False
9564,217765,20240302,131,49,5,3,229.7,Changed mind,True
9565,217699,20240316,1237,38,5,1,190.2,Other,True
9566,217573,20240324,1904,35,5,4,276.55,Damaged,False
9567,217606,20240413,942,46,5,1,232.31,Late delivery,True
9568,217674,20240329,1505,39,5,1,131.23,Changed mind,True
9569,217751,20240308,1102,48,5,5,1027.32,Late delivery,True
9570,217815,20240226,39,45,5,1,133.22,Other,True
9571,217727,20240316,175,44,5,2,494.86,Changed mind,False
9572,217590,20240418,108,40,5,2,615.46,Wrong size,True
9573,217585,20240323,964,50,5,4,745.06,Changed mind,True
9574,217595,20240321,1118,39,5,1,120.97,Changed mind,True
9575,217761,20240302,420,47,5,2,390.67,Wrong size,True
9576,217712,20240314,115,54,5,2,205.41,Changed mind,True
9577,217775,20240307,153,53,5,1,150.58,Wrong size,True
9578,217829,20240328,1906,35,5,2,185.68,Wrong size,True
9579,218099,20240315,32,97,5,3,1811.98,Other,False
9580,218063,20240331,1932,104,5,1,458.41,Wrong size,False
9581,218176,20240409,1134,17,6,4,297.51,Damaged,False
9582,218121,20240227,1494,30,6,2,99.53,Changed mind,True
9583,218148,20240409,443,21,6,1,81.62,Warranty,False
9584,218161,20240302,1901,32,6,2,179.61,Changed mind,True
9585,218175,20240304,1678,33,6,2,160.68,Changed mind,True
9586,218200,20240316,1260,48,6,1,122.77,Damaged,False
9587,218258,20240412,747,38,6,1,177.87,Wrong size,True
9588,218292,20240312,745,36,6,3,522.8,Wrong size,True
9589,218394,20240325,1936,35,6,2,168.25,Changed mind,True
9590,218331,20240307,582,44,6,2,500.95,Late delivery,True
9591,218366,20240406,1383,55,6,1,328.6,Warranty,False
9592,218325,20240318,608,40,6,1,278.08,Wrong size,True
9593,218227,20240318,1840,48,6,1,208.29,Late delivery,True
9594,218390,20240312,917,55,6,4,1455.88,Wrong size,True
9595,218241,20240329,1629,37,6,3,291.83,Wrong size,True
9596,218268,20240331,1045,36,6,3,521.74,Late delivery,True
9597,218355,20240224,798,39,6,1,128.03,Warranty,True
9598,218244,20240306,1797,55,6,1,274.16,Wrong size,True
9599,218308,20240220,590,48,6,8,1023.05,Damaged,False
9600,218345,20240315,6,55,6,5,1507.68,Wrong size,False
9601,218416,20240318,277,48,6,1,152.69,Changed mind,True
9602,218231,20240308,963,48,6,4,702.81,Other,True
9603,218442,20240307,1518,86,6,1,254.84,Late delivery,True
9604,218527,20240228,1430,94,6,1,386.49,Changed mind,True
9605,218526,20240331,1799,103,6,1,650.17,Damaged,False
9606,218530,20240311,1149,98,6,3,478.4,Damaged,False
9607,218535,20240306,51,9,7,1,1227.06,Damaged,False
9608,218835,20240313,1530,19,7,1,75.96,Changed mind,False
9609,218951,20240319,1807,31,7,1,72.73,Changed mind,True
9610,218694,20240323,521,26,7,5,55.91,Damaged,False
9611,218702,20240229,1081,15,7,1,15.92,Damaged,False
9612,218803,20240309,698,26,7,3,38.73,Damaged,False
9613,218926,20240229,361,33,7,1,66.75,Other,True
9614,218629,20240328,1102,21,7,3,191.12,Damaged,False
9615,218729,20240322,714,17,7,1,32.98,Wrong size,True
9616,218562,20240407,1991,15,7,3,55.19,Other,True
9617,218715,20240327,337,22,7,1,90.2,Changed mind,True
9618,218660,20240213,1568,19,7,2,126.51,Changed mind,True
9619,218564,20240322,37,25,7,2,197.6,Other,True
9620,218859,20240320,1470,29,7,1,154.61,Damaged,False
9621,218962,20240311,1623,16,7,1,90.44,Damaged,False
9622,218907,20240326,1927,17,7,1,70.43,Wrong size,True
9623,218566,20240307,1235,19,7,1,64.04,Damaged,False
9624,218665,20240306,1707,28,7,1,39.15,Late delivery,True
9625,218855,20240314,969,27,7,16,1056.41,Late delivery,True
9626,218867,20240306,413,15,7,2,36.4,Changed mind,True
9627,218570,20240306,288,18,7,7,495.79,Warranty,True
9628,218773,20240311,1110,27,7,2,121.68,Warranty,False
9629,218686,20240302,343,16,7,2,165.07,Changed mind,True
9630,218982,20240327,1334,56,7,1,157.16,Warranty,False
9631,219027,20240319,1397,50,7,5,943.25,Other,True
9632,219019,20240305,1384,48,7,6,981.87,Late delivery,True
9633,219030,20240222,1030,42,7,2,203.76,Wrong size,True
9634,219004,20240401,1646,44,7,1,110.78,Wrong size,False
9635,219152,20240315,770,79,7,1,364.5,Changed mind,True
9636,219138,20240326,1320,63,7,1,145.44,Late delivery,True
9637,219101,20240318,1640,66,7,1,76.56,Other,True
9638,219169,20240226,51,63,7,2,376.0,Wrong size,True
9639,219198,20240316,359,78,7,6,852.43,Changed mind,True
9640,219148,20240307,1987,79,7,1,326.15,Wrong size,True
9641,219144,20240409,1054,64,7,1,151.09,Wrong size,True
9642,219163,20240310,285,65,7,1,39.54,Changed mind,True
9643,219317,20240410,1647,103,7,9,3748.61,Wrong size,True
9644,219450,20240221,405,31,8,2,170.89,Damaged,False
9645,219389,20240325,1426,32,8,4,93.38,Changed mind,True
9646,219432,20240229,1157,19,8,4,282.99,Changed mind,True
9647,219479,20240312,525,27,8,2,152.8,Warranty,False
9648,219463,20240306,195,27,8,1,71.87,Damaged,False
9649,219438,20240327,33,20,8,3,423.19,Changed mind,True
9650,219403,20240304,291,31,8,6,522.04,Other,True
9651,219369,20240322,981,25,8,10,203.36,Wrong size,True
9652,219439,20240329,184,16,8,1,84.45,Warranty,False
9653,219551,20240406,611,61,8,1,127.71,Damaged,False
9654,219540,20240318,965,59,8,9,340.0,Wrong size,True
9655,219565,20240402,1718,82,8,1,517.48,Other,True
9656,219613,20240322,1496,85,8,2,744.57,Damaged,False
9657,219688,20240401,1275,23,9,3,176.2,Warranty,False
9658,219743,20240330,1800,21,9,1,82.74,Changed mind,True
9659,219727,20240310,1161,24,9,1,35.27,Changed mind,True
9660,219763,20240312,717,14,9,2,148.7,Changed mind,True
9661,219789,20240327,571,21,9,2,198.41,Warranty,False
9662,219782,20240310,77,24,9,2,63.47,Changed mind,True
9663,219831,20240314,153,23,9,1,48.28,Late delivery,True
9664,219850,20240220,134,25,9,6,580.58,Wrong size,True
9665,219673,20240314,1081,17,9,4,318.75,Late delivery,True
9666,219679,20240404,489,16,9,2,221.1,Late delivery,True
9667,219791,20240312,748,22,9,1,84.36,Changed mind,False
9668,219817,20240320,1004,33,9,1,85.23,Wrong size,True
9669,219926,20240314,481,44,9,1,306.42,Wrong size,True
9670,219956,20240310,246,42,9,5,634.68,Changed mind,True
9671,219894,20240302,1053,56,9,1,164.44,Warranty,False
9672,219994,20240313,547,41,9,2,506.77,Late delivery,True
9673,219891,20240312,773,37,9,4,420.2,Changed mind,True
9674,219865,20240321,552,40,9,3,849.51,Damaged,False
9675,219889,20240320,819,39,9,1,111.05,Wrong size,True
9676,219955,20240312,943,52,9,2,110.33,Wrong size,True
9677,219882,20240322,1752,38,9,3,583.36,Late delivery,True
9678,219884,20240325,72,46,9,1,157.01,Wrong size,True
9679,219909,20240306,1741,45,9,1,151.92,Other,True
9680,219963,20240319,1220,38,9,2,313.87,Wrong size,True
9681,220024,20240228,1307,62,9,1,126.96,Warranty,True
9682,220027,20240401,25,60,9,3,1406.87,Late delivery,True
9683,220049,20240329,886,84,9,1,187.38,Warranty,False
9684,220094,20240329,137,88,9,2,243.0,Late delivery,True
9685,220098,20240309,103,90,9,6,2774.11,Other,True
9686,220081,20240309,426,88,9,4,522.44,Other,True
9687,220152,20240214,484,103,9,1,464.58,Warranty,False
9688,220165,20240303,1161,104,9,1,420.52,Late delivery,True
9689,220203,20240327,1825,10,10,1,1801.95,Changed mind,True
9690,220193,20240227,711,10,10,1,2001.24,Damaged,False
9691,220524,20240404,298,34,10,1,45.46,Changed mind,True
9692,220316,20240215,1270,26,10,4,46.44,Changed mind,True
9693,220344,20240329,1505,25,10,3,343.68,Wrong size,False
9694,220284,20240409,1015,28,10,8,308.14,Wrong size,False
9695,220579,20240324,1592,13,10,1,13.69,Wrong size,True
9696,220631,20240227,81,17,10,3,200.76,Changed mind,True
9697,220442,20240321,730,27,10,1,75.53,Late delivery,True
9698,220601,20240408,873,15,10,3,68.1,Wrong size,True
9699,220644,20240215,387,32,10,1,24.52,Other,True
9700,220465,20240330,1878,19,10,3,243.52,Damaged,False
9701,220361,20240311,900,19,10,1,80.62,Changed mind,False
9702,220235,20240331,1649,14,10,6,583.46,Damaged,False
9703,220704,20240218,1556,22,10,10,662.59,Late delivery,True
9704,220334,20240326,667,15,10,1,18.92,Late delivery,True
9705,220559,20240303,1082,30,10,1,54.39,Changed mind,False
9706,220491,20240409,1521,29,10,2,258.31,Wrong size,True
9707,220626,20240314,415,26,10,2,192.18,Wrong size,True
9708,220378,20240320,1240,24,10,1,37.34,Other,True
9709,220749,20240308,230,17,10,1,68.89,Late delivery,True
9710,220374,20240311,1068,29,10,1,90.99,Changed mind,True
9711,220726,20240228,914,26,10,1,14.05,Warranty,False
9712,220214,20240319,365,26,10,2,19.79,Changed mind,True
9713,220786,20240225,1862,44,10,1,243.56,Late delivery,True
9714,220775,20240320,1656,51,10,3,673.89,Wrong size,True
9715,220807,20240310,1655,48,10,1,145.8,Warranty,False
9716,220778,20240314,1556,46,10,3,576.56,Wrong size,True
9717,220763,20240307,1206,48,10,1,152.38,Wrong size,False
9718,220785,20240307,87,42,10,2,340.63,Late delivery,True
9719,220965,20240330,575,64,10,1,162.78,Changed mind,True
9720,220871,20240311,613,68,10,3,745.26,Changed mind,False
9721,220843,20240229,577,65,10,4,204.17,Damaged,False
9722,220911,20240323,595,58,10,7,2173.93,Changed mind,True
9723,220958,20240221,1745,62,10,1,145.71,Wrong size,True
9724,221008,20240301,146,103,10,5,2192.21,Other,True
9725,221060,20240320,291,1,11,1,1183.26,Other,True
9726,221350,20240317,572,27,11,1,67.29,Warranty,False
9727,221289,20240302,1286,16,11,1,112.9,Wrong size,True
9728,221074,20240210,85,30,11,6,315.91,Other,True
9729,221250,20240317,1163,28,11,4,126.06,Warranty,False
9730,221130,20240323,302,15,11,1,14.63,Other,True
9731,221136,20240413,1276,17,11,3,232.46,Other,True
9732,221133,20240322,1387,29,11,1,135.42,Warranty,False
9733,221175,20240325,1567,20,11,1,9.3,Wrong size,True
9734,221134,20240320,131,30,11,1,42.28,Late delivery,True
9735,221360,20240326,1729,31,11,1,84.04,Other,True
9736,221191,20240305,166,18,11,2,160.2,Warranty,False
9737,221102,20240409,1930,13,11,1,12.9,Changed mind,True
9738,221313,20240323,1245,21,11,1,77.02,Warranty,False
9739,221269,20240331,240,22,11,2,192.52,Damaged,False
9740,221155,20240314,516,28,11,1,34.16,Wrong size,True
9741,221227,20240229,516,28,11,1,43.69,Late delivery,True
9742,221271,20240322,1779,33,11,2,233.15,Changed mind,True
9743,221188,20240326,501,24,11,1,33.39,Damaged,False
9744,221217,20240328,327,28,11,1,36.13,Wrong size,True
9745,221374,20240326,1195,52,11,2,106.98,Late delivery,True
9746,221365,20240330,1467,45,11,2,286.43,Warranty,True
9747,221436,20240327,510,68,11,2,242.82,Wrong size,False
9748,221464,20240323,1084,77,11,1,300.13,Late delivery,True
9749,221512,20240329,445,80,11,1,157.26,Changed mind,True
9750,221492,20240328,1560,80,11,3,422.86,Warranty,False
9751,221387,20240306,27,67,11,2,340.84,Late delivery,True
9752,221534,20240314,859,92,11,1,742.42,Other,True
9753,221561,20240223,926,6,12,1,1425.3,Changed mind,True
9754,221594,20240227,43,8,12,1,1790.39,Warranty,False
9755,221787,20240312,1089,22,12,2,178.29,Changed mind,True
9756,221740,20240325,1637,28,12,2,161.88,Wrong size,True
9757,221733,20240225,1178,31,12,1,82.84,Other,True
9758,221631,20240330,687,20,12,6,854.35,Other,True
9759,221887,20240221,98,21,12,2,179.3,Changed mind,True
9760,221885,20240306,1748,31,12,1,87.55,Damaged,False
9761,221712,20240407,1328,27,12,1,70.39,Wrong size,True
9762,221920,20240319,587,25,12,5,565.88,Damaged,False
9763,221651,20240322,257,32,12,1,24.46,Late delivery,False
9764,221799,20240316,914,15,12,1,18.23,Damaged,False
9765,221648,20240328,1309,14,12,1,71.52,Damaged,False
9766,221800,20240323,80,28,12,1,24.32,Warranty,False
9767,221792,20240227,1797,24,12,1,33.13,Wrong size,True
9768,221860,20240302,777,24,12,2,70.04,Changed mind,False
9769,221938,20240407,216,14,12,1,87.41,Changed mind,True
9770,221627,20240331,1469,32,12,1,19.56,Changed mind,False
9771,221746,20240311,136,16,12,1,97.3,Changed mind,True
9772,221935,20240405,949,26,12,1,13.82,Other,True
9773,221908,20240308,257,13,12,1,11.58,Late delivery,True
9774,221804,20240301,1920,18,12,1,106.23,Changed mind,True
9775,221858,20240411,1990,27,12,3,223.54,Wrong size,True
9776,221857,20240326,1732,24,12,3,97.03,Changed mind,True
9777,222135,20240319,1357,50,12,2,345.57,Changed mind,True
9778,222030,20240323,1199,53,12,1,161.88,Late delivery,True
9779,222154,20240309,790,41,12,5,967.98,Late delivery,True
9780,222112,20240409,173,41,12,2,173.47,Wrong size,True
9781,222083,20240410,620,41,12,2,380.46,Changed mind,True
9782,222168,20240228,401,52,12,3,195.47,Other,True
9783,222127,20240319,177,37,12,1,99.12,Damaged,False
9784,222260,20240322,633,38,12,3,569.86,Other,True
9785,222132,20240323,1831,43,12,2,236.11,Other,True
9786,222189,20240310,1136,55,12,1,389.02,Changed mind,True
9787,221979,20240228,579,40,12,1,310.55,Changed mind,True
9788,221963,20240227,1717,37,12,1,106.51,Changed mind,False
9789,221945,20240308,464,52,12,2,134.14,Wrong size,True
9790,221988,20240310,1129,44,12,1,81.11,Changed mind,True
9791,222180,20240301,1831,52,12,3,214.36,Damaged,False
9792,221966,20240225,1400,50,12,3,476.39,Warranty,False
9793,222251,20240217,222,50,12,3,414.92,Changed mind,True
9794,222161,20240329,774,53,12,2,330.53,Warranty,False
9795,222231,20240322,1276,45,12,1,148.37,Changed mind,False
9796,222069,20240220,396,52,12,1,55.85,Wrong size,True
9797,222005,20240214,1204,56,12,1,194.32,Wrong size,False
9798,222157,20240322,1401,46,12,1,182.69,Wrong size,True
9799,222247,20240401,1950,46,12,5,825.84,Other,False
9800,222065,20240319,1262,50,12,2,321.84,Wrong size,True
9801,222221,20240316,82,45,12,1,148.53,Damaged,False
9802,222119,20240309,1439,47,12,3,341.11,Late delivery,True
9803,222355,20240313,688,57,12,2,478.19,Changed mind,True
9804,222375,20240303,1505,73,12,1,271.29,Changed mind,False
9805,222298,20240325,1731,57,12,4,1011.44,Wrong size,True
9806,222270,20240317,1245,76,12,3,529.49,Other,True
9807,222272,20240403,1636,63,12,2,283.44,Wrong size,True
9808,222342,20240304,1047,57,12,4,1449.51,Other,True
9809,222334,20240413,1337,77,12,2,158.54,Damaged,False
9810,222299,20240408,754,68,12,4,511.52,Warranty,True
9811,222449,20240310,1340,85,12,2,704.25,Wrong size,True
9812,222482,20240306,1405,104,12,2,1113.45,Wrong size,True
9813,222620,20240415,1969,29,1,3,424.8,Wrong size,True
9814,222637,20240423,1149,34,1,2,66.41,Warranty,True
9815,222613,20240428,611,34,1,2,109.06,Late delivery,False
9816,222531,20240330,333,21,1,4,367.29,Warranty,False
9817,222592,20240427,1904,22,1,5,497.18,Changed mind,True
9818,222501,20240429,83,32,1,2,43.61,Wrong size,True
9819,222624,20240323,1978,29,1,4,544.82,Late delivery,True
9820,222633,20240504,369,28,1,2,82.34,Wrong size,True
9821,222717,20240401,1092,79,1,2,634.35,Late delivery,True
9822,222731,20240411,1370,91,1,1,540.82,Warranty,False
9823,222785,20240322,1447,108,1,2,1278.89,Damaged,False
9824,222780,20240421,1585,99,1,1,595.62,Late delivery,True
9825,222988,20240422,1024,28,2,2,68.89,Damaged,False
9826,222949,20240330,17,30,2,2,69.35,Changed mind,True
9827,222961,20240402,1535,22,2,1,101.62,Wrong size,False
9828,222882,20240427,221,27,2,3,182.48,Wrong size,True
9829,222942,20240420,557,31,2,1,77.72,Warranty,True
9830,222841,20240411,500,15,2,2,30.23,Wrong size,True
9831,222913,20240415,977,17,2,1,72.98,Changed mind,True
9832,222987,20240412,1051,32,2,1,19.46,Late delivery,True
9833,223018,20240502,318,18,2,1,65.0,Other,True
9834,223182,20240420,213,42,2,1,95.62,Damaged,False
9835,223157,20240401,292,50,2,1,201.93,Late delivery,True
9836,223196,20240328,217,47,2,2,290.26,Late delivery,True
9837,223052,20240410,1215,45,2,5,711.31,Wrong size,True
9838,223085,20240416,6,35,2,2,148.01,Wrong size,True
9839,223078,20240408,153,45,2,1,157.68,Damaged,False
9840,223183,20240417,1418,46,2,2,392.85,Changed mind,True
9841,223102,20240430,152,47,2,4,422.59,Warranty,False
9842,223151,20240424,313,46,2,1,246.33,Damaged,False
9843,223106,20240505,498,45,2,1,148.69,Wrong size,True
9844,223070,20240423,206,46,2,1,224.5,Wrong size,True
9845,223076,20240504,484,43,2,1,118.41,Wrong size,True
9846,223230,20240324,1692,62,2,1,234.03,Warranty,False
9847,223208,20240415,1805,80,2,1,156.88,Late delivery,True
9848,223384,20240405,16,11,3,1,2638.45,Damaged,False
9849,223797,20240420,411,22,3,2,188.19,Damaged,False
9850,223416,20240502,1862,28,3,1,37.24,Warranty,True
9851,223712,20240505,113,24,3,1,32.24,Warranty,False
9852,223485,20240418,28,26,3,1,100.07,Wrong size,True
9853,223403,20240514,587,23,3,1,60.13,Wrong size,True
9854,223540,20240409,1625,27,3,1,69.95,Other,True
9855,223448,20240401,1730,31,3,1,76.46,Late delivery,True
9856,223420,20240403,1682,33,3,1,80.81,Damaged,False
9857,223871,20240410,273,31,3,1,81.75,Other,False
9858,223759,20240426,1217,24,3,1,44.74,Late delivery,True
9859,223468,20240404,1660,21,3,1,61.74,Changed mind,True
9860,223700,20240410,1811,31,3,2,152.58,Other,True
9861,223512,20240328,556,22,3,1,88.87,Changed mind,True
9862,223462,20240404,1418,33,3,1,71.27,Wrong size,True
9863,223687,20240420,1664,20,3,1,103.83,Damaged,False
9864,223582,20240503,1807,20,3,2,276.9,Warranty,False
9865,223449,20240428,1864,14,3,1,83.03,Damaged,False
9866,223790,20240411,782,14,3,1,119.63,Other,False
9867,223967,20240415,153,42,3,1,133.36,Changed mind,True
9868,223887,20240411,680,51,3,2,443.03,Wrong size,True
9869,223904,20240510,259,56,3,1,172.06,Damaged,False
9870,223920,20240413,1141,46,3,2,317.59,Wrong size,True
9871,223935,20240416,847,56,3,2,306.85,Wrong size,True
9872,223952,20240416,1535,45,3,1,151.07,Late delivery,True
9873,224029,20240325,824,49,3,1,70.03,Wrong size,True
9874,223926,20240502,754,44,3,1,304.46,Wrong size,True
9875,223930,20240406,1217,46,3,1,237.66,Damaged,False
9876,224010,20240330,1241,45,3,1,163.37,Wrong size,True
9877,223937,20240502,1534,48,3,4,512.92,Changed mind,True
9878,224020,20240515,700,53,3,2,335.6,Wrong size,True
9879,224030,20240324,304,48,3,1,179.35,Changed mind,True
9880,223921,20240407,1869,37,3,1,91.12,Wrong size,False
9881,223958,20240417,1388,38,3,2,478.46,Wrong size,True
9882,224011,20240407,1814,36,3,1,151.92,Other,True
9883,224068,20240406,1573,58,3,1,306.29,Warranty,False
9884,224120,20240406,112,89,3,3,135.47,Wrong size,True
9885,224161,20240331,1165,85,3,1,554.98,Damaged,False
9886,224101,20240314,13,87,3,1,144.09,Other,True
9887,224139,20240414,831,86,3,1,209.46,Damaged,False
9888,224330,20240506,1500,27,4,13,685.02,Changed mind,True
9889,224348,20240423,1577,26,4,4,53.42,Late delivery,True
9890,224309,20240415,728,28,4,1,39.33,Wrong size,True
9891,224403,20240404,1556,34,4,4,187.08,Wrong size,True
9892,224299,20240408,1689,20,4,2,232.11,Changed mind,True
9893,224341,20240412,160,19,4,1,59.6,Damaged,False
9894,224293,20240420,405,28,4,2,67.94,Changed mind,True
9895,224420,20240422,925,14,4,1,75.91,Warranty,True
9896,224298,20240410,1153,17,4,2,148.55,Late delivery,True
9897,224415,20240318,1908,17,4,1,78.23,Damaged,False
9898,224245,20240504,298,29,4,2,288.48,Changed mind,True
9899,224372,20240402,1556,34,4,1,49.78,Late delivery,True
9900,224305,20240503,414,22,4,2,233.86,Damaged,False
9901,224443,20240419,1665,25,4,4,384.66,Other,True
9902,224379,20240512,197,29,4,3,351.79,Warranty,False
9903,224316,20240418,324,13,4,1,11.98,Damaged,False
9904,224252,20240502,1744,25,4,2,178.5,Changed mind,False
9905,224396,20240404,1271,23,4,4,249.22,Changed mind,False
9906,224418,20240323,1921,34,4,2,97.2,Changed mind,True
9907,224238,20240330,1921,19,4,1,55.07,Wrong size,True
9908,224295,20240405,1773,22,4,1,108.43,Changed mind,True
9909,224505,20240416,443,40,4,2,422.54,Wrong size,True
9910,224525,20240421,1166,42,4,2,275.33,Wrong size,True
9911,224490,20240326,668,41,4,3,187.74,Warranty,True
9912,224501,20240513,1703,45,4,3,522.05,Late delivery,True
9913,224517,20240323,1360,36,4,1,147.69,Wrong size,True
9914,224529,20240413,1079,36,4,1,181.89,Wrong size,True
9915,224582,20240423,1322,74,4,2,400.29,Late delivery,False
9916,224852,20240416,1357,17,5,1,69.58,Late delivery,False
9917,224730,20240421,200,34,5,4,231.41,Damaged,False
9918,224841,20240319,1851,25,5,2,222.19,Warranty,True
9919,224767,20240426,1905,31,5,1,21.26,Wrong size,True
9920,224671,20240328,1706,30,5,1,54.38,Late delivery,True
9921,224713,20240416,1349,17,5,1,89.46,Changed mind,True
9922,224697,20240502,987,17,5,2,128.24,Changed mind,True
9923,224877,20240322,1156,29,5,1,108.48,Wrong size,True
9924,224674,20240404,989,19,5,1,66.7,Changed mind,True
9925,224788,20240507,1102,32,5,1,25.82,Late delivery,True
9926,225079,20240427,1412,56,5,8,1311.06,Late delivery,True
9927,225009,20240428,144,55,5,1,327.65,Warranty,False
9928,224956,20240412,1236,54,5,12,1258.42,Changed mind,True
9929,224945,20240505,306,48,5,1,196.96,Wrong size,True
9930,224986,20240507,1439,41,5,2,469.28,Wrong size,True
9931,224994,20240331,1486,56,5,4,736.43,Wrong size,True
9932,224886,20240516,1205,50,5,1,208.61,Wrong size,True
9933,224913,20240405,1146,50,5,3,547.07,Wrong size,True
9934,225084,20240411,1844,50,5,2,332.46,Damaged,False
9935,225035,20240416,1323,36,5,2,393.65,Changed mind,True
9936,224982,20240414,311,41,5,3,467.2,Wrong size,True
9937,225097,20240426,1623,55,5,1,322.33,Wrong size,False
9938,225005,20240410,1878,43,5,1,142.09,Wrong size,True
9939,224917,20240330,1500,44,5,1,256.39,Damaged,False
9940,225038,20240404,863,47,5,2,191.51,Changed mind,True
9941,225031,20240402,1835,39,5,1,94.91,Wrong size,True
9942,224960,20240514,647,52,5,1,159.34,Wrong size,True
9943,225103,20240426,24,71,5,1,351.17,Changed mind,False
9944,225228,20240410,147,102,5,1,558.74,Changed mind,True
9945,225225,20240419,631,94,5,1,368.19,Changed mind,True
9946,225256,20240329,537,11,6,2,8600.85,Warranty,False
9947,225308,20240428,1161,23,6,1,55.22,Late delivery,True
9948,225299,20240326,749,25,6,2,216.63,Changed mind,False
9949,225305,20240511,119,19,6,1,74.34,Warranty,False
9950,225291,20240412,1197,14,6,1,99.26,Late delivery,True
9951,225408,20240402,81,28,6,2,86.11,Late delivery,True
9952,225404,20240417,1876,34,6,5,230.42,Wrong size,True
9953,225392,20240503,814,30,6,5,262.82,Wrong size,True
9954,225341,20240325,1074,20,6,9,1078.78,Other,True
9955,225276,20240402,1157,14,6,2,144.6,Warranty,True
9956,225467,20240413,297,35,6,2,185.4,Wrong size,True
9957,225426,20240424,1153,42,6,3,391.63,Damaged,False
9958,225510,20240327,1575,51,6,1,231.32,Changed mind,True
9959,225518,20240429,653,51,6,2,357.35,Wrong size,True
9960,225489,20240410,799,46,6,1,204.54,Late delivery,True
9961,225662,20240514,1346,105,6,1,550.44,Changed mind,True
9962,225972,20240430,1285,20,7,3,349.41,Damaged,False
9963,225986,20240416,969,27,7,4,272.34,Late delivery,True
9964,226057,20240326,76,31,7,1,83.52,Other,True
9965,225765,20240325,630,21,7,1,70.23,Changed mind,True
9966,225791,20240401,52,21,7,1,82.39,Damaged,False
9967,225991,20240328,1308,14,7,1,114.38,Wrong size,True
9968,225886,20240410,1878,27,7,1,74.82,Warranty,False
9969,225790,20240420,159,19,7,4,331.98,Warranty,True
9970,225849,20240430,1825,29,7,2,218.77,Damaged,False
9971,226005,20240417,1318,15,7,1,20.23,Damaged,False
9972,225840,20240404,142,26,7,1,13.07,Changed mind,False
9973,226046,20240507,1022,29,7,1,95.89,Changed mind,True
9974,225845,20240406,637,24,7,2,73.27,Other,True
9975,225871,20240410,656,16,7,1,14.21,Changed mind,True
9976,225902,20240421,164,30,7,5,286.25,Wrong size,True
9977,225753,20240510,614,29,7,3,430.69,Damaged,False
9978,225835,20240511,604,15,7,5,94.66,Changed mind,True
9979,225903,20240427,1089,28,7,2,66.64,Warranty,False
9980,225866,20240403,1014,16,7,4,424.69,Wrong size,True
9981,225707,20240419,1340,28,7,6,234.19,Warranty,False
9982,225920,20240316,1210,20,7,1,22.7,Warranty,False
9983,225734,20240508,188,17,7,1,80.92,Other,True
9984,225756,20240402,1026,15,7,1,21.46,Damaged,False
9985,226120,20240507,1334,47,7,1,79.46,Changed mind,True
9986,226175,20240503,1271,71,7,2,416.03,Wrong size,True
9987,226176,20240403,1348,65,7,1,41.11,Changed mind,True
9988,226271,20240406,487,4,8,1,3144.76,Damaged,False
9989,226283,20240430,1840,24,8,4,129.13,Changed mind,True
9990,226284,20240426,69,24,8,1,31.22,Changed mind,True
9991,226292,20240428,506,29,8,2,166.67,Warranty,True
9992,226305,20240424,698,40,8,1,253.1,Wrong size,False
9993,226303,20240425,1736,51,8,1,197.0,Warranty,False
9994,226306,20240506,1337,42,8,2,263.12,Damaged,False
9995,226307,20240413,1484,50,8,2,353.05,Late delivery,True
9996,226337,20240428,352,91,8,1,449.69,Changed mind,True
9997,226325,20240412,1057,93,8,1,222.64,Changed mind,True
9998,226410,20240409,153,24,9,2,72.08,Changed mind,True
9999,226430,20240416,493,21,9,1,84.72,Changed mind,True
10000,226438,20240408,426,17,9,1,68.28,Changed mind,True
10001,226496,20240521,1862,51,9,2,486.27,Late delivery,True
10002,226518,20240405,601,44,9,2,440.13,Late delivery,True
10003,226461,20240414,1127,36,9,1,205.57,Wrong size,True
10004,226456,20240416,829,46,9,1,201.12,Changed mind,True
10005,226550,20240331,1061,38,9,2,446.68,Other,True
10006,226552,20240402,1512,55,9,1,236.08,Wrong size,True
10007,226504,20240413,1423,48,9,1,159.03,Wrong size,True
10008,226605,20240327,1254,70,9,1,158.71,Damaged,False
10009,226633,20240509,406,67,9,1,163.42,Changed mind,False
10010,226623,20240418,1254,63,9,2,308.79,Late delivery,False
10011,226674,20240427,43,105,9,1,486.1,Other,True
10012,226713,20240505,165,28,10,2,72.46,Wrong size,True
10013,226786,20240505,1623,32,10,2,49.79,Late delivery,True
10014,226916,20240409,1631,19,10,1,87.9,Changed mind,True
10015,226782,20240425,399,31,10,1,74.52,Changed mind,True
10016,226838,20240318,955,26,10,2,27.59,Changed mind,True
10017,226948,20240320,1823,22,10,1,113.56,Changed mind,True
10018,226860,20240421,98,17,10,2,148.98,Changed mind,True
10019,226719,20240420,1676,21,10,1,64.41,Warranty,False
10020,226929,20240408,1754,24,10,2,74.18,Wrong size,True
10021,226871,20240508,593,14,10,1,102.19,Wrong size,True
10022,226793,20240321,1856,29,10,1,129.26,Changed mind,True
10023,226739,20240407,1462,34,10,1,59.09,Warranty,False
10024,226858,20240410,1777,22,10,1,89.01,Warranty,False
10025,226915,20240413,985,21,10,2,137.25,Damaged,False
10026,226745,20240426,1856,29,10,2,280.6,Warranty,False
10027,226891,20240406,507,26,10,1,11.6,Other,True
10028,226803,20240327,244,23,10,1,53.51,Warranty,False
10029,226932,20240420,1570,26,10,1,12.4,Wrong size,True
10030,226804,20240430,1390,24,10,8,217.12,Warranty,False
10031,226897,20240511,1384,16,10,4,411.43,Other,True
10032,226700,20240405,1608,19,10,1,70.82,Late delivery,False
10033,226733,20240501,520,15,10,2,34.49,Late delivery,True
10034,226930,20240406,1889,28,10,1,39.24,Wrong size,True
10035,226870,20240505,1411,16,10,8,892.63,Late delivery,False
10036,226815,20240409,1093,21,10,1,72.93,Damaged,False
10037,227067,20240407,1124,43,10,1,133.72,Wrong size,True
10038,227002,20240502,974,41,10,1,250.96,Warranty,False
10039,226988,20240501,1229,51,10,1,214.81,Late delivery,True
10040,227001,20240414,1178,56,10,1,143.13,Wrong size,True
10041,227042,20240406,1006,52,10,1,69.83,Damaged,False
10042,226989,20240405,207,48,10,3,494.21,Other,True
10043,227047,20240517,528,48,10,2,345.49,Warranty,False
10044,227131,20240517,913,58,10,1,342.99,Other,True
10045,227214,20240421,1446,85,10,2,827.97,Late delivery,True
10046,227137,20240430,944,90,10,3,1824.41,Wrong size,True
10047,227303,20240425,1798,24,11,1,32.24,Damaged,False
10048,227268,20240418,1640,24,11,2,83.96,Damaged,False
10049,227365,20240506,184,30,11,1,44.03,Late delivery,False
10050,227260,20240415,1767,27,11,2,118.37,Wrong size,False
10051,227543,20240506,1798,24,11,1,38.23,Late delivery,True
10052,227436,20240324,1117,13,11,1,10.85,Warranty,False
10053,227393,20240322,122,21,11,1,113.09,Changed mind,True
10054,227594,20240331,1245,24,11,2,108.0,Wrong size,True
10055,227433,20240406,343,17,11,1,35.29,Wrong size,True
10056,227307,20240507,1706,14,11,2,173.9,Wrong size,False
10057,227557,20240423,1383,20,11,1,133.93,Changed mind,True
10058,227476,20240501,1957,15,11,1,20.74,Wrong size,True
10059,227339,20240410,252,25,11,2,200.97,Late delivery,True
10060,227444,20240318,1661,30,11,1,48.43,Warranty,False
10061,227564,20240421,1171,26,11,1,13.89,Wrong size,True
10062,227292,20240505,775,17,11,2,141.02,Wrong size,True
10063,227602,20240427,1771,41,11,3,783.07,Wrong size,True
10064,227630,20240324,431,77,11,11,896.93,Changed mind,True
10065,227651,20240414,454,69,11,2,651.57,Changed mind,True
10066,227609,20240429,1692,57,11,2,582.82,Changed mind,False
10067,227680,20240407,761,74,11,1,176.01,Warranty,False
10068,227656,20240323,272,79,11,2,855.14,Wrong size,True
10069,227617,20240505,1598,78,11,2,312.22,Wrong size,True
10070,227724,20240411,859,82,11,2,1230.71,Warranty,False
10071,227728,20240420,1171,84,11,2,339.86,Changed mind,True
10072,227792,20240422,1797,28,12,1,40.92,Wrong size,True
10073,227885,20240324,43,34,12,1,50.9,Warranty,True
10074,228111,20240317,194,15,12,1,23.14,Other,True
10075,227900,20240414,1172,33,12,6,369.71,Changed mind,True
10076,228113,20240512,523,14,12,3,301.09,Damaged,False
10077,227825,20240330,1110,24,12,1,39.7,Changed mind,True
10078,227984,20240408,422,17,12,3,177.95,Warranty,True
10079,227822,20240328,717,33,12,1,67.65,Warranty,False
10080,227928,20240506,1051,30,12,1,50.96,Changed mind,True
10081,227809,20240316,237,19,12,1,69.93,Damaged,False
10082,227869,20240427,707,27,12,2,118.45,Changed mind,False
10083,227918,20240514,1796,25,12,1,120.57,Changed mind,False
10084,228142,20240401,874,26,12,1,69.99,Warranty,False
10085,228154,20240330,1557,22,12,3,266.99,Warranty,False
10086,228106,20240507,329,22,12,2,175.19,Other,True
10087,228040,20240317,728,20,12,1,113.66,Damaged,False
10088,227855,20240421,870,30,12,1,51.51,Other,True
10089,228026,20240412,234,14,12,1,101.61,Changed mind,True
10090,228064,20240402,383,14,12,1,76.93,Changed mind,True
10091,227860,20240401,1215,22,12,8,580.86,Changed mind,True
10092,227906,20240418,1413,22,12,1,97.99,Warranty,True
10093,228206,20240508,448,71,12,3,930.82,Other,True
10094,228204,20240417,1730,67,12,1,268.11,Other,False
10095,228194,20240414,936,61,12,1,318.09,Wrong size,True
10096,228196,20240330,1407,61,12,2,563.89,Late delivery,True
10097,228352,20240427,845,21,1,1,79.78,Changed mind,True
10098,228479,20240521,750,17,1,1,90.75,Wrong size,True
10099,228549,20240513,296,19,1,2,155.61,Changed mind,False
10100,228407,20240426,1014,25,1,3,332.83,Changed mind,True
10101,228400,20240522,506,27,1,3,149.98,Changed mind,True
10102,228389,20240524,513,25,1,5,542.35,Wrong size,True
10103,228575,20240521,885,30,1,2,131.55,Changed mind,True
10104,228507,20240510,671,33,1,1,69.39,Changed mind,True
10105,228491,20240609,1602,27,1,1,73.21,Late delivery,True
10106,228348,20240531,1114,26,1,2,20.63,Late delivery,True
10107,228346,20240517,1198,24,1,2,73.31,Changed mind,True
10108,228576,20240509,1081,25,1,1,76.58,Other,True
10109,228493,20240506,1371,30,1,2,102.35,Other,True
10110,228426,20240521,1734,31,1,8,699.51,Warranty,True
10111,228524,20240601,1238,22,1,2,208.29,Warranty,True
10112,228339,20240508,1522,26,1,4,48.34,Changed mind,True
10113,228613,20240522,1116,42,1,3,329.78,Damaged,False
10114,228636,20240507,1484,37,1,1,95.73,Wrong size,True
10115,228626,20240613,228,36,1,1,163.43,Other,False
10116,228775,20240508,170,24,2,1,28.48,Late delivery,True
10117,229157,20240503,140,21,2,1,87.92,Other,True
10118,229051,20240509,1197,31,2,1,83.98,Other,True
10119,228845,20240516,1421,26,2,2,30.36,Wrong size,False
10120,229116,20240607,1440,25,2,3,276.37,Late delivery,True
10121,228855,20240516,1369,30,2,1,41.1,Changed mind,False
10122,229048,20240529,1784,20,2,2,284.17,Other,True
10123,229087,20240529,1819,14,2,2,198.98,Late delivery,True
10124,229144,20240521,767,19,2,1,20.84,Damaged,False
10125,229173,20240425,258,28,2,1,29.41,Changed mind,True
10126,229103,20240426,50,18,2,1,95.3,Wrong size,True
10127,228905,20240525,1315,15,2,6,100.15,Damaged,False
10128,229019,20240502,1197,14,2,2,212.6,Other,True
10129,228819,20240507,456,15,2,1,88.6,Damaged,False
10130,228752,20240604,941,15,2,1,16.08,Wrong size,True
10131,229148,20240510,1412,21,2,5,312.75,Changed mind,True
10132,229129,20240619,1076,26,2,1,10.65,Late delivery,True
10133,228767,20240523,1775,13,2,1,9.62,Wrong size,True
10134,228786,20240510,1092,23,2,1,52.53,Changed mind,True
10135,229194,20240616,284,23,2,2,175.7,Warranty,False
10136,229011,20240514,1144,13,2,2,25.68,Damaged,False
10137,228785,20240526,1164,18,2,2,188.53,Damaged,False
10138,228987,20240511,1328,30,2,4,197.28,Damaged,False
10139,228931,20240522,231,31,2,3,291.56,Wrong size,True
10140,229014,20240531,475,31,2,2,145.27,Late delivery,True
10141,228941,20240625,127,26,2,1,13.19,Changed mind,True
10142,228876,20240529,479,33,2,2,127.16,Damaged,False
10143,228822,20240604,1094,34,2,2,102.26,Damaged,False
10144,229162,20240529,926,28,2,1,34.51,Late delivery,True
10145,229121,20240513,341,20,2,2,265.4,Warranty,False
10146,229025,20240506,904,26,2,2,49.19,Other,True
10147,228831,20240511,1044,30,2,2,105.16,Wrong size,False
10148,229237,20240524,1927,40,2,3,875.62,Wrong size,True
10149,229249,20240614,1050,42,2,2,221.74,Damaged,False
10150,229247,20240521,1130,45,2,2,264.14,Damaged,False
10151,229206,20240430,845,39,2,7,581.9,Changed mind,True
10152,229299,20240522,1126,79,2,1,166.82,Wrong size,True
10153,229306,20240509,1388,64,2,3,432.31,Other,True
10154,229418,20240527,1524,65,2,3,113.48,Late delivery,False
10155,229449,20240526,1157,67,2,2,332.78,Other,True
10156,229324,20240513,1434,69,2,1,300.82,Wrong size,True
10157,229444,20240514,592,67,2,5,788.7,Changed mind,True
10158,229367,20240508,874,63,2,1,249.75,Wrong size,True
10159,229384,20240527,1722,66,2,1,100.66,Changed mind,True
10160,229432,20240611,1566,74,2,1,53.97,Wrong size,True
10161,229489,20240528,1021,86,2,1,333.74,Warranty,False
10162,229473,20240430,800,88,2,1,129.51,Other,True
10163,229660,20240606,1122,24,3,1,33.47,Late delivery,True
10164,229970,20240516,1027,22,3,1,101.84,Damaged,False
10165,229700,20240506,407,22,3,4,355.8,Late delivery,True
10166,229741,20240514,326,22,3,2,210.88,Changed mind,True
10167,229972,20240516,137,20,3,1,103.69,Late delivery,True
10168,229844,20240428,1683,29,3,9,1311.39,Warranty,False
10169,230022,20240530,1312,32,3,2,53.63,Late delivery,True
10170,229644,20240514,1298,33,3,8,528.18,Warranty,True
10171,229699,20240430,1414,33,3,1,36.51,Wrong size,True
10172,229901,20240528,1584,29,3,2,180.46,Late delivery,True
10173,229671,20240426,209,19,3,1,64.33,Wrong size,True
10174,229628,20240506,1683,20,3,3,335.93,Late delivery,True
10175,229796,20240517,1121,25,3,1,86.96,Wrong size,True
10176,229830,20240523,60,30,3,1,45.72,Damaged,False
10177,229606,20240601,1291,18,3,1,102.19,Wrong size,True
10178,229682,20240608,1487,28,3,3,171.17,Changed mind,True
10179,229843,20240517,118,19,3,3,185.41,Warranty,False
10180,229757,20240419,1352,33,3,1,61.76,Changed mind,True
10181,229808,20240618,60,30,3,1,70.23,Other,True
10182,229697,20240516,966,29,3,1,100.87,Wrong size,True
10183,229744,20240430,113,24,3,1,29.81,Wrong size,True
10184,229803,20240503,519,21,3,1,87.76,Wrong size,True
10185,230203,20240518,1791,42,3,1,134.54,Other,True
10186,230104,20240528,1016,44,3,1,208.04,Damaged,False
10187,230135,20240514,1004,42,3,1,118.55,Damaged,False
10188,230198,20240427,1999,56,3,1,156.38,Damaged,False
10189,230184,20240509,475,55,3,1,214.0,Wrong size,True
10190,230154,20240515,655,41,3,4,1086.71,Changed mind,True
10191,230192,20240514,896,37,3,1,97.14,Wrong size,True
10192,230165,20240423,551,48,3,4,575.22,Changed mind,True
10193,230100,20240521,1536,43,3,9,1256.5,Wrong size,True
10194,230159,20240427,698,39,3,2,458.98,Wrong size,True
10195,230189,20240602,726,38,3,1,210.66,Wrong size,True
10196,230200,20240521,1973,36,3,2,294.69,Warranty,False
10197,230061,20240524,1289,53,3,1,134.93,Wrong size,True
10198,230106,20240521,1379,48,3,1,131.23,Wrong size,True
10199,230206,20240608,1720,70,3,2,325.9,Wrong size,True
10200,230244,20240429,450,71,3,4,1219.34,Wrong size,True
10201,230210,20240526,629,73,3,2,552.03,Warranty,False
10202,230239,20240522,925,67,3,2,108.57,Late delivery,True
10203,230275,20240428,228,87,3,1,447.27,Late delivery,True
10204,230401,20240519,637,27,4,2,142.82,Wrong size,True
10205,230590,20240516,1984,16,4,1,103.72,Changed mind,True
10206,230453,20240519,1668,32,4,1,24.59,Late delivery,True
10207,230603,20240510,730,22,4,1,99.43,Late delivery,True
10208,230524,20240524,1486,15,4,9,171.85,Changed mind,False
10209,230454,20240525,854,22,4,1,104.84,Wrong size,True
10210,230552,20240424,1150,26,4,1,13.83,Wrong size,True
10211,230434,20240605,1881,21,4,3,249.32,Wrong size,True
10212,230505,20240512,880,19,4,2,126.87,Wrong size,True
10213,230565,20240516,1908,17,4,1,66.96,Late delivery,True
10214,230385,20240512,1077,23,4,1,63.83,Wrong size,True
10215,230499,20240424,681,26,4,4,52.43,Wrong size,False
10216,230514,20240511,1856,24,4,12,389.84,Other,True
10217,230635,20240527,1638,52,4,4,236.76,Damaged,False
10218,230655,20240517,1082,79,4,1,395.05,Damaged,False
10219,230673,20240430,1039,82,4,1,675.86,Damaged,False
10220,231049,20240501,1115,21,5,1,70.92,Wrong size,True
10221,230869,20240527,989,19,5,1,69.4,Changed mind,True
10222,230905,20240426,1258,15,5,1,57.54,Warranty,False
10223,230797,20240517,1011,29,5,8,922.8,Late delivery,True
10224,230980,20240514,205,21,5,5,394.57,Damaged,False
10225,230837,20240526,42,17,5,4,323.64,Changed mind,True
10226,231125,20240416,1311,24,5,1,37.83,Warranty,False
10227,230982,20240502,935,33,5,1,73.77,Wrong size,True
10228,230737,20240615,1016,25,5,1,108.15,Late delivery,False
10229,230783,20240429,449,33,5,1,65.58,Damaged,False
10230,230762,20240515,1758,31,5,2,161.68,Warranty,True
10231,230863,20240508,1970,26,5,2,26.11,Damaged,False
10232,231096,20240524,757,22,5,1,111.21,Warranty,False
10233,230723,20240508,1936,13,5,1,12.69,Changed mind,True
10234,230835,20240615,687,33,5,2,151.91,Wrong size,True
10235,230921,20240518,1264,13,5,1,15.31,Changed mind,True
10236,230902,20240609,179,32,5,1,23.7,Warranty,True
10237,230904,20240610,1014,20,5,2,346.35,Changed mind,True
10238,231020,20240518,897,32,5,1,25.57,Changed mind,False
10239,230847,20240418,1042,32,5,10,228.41,Damaged,False
10240,230956,20240508,4,34,5,1,53.96,Changed mind,True
10241,231306,20240429,971,65,5,5,204.92,Damaged,False
10242,231262,20240520,781,66,5,2,191.15,Other,True
10243,231274,20240615,989,66,5,5,473.39,Changed mind,True
10244,231244,20240418,1563,79,5,1,344.15,Damaged,False
10245,231335,20240507,1047,71,5,1,314.36,Changed mind,True
10246,231311,20240518,1507,76,5,1,44.49,Changed mind,True
10247,231345,20240409,66,59,5,1,55.1,Damaged,False
10248,231252,20240603,1359,58,5,3,898.57,Late delivery,True
10249,231378,20240429,949,88,5,1,126.51,Wrong size,True
10250,231440,20240610,877,6,6,1,1369.44,Wrong size,True
10251,231595,20240424,568,27,6,1,90.21,Wrong size,True
10252,231504,20240510,9,24,6,1,39.99,Warranty,False
10253,231548,20240515,1292,29,6,1,149.65,Warranty,False
10254,231455,20240525,1842,23,6,1,59.71,Damaged,False
10255,231658,20240521,377,24,6,18,716.07,Damaged,False
10256,231499,20240521,760,22,6,2,183.8,Wrong size,True
10257,231552,20240504,1618,32,6,3,67.78,Damaged,False
10258,231546,20240516,1946,18,6,1,92.52,Damaged,False
10259,231608,20240524,247,31,6,1,110.27,Damaged,False
10260,231488,20240531,874,20,6,2,277.16,Wrong size,True
10261,231665,20240513,1820,15,6,1,21.17,Late delivery,True
10262,231534,20240502,747,26,6,1,15.72,Late delivery,True
10263,231519,20240428,1014,24,6,1,31.38,Late delivery,True
10264,231663,20240526,228,28,6,6,264.94,Changed mind,True
10265,231544,20240526,970,28,6,2,77.97,Late delivery,True
10266,231475,20240519,1753,23,6,9,569.96,Other,True
10267,231581,20240515,880,16,6,2,200.77,Late delivery,True
10268,231502,20240518,760,28,6,4,171.56,Late delivery,True
10269,231473,20240524,57,14,6,4,360.81,Changed mind,True
10270,231505,20240607,599,22,6,1,88.24,Late delivery,True
10271,231844,20240430,501,50,6,2,348.62,Other,True
10272,231695,20240502,197,39,6,1,112.61,Changed mind,False
10273,231856,20240510,429,51,6,2,319.17,Wrong size,True
10274,231834,20240523,582,44,6,1,289.32,Changed mind,True
10275,231763,20240604,963,37,6,2,161.25,Other,True
10276,231713,20240523,1264,39,6,1,109.54,Wrong size,True
10277,231754,20240530,1604,46,6,2,364.75,Warranty,False
10278,231706,20240501,1210,50,6,1,162.75,Wrong size,False
10279,231847,20240524,1979,36,6,1,176.89,Changed mind,False
10280,231790,20240606,1190,39,6,2,252.89,Wrong size,True
10281,231777,20240524,584,53,6,1,179.34,Changed mind,True
10282,231862,20240614,776,46,6,1,178.32,Wrong size,True
10283,231869,20240506,1832,54,6,2,200.13,Wrong size,False
10284,231873,20240422,777,71,6,2,562.94,Wrong size,True
10285,231975,20240505,506,18,7,1,18.68,Warranty,False
10286,231995,20240606,1438,27,7,1,58.97,Late delivery,True
10287,232206,20240608,1807,30,7,2,94.6,Wrong size,True
10288,232131,20240519,1189,15,7,1,15.83,Late delivery,True
10289,232009,20240502,1559,34,7,2,104.03,Changed mind,True
10290,232190,20240511,1402,27,7,2,209.98,Changed mind,True
10291,232341,20240420,638,53,7,1,199.99,Damaged,False
10292,232466,20240427,476,36,7,1,185.8,Late delivery,True
10293,232378,20240430,1111,52,7,5,292.77,Wrong size,False
10294,232333,20240517,545,44,7,1,288.5,Late delivery,True
10295,232338,20240509,409,45,7,5,714.16,Damaged,False
10296,232264,20240529,955,49,7,2,132.18,Wrong size,True
10297,232324,20240512,897,49,7,1,78.9,Wrong size,True
10298,232301,20240412,289,39,7,1,101.89,Wrong size,True
10299,232255,20240517,1740,51,7,1,212.02,Late delivery,True
10300,232471,20240518,807,53,7,1,200.01,Changed mind,True
10301,232350,20240604,1535,56,7,1,201.88,Wrong size,False
10302,232461,20240518,1036,52,7,1,63.2,Wrong size,True
10303,232290,20240604,1036,52,7,1,58.53,Wrong size,True
10304,232242,20240508,201,47,7,1,88.27,Changed mind,True
10305,232312,20240421,51,37,7,10,795.2,Damaged,False
10306,232278,20240529,931,35,7,1,81.02,Wrong size,True
10307,232322,20240512,118,40,7,4,1036.0,Wrong size,True
10308,232346,20240608,1808,41,7,1,196.41,Changed mind,True
10309,232432,20240507,267,47,7,2,236.6,Damaged,False
10310,232286,20240606,957,52,7,2,126.64,Warranty,False
10311,232448,20240419,1407,49,7,1,59.24,Other,False
10312,232496,20240510,922,71,7,1,322.5,Wrong size,True
10313,232519,20240601,922,80,7,3,491.46,Other,True
10314,232592,20240501,711,99,7,2,1192.19,Late delivery,True
10315,232674,20240516,1685,30,8,1,58.66,Wrong size,True
10316,232784,20240505,1425,13,8,1,92.8,Changed mind,True
10317,232909,20240526,1456,30,8,2,96.73,Warranty,False
10318,232951,20240521,1758,14,8,3,233.99,Damaged,False
10319,232913,20240413,1698,30,8,1,45.17,Wrong size,True
10320,232795,20240514,544,26,8,3,36.42,Changed mind,True
10321,232726,20240529,851,33,8,2,158.83,Wrong size,True
10322,232633,20240516,413,31,8,1,72.81,Changed mind,True
10323,232846,20240522,1729,22,8,1,91.22,Damaged,False
10324,232739,20240531,336,19,8,1,72.43,Warranty,False
10325,232647,20240526,1210,20,8,1,97.86,Damaged,False
10326,232910,20240510,773,22,8,2,205.15,Damaged,False
10327,232727,20240606,1538,14,8,1,90.51,Late delivery,True
10328,232971,20240607,243,34,8,3,161.96,Wrong size,True
10329,232880,20240516,1934,27,8,2,142.24,Damaged,False
10330,232921,20240422,1077,21,8,1,92.41,Damaged,False
10331,232833,20240526,328,25,8,1,105.12,Changed mind,True
10332,232648,20240515,133,14,8,1,126.88,Changed mind,True
10333,232818,20240603,377,15,8,9,135.5,Late delivery,True
10334,232662,20240509,1221,14,8,1,100.57,Warranty,False
10335,232788,20240525,1409,29,8,2,299.09,Warranty,False
10336,233005,20240529,1649,36,8,1,142.55,Late delivery,True
10337,233078,20240524,1696,55,8,2,577.42,Wrong size,True
10338,233032,20240501,929,36,8,4,752.35,Changed mind,True
10339,233112,20240411,495,49,8,2,147.83,Wrong size,True
10340,233090,20240605,1609,37,8,1,89.51,Warranty,False
10341,233066,20240529,648,56,8,4,668.63,Damaged,False
10342,233087,20240602,1112,56,8,1,159.8,Changed mind,True
10343,233092,20240529,217,51,8,1,184.0,Warranty,True
10344,233103,20240511,1887,55,8,2,605.86,Damaged,False
10345,233110,20240520,570,48,8,2,326.26,Wrong size,True
10346,233124,20240518,612,35,8,1,64.06,Wrong size,True
10347,232999,20240509,979,55,8,2,608.74,Wrong size,True
10348,233046,20240519,1777,47,8,1,117.64,Wrong size,True
10349,233025,20240522,1736,51,8,3,596.49,Warranty,True
10350,233000,20240519,406,50,8,3,525.2,Wrong size,True
10351,233154,20240506,1810,78,8,2,397.18,Warranty,False
10352,233173,20240422,425,79,8,1,94.91,Late delivery,True
10353,233226,20240425,1913,12,9,2,7571.74,Wrong size,True
10354,233368,20240507,1379,30,9,2,97.42,Wrong size,True
10355,233327,20240517,1233,18,9,1,78.68,Changed mind,True
10356,233446,20240616,588,14,9,1,90.41,Wrong size,True
10357,233325,20240416,1766,16,9,2,199.2,Changed mind,True
10358,233339,20240515,1758,13,9,4,45.53,Warranty,False
10359,233412,20240518,762,32,9,3,66.19,Changed mind,True
10360,233433,20240509,1233,16,9,2,203.41,Damaged,False
10361,233243,20240521,1786,20,9,1,150.12,Wrong size,True
10362,233541,20240420,612,53,9,1,194.92,Changed mind,True
10363,233513,20240610,1272,43,9,3,369.92,Wrong size,True
10364,233476,20240529,119,56,9,1,179.38,Changed mind,True
10365,233514,20240530,669,37,9,8,708.71,Late delivery,True
10366,233471,20240603,1883,45,9,5,793.22,Damaged,False
10367,233493,20240524,713,51,9,1,197.21,Other,False
10368,233529,20240608,209,52,9,4,207.23,Changed mind,True
10369,233473,20240426,1156,44,9,1,232.28,Wrong size,True
10370,233545,20240612,326,57,9,1,246.52,Late delivery,True
10371,233550,20240504,1027,68,9,1,145.26,Changed mind,True
10372,233551,20240506,871,57,9,1,152.34,Damaged,False
10373,233609,20240520,1692,93,9,1,177.28,Late delivery,True
10374,233623,20240515,1087,85,9,1,352.61,Changed mind,True
10375,233598,20240503,1366,84,9,4,868.9,Wrong size,True
10376,233655,20240506,1958,23,10,3,206.3,Wrong size,True
10377,233835,20240508,491,19,10,10,534.27,Late delivery,True
10378,233809,20240506,616,22,10,1,93.57,Changed mind,True
10379,233801,20240620,1095,20,10,2,268.08,Damaged,False
10380,233828,20240503,1833,23,10,1,63.8,Damaged,False
10381,233666,20240519,491,15,10,2,29.72,Other,True
10382,233699,20240611,1018,13,10,2,19.59,Other,True
10383,233669,20240620,851,30,10,1,52.72,Damaged,False
10384,233798,20240503,549,18,10,1,95.0,Late delivery,False
10385,233738,20240521,520,15,10,1,19.52,Warranty,True
10386,233733,20240509,184,24,10,4,172.57,Late delivery,True
10387,233858,20240509,1180,48,10,2,312.82,Late delivery,True
10388,233856,20240514,1874,37,10,1,75.16,Wrong size,True
10389,233899,20240514,390,40,10,1,317.58,Wrong size,True
10390,233920,20240530,830,55,10,1,315.12,Wrong size,True
10391,233911,20240520,1923,39,10,1,90.63,Warranty,False
10392,233890,20240602,196,52,10,3,181.52,Damaged,False
10393,233886,20240503,714,43,10,1,114.69,Damaged,False
10394,233846,20240510,1977,40,10,4,1176.83,Wrong size,True
10395,233907,20240613,1862,45,10,1,141.61,Other,True
10396,234038,20240511,1459,83,10,1,225.18,Damaged,False
10397,234058,20240503,1946,89,10,2,120.88,Damaged,False
10398,233963,20240528,1494,89,10,1,53.38,Damaged,False
10399,234060,20240604,1996,86,10,1,547.24,Wrong size,True
10400,234132,20240521,1991,17,11,1,65.93,Wrong size,True
10401,234133,20240501,1957,15,11,1,16.82,Late delivery,True
10402,234100,20240507,701,15,11,1,20.46,Changed mind,True
10403,234093,20240502,796,22,11,2,181.43,Wrong size,True
10404,234140,20240610,1996,22,11,4,394.8,Wrong size,True
10405,234230,20240506,410,47,11,1,65.55,Damaged,False
10406,234239,20240511,1461,49,11,1,68.08,Warranty,True
10407,234222,20240430,1461,46,11,1,249.41,Wrong size,True
10408,234261,20240422,1175,50,11,3,419.52,Other,True
10409,234304,20240502,827,48,11,3,445.17,Damaged,False
10410,234367,20240510,1839,79,11,2,678.4,Wrong size,False
10411,234352,20240525,758,77,11,2,161.4,Other,False
10412,234337,20240518,1587,64,11,2,277.09,Warranty,True
10413,234436,20240617,1945,107,11,3,1517.28,Late delivery,True
10414,234448,20240430,413,97,11,1,641.35,Wrong size,True
10415,234476,20240526,557,7,12,8,16837.38,Warranty,True
10416,234757,20240525,1083,32,12,1,21.51,Changed mind,True
10417,234570,20240505,1357,15,12,2,36.92,Late delivery,False
10418,234765,20240520,313,20,12,2,343.55,Changed mind,True
10419,234673,20240513,1197,32,12,8,213.69,Late delivery,False
10420,234769,20240523,777,22,12,2,76.95,Changed mind,True
10421,234980,20240418,290,16,12,8,502.58,Changed mind,True
10422,234947,20240410,1786,26,12,2,29.43,Wrong size,True
10423,234693,20240506,1225,29,12,7,678.71,Damaged,False
10424,234955,20240504,80,28,12,5,136.33,Damaged,False
10425,234660,20240424,75,22,12,2,170.72,Wrong size,True
10426,234813,20240512,1729,27,12,4,346.48,Changed mind,False
10427,234685,20240515,578,28,12,2,66.93,Wrong size,True
10428,234871,20240523,53,31,12,4,144.46,Wrong size,True
10429,234549,20240421,777,19,12,1,79.91,Damaged,False
10430,234657,20240606,1770,32,12,1,23.8,Wrong size,True
10431,234867,20240614,868,26,12,1,12.87,Changed mind,True
10432,234543,20240603,1400,30,12,6,318.24,Damaged,False
10433,234722,20240428,1083,21,12,2,74.47,Other,True
10434,234717,20240514,1211,15,12,3,52.74,Other,True
10435,234809,20240422,88,34,12,3,194.99,Damaged,False
10436,234821,20240515,1962,15,12,2,36.35,Changed mind,True
10437,234791,20240425,1410,15,12,2,37.41,Damaged,False
10438,234944,20240513,1932,34,12,3,185.28,Other,True
10439,234679,20240522,704,16,12,3,121.03,Changed mind,True
10440,234629,20240610,133,20,12,1,144.27,Damaged,False
10441,234983,20240604,352,27,12,1,67.77,Wrong size,True
10442,234837,20240513,1399,27,12,1,78.1,Warranty,False
10443,234512,20240528,177,20,12,2,228.62,Changed mind,True
10444,234676,20240424,1371,22,12,2,184.34,Changed mind,False
10445,234811,20240514,1436,17,12,1,78.7,Damaged,False
10446,235121,20240508,963,52,12,2,125.92,Damaged,False
10447,235136,20240510,715,56,12,1,144.63,Wrong size,True
10448,235127,20240603,1368,44,12,2,296.34,Wrong size,False
10449,235132,20240513,533,45,12,6,885.1,Changed mind,False
10450,235035,20240524,1274,45,12,8,899.85,Changed mind,True
10451,235076,20240607,1689,42,12,1,94.41,Late delivery,True
10452,235085,20240529,408,42,12,2,231.74,Changed mind,True
10453,235000,20240607,1893,36,12,2,394.8,Wrong size,True
10454,235133,20240501,36,49,12,1,78.62,Warranty,True
10455,235090,20240505,1109,43,12,1,167.57,Wrong size,True
10456,235042,20240421,466,55,12,5,1767.2,Changed mind,True
10457,235139,20240518,800,66,12,2,348.76,Changed mind,True
10458,235159,20240530,823,57,12,2,517.66,Other,True
10459,235190,20240528,130,74,12,1,246.83,Wrong size,True
10460,235188,20240514,328,69,12,1,268.8,Wrong size,True
10461,235153,20240413,1557,68,12,4,434.36,Wrong size,True
10462,235200,20240521,1400,85,12,1,419.2,Changed mind,False
10463,235287,20240522,1093,95,12,1,415.34,Changed mind,True
10464,235271,20240602,238,100,12,2,1512.13,Wrong size,True
10465,235600,20240518,1997,26,1,1,11.88,Other,True
10466,235437,20240531,1140,28,1,6,167.5,Changed mind,False
10467,235604,20240604,422,30,1,2,99.62,Wrong size,True
10468,235538,20240710,1409,29,1,2,161.28,Wrong size,True
10469,235385,20240626,1889,28,1,1,34.49,Warranty,True
10470,235396,20240626,157,33,1,2,35.92,Changed mind,False
10471,235409,20240627,722,21,1,2,164.3,Changed mind,True
10472,235435,20240621,131,21,1,1,82.15,Damaged,False
10473,235461,20240614,433,18,1,1,99.19,Wrong size,False
10474,235465,20240617,433,18,1,2,183.62,Damaged,False
10475,235546,20240617,1024,34,1,2,110.33,Other,True
10476,235331,20240524,1650,18,1,5,506.75,Late delivery,True
10477,235360,20240622,923,15,1,1,16.82,Wrong size,True
10478,235542,20240619,173,20,1,1,143.26,Wrong size,True
10479,235633,20240523,1288,41,1,2,558.55,Wrong size,True
10480,235634,20240613,1328,38,1,1,216.55,Late delivery,True
10481,235643,20240610,1451,43,1,1,131.73,Wrong size,True
10482,235618,20240707,228,36,1,1,166.97,Damaged,False
10483,235681,20240622,909,66,1,1,102.25,Changed mind,True
10484,235698,20240524,1978,58,1,1,80.91,Wrong size,True
10485,235654,20240621,1382,58,1,1,327.48,Damaged,False
10486,235688,20240527,1632,60,1,2,932.77,Warranty,False
10487,235717,20240510,1874,90,1,1,527.87,Changed mind,True
10488,235714,20240521,772,90,1,1,498.88,Warranty,True
10489,235765,20240520,814,107,1,1,559.77,Warranty,False
10490,235758,20240706,1936,103,1,1,512.47,Damaged,False
10491,235797,20240612,1768,2,2,2,3635.04,Warranty,True
10492,235803,20240624,1877,2,2,1,1903.72,Wrong size,True
10493,235957,20240613,1473,16,2,1,87.11,Wrong size,False
10494,235893,20240618,533,32,2,5,89.14,Changed mind,True
10495,236146,20240523,1144,13,2,2,23.86,Damaged,False
10496,236052,20240711,929,32,2,1,78.2,Warranty,False
10497,236038,20240525,93,27,2,1,68.96,Late delivery,True
10498,236253,20240703,1758,20,2,4,552.75,Changed mind,True
10499,236267,20240601,1467,25,2,1,107.25,Changed mind,True
10500,235832,20240619,831,14,2,6,233.17,Changed mind,True
10501,235819,20240530,647,18,2,1,90.89,Changed mind,True
10502,236086,20240704,1424,26,2,1,12.74,Changed mind,True
10503,236172,20240606,576,24,2,1,32.82,Wrong size,True
10504,236210,20240527,162,29,2,1,104.05,Late delivery,True
10505,236448,20240627,1339,52,2,1,124.19,Late delivery,True
10506,236369,20240623,320,39,2,5,635.96,Wrong size,True
10507,236419,20240526,1189,40,2,2,598.55,Wrong size,True
10508,236319,20240519,195,48,2,4,742.62,Warranty,False
10509,236406,20240719,280,46,2,3,534.04,Late delivery,True
10510,236348,20240606,889,37,2,2,160.59,Warranty,True
10511,236311,20240623,1255,48,2,1,148.06,Warranty,False
10512,236297,20240614,695,49,2,4,298.89,Late delivery,True
10513,236373,20240607,797,46,2,6,1072.39,Wrong size,True
10514,236441,20240612,1098,51,2,9,1750.22,Changed mind,True
10515,236329,20240627,1038,44,2,5,1175.55,Late delivery,True
10516,236374,20240617,516,48,2,2,329.8,Late delivery,True
10517,236317,20240630,472,47,2,1,102.01,Late delivery,True
10518,236291,20240718,232,48,2,1,186.89,Late delivery,True
10519,236586,20240616,1601,68,2,1,150.62,Wrong size,False
10520,236593,20240704,1045,66,2,2,147.38,Late delivery,True
10521,236584,20240626,579,68,2,1,157.14,Wrong size,True
10522,236526,20240601,1596,64,2,4,525.99,Warranty,True
10523,236493,20240630,1996,77,2,4,321.39,Late delivery,True
10524,236536,20240617,1179,67,2,1,184.61,Wrong size,True
10525,236695,20240612,995,82,2,1,523.89,Damaged,False
10526,236674,20240615,988,91,2,6,3205.83,Changed mind,True
10527,236630,20240611,19,91,2,2,945.84,Other,True
10528,236723,20240705,929,90,2,2,1225.8,Damaged,False
10529,236765,20240601,1395,108,2,7,3977.11,Wrong size,True
10530,236740,20240705,1534,101,2,1,559.9,Warranty,False
10531,236768,20240706,1798,97,2,2,819.54,Late delivery,True
10532,237153,20240616,1718,26,3,1,12.01,Damaged,False
10533,237136,20240610,37,25,3,8,127.47,Damaged,False
10534,237158,20240607,124,17,3,3,229.29,Warranty,True
10535,237282,20240611,1367,15,3,1,14.43,Late delivery,True
10536,236922,20240606,651,34,3,8,420.35,Wrong size,True
10537,237130,20240630,897,23,3,6,396.76,Late delivery,True
10538,237058,20240706,1418,33,3,1,86.65,Changed mind,True
10539,236831,20240614,92,19,3,1,60.64,Wrong size,True
10540,237172,20240526,214,17,3,1,49.31,Changed mind,True
10541,237034,20240626,1563,19,3,3,222.14,Warranty,False
10542,237218,20240704,1522,31,3,3,96.11,Late delivery,True
10543,237263,20240617,851,17,3,1,85.33,Late delivery,True
10544,236900,20240603,84,33,3,1,70.53,Changed mind,True
10545,236861,20240623,1323,23,3,3,170.5,Warranty,True
10546,236997,20240524,114,23,3,1,11.36,Wrong size,True
10547,236957,20240701,849,29,3,2,255.44,Damaged,False
10548,236807,20240702,1624,27,3,2,136.18,Wrong size,False
10549,237219,20240608,1490,18,3,3,250.03,Changed mind,True
10550,237281,20240606,719,22,3,1,105.01,Late delivery,True
10551,237187,20240628,156,22,3,5,211.54,Wrong size,True
10552,237254,20240626,1012,22,3,2,181.09,Changed mind,True
10553,237336,20240618,203,44,3,1,155.66,Changed mind,True
10554,237317,20240602,642,46,3,4,704.48,Wrong size,True
10555,237302,20240602,38,51,3,1,207.8,Wrong size,True
10556,237386,20240530,592,44,3,4,1110.88,Other,True
10557,237396,20240623,1625,50,3,1,205.61,Late delivery,True
10558,237362,20240603,1097,43,3,1,134.45,Changed mind,True
10559,237312,20240520,1101,56,3,1,142.33,Late delivery,False
10560,237360,20240511,1136,47,3,1,105.42,Late delivery,True
10561,237320,20240603,1927,47,3,1,108.37,Changed mind,True
10562,237337,20240610,431,36,3,2,337.05,Wrong size,True
10563,237430,20240605,1485,37,3,2,720.25,Wrong size,True
10564,237286,20240711,205,55,3,5,1501.25,Changed mind,True
10565,237297,20240630,1332,36,3,5,897.92,Other,True
10566,237600,20240716,742,69,3,2,714.87,Changed mind,True
10567,237481,20240603,391,72,3,11,1792.29,Warranty,False
10568,237496,20240629,1806,74,3,2,447.93,Wrong size,True
10569,237575,20240529,905,67,3,1,201.22,Wrong size,True
10570,237585,20240709,1468,59,3,1,146.58,Late delivery,True
10571,237529,20240707,133,74,3,5,948.06,Late delivery,True
10572,237595,20240530,1611,73,3,2,509.21,Other,True
10573,237683,20240710,1955,94,3,1,470.06,Changed mind,True
10574,237745,20240606,48,20,4,1,137.51,Wrong size,True
10575,237790,20240524,1776,19,4,1,78.48,Late delivery,True
10576,237762,20240530,925,28,4,1,47.12,Damaged,False
10577,237732,20240704,48,27,4,2,120.09,Warranty,True
10578,237703,20240611,1811,25,4,1,104.38,Warranty,True
10579,237774,20240623,1612,28,4,1,43.81,Wrong size,True
10580,237727,20240619,1316,19,4,2,147.32,Changed mind,True
10581,237744,20240517,473,18,4,1,96.11,Changed mind,False
10582,237771,20240610,1963,15,4,7,110.22,Late delivery,False
10583,237725,20240619,707,20,4,2,279.94,Late delivery,True
10584,237878,20240628,101,56,4,1,155.98,Damaged,False
10585,237867,20240614,1704,40,4,1,281.43,Changed mind,True
10586,237865,20240607,784,42,4,1,105.98,Other,True
10587,237818,20240716,1302,54,4,9,637.22,Wrong size,True
10588,237871,20240611,1905,44,4,2,444.17,Late delivery,True
10589,237872,20240517,1600,55,4,1,317.24,Damaged,False
10590,237857,20240617,837,45,4,2,350.49,Wrong size,True
10591,237924,20240630,801,64,4,1,185.87,Damaged,False
10592,237894,20240625,83,60,4,1,539.79,Wrong size,True
10593,237996,20240517,357,81,4,8,2674.54,Warranty,False
10594,238219,20240704,877,15,5,1,17.01,Wrong size,True
10595,238246,20240626,1956,31,5,1,96.46,Changed mind,True
10596,238102,20240712,1446,16,5,4,361.06,Late delivery,True
10597,238156,20240609,1775,16,5,2,226.64,Damaged,False
10598,238201,20240705,1619,18,5,1,84.35,Warranty,False
10599,238200,20240701,1342,24,5,6,202.83,Damaged,False
10600,238266,20240720,449,27,5,7,845.69,Late delivery,True
10601,238283,20240703,1190,30,5,1,61.18,Damaged,False
10602,238293,20240628,1467,19,5,2,132.65,Damaged,False
10603,238126,20240608,812,27,5,2,175.92,Changed mind,True
10604,238404,20240610,551,43,5,1,105.97,Changed mind,True
10605,238364,20240629,108,40,5,2,446.77,Wrong size,True
10606,238367,20240701,1537,49,5,3,193.65,Late delivery,True
10607,238362,20240624,915,37,5,2,198.06,Late delivery,True
10608,238373,20240615,1118,55,5,2,533.09,Damaged,False
10609,238353,20240624,1935,50,5,2,350.93,Other,True
10610,238355,20240621,1016,50,5,5,1041.93,Changed mind,True
10611,238422,20240703,1531,67,5,3,479.96,Damaged,False
10612,238430,20240602,791,80,5,1,155.61,Warranty,False
10613,238438,20240627,1928,72,5,1,277.38,Changed mind,True
10614,238434,20240630,329,66,5,1,83.33,Wrong size,False
10615,238617,20240612,1023,82,5,1,644.58,Wrong size,True
10616,238550,20240624,1399,92,5,2,966.65,Late delivery,True
10617,238620,20240704,1026,89,5,7,303.72,Late delivery,True
10618,238662,20240627,517,98,5,5,902.53,Late delivery,False
10619,238725,20240526,1354,18,6,1,89.55,Other,True
10620,238782,20240623,1441,15,6,1,17.58,Other,True
10621,238781,20240613,1840,31,6,2,209.1,Other,True
10622,238716,20240616,777,33,6,2,189.09,Late delivery,True
10623,238896,20240607,1308,43,6,6,707.07,Wrong size,True
10624,238874,20240608,1559,35,6,1,81.14,Late delivery,True
10625,238909,20240706,1669,40,6,2,652.37,Wrong size,True
10626,238868,20240618,878,39,6,4,534.07,Changed mind,True
10627,238952,20240608,584,48,6,1,152.46,Other,True
10628,238885,20240701,558,42,6,1,129.76,Wrong size,False
10629,238818,20240625,1270,52,6,2,120.01,Late delivery,True
10630,238955,20240624,1717,35,6,1,67.91,Damaged,False
10631,238839,20240613,1111,49,6,2,167.97,Wrong size,True
10632,238855,20240611,133,52,6,1,50.2,Wrong size,True
10633,238878,20240626,338,39,6,2,256.19,Warranty,True
10634,238925,20240612,458,42,6,1,100.24,Warranty,True
10635,238928,20240529,730,38,6,1,224.1,Wrong size,True
10636,238958,20240619,947,61,6,1,346.14,Damaged,False
10637,239000,20240608,1850,67,6,1,177.43,Damaged,False
10638,238961,20240629,1379,71,6,1,266.75,Late delivery,True
10639,239033,20240518,1952,80,6,1,253.28,Other,True
10640,238972,20240604,835,69,6,2,496.57,Wrong size,True
10641,239039,20240607,1038,65,6,2,658.65,Changed mind,True
10642,239029,20240713,693,69,6,1,349.26,Changed mind,True
10643,239066,20240623,1355,101,6,1,581.87,Changed mind,True
10644,239191,20240607,926,23,7,1,55.65,Changed mind,False
10645,239137,20240616,49,22,7,4,382.87,Wrong size,True
10646,239134,20240528,1475,20,7,1,130.2,Late delivery,True
10647,239189,20240620,529,27,7,4,329.44,Other,True
10648,239380,20240525,411,42,7,1,152.02,Wrong size,True
10649,239368,20240624,1461,55,7,2,685.02,Other,True
10650,239270,20240603,19,53,7,2,342.76,Changed mind,True
10651,239389,20240606,1327,38,7,1,262.05,Changed mind,False
10652,239304,20240625,1440,40,7,2,551.25,Late delivery,True
10653,239379,20240602,652,46,7,1,208.59,Warranty,False
10654,239378,20240619,657,51,7,5,1158.81,Damaged,False
10655,239276,20240708,879,56,7,1,134.98,Wrong size,True
10656,239349,20240624,523,50,7,1,170.08,Damaged,False
10657,239373,20240602,1285,40,7,3,818.27,Late delivery,True
10658,239275,20240619,1327,38,7,3,628.11,Changed mind,False
10659,239322,20240618,1531,48,7,15,2498.67,Wrong size,True
10660,239345,20240612,1298,53,7,1,154.21,Changed mind,True
10661,239395,20240610,561,71,7,2,674.63,Changed mind,True
10662,239403,20240523,1242,71,7,2,405.55,Changed mind,True
10663,239424,20240514,1424,60,7,3,696.71,Other,True
10664,239539,20240520,1472,86,7,1,236.24,Warranty,False
10665,239495,20240618,1020,93,7,4,612.52,Warranty,True
10666,239530,20240614,1740,81,7,1,350.61,Damaged,False
10667,239594,20240628,1221,16,8,1,102.87,Wrong size,True
10668,239617,20240613,1167,28,8,2,69.21,Changed mind,False
10669,239608,20240625,1426,32,8,1,17.14,Damaged,False
10670,239669,20240516,689,42,8,4,452.09,Wrong size,True
10671,239723,20240603,442,42,8,1,124.86,Damaged,False
10672,239712,20240619,688,35,8,1,60.66,Wrong size,True
10673,239685,20240617,1193,36,8,1,163.19,Wrong size,True
10674,239693,20240614,253,56,8,1,170.19,Wrong size,True
10675,239665,20240528,142,35,8,5,536.55,Late delivery,False
10676,239816,20240606,1246,75,8,1,294.96,Other,True
10677,239821,20240628,982,72,8,9,2167.43,Other,True
10678,239814,20240720,1809,80,8,3,600.1,Damaged,False
10679,239797,20240615,1351,64,8,1,163.69,Warranty,True
10680,239851,20240529,1701,85,8,5,1618.14,Late delivery,True
10681,239849,20240626,1986,88,8,1,138.88,Changed mind,True
10682,239842,20240524,1836,93,8,1,182.9,Warranty,False
10683,240040,20240604,826,21,9,3,306.83,Damaged,False
10684,240030,20240630,1494,33,9,5,347.03,Wrong size,True
10685,240132,20240617,1610,40,9,2,340.17,Damaged,False
10686,240131,20240714,43,49,9,1,73.8,Wrong size,True
10687,240166,20240609,1336,48,9,1,165.27,Warranty,True
10688,240156,20240709,385,44,9,2,264.17,Wrong size,True
10689,240276,20240610,1335,40,9,3,747.96,Wrong size,True
10690,240210,20240620,1131,42,9,2,233.54,Wrong size,True
10691,240169,20240602,1870,47,9,1,92.07,Wrong size,True
10692,240177,20240707,1172,56,9,2,269.25,Wrong size,True
10693,240205,20240529,538,55,9,1,306.26,Late delivery,False
10694,240388,20240617,1019,72,9,3,798.61,Changed mind,True
10695,240342,20240614,1261,76,9,1,262.3,Warranty,False
10696,240348,20240719,497,72,9,1,254.99,Late delivery,True
10697,240377,20240703,101,60,9,1,390.69,Damaged,False
10698,240336,20240617,149,62,9,1,129.95,Wrong size,True
10699,240369,20240613,281,60,9,3,1366.4,Late delivery,True
10700,240307,20240610,226,63,9,1,187.19,Damaged,False
10701,240365,20240514,131,74,9,3,593.31,Damaged,False
10702,240481,20240703,639,99,9,3,1098.55,Warranty,True
10703,240471,20240529,81,102,9,2,264.57,Wrong size,False
10704,241036,20240705,922,17,10,1,59.36,Changed mind,True
10705,240762,20240708,1940,33,10,1,70.93,Warranty,False
10706,241121,20240620,586,31,10,1,13.11,Late delivery,True
10707,240964,20240521,1866,32,10,1,23.19,Wrong size,True
10708,240995,20240628,415,22,10,1,90.56,Other,True
10709,241112,20240625,1062,18,10,1,99.27,Wrong size,True
10710,240587,20240721,235,15,10,1,14.81,Wrong size,True
10711,240595,20240602,470,34,10,2,99.03,Other,True
10712,240628,20240611,1571,34,10,1,52.68,Changed mind,True
10713,240789,20240626,1240,26,10,1,15.88,Other,True
10714,240524,20240617,546,28,10,2,79.27,Damaged,False
10715,241034,20240617,974,17,10,5,412.97,Damaged,False
10716,240932,20240610,648,13,10,5,181.53,Other,True
10717,241087,20240623,1861,22,10,1,77.88,Changed mind,True
10718,240772,20240702,421,24,10,2,69.43,Changed mind,True
10719,241073,20240604,1454,15,10,1,16.14,Damaged,False
10720,240950,20240614,1779,20,10,1,74.67,Warranty,True
10721,240555,20240613,1082,30,10,3,153.37,Wrong size,True
10722,240634,20240606,171,24,10,2,181.17,Wrong size,True
10723,240665,20240602,1872,28,10,2,78.74,Warranty,False
10724,240877,20240609,418,15,10,2,37.86,Warranty,False
10725,240629,20240701,100,29,10,2,198.78,Damaged,False
10726,241031,20240531,898,26,10,2,26.58,Wrong size,True
10727,240982,20240620,1362,18,10,3,223.94,Damaged,False
10728,240635,20240610,1015,28,10,6,174.36,Late delivery,True
10729,240669,20240626,681,24,10,1,45.46,Damaged,False
10730,241059,20240610,1997,24,10,1,29.36,Changed mind,True
10731,240856,20240704,1368,24,10,1,31.66,Damaged,False
10732,240599,20240606,895,32,10,1,25.96,Wrong size,True
10733,240839,20240628,139,32,10,1,25.72,Other,True
10734,240924,20240627,1727,30,10,3,71.82,Changed mind,True
10735,241188,20240622,974,41,10,1,200.95,Wrong size,True
10736,241214,20240613,1864,56,10,1,227.09,Changed mind,True
10737,241191,20240601,914,49,10,1,89.36,Changed mind,True
10738,241239,20240606,607,43,10,4,524.29,Wrong size,True
10739,241161,20240702,1601,38,10,1,213.83,Wrong size,True
10740,241229,20240627,462,49,10,1,71.56,Wrong size,True
10741,241367,20240603,477,39,10,2,218.59,Warranty,False
10742,241235,20240606,77,40,10,1,231.67,Late delivery,False
10743,241217,20240704,1744,56,10,1,171.95,Wrong size,True
10744,241197,20240517,501,56,10,1,112.27,Late delivery,True
10745,241341,20240615,953,50,10,1,209.07,Late delivery,True
10746,241269,20240717,3,45,10,3,344.11,Wrong size,True
10747,241245,20240701,1592,55,10,1,319.47,Wrong size,True
10748,241203,20240601,1693,47,10,1,79.81,Wrong size,True
10749,241264,20240529,66,53,10,1,186.76,Late delivery,True
10750,241319,20240626,260,36,10,3,268.14,Wrong size,True
10751,241366,20240520,952,46,10,1,169.97,Changed mind,True
10752,241396,20240626,1222,47,10,7,739.66,Damaged,False
10753,241304,20240715,1573,45,10,1,114.66,Late delivery,True
10754,241151,20240622,595,51,10,3,637.34,Warranty,False
10755,241247,20240622,698,36,10,1,184.13,Wrong size,False
10756,241338,20240713,1295,36,10,2,570.28,Wrong size,True
10757,241478,20240607,1477,93,10,4,780.08,Wrong size,True
10758,241537,20240605,723,108,10,2,1281.14,Damaged,False
10759,241526,20240524,206,95,10,1,367.87,Damaged,False
10760,241557,20240618,1014,105,10,1,398.19,Damaged,False
10761,241628,20240629,1677,28,11,2,87.42,Other,True
10762,241580,20240618,1637,16,11,3,238.09,Other,True
10763,241712,20240606,588,16,11,1,112.86,Changed mind,True
10764,241718,20240619,1461,28,11,2,68.68,Late delivery,True
10765,241592,20240601,913,22,11,6,594.66,Changed mind,True
10766,241659,20240624,853,14,11,5,418.67,Wrong size,True
10767,241604,20240611,1702,16,11,2,205.66,Warranty,True
10768,241729,20240517,233,22,11,1,100.3,Other,False
10769,241577,20240520,581,19,11,2,119.39,Warranty,False
10770,241642,20240611,1628,24,11,5,185.22,Wrong size,True
10771,241609,20240531,1207,23,11,5,210.85,Wrong size,True
10772,241758,20240605,619,37,11,1,91.2,Changed mind,True
10773,241886,20240606,1702,49,11,1,77.46,Wrong size,True
10774,241863,20240620,1496,37,11,1,107.53,Warranty,True
10775,241839,20240616,318,45,11,4,613.79,Damaged,False
10776,241799,20240615,648,37,11,7,623.98,Late delivery,True
10777,241756,20240604,396,37,11,1,95.05,Damaged,False
10778,241884,20240610,560,54,11,2,191.47,Other,True
10779,241867,20240708,390,43,11,2,308.13,Wrong size,True
10780,241853,20240619,1295,41,11,2,478.01,Warranty,False
10781,241888,20240714,92,46,11,2,456.96,Other,True
10782,241748,20240707,18,43,11,2,270.02,Wrong size,True
10783,241816,20240627,111,54,11,2,159.61,Changed mind,True
10784,241879,20240711,1461,52,11,1,54.03,Wrong size,False
10785,241765,20240606,224,52,11,1,57.71,Late delivery,True
10786,241909,20240704,746,45,11,3,386.68,Wrong size,True
10787,241866,20240606,1846,47,11,2,244.43,Wrong size,True
10788,241764,20240712,681,39,11,1,126.18,Changed mind,True
10789,241796,20240628,78,35,11,1,77.72,Late delivery,True
10790,241818,20240604,827,37,11,1,109.33,Changed mind,False
10791,241749,20240627,1734,45,11,3,548.18,Late delivery,True
10792,241782,20240620,1771,36,11,2,536.92,Damaged,False
10793,241760,20240605,1044,55,11,1,266.5,Wrong size,False
10794,241743,20240615,550,56,11,1,156.63,Warranty,False
10795,241942,20240608,414,65,11,1,41.95,Changed mind,True
10796,241989,20240707,1348,76,11,1,215.33,Warranty,False
10797,241943,20240603,1786,64,11,1,153.86,Changed mind,False
10798,241935,20240706,812,67,11,1,193.93,Damaged,False
10799,242031,20240626,425,85,11,1,335.31,Damaged,False
10800,241997,20240603,1966,87,11,1,164.86,Wrong size,True
10801,242012,20240609,341,92,11,2,1013.03,Changed mind,True
10802,242064,20240524,1734,1,12,1,1342.5,Warranty,False
10803,242169,20240604,973,29,12,1,141.63,Warranty,False
10804,242092,20240703,194,16,12,3,314.67,Wrong size,True
10805,242171,20240525,979,20,12,1,120.12,Warranty,True
10806,242167,20240603,1010,20,12,1,132.07,Changed mind,True
10807,242144,20240518,1478,26,12,1,13.14,Late delivery,True
10808,242179,20240711,1010,20,12,1,117.49,Wrong size,True
10809,242184,20240529,751,13,12,1,11.32,Damaged,False
10810,242233,20240616,1312,30,12,3,268.77,Warranty,False
10811,242260,20240615,1852,50,12,2,377.65,Damaged,False
10812,242237,20240629,1387,52,12,1,308.69,Damaged,False
10813,242269,20240602,906,46,12,1,231.37,Changed mind,True
10814,242276,20240622,950,46,12,1,204.45,Wrong size,True
10815,242412,20240610,1555,39,12,2,265.56,Other,True
10816,242561,20240519,1502,49,12,3,207.19,Changed mind,True
10817,242375,20240615,800,42,12,1,110.24,Wrong size,True
10818,242524,20240708,247,52,12,15,947.23,Wrong size,True
10819,242464,20240608,399,43,12,2,270.25,Damaged,False
10820,242588,20240523,157,47,12,2,198.69,Wrong size,True
10821,242483,20240520,1002,49,12,1,73.51,Changed mind,True
10822,242482,20240702,1276,45,12,1,124.57,Warranty,False
10823,242569,20240709,307,50,12,4,553.46,Changed mind,True
10824,242589,20240531,1298,49,12,1,85.16,Wrong size,True
10825,242590,20240611,1126,37,12,1,93.56,Changed mind,True
10826,242273,20240707,131,35,12,1,88.39,Changed mind,True
10827,242580,20240606,1660,41,12,1,276.35,Changed mind,True
10828,242549,20240630,418,35,12,1,85.35,Warranty,True
10829,242443,20240626,1320,45,12,2,308.97,Wrong size,True
10830,242377,20240613,1512,52,12,1,54.25,Changed mind,True
10831,242337,20240613,1413,49,12,2,162.21,Wrong size,False
10832,242578,20240724,271,54,12,1,167.89,Other,True
10833,242608,20240614,1393,35,12,1,67.32,Damaged,False
10834,242387,20240627,667,40,12,1,288.61,Wrong size,True
10835,242460,20240710,1527,45,12,1,166.73,Wrong size,True
10836,242518,20240627,1141,52,12,5,303.38,Changed mind,True
10837,242526,20240601,1136,46,12,1,219.07,Changed mind,True
10838,242566,20240620,466,36,12,2,404.57,Changed mind,True
10839,242257,20240602,1551,49,12,1,73.05,Changed mind,True
10840,242305,20240618,602,40,12,2,572.93,Wrong size,True
10841,242614,20240702,1149,77,12,1,81.42,Warranty,False
10842,242633,20240618,173,60,12,1,478.65,Wrong size,True
10843,242713,20240715,1326,79,12,1,273.52,Damaged,False
10844,242911,20240602,1445,108,12,5,2726.76,Late delivery,True
10845,243087,20240710,1113,31,1,2,136.76,Other,True
10846,242926,20240711,1690,20,1,3,500.59,Changed mind,True
10847,242953,20240714,1724,16,1,1,82.23,Damaged,False
10848,242964,20240728,641,29,1,1,140.34,Wrong size,True
10849,242958,20240802,1285,28,1,1,39.65,Late delivery,True
10850,242928,20240626,1558,22,1,1,87.05,Changed mind,True
10851,243082,20240805,1499,15,1,3,55.58,Other,False
10852,242980,20240709,503,16,1,1,89.6,Changed mind,True
10853,242944,20240702,1104,17,1,4,286.03,Changed mind,True
10854,243137,20240703,363,43,1,2,250.81,Damaged,False
10855,243183,20240803,1745,36,1,1,168.11,Late delivery,True
10856,243254,20240630,1925,106,1,1,666.5,Wrong size,False
10857,243381,20240714,311,24,2,1,34.25,Wrong size,True
10858,243338,20240612,1230,33,2,2,171.52,Wrong size,False
10859,243352,20240726,1386,24,2,2,60.71,Damaged,False
10860,243385,20240622,1218,27,2,1,55.68,Wrong size,True
10861,243376,20240719,746,26,2,1,13.74,Damaged,False
10862,243307,20240625,1160,23,2,1,83.54,Changed mind,True
10863,243418,20240728,409,21,2,1,75.17,Late delivery,True
10864,243318,20240706,128,13,2,2,28.51,Late delivery,True
10865,243476,20240710,1936,28,2,1,79.93,Damaged,False
10866,243344,20240724,1807,18,2,3,248.79,Wrong size,True
10867,243435,20240803,1552,19,2,1,84.46,Late delivery,False
10868,243402,20240818,231,31,2,3,253.15,Warranty,True
10869,243508,20240711,453,53,2,1,179.73,Warranty,False
10870,243658,20240719,1993,40,2,1,198.41,Wrong size,True
10871,243575,20240618,1748,51,2,4,566.94,Damaged,False
10872,243681,20240711,411,55,2,1,315.68,Wrong size,False
10873,243566,20240707,281,56,2,1,183.07,Other,True
10874,243595,20240708,1540,37,2,8,656.19,Wrong size,True
10875,243648,20240625,375,37,2,2,145.04,Wrong size,True
10876,243500,20240710,1152,45,2,1,155.79,Wrong size,True
10877,243506,20240723,1896,52,2,1,50.29,Wrong size,True
10878,243685,20240615,758,48,2,1,143.64,Changed mind,True
10879,243675,20240722,284,54,2,2,226.59,Changed mind,True
10880,243583,20240805,37,43,2,1,137.59,Wrong size,True
10881,243638,20240712,1332,48,2,1,146.88,Wrong size,False
10882,243496,20240731,313,46,2,3,650.86,Changed mind,True
10883,243646,20240616,1194,36,2,2,384.49,Warranty,True
10884,243657,20240713,884,47,2,1,71.9,Changed mind,True
10885,243755,20240624,1829,72,2,1,219.85,Wrong size,True
10886,243846,20240730,924,27,3,3,67.17,Other,True
10887,243822,20240726,481,28,3,1,38.56,Late delivery,True
10888,243910,20240625,1112,21,3,1,89.61,Late delivery,True
10889,243876,20240715,1352,15,3,3,66.34,Changed mind,True
10890,243866,20240720,1828,33,3,1,67.8,Warranty,False
10891,243942,20240718,214,28,3,2,66.54,Late delivery,False
10892,243795,20240706,931,20,3,2,239.22,Wrong size,True
10893,244013,20240807,478,51,3,1,189.52,Wrong size,True
10894,243964,20240715,1099,51,3,1,208.62,Warranty,True
10895,244020,20240728,1418,51,3,2,475.91,Warranty,True
10896,244037,20240629,655,50,3,2,151.54,Wrong size,True
10897,244053,20240818,805,35,3,2,125.0,Other,True
10898,244136,20240810,1584,40,3,1,288.01,Changed mind,False
10899,244115,20240718,1178,56,3,1,140.95,Warranty,True
10900,244156,20240620,225,40,3,1,332.98,Wrong size,True
10901,244151,20240713,452,47,3,1,122.31,Wrong size,True
10902,244023,20240731,1091,55,3,1,167.19,Changed mind,True
10903,244112,20240728,1826,46,3,1,183.31,Changed mind,True
10904,244016,20240625,1230,48,3,2,283.02,Wrong size,True
10905,244060,20240731,1570,43,3,4,493.42,Changed mind,True
10906,244100,20240723,484,50,3,1,152.41,Wrong size,True
10907,244244,20240714,258,71,3,5,1370.51,Warranty,False
10908,244196,20240705,1060,77,3,1,86.39,Changed mind,True
10909,244229,20240704,1474,59,3,1,46.28,Changed mind,True
10910,244241,20240721,1298,78,3,3,487.96,Warranty,True
10911,244202,20240722,595,65,3,1,49.12,Damaged,False
10912,244253,20240812,1414,84,3,2,342.95,Changed mind,False
10913,244271,20240719,621,84,3,1,181.73,Damaged,False
10914,244485,20240708,1668,23,4,1,55.13,Changed mind,True
10915,244343,20240701,1861,33,4,4,332.39,Changed mind,True
10916,244398,20240721,1167,23,4,2,123.84,Wrong size,True
10917,244419,20240703,1861,33,4,4,303.54,Changed mind,True
10918,244496,20240729,1704,43,4,1,123.62,Wrong size,True
10919,244503,20240718,1685,52,4,2,131.8,Damaged,False
10920,244575,20240629,663,76,4,1,221.13,Late delivery,True
10921,244529,20240620,674,62,4,1,148.61,Other,True
10922,244590,20240709,1832,69,4,1,321.64,Damaged,False
10923,244584,20240713,1291,77,4,3,249.15,Changed mind,True
10924,244680,20240716,172,84,4,1,194.77,Wrong size,True
10925,244662,20240718,1290,89,4,3,144.28,Wrong size,True
10926,244619,20240726,1712,86,4,1,263.35,Warranty,False
10927,244707,20240724,1337,91,4,1,539.48,Damaged,False
10928,244668,20240630,1909,82,4,1,534.75,Changed mind,True
10929,245077,20240812,895,16,5,2,167.74,Changed mind,True
10930,245075,20240625,1374,34,5,1,56.35,Wrong size,True
10931,245222,20240708,1853,20,5,2,228.96,Other,True
10932,244930,20240719,118,21,5,6,450.01,Late delivery,True
10933,244709,20240731,892,34,5,1,57.59,Damaged,False
10934,245001,20240719,368,27,5,4,251.4,Late delivery,True
10935,244848,20240725,1844,17,5,3,236.79,Damaged,False
10936,245143,20240816,901,20,5,3,334.87,Warranty,False
10937,245023,20240712,1956,24,5,4,299.93,Wrong size,True
10938,244797,20240711,579,15,5,4,74.8,Damaged,False
10939,245235,20240630,878,29,5,3,410.65,Damaged,False
10940,245200,20240715,1962,14,5,2,171.3,Late delivery,True
10941,245030,20240714,1121,28,5,1,38.08,Other,True
10942,244763,20240724,1137,23,5,1,45.69,Late delivery,True
10943,244832,20240715,2000,31,5,3,269.09,Warranty,True
10944,244870,20240717,969,32,5,4,103.68,Wrong size,True
10945,245241,20240712,769,22,5,1,104.96,Warranty,False
10946,245233,20240727,1756,25,5,4,396.66,Late delivery,True
10947,244754,20240701,1876,26,5,2,22.22,Damaged,False
10948,245151,20240807,1202,15,5,2,34.39,Wrong size,True
10949,244710,20240813,1374,29,5,1,107.39,Late delivery,True
10950,244988,20240702,1454,28,5,2,90.0,Warranty,False
10951,245362,20240806,969,43,5,1,135.18,Warranty,False
10952,245325,20240706,1121,54,5,2,214.73,Warranty,True
10953,245340,20240720,1798,51,5,1,182.99,Damaged,False
10954,245429,20240801,1544,79,5,4,1814.54,Changed mind,True
10955,245414,20240710,1317,71,5,1,327.44,Warranty,True
10956,245425,20240719,1267,65,5,1,39.19,Late delivery,False
10957,245431,20240622,1339,66,5,3,336.58,Late delivery,True
10958,245530,20240622,443,23,6,2,112.85,Changed mind,True
10959,245540,20240628,242,31,6,1,95.84,Late delivery,True
10960,245555,20240715,683,19,6,2,129.88,Changed mind,True
10961,245506,20240707,1989,33,6,2,161.23,Wrong size,True
10962,245522,20240722,1717,32,6,1,19.92,Wrong size,True
10963,245492,20240708,1681,22,6,2,115.59,Damaged,False
10964,245512,20240710,188,25,6,3,286.64,Damaged,False
10965,245608,20240708,1163,24,6,1,27.92,Wrong size,True
10966,245558,20240708,1302,21,6,2,144.81,Warranty,False
10967,245647,20240626,268,41,6,2,524.94,Changed mind,True
10968,245638,20240629,947,45,6,1,120.26,Damaged,False
10969,245688,20240629,123,56,6,3,509.7,Wrong size,True
10970,245674,20240720,1848,56,6,1,197.41,Late delivery,True
10971,245691,20240804,1600,55,6,1,248.1,Changed mind,True
10972,245764,20240730,930,79,6,10,3810.26,Changed mind,True
10973,245801,20240622,1658,61,6,6,1939.36,Other,True
10974,245738,20240709,1456,66,6,1,299.6,Other,True
10975,245797,20240721,1670,57,6,1,264.25,Changed mind,True
10976,245905,20240621,889,28,7,1,40.14,Changed mind,True
10977,245952,20240801,206,16,7,2,160.15,Wrong size,True
10978,245920,20240618,1623,16,7,4,424.47,Damaged,False
10979,245888,20240623,1054,16,7,1,17.91,Damaged,False
10980,245913,20240713,120,28,7,2,56.46,Damaged,False
10981,246048,20240815,84,41,7,2,509.22,Wrong size,True
10982,246211,20240711,258,47,7,3,292.98,Damaged,False
10983,246174,20240627,2,48,7,4,567.59,Warranty,False
10984,246085,20240802,1995,45,7,1,137.6,Wrong size,True
10985,246142,20240712,870,43,7,1,130.77,Changed mind,True
10986,246020,20240715,619,48,7,2,388.32,Changed mind,True
10987,246026,20240715,392,49,7,1,87.09,Other,True
10988,246043,20240730,1322,35,7,3,222.81,Changed mind,True
10989,245982,20240821,1766,55,7,2,593.57,Wrong size,True
10990,246084,20240714,319,45,7,1,133.65,Late delivery,True
10991,246147,20240709,1382,46,7,1,209.41,Wrong size,True
10992,246112,20240728,1121,37,7,1,99.99,Wrong size,True
10993,246151,20240727,1168,43,7,1,159.72,Late delivery,True
10994,246256,20240804,1320,62,7,1,109.34,Changed mind,True
10995,246272,20240721,1531,60,7,1,479.95,Wrong size,True
10996,246249,20240708,807,72,7,1,261.07,Wrong size,True
10997,246282,20240808,1513,68,7,1,130.65,Damaged,False
10998,246225,20240711,1120,58,7,1,417.48,Late delivery,False
10999,246307,20240717,1277,89,7,1,38.86,Damaged,False
11000,246320,20240707,1954,95,7,1,374.15,Warranty,False
11001,246331,20240728,1570,104,7,2,823.01,Warranty,False
11002,246499,20240610,1227,31,8,6,591.93,Changed mind,True
11003,246432,20240714,1136,14,8,3,272.36,Wrong size,True
11004,246543,20240728,410,24,8,2,77.78,Wrong size,True
11005,246406,20240704,401,32,8,1,24.51,Changed mind,True
11006,246501,20240617,208,15,8,1,13.75,Late delivery,True
11007,246358,20240720,847,27,8,1,70.15,Changed mind,True
11008,246478,20240711,1515,25,8,1,90.68,Wrong size,True
11009,246385,20240717,849,13,8,2,24.38,Late delivery,True
11010,246668,20240702,1207,54,8,3,271.51,Damaged,False
11011,246656,20240719,1047,56,8,1,135.19,Changed mind,True
11012,246601,20240629,1609,47,8,4,358.02,Wrong size,True
11013,246605,20240714,513,47,8,1,217.57,Other,True
11014,246698,20240805,1596,46,8,1,232.32,Wrong size,True
11015,246583,20240707,1696,55,8,4,1278.5,Wrong size,True
11016,246662,20240704,1946,42,8,3,329.26,Wrong size,True
11017,246691,20240627,982,38,8,1,182.74,Changed mind,True
11018,246651,20240704,66,46,8,1,204.13,Wrong size,True
11019,246623,20240706,1908,51,8,3,733.0,Changed mind,True
11020,246702,20240728,1078,48,8,4,492.69,Wrong size,True
11021,246616,20240704,408,47,8,3,266.26,Other,True
11022,246590,20240709,1077,48,8,1,167.3,Changed mind,True
11023,246775,20240715,1797,62,8,1,134.72,Warranty,False
11024,246716,20240709,1253,71,8,4,1799.41,Wrong size,False
11025,246750,20240629,554,58,8,2,424.87,Changed mind,True
11026,246806,20240724,611,73,8,3,393.59,Damaged,False
11027,246962,20240724,340,13,9,1,15.36,Changed mind,True
11028,246893,20240706,1024,25,9,3,232.96,Changed mind,True
11029,246949,20240718,355,13,9,2,24.68,Damaged,False
11030,246993,20240816,659,56,9,1,153.19,Wrong size,False
11031,247024,20240724,1891,38,9,2,413.21,Warranty,False
11032,247096,20240716,828,40,9,1,300.92,Damaged,False
11033,247128,20240717,1847,45,9,3,396.92,Wrong size,True
11034,247003,20240628,1777,55,9,1,297.07,Changed mind,True
11035,247100,20240801,1864,43,9,4,549.38,Warranty,False
11036,247111,20240805,636,37,9,8,779.4,Wrong size,True
11037,247021,20240618,1230,40,9,1,271.71,Other,True
11038,247121,20240704,1461,39,9,2,221.14,Changed mind,True
11039,246979,20240813,1529,52,9,5,216.7,Other,True
11040,246971,20240626,292,45,9,1,165.4,Changed mind,True
11041,247001,20240624,552,43,9,1,110.14,Late delivery,True
11042,246986,20240712,1501,35,9,2,133.41,Wrong size,True
11043,247050,20240704,1014,56,9,1,147.36,Wrong size,True
11044,246974,20240620,1590,43,9,1,130.81,Late delivery,True
11045,247104,20240716,1752,38,9,3,541.44,Other,True
11046,247009,20240710,1858,47,9,1,89.74,Changed mind,True
11047,247163,20240808,683,54,9,2,189.75,Wrong size,True
11048,247188,20240808,1236,60,9,1,554.56,Wrong size,True
11049,247246,20240709,1008,65,9,1,47.88,Damaged,False
11050,247228,20240622,1533,60,9,3,1420.46,Changed mind,True
11051,247241,20240708,511,75,9,1,322.05,Other,True
11052,247194,20240727,871,64,9,1,137.1,Warranty,True
11053,247180,20240711,1971,62,9,3,417.89,Other,True
11054,247421,20240801,1400,24,10,2,82.28,Changed mind,True
11055,247324,20240719,1958,29,10,3,404.97,Late delivery,True
11056,247440,20240618,1513,26,10,1,15.27,Late delivery,False
11057,247537,20240630,1387,17,10,1,98.59,Damaged,False
11058,247436,20240713,1998,14,10,1,74.7,Warranty,False
11059,247490,20240720,1959,19,10,5,402.07,Changed mind,True
11060,247709,20240715,616,37,10,1,83.9,Wrong size,True
11061,247701,20240625,1504,55,10,3,782.34,Wrong size,True
11062,247602,20240711,1405,48,10,1,154.39,Changed mind,True
11063,247606,20240803,1801,48,10,1,167.94,Wrong size,True
11064,247551,20240720,1583,43,10,1,147.96,Wrong size,True
11065,247698,20240803,137,53,10,1,183.67,Warranty,False
11066,247769,20240628,1910,46,10,1,171.73,Changed mind,True
11067,247677,20240722,333,46,10,1,193.48,Wrong size,True
11068,247813,20240705,1158,54,10,1,92.23,Wrong size,True
11069,247632,20240721,952,56,10,1,164.5,Changed mind,True
11070,247691,20240701,1948,50,10,7,999.74,Wrong size,True
11071,247755,20240701,1698,51,10,4,784.63,Damaged,False
11072,247589,20240705,331,53,10,1,153.95,Wrong size,True
11073,247774,20240806,1904,47,10,2,202.58,Warranty,True
11074,247623,20240729,1212,44,10,5,1331.45,Changed mind,True
11075,247678,20240711,1474,46,10,1,192.85,Wrong size,True
11076,247791,20240722,762,46,10,10,2008.13,Warranty,True
11077,247704,20240710,1630,48,10,1,166.19,Warranty,True
11078,247561,20240705,1056,40,10,1,230.87,Other,True
11079,247573,20240709,47,38,10,1,196.35,Changed mind,True
11080,247587,20240709,676,40,10,1,80.17,Late delivery,True
11081,247625,20240710,989,53,10,2,316.22,Wrong size,True
11082,247544,20240725,1720,42,10,2,233.77,Wrong size,True
11083,247558,20240723,1166,46,10,3,749.82,Late delivery,True
11084,247555,20240712,1977,39,10,2,239.77,Changed mind,True
11085,247718,20240802,548,48,10,2,330.32,Changed mind,False
11086,247737,20240720,1505,44,10,4,1058.57,Wrong size,True
11087,247646,20240704,610,53,10,1,184.81,Wrong size,True
11088,247799,20240813,349,39,10,1,150.97,Changed mind,True
11089,247629,20240723,1822,52,10,3,148.58,Wrong size,True
11090,247847,20240626,1850,63,10,8,1687.36,Changed mind,True
11091,247844,20240816,1972,60,10,1,491.85,Late delivery,True
11092,247817,20240722,1895,63,10,5,1301.84,Changed mind,True
11093,247901,20240629,1690,82,10,1,496.22,Changed mind,True
11094,247947,20240728,1726,95,10,1,342.11,Damaged,False
11095,247912,20240803,1235,100,10,2,1041.57,Changed mind,True
11096,247937,20240620,510,100,10,1,915.33,Late delivery,True
11097,248032,20240731,443,28,11,1,35.36,Wrong size,False
11098,248072,20240629,1250,17,11,2,162.9,Changed mind,True
11099,248170,20240709,601,32,11,6,171.11,Other,True
11100,248020,20240728,1611,34,11,2,105.77,Changed mind,True
11101,248028,20240808,1050,24,11,2,61.57,Late delivery,True
11102,248045,20240704,1721,29,11,1,131.65,Wrong size,True
11103,247992,20240816,1065,31,11,2,156.78,Wrong size,True
11104,248041,20240815,707,16,11,6,548.81,Late delivery,True
11105,248114,20240807,1900,20,11,2,288.54,Changed mind,True
11106,248057,20240803,1418,16,11,4,408.72,Late delivery,False
11107,248130,20240812,1086,19,11,1,66.98,Changed mind,True
11108,248139,20240719,1058,24,11,1,35.81,Late delivery,False
11109,247963,20240726,53,19,11,1,75.46,Changed mind,True
11110,248037,20240725,1099,32,11,1,28.01,Warranty,False
11111,248212,20240803,1789,39,11,1,133.1,Wrong size,True
11112,248294,20240706,602,35,11,3,211.33,Changed mind,True
11113,248252,20240629,868,47,11,11,967.65,Warranty,False
11114,248247,20240709,309,52,11,1,58.86,Wrong size,True
11115,248364,20240713,708,54,11,1,98.44,Wrong size,True
11116,248341,20240724,1729,36,11,3,595.38,Wrong size,True
11117,248324,20240630,1539,40,11,1,238.57,Wrong size,True
11118,248257,20240706,1117,48,11,2,295.82,Wrong size,True
11119,248293,20240704,1226,39,11,2,275.61,Warranty,False
11120,248338,20240804,1770,48,11,1,156.34,Damaged,False
11121,248273,20240717,81,47,11,1,91.57,Wrong size,True
11122,248414,20240719,356,65,11,1,32.51,Changed mind,True
11123,248388,20240808,1939,74,11,3,538.28,Changed mind,True
11124,248470,20240701,913,91,11,1,581.33,Wrong size,True
11125,248517,20240624,1487,107,11,1,569.42,Late delivery,True
11126,248592,20240708,711,24,12,1,42.12,Warranty,True
11127,248599,20240810,1004,22,12,2,158.83,Changed mind,True
11128,248524,20240731,49,21,12,1,88.55,Damaged,False
11129,248533,20240715,1319,25,12,2,153.11,Late delivery,True
11130,248541,20240716,1637,33,12,4,267.63,Changed mind,True
11131,248610,20240804,874,54,12,2,276.2,Wrong size,True
11132,248645,20240725,877,53,12,1,189.87,Late delivery,True
11133,248639,20240709,1917,55,12,5,754.6,Damaged,False
11134,248696,20240811,1831,43,12,1,146.52,Wrong size,True
11135,248622,20240713,1852,46,12,3,491.37,Late delivery,True
11136,248771,20240804,1338,93,12,1,161.49,Changed mind,True
11137,248811,20240706,415,103,12,2,1102.22,Wrong size,True
11138,248806,20240803,467,97,12,3,2496.17,Late delivery,True
11139,249049,20240727,922,29,1,1,144.39,Wrong size,True
11140,249025,20240907,676,18,1,1,102.68,Wrong size,True
11141,248887,20240806,1473,13,1,2,261.35,Wrong size,False
11142,248968,20240821,214,31,1,3,211.69,Wrong size,True
11143,248961,20240905,823,22,1,2,209.66,Changed mind,False
11144,248948,20240817,82,29,1,1,139.38,Wrong size,True
11145,249045,20240715,1690,19,1,2,125.01,Warranty,False
11146,248980,20240819,969,15,1,2,32.99,Warranty,False
11147,248922,20240905,623,20,1,1,146.49,Warranty,False
11148,248942,20240819,1142,26,1,12,1130.7,Changed mind,True
11149,248981,20240811,1806,34,1,2,98.67,Warranty,True
11150,248841,20240806,1447,30,1,1,58.47,Other,True
11151,249174,20240801,1424,48,1,2,305.24,Wrong size,True
11152,249102,20240812,1723,48,1,1,173.8,Wrong size,True
11153,249177,20240717,1327,55,1,1,315.06,Wrong size,True
11154,249124,20240823,223,55,1,6,1703.31,Wrong size,True
11155,249172,20240905,624,40,1,1,216.8,Damaged,False
11156,249080,20240911,870,55,1,8,2500.16,Late delivery,True
11157,249111,20240805,1713,51,1,1,209.26,Wrong size,True
11158,249185,20240827,1970,52,1,4,194.37,Wrong size,True
11159,249175,20240805,143,38,1,2,460.73,Warranty,True
11160,249205,20240817,1390,62,1,1,158.96,Late delivery,False
11161,249230,20240907,433,58,1,5,181.73,Changed mind,True
11162,249210,20240816,686,69,1,2,591.06,Other,False
11163,249300,20240731,1855,87,1,2,317.39,Changed mind,True
11164,249267,20240812,890,88,1,1,122.72,Changed mind,True
11165,249326,20240820,426,99,1,1,586.27,Changed mind,True
11166,249385,20240801,416,27,2,4,342.11,Changed mind,True
11167,249412,20240812,1473,16,2,3,252.38,Other,True
11168,249386,20240813,1459,22,2,1,90.26,Wrong size,True
11169,249407,20240831,426,24,2,2,65.36,Other,True
11170,249423,20240827,149,20,2,1,154.46,Damaged,False
11171,249428,20240731,1612,25,2,1,107.09,Changed mind,False
11172,249497,20240814,326,54,2,6,469.02,Wrong size,True
11173,249458,20240808,1993,44,2,2,555.14,Wrong size,False
11174,249559,20240812,1599,35,2,1,71.58,Late delivery,True
11175,249638,20240813,583,50,2,5,902.42,Late delivery,True
11176,249622,20240904,345,47,2,2,220.11,Damaged,False
11177,249583,20240817,338,44,2,1,222.78,Damaged,False
11178,249509,20240725,1282,47,2,2,188.9,Changed mind,True
11179,249629,20240831,1027,48,2,2,256.81,Other,False
11180,249481,20240716,1065,56,2,1,217.65,Warranty,False
11181,249655,20240807,1546,56,2,1,149.07,Changed mind,True
11182,249525,20240804,1645,43,2,1,158.71,Changed mind,True
11183,249455,20240830,917,56,2,1,180.09,Wrong size,True
11184,249522,20240903,795,45,2,11,1471.38,Damaged,False
11185,249441,20240910,1884,36,2,1,208.46,Wrong size,True
11186,249512,20240909,904,36,2,4,771.36,Changed mind,True
11187,249571,20240820,1463,46,2,1,196.01,Wrong size,False
11188,249562,20240727,1307,55,2,1,314.13,Wrong size,True
11189,249557,20240823,369,45,2,1,126.36,Wrong size,True
11190,249634,20240815,1599,48,2,1,155.26,Wrong size,True
11191,249568,20240823,1746,50,2,3,500.51,Wrong size,True
11192,249500,20240724,532,50,2,1,222.98,Other,False
11193,249633,20240814,688,50,2,3,562.75,Damaged,False
11194,249494,20240805,920,36,2,2,357.0,Wrong size,True
11195,249650,20240721,978,52,2,2,259.95,Wrong size,True
11196,249437,20240824,918,49,2,1,76.67,Wrong size,False
11197,249570,20240830,1541,42,2,1,114.26,Warranty,False
11198,249814,20240804,1656,77,2,2,406.21,Wrong size,True
11199,249831,20240824,498,80,2,1,163.2,Changed mind,False
11200,249875,20240825,1247,79,2,1,189.47,Warranty,False
11201,249721,20240826,1612,76,2,1,246.73,Changed mind,True
11202,249784,20240731,1037,76,2,4,638.01,Changed mind,True
11203,249718,20240910,1675,67,2,3,467.5,Warranty,False
11204,249715,20240725,738,57,2,3,755.59,Other,True
11205,249725,20240803,1468,58,2,3,1033.33,Wrong size,True
11206,249742,20240828,957,74,2,3,552.85,Changed mind,True
11207,249698,20240809,1567,57,2,1,312.22,Warranty,True
11208,249893,20240819,1315,97,2,1,564.93,Changed mind,True
11209,249889,20240827,102,100,2,1,152.43,Late delivery,True
11210,249906,20240902,917,103,2,2,1026.03,Changed mind,True
11211,249932,20240819,1163,33,3,1,106.58,Warranty,False
11212,250021,20240721,1099,26,3,1,13.53,Damaged,False
11213,250124,20240901,1844,24,3,1,39.79,Damaged,False
11214,250288,20240907,1947,32,3,4,74.54,Late delivery,True
11215,249976,20240821,1081,22,3,3,255.1,Damaged,False
11216,250139,20240831,1121,23,3,2,225.05,Other,True
11217,249927,20240803,165,25,3,1,97.91,Warranty,True
11218,249982,20240910,963,18,3,1,85.76,Wrong size,True
11219,250095,20240810,112,18,3,1,74.8,Changed mind,True
11220,250039,20240809,448,15,3,1,20.61,Damaged,False
11221,250284,20240829,322,22,3,1,99.26,Other,True
11222,250147,20240906,352,29,3,2,197.26,Wrong size,True
11223,250112,20240821,1528,17,3,1,89.34,Other,False
11224,250208,20240725,1564,16,3,2,212.95,Changed mind,True
11225,250237,20240814,213,16,3,3,165.17,Changed mind,True
11226,250217,20240908,713,19,3,1,62.53,Warranty,False
11227,250249,20240812,124,17,3,1,72.45,Damaged,False
11228,250281,20240910,1105,14,3,2,178.16,Changed mind,True
11229,249930,20240804,1204,15,3,1,15.91,Changed mind,True
11230,250125,20240818,1455,30,3,1,54.17,Warranty,True
11231,250091,20240717,1901,29,3,2,227.21,Changed mind,True
11232,250154,20240723,374,34,3,1,52.97,Changed mind,True
11233,250165,20240809,679,25,3,3,190.52,Changed mind,True
11234,250264,20240910,311,29,3,1,119.48,Other,False
11235,250098,20240818,1081,26,3,7,604.5,Late delivery,True
11236,250588,20240812,885,48,3,1,131.61,Damaged,False
11237,250353,20240829,1826,36,3,1,176.44,Wrong size,True
11238,250527,20240827,1101,44,3,1,189.93,Wrong size,True
11239,250447,20240809,1893,43,3,1,149.54,Changed mind,True
11240,250672,20240801,329,45,3,7,932.93,Wrong size,True
11241,250678,20240817,285,40,3,1,295.92,Changed mind,True
11242,250466,20240902,465,56,3,4,616.03,Damaged,False
11243,250416,20240911,345,39,3,2,231.3,Changed mind,True
11244,250532,20240823,1956,52,3,1,75.56,Late delivery,True
11245,250446,20240812,1660,50,3,1,172.75,Other,True
11246,250394,20240810,311,42,3,3,445.15,Changed mind,True
11247,250356,20240815,1699,45,3,1,163.26,Damaged,False
11248,250361,20240824,1465,48,3,1,158.56,Wrong size,False
11249,250553,20240830,30,41,3,1,245.09,Changed mind,True
11250,250367,20240911,1289,48,3,4,532.48,Changed mind,True
11251,250684,20240902,1777,43,3,1,162.24,Warranty,True
11252,250442,20240823,1164,35,3,1,83.16,Changed mind,True
11253,250369,20240810,495,54,3,9,848.58,Late delivery,True
11254,250351,20240725,754,44,3,1,230.07,Warranty,False
11255,250620,20240820,572,35,3,2,149.0,Wrong size,True
11256,250547,20240803,84,39,3,2,210.46,Late delivery,True
11257,250418,20240823,534,45,3,1,119.72,Wrong size,True
11258,250558,20240713,93,51,3,1,217.96,Damaged,False
11259,250582,20240819,1009,43,3,1,146.39,Wrong size,True
11260,250561,20240904,752,53,3,1,219.26,Changed mind,True
11261,250703,20240819,863,65,3,5,901.35,Late delivery,False
11262,250715,20240723,481,91,3,1,388.83,Damaged,False
11263,250744,20240811,1986,97,3,10,7353.09,Changed mind,True
11264,250852,20240905,1665,25,4,2,213.98,Other,True
11265,250845,20240913,781,13,4,1,12.46,Changed mind,False
11266,250839,20240831,1595,31,4,1,92.81,Changed mind,True
11267,250832,20240821,1672,14,4,1,86.25,Changed mind,True
11268,250841,20240727,726,33,4,3,184.15,Other,True
11269,250809,20240810,1406,15,4,1,19.41,Wrong size,True
11270,250847,20240727,1267,28,4,5,152.11,Other,True
11271,250860,20240902,1057,51,4,1,214.83,Damaged,False
11272,250985,20240823,1139,43,4,1,150.31,Wrong size,True
11273,250972,20240815,591,50,4,1,136.32,Warranty,False
11274,250987,20240815,1249,36,4,1,197.99,Wrong size,True
11275,250934,20240825,1987,38,4,1,183.69,Wrong size,True
11276,250883,20240724,1998,45,4,5,763.73,Changed mind,True
11277,251133,20240828,1514,62,4,1,157.62,Other,True
11278,251029,20240810,85,58,4,2,683.04,Changed mind,True
11279,251047,20240902,1459,65,4,1,51.78,Warranty,False
11280,251103,20240816,1204,60,4,1,392.74,Changed mind,True
11281,251074,20240728,1263,68,4,3,750.06,Other,True
11282,251128,20240728,470,67,4,1,156.77,Other,True
11283,251148,20240824,54,68,4,1,101.68,Warranty,True
11284,251187,20240824,1731,83,4,5,2747.09,Wrong size,False
11285,251218,20240819,1648,3,5,1,2346.41,Changed mind,False
11286,251357,20240801,987,17,5,3,191.03,Wrong size,True
11287,251291,20240818,1851,25,5,2,199.35,Wrong size,False
11288,251366,20240721,1408,24,5,3,96.56,Other,True
11289,251833,20240909,949,20,5,2,233.46,Late delivery,True
11290,251346,20240801,1863,16,5,1,90.05,Changed mind,True
11291,251798,20240721,1725,20,5,3,387.46,Damaged,False
11292,251829,20240807,1063,30,5,2,111.93,Changed mind,False
11293,251720,20240805,774,13,5,5,66.45,Changed mind,True
11294,251451,20240816,519,25,5,1,108.84,Damaged,False
11295,251338,20240821,1871,26,5,3,44.09,Other,True
11296,251247,20240817,360,26,5,4,48.1,Changed mind,True
11297,251500,20240828,1722,30,5,1,48.09,Late delivery,True
11298,251455,20240905,901,25,5,2,236.56,Wrong size,True
11299,251775,20240813,1328,29,5,1,108.99,Damaged,False
11300,251579,20240817,1008,34,5,1,50.7,Wrong size,True
11301,251449,20240826,1749,28,5,1,33.69,Damaged,False
11302,251607,20240814,1853,20,5,1,126.01,Wrong size,True
11303,251547,20240721,1207,30,5,3,138.0,Wrong size,True
11304,251712,20240811,1677,21,5,1,81.39,Warranty,True
11305,251526,20240831,1147,32,5,8,152.23,Wrong size,True
11306,251529,20240912,1328,21,5,3,216.5,Changed mind,True
11307,251413,20240728,1706,21,5,1,79.5,Wrong size,True
11308,251627,20240919,731,34,5,2,146.82,Late delivery,True
11309,251737,20240804,74,21,5,2,166.14,Wrong size,True
11310,251517,20240730,1987,22,5,1,103.26,Warranty,False
11311,251442,20240917,32,28,5,4,161.82,Changed mind,True
11312,251774,20240821,1014,20,5,3,410.83,Changed mind,True
11313,251901,20240906,1663,39,5,1,128.02,Changed mind,False
11314,251848,20240723,856,35,5,4,308.56,Warranty,False
11315,251914,20240730,439,42,5,1,206.7,Damaged,False
11316,251942,20240819,155,51,5,2,389.98,Wrong size,True
11317,251865,20240816,529,45,5,1,145.72,Changed mind,True
11318,251947,20240722,311,47,5,1,67.0,Changed mind,True
11319,251854,20240829,1669,56,5,1,155.49,Wrong size,True
11320,251936,20240902,1050,45,5,1,176.26,Warranty,True
11321,251945,20240810,570,48,5,1,160.0,Late delivery,True
11322,251946,20240802,1041,53,5,1,140.49,Changed mind,True
11323,251878,20240816,1730,36,5,1,169.12,Wrong size,True
11324,251904,20240824,505,56,5,1,144.58,Late delivery,True
11325,251876,20240812,618,37,5,1,78.72,Wrong size,True
11326,251868,20240830,1488,55,5,1,290.44,Other,True
11327,251910,20240811,1773,52,5,1,219.21,Wrong size,True
11328,251871,20240716,320,45,5,1,165.88,Warranty,False
11329,251996,20240721,1113,64,5,1,129.71,Changed mind,True
11330,251969,20240914,1835,66,5,1,83.25,Wrong size,True
11331,252028,20240829,793,94,5,2,807.49,Damaged,False
11332,252073,20240907,517,32,6,2,37.23,Changed mind,True
11333,252078,20240901,451,29,6,1,133.22,Damaged,False
11334,252052,20240803,1016,18,6,2,156.09,Warranty,False
11335,252086,20240817,325,23,6,4,234.14,Wrong size,False
11336,252158,20240806,1439,19,6,3,241.36,Warranty,False
11337,252208,20240731,722,52,6,1,72.64,Late delivery,False
11338,252229,20240812,1196,49,6,1,79.52,Other,True
11339,252225,20240907,460,51,6,1,244.66,Late delivery,True
11340,252195,20240725,1499,40,6,1,258.54,Wrong size,True
11341,252201,20240802,994,50,6,1,184.46,Wrong size,True
11342,252161,20240731,523,50,6,1,193.75,Other,True
11343,252277,20240813,1666,65,6,1,45.47,Warranty,False
11344,252864,20240720,604,15,7,2,37.1,Damaged,False
11345,252517,20240809,977,17,7,1,68.86,Changed mind,False
11346,252367,20240724,1142,20,7,1,105.84,Changed mind,True
11347,252561,20240802,1669,30,7,1,50.46,Changed mind,True
11348,252420,20240901,139,34,7,1,50.27,Damaged,False
11349,252395,20240801,495,22,7,2,191.11,Warranty,True
11350,252464,20240727,1645,27,7,1,74.91,Damaged,False
11351,252598,20240815,1421,15,7,1,18.54,Changed mind,True
11352,252376,20240827,416,26,7,1,15.87,Late delivery,True
11353,252797,20240731,774,24,7,2,21.43,Warranty,True
11354,252422,20240907,1281,32,7,7,181.14,Changed mind,True
11355,252450,20240730,1118,20,7,3,412.4,Warranty,False
11356,252794,20240801,566,28,7,6,248.01,Wrong size,True
11357,252641,20240807,808,22,7,1,90.1,Changed mind,True
11358,252350,20240824,604,32,7,1,17.43,Damaged,False
11359,252530,20240822,127,14,7,1,100.97,Changed mind,True
11360,252656,20240801,1324,16,7,3,60.53,Changed mind,True
11361,252514,20240918,1991,15,7,1,19.73,Late delivery,True
11362,252664,20240910,214,16,7,3,373.64,Changed mind,True
11363,252638,20240809,748,16,7,1,109.45,Other,True
11364,252558,20240801,1496,30,7,4,387.88,Damaged,False
11365,252637,20240813,1424,19,7,1,77.66,Changed mind,True
11366,252516,20240821,1506,33,7,1,29.12,Wrong size,True
11367,252533,20240905,1523,23,7,1,58.16,Warranty,False
11368,252661,20240719,1421,18,7,1,16.57,Damaged,False
11369,252917,20240831,801,24,7,1,32.3,Warranty,False
11370,252758,20240902,470,26,7,2,25.76,Wrong size,True
11371,252945,20240913,686,46,7,1,198.25,Damaged,False
11372,252969,20240810,1035,44,7,1,233.81,Wrong size,True
11373,253121,20240717,1067,51,7,2,471.61,Wrong size,True
11374,253075,20240905,1467,53,7,1,162.99,Changed mind,True
11375,252962,20240910,1625,39,7,1,106.95,Wrong size,True
11376,253041,20240825,642,54,7,1,103.24,Changed mind,True
11377,253035,20240728,515,42,7,1,282.31,Damaged,False
11378,253081,20240813,1531,48,7,2,333.74,Changed mind,True
11379,253125,20240807,3,36,7,1,170.14,Changed mind,True
11380,252981,20240730,1498,48,7,1,164.24,Other,True
11381,253007,20240815,1415,43,7,1,161.72,Late delivery,True
11382,252935,20240820,212,52,7,1,49.49,Other,True
11383,253096,20240729,1919,40,7,2,430.55,Wrong size,True
11384,252946,20240728,190,52,7,1,49.52,Wrong size,True
11385,253225,20240820,515,100,7,2,1652.0,Damaged,False
11386,253263,20240817,757,24,8,2,74.14,Late delivery,True
11387,253294,20240825,974,26,8,1,15.15,Wrong size,True
11388,253376,20240803,1986,35,8,1,84.29,Wrong size,True
11389,253398,20240825,1786,49,8,4,261.26,Wrong size,True
11390,253427,20240715,1314,35,8,1,87.06,Changed mind,False
11391,253382,20240807,660,35,8,1,68.76,Wrong size,True
11392,253426,20240731,336,50,8,2,401.45,Changed mind,False
11393,253337,20240818,561,48,8,3,487.25,Changed mind,False
11394,253397,20240917,972,49,8,2,138.2,Warranty,True
11395,253335,20240818,556,50,8,1,190.46,Wrong size,True
11396,253560,20240814,1973,73,8,1,236.75,Other,True
11397,253540,20240826,1044,68,8,1,127.55,Warranty,False
11398,253567,20240903,1815,71,8,1,299.42,Changed mind,True
11399,253516,20240830,499,64,8,2,342.16,Wrong size,True
11400,253663,20240814,1809,15,9,1,19.32,Changed mind,True
11401,253696,20240829,1441,23,9,1,50.8,Other,False
11402,253684,20240915,836,23,9,1,72.5,Wrong size,True
11403,253706,20240815,1321,26,9,3,37.23,Wrong size,False
11404,253667,20240727,1661,19,9,3,204.67,Damaged,False
11405,253738,20240821,435,45,9,1,127.53,Wrong size,True
11406,253732,20240810,1742,54,9,1,106.67,Wrong size,True
11407,253785,20240809,149,62,9,1,131.45,Damaged,False
11408,253791,20240816,875,67,9,1,182.07,Late delivery,True
11409,253773,20240819,1489,62,9,1,155.91,Damaged,False
11410,253756,20240821,76,67,9,1,203.9,Late delivery,True
11411,253806,20240808,1815,89,9,1,154.62,Other,True
11412,253837,20240801,907,106,9,1,820.65,Wrong size,True
11413,253842,20240724,572,97,9,1,589.05,Wrong size,True
11414,253845,20240826,1923,104,9,1,407.56,Warranty,False
11415,253908,20240817,358,32,10,1,21.73,Damaged,False
11416,253957,20240721,1720,24,10,5,169.52,Changed mind,True
11417,254021,20240807,343,13,10,1,28.59,Late delivery,True
11418,253968,20240722,1856,29,10,1,143.29,Wrong size,False
11419,253913,20240807,669,30,10,1,54.06,Late delivery,True
11420,254022,20240820,553,23,10,1,49.2,Changed mind,True
11421,254067,20240730,804,50,10,1,185.17,Damaged,False
11422,254039,20240819,1467,39,10,2,247.39,Damaged,False
11423,254048,20240823,1941,56,10,2,360.82,Changed mind,True
11424,254109,20240802,742,69,10,1,267.47,Damaged,False
11425,254145,20240823,1549,59,10,1,53.46,Damaged,False
11426,254101,20240824,244,69,10,5,1437.14,Warranty,False
11427,254072,20240723,1179,72,10,1,266.12,Wrong size,True
11428,254127,20240819,183,78,10,1,179.82,Wrong size,True
11429,254151,20240729,793,58,10,1,331.12,Changed mind,True
11430,254248,20240727,1031,98,10,6,996.84,Damaged,False
11431,254279,20240827,1979,108,10,1,561.72,Other,True
11432,254397,20240807,234,26,11,1,12.12,Late delivery,True
11433,254311,20240820,1734,16,11,1,71.74,Other,True
11434,254416,20240803,853,34,11,4,457.25,Warranty,False
11435,254378,20240813,1610,24,11,1,35.21,Damaged,False
11436,254306,20240719,1264,15,11,2,39.92,Changed mind,True
11437,254329,20240823,1371,15,11,2,59.1,Changed mind,True
11438,254402,20240903,373,16,11,1,113.57,Damaged,False
11439,254362,20240901,513,31,11,1,88.32,Changed mind,True
11440,254360,20240812,269,22,11,4,454.72,Changed mind,True
11441,254440,20240814,422,46,11,1,175.05,Changed mind,True
11442,254452,20240919,1976,40,11,2,533.29,Changed mind,True
11443,254421,20240829,37,44,11,2,429.45,Changed mind,True
11444,254463,20240824,1826,46,11,1,221.78,Late delivery,True
11445,254446,20240907,1764,40,11,5,1094.75,Wrong size,True
11446,254464,20240821,1207,47,11,2,210.14,Changed mind,True
11447,254612,20240814,364,66,11,1,80.33,Warranty,False
11448,254581,20240825,816,62,11,1,124.52,Wrong size,True
11449,254533,20240805,865,65,11,1,44.9,Changed mind,True
11450,254551,20240730,1841,57,11,1,250.68,Wrong size,True
11451,254554,20240802,1805,66,11,2,222.21,Wrong size,True
11452,254619,20240711,788,88,11,1,129.15,Wrong size,True
11453,254647,20240731,1274,101,11,1,461.39,Damaged,False
11454,254676,20240731,751,97,11,1,397.63,Wrong size,True
11455,254671,20240822,577,96,11,1,610.84,Warranty,True
11456,254690,20240912,290,12,12,1,3469.66,Late delivery,True
11457,254740,20240823,714,31,12,1,87.18,Late delivery,True
11458,254720,20240828,257,16,12,1,98.34,Damaged,False
11459,254828,20240904,715,27,12,13,1064.88,Wrong size,True
11460,254716,20240722,234,31,12,2,180.42,Changed mind,True
11461,254708,20240825,1066,29,12,1,110.27,Wrong size,True
11462,254803,20240718,1240,30,12,1,101.75,Late delivery,True
11463,254756,20240715,262,30,12,1,46.83,Other,True
11464,254767,20240815,1385,18,12,7,598.02,Changed mind,True
11465,254715,20240810,695,13,12,3,31.26,Wrong size,True
11466,255008,20240711,418,36,12,2,305.25,Other,True
11467,255105,20240904,402,46,12,3,502.61,Damaged,False
11468,255095,20240717,944,50,12,1,166.46,Wrong size,False
11469,255130,20240904,1549,53,12,1,198.1,Wrong size,True
11470,255001,20240722,1512,52,12,1,63.41,Wrong size,True
11471,254883,20240719,1539,54,12,1,96.95,Late delivery,True
11472,255116,20240820,115,41,12,6,1605.13,Changed mind,False
11473,255092,20240824,1052,53,12,4,565.85,Late delivery,True
11474,255122,20240726,1888,56,12,2,293.52,Changed mind,True
11475,255085,20240809,711,47,12,2,173.57,Changed mind,True
11476,255043,20240807,1367,43,12,3,407.91,Wrong size,True
11477,255003,20240906,400,45,12,1,111.06,Changed mind,True
11478,255033,20240812,1619,45,12,1,133.0,Wrong size,False
11479,254930,20240824,818,43,12,1,113.22,Late delivery,True
11480,254934,20240902,1561,48,12,2,375.2,Wrong size,True
11481,254966,20240809,218,36,12,2,373.41,Warranty,False
11482,254868,20240905,852,56,12,2,330.25,Late delivery,False
11483,254944,20240806,714,48,12,3,587.53,Warranty,True
11484,255010,20240802,649,37,12,1,82.41,Wrong size,False
11485,255047,20240829,1977,47,12,2,207.83,Wrong size,True
11486,254870,20240730,1982,55,12,1,295.69,Damaged,False
11487,255160,20240903,1110,76,12,1,236.42,Wrong size,True
11488,255204,20240709,249,68,12,1,115.36,Late delivery,True
11489,255217,20240823,1094,72,12,1,300.77,Changed mind,True
11490,255169,20240726,1756,76,12,1,247.64,Damaged,False
11491,255181,20240826,1141,74,12,2,389.29,Damaged,False
11492,255165,20240810,49,71,12,5,1502.05,Other,True
11493,255215,20240731,816,68,12,5,625.48,Wrong size,True
11494,255245,20240804,1423,91,12,1,490.1,Late delivery,True
11495,255287,20240813,1738,90,12,1,654.36,Late delivery,True
11496,255220,20240803,578,85,12,1,369.1,Changed mind,True
11497,255325,20240819,1415,104,12,2,1060.19,Wrong size,True
11498,255356,20240911,308,33,1,1,63.64,Warranty,False
11499,255398,20241005,1652,75,1,1,251.67,Changed mind,True
11500,255409,20240908,923,91,1,1,379.68,Wrong size,True
11501,255710,20241013,1963,27,2,1,79.99,Late delivery,True
11502,255488,20241012,894,13,2,1,10.44,Changed mind,True
11503,255813,20240929,84,28,2,2,79.93,Changed mind,True
11504,255628,20240913,1997,18,2,1,88.88,Late delivery,True
11505,255770,20240908,1733,15,2,4,68.85,Warranty,True
11506,255605,20240831,1580,23,2,1,53.27,Damaged,False
11507,255679,20240908,1768,18,2,2,159.93,Changed mind,True
11508,255616,20240908,1795,25,2,1,96.04,Wrong size,False
11509,255671,20240903,1836,16,2,2,232.88,Wrong size,True
11510,255692,20240825,124,32,2,3,80.38,Wrong size,True
11511,255738,20240905,1326,19,2,3,184.45,Other,False
11512,255562,20241005,1526,19,2,1,73.99,Changed mind,True
11513,255805,20240903,695,14,2,2,146.85,Changed mind,True
11514,255661,20240917,801,28,2,2,82.66,Changed mind,False
11515,255688,20240911,419,18,2,1,49.23,Damaged,False
11516,255515,20240928,752,34,2,1,56.93,Changed mind,True
11517,255511,20241001,313,15,2,4,85.4,Other,True
11518,255572,20240925,1686,29,2,1,90.03,Late delivery,True
11519,255602,20240913,647,18,2,3,233.5,Changed mind,True
11520,255871,20240824,1654,59,2,3,118.24,Damaged,False
11521,255963,20240822,662,77,2,3,265.14,Late delivery,False
11522,255940,20240905,1616,68,2,1,192.95,Changed mind,True
11523,255952,20240923,1615,64,2,1,148.41,Damaged,False
11524,255873,20240919,1491,65,2,2,79.1,Warranty,False
11525,256019,20240905,131,90,2,2,1200.79,Damaged,False
11526,256329,20240912,842,20,3,3,456.9,Changed mind,True
11527,256093,20240901,563,32,3,1,25.77,Late delivery,True
11528,256288,20240911,81,15,3,1,18.2,Wrong size,True
11529,256286,20240904,1686,14,3,3,117.19,Late delivery,True
11530,256350,20240906,1020,14,3,4,346.79,Damaged,False
11531,256079,20240902,202,24,3,2,63.45,Wrong size,True
11532,256075,20241010,1027,22,3,1,87.35,Late delivery,True
11533,256343,20240927,682,26,3,1,14.24,Warranty,False
11534,256276,20240911,214,22,3,5,486.54,Warranty,False
11535,256235,20240930,453,24,3,2,89.05,Other,True
11536,256151,20240924,752,28,3,3,206.75,Damaged,False
11537,256366,20240820,514,22,3,3,312.31,Wrong size,True
11538,256222,20240907,1791,19,3,1,19.4,Changed mind,True
11539,256153,20240908,1330,25,3,1,93.61,Changed mind,True
11540,256149,20240916,1563,19,3,1,60.95,Wrong size,True
11541,256111,20240916,481,15,3,5,99.71,Changed mind,True
11542,256463,20240930,452,46,3,3,527.7,Late delivery,True
11543,256437,20240915,1751,47,3,4,444.06,Warranty,False
11544,256409,20240918,650,39,3,1,133.97,Changed mind,False
11545,256473,20241008,1099,36,3,1,161.49,Changed mind,True
11546,256416,20241008,1990,36,3,1,204.18,Wrong size,True
11547,256485,20240918,1529,58,3,6,1913.02,Late delivery,False
11548,256505,20240811,657,74,3,1,332.08,Changed mind,True
11549,256489,20240819,1999,69,3,1,318.64,Damaged,False
11550,256487,20240917,988,70,3,1,148.57,Changed mind,True
11551,256534,20240929,1101,85,3,3,1207.87,Warranty,False
11552,256551,20240923,1184,81,3,3,852.87,Changed mind,True
11553,256625,20240816,1678,18,4,2,157.9,Other,True
11554,256685,20240917,390,15,4,1,23.0,Late delivery,True
11555,256645,20240903,647,21,4,1,68.08,Changed mind,True
11556,256688,20240913,751,48,4,1,152.43,Wrong size,True
11557,256735,20240903,889,50,4,2,405.23,Warranty,False
11558,256705,20240918,1761,40,4,1,264.31,Wrong size,True
11559,256767,20240828,106,38,4,2,467.38,Wrong size,True
11560,256716,20240925,927,46,4,1,218.09,Changed mind,True
11561,256713,20240814,1675,52,4,1,58.59,Late delivery,True
11562,256784,20240925,598,58,4,2,762.11,Damaged,False
11563,256861,20240904,1304,59,4,1,45.28,Damaged,False
11564,256852,20240909,1353,59,4,2,181.02,Late delivery,True
11565,256876,20240825,526,72,4,1,30.74,Wrong size,True
11566,256768,20240915,236,63,4,1,229.3,Late delivery,True
11567,256802,20240906,1905,77,4,4,335.93,Warranty,True
11568,256816,20240917,236,63,4,1,204.4,Late delivery,True
11569,256786,20240909,353,70,4,1,161.27,Wrong size,True
11570,256829,20240926,203,58,4,2,567.07,Wrong size,True
11571,256773,20240909,420,79,4,1,298.75,Warranty,True
11572,257097,20240908,379,30,5,1,60.98,Warranty,False
11573,257089,20240917,1532,13,5,2,27.01,Other,True
11574,257041,20240921,6,28,5,1,34.7,Changed mind,True
11575,257111,20240920,205,21,5,1,68.4,Late delivery,True
11576,257090,20241012,1546,21,5,1,80.78,Late delivery,True
11577,257042,20240929,400,16,5,1,103.7,Changed mind,False
11578,257106,20240918,275,16,5,1,101.16,Late delivery,True
11579,257125,20240923,1474,21,5,4,311.57,Warranty,False
11580,257220,20241009,115,40,5,9,2768.33,Other,False
11581,257197,20240923,1382,42,5,4,470.28,Damaged,False
11582,257172,20240905,1731,54,5,5,440.05,Wrong size,True
11583,257180,20241011,1331,46,5,1,175.51,Wrong size,True
11584,257258,20241005,1384,61,5,6,1755.62,Other,True
11585,257311,20240912,310,63,5,2,309.16,Changed mind,True
11586,257260,20240907,1613,70,5,1,211.75,Wrong size,True
11587,257291,20241007,1834,79,5,1,362.08,Changed mind,True
11588,257274,20240914,1171,62,5,2,259.33,Changed mind,False
11589,257499,20240903,1937,17,6,1,71.85,Changed mind,True
11590,257420,20240921,787,14,6,2,164.84,Damaged,False
11591,257463,20241011,1490,24,6,1,41.37,Changed mind,True
11592,257562,20240927,25,15,6,1,20.64,Late delivery,True
11593,257429,20240823,977,21,6,2,143.9,Changed mind,True
11594,257538,20240921,1930,23,6,5,249.25,Late delivery,False
11595,257401,20240906,156,31,6,7,492.25,Warranty,False
11596,257467,20241011,1095,22,6,2,196.78,Wrong size,True
11597,257501,20240816,319,16,6,1,108.91,Changed mind,True
11598,257608,20240817,505,16,6,2,159.96,Changed mind,True
11599,257444,20240917,108,19,6,1,70.54,Damaged,False
11600,257521,20240916,325,23,6,2,98.4,Changed mind,True
11601,257621,20240923,599,22,6,1,80.52,Changed mind,True
11602,257588,20240928,105,28,6,1,39.32,Wrong size,True
11603,257507,20240930,1902,26,6,1,10.72,Warranty,False
11604,257631,20240901,498,30,6,1,74.98,Changed mind,True
11605,257456,20240911,962,18,6,1,58.37,Changed mind,True
11606,257670,20240821,436,40,6,8,2680.04,Changed mind,True
11607,257736,20240827,1076,87,6,2,186.99,Damaged,False
11608,257868,20240927,1389,15,7,1,17.74,Other,True
11609,257787,20240926,1978,14,7,1,83.32,Changed mind,True
11610,257840,20241003,1072,31,7,2,170.28,Late delivery,True
11611,257947,20241011,411,20,7,2,277.82,Changed mind,True
11612,257870,20240908,1441,13,7,1,15.2,Changed mind,True
11613,257774,20240908,894,30,7,11,670.25,Damaged,False
11614,257843,20240919,912,16,7,1,85.32,Wrong size,False
11615,257777,20240922,1481,15,7,2,38.25,Wrong size,True
11616,257832,20240921,330,24,7,1,38.42,Warranty,True
11617,257944,20240915,1608,30,7,2,117.73,Warranty,False
11618,257903,20240913,627,15,7,6,114.89,Wrong size,True
11619,257890,20240821,40,22,7,1,96.79,Changed mind,True
11620,257916,20240826,657,29,7,1,131.31,Changed mind,True
11621,257839,20240913,1588,27,7,2,159.27,Changed mind,True
11622,257950,20240924,1014,19,7,1,66.16,Wrong size,True
11623,257917,20240914,926,23,7,2,93.85,Changed mind,True
11624,257778,20240821,1404,18,7,2,152.32,Changed mind,False
11625,258059,20240901,1575,40,7,1,276.27,Wrong size,True
11626,258128,20240929,1979,36,7,1,164.63,Late delivery,True
11627,258113,20240922,1188,39,7,1,137.46,Wrong size,True
11628,258106,20240922,259,52,7,1,50.24,Late delivery,False
11629,258046,20240831,49,44,7,1,219.45,Other,True
11630,258119,20240902,602,49,7,5,338.14,Wrong size,True
11631,258060,20240915,1451,38,7,1,167.4,Wrong size,False
11632,258161,20240918,1478,78,7,1,137.53,Wrong size,True
11633,258179,20240909,1899,57,7,2,626.51,Damaged,False
11634,258150,20240919,1136,64,7,1,510.22,Changed mind,False
11635,258258,20240917,1995,93,7,9,1310.43,Changed mind,True
11636,258228,20240929,1475,81,7,2,694.23,Damaged,False
11637,258232,20240829,425,81,7,1,366.51,Wrong size,True
11638,258218,20240911,174,86,7,2,586.93,Wrong size,False
11639,258401,20240920,1205,32,8,1,20.2,Damaged,False
11640,258525,20240826,1630,17,8,2,108.47,Warranty,False
11641,258499,20240829,1908,29,8,1,129.39,Changed mind,True
11642,258557,20240930,601,23,8,1,59.14,Damaged,False
11643,258460,20240914,1515,25,8,1,120.97,Changed mind,True
11644,258362,20240914,146,27,8,1,75.45,Wrong size,True
11645,258324,20240918,1517,24,8,1,41.47,Late delivery,True
11646,258487,20240929,1541,19,8,4,342.88,Warranty,True
11647,258501,20240922,34,16,8,1,104.51,Warranty,False
11648,258377,20241003,836,34,8,1,55.06,Wrong size,True
11649,258345,20241010,1216,15,8,2,286.54,Late delivery,True
11650,258371,20240905,207,18,8,1,105.1,Changed mind,True
11651,258562,20241003,134,17,8,2,170.28,Late delivery,True
11652,258663,20240917,401,55,8,1,120.41,Changed mind,True
11653,258608,20241001,611,36,8,1,192.67,Other,True
11654,258657,20240918,979,55,8,3,941.11,Wrong size,True
11655,258615,20241005,35,39,8,1,116.57,Changed mind,True
11656,258688,20240909,1872,49,8,4,293.45,Damaged,False
11657,258656,20240912,266,46,8,1,187.04,Damaged,False
11658,258679,20241008,107,43,8,10,1122.35,Wrong size,True
11659,258703,20240925,850,77,8,1,79.62,Damaged,False
11660,258709,20241004,1130,80,8,4,443.48,Wrong size,True
11661,258867,20240828,755,22,9,2,241.09,Late delivery,True
11662,258763,20240926,653,34,9,8,461.28,Wrong size,True
11663,258850,20240915,825,34,9,2,99.63,Wrong size,True
11664,258732,20240924,165,19,9,5,442.42,Wrong size,True
11665,258861,20241008,1985,28,9,2,125.99,Changed mind,True
11666,258895,20240904,1572,16,9,2,117.88,Changed mind,True
11667,258883,20240913,1377,20,9,1,152.21,Wrong size,True
11668,258885,20240922,1808,21,9,1,94.32,Wrong size,True
11669,258827,20241003,716,15,9,2,37.54,Damaged,False
11670,258888,20240824,456,29,9,1,110.77,Changed mind,False
11671,258908,20240930,412,31,9,2,162.51,Changed mind,True
11672,259037,20241003,2,53,9,2,349.06,Wrong size,True
11673,259026,20240919,1061,38,9,1,267.09,Warranty,False
11674,259054,20240823,1325,54,9,2,209.3,Wrong size,True
11675,259081,20241006,426,64,9,3,593.99,Late delivery,True
11676,259082,20240912,664,75,9,1,284.32,Late delivery,True
11677,259140,20240906,144,103,9,1,503.52,Wrong size,True
11678,259149,20240922,1006,1,10,1,1027.64,Warranty,True
11679,259147,20240912,437,6,10,2,2154.12,Late delivery,True
11680,259263,20240904,1729,23,10,3,206.44,Changed mind,True
11681,259381,20240825,1950,18,10,3,254.48,Wrong size,True
11682,259362,20241019,1442,20,10,2,245.97,Other,True
11683,259491,20241014,835,15,10,3,58.95,Late delivery,True
11684,259299,20240922,743,30,10,2,122.9,Changed mind,True
11685,259345,20240918,1970,28,10,1,61.34,Warranty,True
11686,259202,20241012,1396,29,10,2,253.2,Changed mind,True
11687,259500,20240929,796,22,10,1,80.48,Changed mind,True
11688,259348,20240904,999,19,10,1,83.42,Other,False
11689,259440,20240830,1861,14,10,1,91.81,Wrong size,False
11690,259395,20240919,1855,19,10,1,59.25,Changed mind,True
11691,259487,20240904,665,18,10,3,246.37,Wrong size,True
11692,259464,20240824,1371,19,10,1,76.83,Changed mind,True
11693,259237,20240905,489,22,10,2,154.16,Wrong size,True
11694,259308,20240915,710,34,10,1,56.68,Damaged,False
11695,259431,20240914,1827,26,10,3,36.28,Damaged,False
11696,259274,20241003,1127,28,10,1,41.4,Wrong size,True
11697,259458,20240821,1339,18,10,1,93.44,Warranty,True
11698,259428,20240909,621,21,10,1,104.35,Warranty,False
11699,259620,20240925,363,56,10,1,114.14,Warranty,True
11700,259629,20240903,1066,48,10,1,167.5,Wrong size,True
11701,259584,20240919,374,54,10,1,98.05,Wrong size,False
11702,259610,20240912,799,55,10,1,292.87,Changed mind,True
11703,259676,20240923,103,49,10,1,80.94,Late delivery,True
11704,259519,20240821,1999,45,10,2,308.6,Other,True
11705,259587,20241003,1262,52,10,1,46.66,Other,True
11706,259614,20240902,1492,40,10,1,291.98,Wrong size,True
11707,259613,20240916,614,46,10,1,196.36,Warranty,False
11708,259539,20240831,1578,48,10,2,345.79,Late delivery,True
11709,259601,20240922,1642,55,10,1,297.56,Damaged,False
11710,259653,20240817,101,46,10,1,213.47,Wrong size,False
11711,259504,20240831,326,43,10,1,156.76,Wrong size,True
11712,259523,20240831,1699,37,10,1,98.34,Damaged,False
11713,259761,20240917,784,65,10,5,1450.78,Damaged,False
11714,259830,20240909,33,83,10,1,376.71,Late delivery,True
11715,259891,20240907,47,100,10,1,782.59,Changed mind,False
11716,259987,20241012,1333,23,11,5,298.69,Warranty,True
11717,259979,20241014,1517,14,11,1,82.51,Late delivery,True
11718,260013,20241004,1552,15,11,1,19.69,Other,False
11719,259965,20240926,135,29,11,1,121.7,Wrong size,False
11720,259961,20240930,1289,25,11,6,528.98,Changed mind,True
11721,260089,20240927,1672,44,11,2,514.05,Wrong size,True
11722,260041,20240827,1364,46,11,1,147.65,Wrong size,True
11723,260034,20240910,1006,56,11,1,139.47,Late delivery,True
11724,260060,20240828,1070,36,11,1,136.6,Wrong size,True
11725,260057,20241015,784,44,11,3,865.33,Wrong size,False
11726,260127,20240828,523,64,11,1,170.29,Other,True
11727,260172,20241009,15,84,11,1,269.09,Late delivery,True
11728,260308,20240815,998,34,12,3,166.04,Changed mind,True
11729,260302,20240902,1380,16,12,5,532.67,Late delivery,False
11730,260252,20240922,1378,24,12,1,34.45,Wrong size,True
11731,260297,20241002,1930,14,12,1,85.56,Warranty,True
11732,260385,20240919,75,22,12,2,175.53,Warranty,True
11733,260216,20240904,1734,28,12,1,39.41,Damaged,False
11734,260393,20240920,1777,15,12,2,32.94,Wrong size,True
11735,260287,20240928,772,14,12,2,232.54,Changed mind,True
11736,260273,20241007,1720,15,12,2,38.8,Warranty,False
11737,260391,20240914,1019,24,12,2,69.01,Late delivery,False
11738,260332,20240913,1532,30,12,1,65.83,Late delivery,True
11739,260551,20240924,1222,36,12,1,174.29,Wrong size,False
11740,260481,20240829,407,43,12,1,110.89,Wrong size,True
11741,260504,20240824,319,36,12,1,128.1,Wrong size,True
11742,260419,20240909,132,39,12,3,329.1,Changed mind,True
11743,260480,20241008,592,43,12,1,122.66,Wrong size,True
11744,260474,20241003,319,36,12,9,1350.47,Wrong size,True
11745,260398,20240912,513,48,12,8,1413.59,Late delivery,True
11746,260424,20240905,1418,46,12,2,449.72,Other,True
11747,260472,20240910,631,40,12,1,262.22,Damaged,False
11748,260548,20241005,1795,55,12,1,293.06,Late delivery,True
11749,260506,20241007,602,49,12,3,202.45,Warranty,True
11750,260473,20240908,973,45,12,4,510.85,Changed mind,False
11751,260575,20241003,207,60,12,1,419.03,Other,True
11752,260633,20240917,592,87,12,1,140.69,Changed mind,True
11753,260804,20241025,597,18,1,5,440.27,Changed mind,False
11754,260748,20241013,1413,30,1,1,31.05,Damaged,False
11755,260712,20241118,1334,17,1,2,167.44,Wrong size,True
11756,260738,20240914,1141,34,1,1,95.98,Damaged,False
11757,260724,20241004,44,17,1,1,93.48,Other,True
11758,260813,20241002,935,14,1,1,111.06,Warranty,False
11759,260692,20241109,627,19,1,3,199.36,Wrong size,True
11760,260848,20241015,924,50,1,3,605.48,Damaged,False
11761,260817,20241031,523,35,1,1,68.83,Wrong size,False
11762,260859,20240928,1015,56,1,1,161.1,Warranty,True
11763,260863,20240926,1893,48,1,1,182.47,Other,True
11764,260854,20240913,1512,56,1,1,152.71,Warranty,False
11765,260816,20241008,242,37,1,1,258.15,Late delivery,True
11766,260822,20240917,838,37,1,1,107.53,Wrong size,True
11767,260926,20241031,107,82,1,5,2733.32,Warranty,True
11768,260982,20241113,24,1,2,1,894.48,Wrong size,True
11769,260991,20241124,267,16,2,2,271.9,Damaged,False
11770,261187,20241021,1475,31,2,2,168.98,Late delivery,True
11771,261173,20240926,1362,30,2,1,48.98,Wrong size,True
11772,261075,20240912,1894,26,2,3,43.98,Warranty,False
11773,261118,20241027,1050,14,2,3,268.08,Changed mind,True
11774,260997,20241030,1104,20,2,1,13.2,Late delivery,True
11775,261107,20241104,1148,30,2,1,64.59,Changed mind,True
11776,261086,20241016,1289,20,2,1,118.94,Changed mind,True
11777,261199,20241016,770,15,2,4,71.64,Warranty,True
11778,261074,20241004,472,32,2,1,13.08,Damaged,False
11779,261127,20240926,413,33,2,1,67.43,Changed mind,True
11780,261091,20240929,1567,15,2,2,43.48,Wrong size,True
11781,261073,20241017,1568,34,2,1,59.67,Changed mind,True
11782,261202,20240929,1352,13,2,1,12.6,Changed mind,True
11783,261121,20240917,1315,21,2,1,81.68,Changed mind,True
11784,261000,20241028,1315,21,2,1,92.57,Wrong size,True
11785,261487,20241013,607,41,2,1,230.88,Wrong size,True
11786,261210,20241006,205,40,2,3,936.15,Late delivery,True
11787,261445,20241019,1876,37,2,1,120.92,Damaged,False
11788,261397,20241012,1555,38,2,1,203.19,Other,True
11789,261430,20241030,1808,36,2,2,422.42,Wrong size,False
11790,261446,20241021,621,43,2,1,272.91,Warranty,True
11791,261412,20241106,152,55,2,3,926.77,Changed mind,True
11792,261479,20241111,124,56,2,1,163.62,Changed mind,True
11793,261239,20240926,1136,46,2,1,207.59,Wrong size,True
11794,261308,20241022,365,35,2,2,149.89,Changed mind,True
11795,261378,20241010,367,52,2,6,359.61,Wrong size,True
11796,261333,20241019,1866,35,2,1,232.33,Wrong size,True
11797,261291,20241021,1051,45,2,1,116.49,Wrong size,True
11798,261223,20241107,863,45,2,1,207.32,Changed mind,False
11799,261269,20241030,1857,48,2,1,172.83,Wrong size,False
11800,261275,20241118,366,49,2,1,66.06,Changed mind,False
11801,261501,20240927,501,46,2,1,270.64,Wrong size,True
11802,261562,20241006,525,65,2,1,272.48,Wrong size,True
11803,261563,20241024,1058,64,2,1,153.34,Damaged,False
11804,261565,20241007,502,64,2,1,183.19,Changed mind,True
11805,261566,20241025,318,58,2,1,351.91,Warranty,False
11806,261546,20240924,17,74,2,1,193.94,Warranty,False
11807,261601,20241013,67,83,2,1,459.39,Late delivery,True
11808,261639,20240918,504,100,2,2,1820.56,Damaged,False
11809,261790,20241111,1706,32,3,2,45.82,Damaged,False
11810,261677,20241017,686,18,3,1,42.09,Warranty,False
11811,262085,20241005,1506,22,3,1,100.13,Wrong size,True
11812,261907,20241025,848,34,3,1,47.32,Changed mind,True
11813,261836,20240925,28,19,3,1,65.08,Damaged,False
11814,262053,20240915,1121,29,3,1,115.11,Damaged,False
11815,261704,20241010,210,16,3,2,180.82,Wrong size,True
11816,261866,20241028,492,19,3,2,152.57,Wrong size,True
11817,261851,20241023,750,30,3,1,61.6,Other,True
11818,261885,20241001,1060,15,3,1,16.59,Warranty,True
11819,261824,20240914,1037,30,3,1,42.66,Late delivery,True
11820,261959,20241003,1955,28,3,2,70.75,Late delivery,True
11821,262018,20240919,1170,20,3,3,399.26,Changed mind,True
11822,261990,20241010,1332,17,3,1,67.49,Warranty,False
11823,261768,20241031,979,28,3,1,42.75,Warranty,False
11824,261859,20240930,219,16,3,1,90.97,Warranty,True
11825,262159,20240924,551,48,3,2,283.25,Late delivery,True
11826,262164,20241107,982,54,3,1,112.02,Wrong size,True
11827,262165,20241009,1103,51,3,1,106.34,Changed mind,True
11828,262212,20241006,1607,45,3,1,178.62,Changed mind,True
11829,262229,20241010,244,45,3,1,134.68,Late delivery,True
11830,262116,20241027,517,43,3,2,275.29,Changed mind,True
11831,262188,20241014,271,47,3,1,103.77,Wrong size,True
11832,262247,20241104,1578,67,3,1,133.0,Wrong size,True
11833,262234,20240929,128,73,3,1,279.03,Other,False
11834,262287,20241013,831,89,3,2,286.62,Changed mind,False
11835,262277,20240917,1332,84,3,2,375.62,Late delivery,True
11836,262354,20241107,1939,85,3,1,409.5,Warranty,True
11837,262406,20240928,509,107,3,1,492.3,Wrong size,True
11838,262414,20240923,1734,6,4,1,4205.09,Warranty,True
11839,262507,20240910,1744,25,4,1,102.54,Late delivery,False
11840,262469,20241008,958,24,4,1,33.6,Wrong size,True
11841,262460,20240924,1820,30,4,3,203.54,Late delivery,True
11842,262502,20240926,1901,25,4,2,212.08,Late delivery,False
11843,262425,20241014,1189,28,4,3,114.36,Changed mind,True
11844,262537,20241109,1773,27,4,1,73.46,Wrong size,True
11845,262559,20241031,449,25,4,1,117.53,Changed mind,True
11846,262512,20241028,1839,23,4,1,71.35,Warranty,False
11847,262463,20241024,1735,16,4,2,199.31,Damaged,False
11848,262642,20241019,593,45,4,3,415.48,Wrong size,False
11849,262728,20241017,722,48,4,1,211.82,Changed mind,True
11850,262606,20241012,792,48,4,1,167.39,Changed mind,True
11851,262693,20241021,1461,47,4,3,334.01,Late delivery,True
11852,262632,20240919,1227,36,4,1,214.07,Damaged,False
11853,262731,20240920,256,56,4,1,173.01,Wrong size,True
11854,262683,20240926,64,53,4,1,162.35,Damaged,False
11855,262726,20240927,452,42,4,1,244.99,Warranty,False
11856,262631,20241017,670,35,4,1,219.56,Damaged,False
11857,262643,20241018,70,46,4,2,409.44,Wrong size,True
11858,262820,20240916,429,89,4,4,186.0,Other,True
11859,262790,20241109,54,92,4,1,517.84,Warranty,True
11860,262797,20240928,1145,85,4,2,789.97,Wrong size,True
11861,262882,20241020,1507,107,4,1,441.76,Other,True
11862,262898,20241010,1225,10,5,1,1833.93,Late delivery,True
11863,263094,20241010,991,24,5,1,32.27,Damaged,False
11864,263090,20240917,1042,32,5,1,23.67,Damaged,False
11865,262989,20241103,1766,16,5,1,100.49,Warranty,False
11866,263091,20240927,1707,25,5,1,85.31,Changed mind,True
11867,263213,20241017,366,17,5,1,78.94,Wrong size,True
11868,263229,20240927,1698,24,5,1,43.3,Changed mind,True
11869,263225,20241002,892,13,5,1,14.84,Wrong size,True
11870,263138,20241031,1142,27,5,2,144.24,Damaged,False
11871,263180,20241020,1140,16,5,1,85.63,Wrong size,True
11872,263166,20240930,925,16,5,2,182.1,Changed mind,True
11873,263039,20241003,293,16,5,2,167.0,Other,True
11874,263052,20241025,1822,24,5,1,32.42,Damaged,False
11875,263215,20241011,1233,33,5,3,210.29,Damaged,False
11876,263177,20241012,1186,28,5,3,143.28,Damaged,False
11877,263072,20241003,1836,29,5,5,785.81,Wrong size,True
11878,263252,20241009,821,36,5,4,650.3,Wrong size,True
11879,263293,20241006,853,46,5,1,216.17,Changed mind,True
11880,263305,20241010,1113,53,5,1,159.57,Wrong size,True
11881,263284,20241022,397,45,5,1,142.99,Wrong size,True
11882,263258,20241020,796,46,5,1,215.9,Other,True
11883,263304,20241110,1421,55,5,2,616.69,Wrong size,True
11884,263271,20241104,128,47,5,2,224.58,Late delivery,True
11885,263344,20241022,1760,58,5,1,377.29,Late delivery,True
11886,263350,20241101,166,76,5,1,213.96,Wrong size,True
11887,263406,20241109,55,91,5,7,3255.59,Changed mind,True
11888,263398,20240927,657,82,5,1,518.35,Damaged,False
11889,263374,20241012,1873,84,5,2,264.09,Damaged,False
11890,263433,20240929,1263,98,5,1,205.66,Changed mind,True
11891,263438,20241018,1711,103,5,3,1444.31,Changed mind,True
11892,263495,20241109,1610,23,6,1,60.15,Changed mind,True
11893,263737,20241103,676,16,6,2,176.94,Wrong size,True
11894,263762,20241009,1090,20,6,4,491.09,Wrong size,True
11895,263487,20241025,1886,28,6,2,84.1,Changed mind,True
11896,263513,20241014,138,15,6,2,34.92,Wrong size,True
11897,263746,20241010,365,33,6,3,242.91,Late delivery,True
11898,263482,20241019,166,33,6,1,58.71,Wrong size,True
11899,263568,20241002,1952,30,6,3,156.34,Damaged,False
11900,263603,20241112,1765,14,6,1,14.44,Damaged,False
11901,263502,20241105,738,31,6,6,474.82,Damaged,False
11902,263752,20240919,790,27,6,1,62.26,Damaged,False
11903,263747,20241117,871,18,6,3,217.25,Warranty,False
11904,263505,20240925,386,19,6,3,189.92,Changed mind,True
11905,263706,20241006,1917,29,6,2,165.06,Other,True
11906,263700,20241031,626,13,6,5,63.78,Other,True
11907,263578,20240918,388,21,6,3,261.23,Damaged,False
11908,263790,20241020,1533,30,6,1,50.52,Damaged,False
11909,263733,20241014,208,28,6,3,108.93,Late delivery,False
11910,263608,20241004,889,27,6,1,74.64,Late delivery,False
11911,263622,20241116,88,30,6,5,351.26,Warranty,False
11912,263833,20240926,1785,38,6,2,452.7,Wrong size,False
11913,263884,20240923,277,48,6,1,158.97,Late delivery,True
11914,263841,20241111,593,52,6,3,166.65,Late delivery,True
11915,263807,20241018,13,44,6,9,2170.65,Wrong size,False
11916,263810,20241020,799,52,6,2,111.47,Wrong size,True
11917,263896,20241017,66,76,6,3,600.48,Warranty,False
11918,263958,20241023,900,104,6,1,413.89,Wrong size,True
11919,264066,20241014,328,28,7,3,211.38,Other,True
11920,264125,20241104,879,17,7,2,183.22,Late delivery,True
11921,264180,20241030,456,28,7,5,168.75,Wrong size,True
11922,264202,20241019,328,24,7,13,447.22,Late delivery,True
11923,264059,20241013,1644,25,7,1,99.12,Late delivery,True
11924,264312,20241015,609,29,7,6,824.94,Warranty,False
11925,264190,20241025,609,34,7,4,210.37,Changed mind,True
11926,264068,20241002,1496,17,7,2,171.27,Damaged,False
11927,264260,20241019,836,30,7,2,137.18,Late delivery,True
11928,264033,20241024,158,17,7,3,174.54,Wrong size,True
11929,264001,20241015,308,19,7,2,147.85,Wrong size,True
11930,264237,20240918,1265,19,7,1,65.85,Changed mind,False
11931,264086,20241108,600,26,7,1,15.96,Changed mind,True
11932,264156,20241116,1952,22,7,1,85.05,Late delivery,True
11933,264052,20241010,176,18,7,1,88.7,Damaged,False
11934,264228,20241110,1269,18,7,3,271.66,Damaged,False
11935,264227,20241109,983,26,7,1,19.02,Late delivery,True
11936,264063,20240912,1691,13,7,1,10.89,Wrong size,True
11937,264027,20241019,1632,21,7,4,163.75,Changed mind,True
11938,263991,20241022,875,33,7,1,134.3,Other,True
11939,263979,20241107,1475,22,7,2,204.49,Late delivery,True
11940,264061,20241107,288,26,7,1,119.08,Changed mind,True
11941,264257,20241012,1588,22,7,2,186.3,Changed mind,True
11942,264111,20241002,728,26,7,3,38.31,Changed mind,True
11943,264072,20241009,1880,33,7,2,112.61,Warranty,True
11944,264153,20241006,1960,26,7,1,13.28,Warranty,False
11945,264352,20241031,1451,45,7,2,275.86,Changed mind,True
11946,264463,20241027,1649,16,8,3,280.22,Changed mind,True
11947,264485,20241021,1647,25,8,1,87.47,Changed mind,True
11948,264501,20241104,367,24,8,1,32.13,Wrong size,True
11949,264450,20241031,126,22,8,1,89.87,Wrong size,True
11950,264498,20241028,897,30,8,2,118.53,Damaged,False
11951,264549,20240922,581,21,8,1,66.19,Wrong size,True
11952,264481,20241021,946,15,8,2,38.44,Warranty,False
11953,264610,20241105,1814,55,8,4,955.26,Wrong size,False
11954,264618,20241030,1202,40,8,1,254.43,Changed mind,True
11955,264625,20241013,74,52,8,2,90.02,Damaged,False
11956,264585,20241110,336,50,8,2,469.7,Damaged,False
11957,264673,20241112,1756,41,8,1,307.18,Late delivery,True
11958,264606,20241010,1224,49,8,1,62.46,Damaged,False
11959,264742,20241106,1685,98,8,1,144.48,Damaged,False
11960,264867,20241108,1743,22,9,2,176.26,Changed mind,True
11961,264829,20241001,1630,21,9,2,157.0,Wrong size,False
11962,264849,20241017,1397,30,9,2,104.09,Damaged,False
11963,264866,20241102,780,23,9,1,72.97,Wrong size,True
11964,265045,20241023,246,53,9,3,470.91,Wrong size,True
11965,264916,20241110,828,40,9,2,586.99,Late delivery,True
11966,264957,20241017,968,48,9,1,163.82,Late delivery,True
11967,264912,20241110,1560,54,9,1,116.38,Damaged,False
11968,265005,20241023,862,35,9,4,334.69,Changed mind,True
11969,265021,20241030,700,51,9,3,683.58,Other,True
11970,264930,20241019,1803,40,9,1,242.53,Changed mind,True
11971,264915,20240920,970,56,9,1,150.21,Wrong size,True
11972,264917,20241002,552,50,9,1,156.65,Wrong size,True
11973,264956,20241110,320,50,9,5,854.13,Wrong size,True
11974,265014,20241109,1963,42,9,3,315.44,Damaged,False
11975,265072,20241030,793,62,9,1,150.27,Other,True
11976,265052,20241008,562,77,9,4,191.75,Late delivery,True
11977,265169,20241019,1752,92,9,3,1513.24,Damaged,False
11978,265137,20241017,1692,86,9,1,343.87,Warranty,False
11979,265195,20241014,262,7,10,1,2132.96,Warranty,False
11980,265193,20241001,1987,1,10,2,2271.66,Wrong size,True
11981,265230,20241006,104,19,10,1,79.27,Wrong size,True
11982,265298,20241016,1703,19,10,1,70.07,Wrong size,True
11983,265248,20241005,1038,18,10,4,273.3,Late delivery,True
11984,265221,20241107,395,14,10,1,102.77,Late delivery,True
11985,265423,20240914,747,38,10,2,464.76,Other,True
11986,265339,20241022,1656,39,10,1,103.53,Wrong size,True
11987,265300,20241010,862,37,10,3,248.53,Late delivery,True
11988,265456,20240927,428,54,10,2,159.12,Wrong size,True
11989,265519,20241102,554,44,10,1,238.45,Wrong size,True
11990,265465,20241004,709,39,10,2,232.97,Wrong size,True
11991,265463,20241007,366,36,10,2,334.97,Wrong size,True
11992,265449,20241012,1131,55,10,1,261.41,Wrong size,False
11993,265439,20240919,715,55,10,1,364.21,Other,True
11994,265550,20240928,1087,41,10,5,1220.67,Warranty,True
11995,265312,20240924,985,48,10,1,140.32,Wrong size,False
11996,265342,20241102,1706,36,10,2,360.03,Late delivery,True
11997,265523,20241019,1512,40,10,3,878.69,Damaged,False
11998,265489,20241021,1065,55,10,5,1396.87,Changed mind,True
11999,265492,20240927,171,35,10,1,85.04,Warranty,False
12000,265378,20241007,218,41,10,2,469.24,Changed mind,True
12001,265399,20241021,864,46,10,1,206.99,Wrong size,False
12002,265484,20241024,342,36,10,1,175.12,Changed mind,False
12003,265406,20241025,1124,43,10,1,137.07,Wrong size,True
12004,265477,20240926,221,56,10,1,134.84,Wrong size,True
12005,265563,20241003,1928,70,10,1,289.19,Other,True
12006,265565,20240930,1428,69,10,2,721.63,Late delivery,True
12007,265610,20241101,1929,101,10,1,619.92,Other,True
12008,265616,20241110,1712,96,10,1,654.04,Changed mind,True
12009,265741,20241011,150,53,11,3,551.72,Wrong size,True
12010,265716,20241016,912,45,11,1,135.79,Wrong size,True
12011,265675,20240927,1175,35,11,3,226.59,Late delivery,True
12012,265647,20241012,1811,38,11,1,238.73,Damaged,False
12013,265695,20241028,1139,45,11,2,277.71,Late delivery,False
12014,265674,20241007,22,53,11,1,175.62,Wrong size,True
12015,265773,20241027,257,84,11,2,290.69,Warranty,False
12016,265811,20241103,1844,24,12,1,36.39,Other,True
12017,265932,20241013,1646,15,12,1,20.77,Other,True
12018,265809,20241029,865,15,12,1,19.4,Changed mind,True
12019,265854,20241006,594,26,12,1,11.23,Damaged,False
12020,265830,20241020,989,33,12,4,330.13,Damaged,False
12021,265897,20241101,257,13,12,1,9.66,Wrong size,True
12022,265848,20241027,313,21,12,1,83.46,Late delivery,True
12023,265877,20241014,1928,13,12,1,14.27,Damaged,False
12024,265832,20241025,1989,23,12,1,81.41,Late delivery,True
12025,265974,20241021,1084,21,12,9,766.64,Damaged,False
12026,266172,20241106,1433,55,12,2,511.88,Warranty,False
12027,266063,20241020,1778,38,12,1,183.03,Wrong size,True
12028,266177,20241031,1526,37,12,1,99.73,Wrong size,True
12029,266215,20241001,3,53,12,6,1276.95,Wrong size,False
12030,266127,20241019,1737,43,12,2,296.81,Changed mind,True
12031,266232,20241025,1986,54,12,1,100.77,Late delivery,True
12032,266150,20241112,189,35,12,1,94.24,Wrong size,True
12033,266181,20241031,1029,39,12,1,107.55,Other,True
12034,266184,20241025,499,49,12,1,64.01,Changed mind,True
12035,266033,20241003,1877,50,12,1,153.39,Wrong size,True
12036,266097,20241027,329,37,12,2,186.35,Wrong size,True
12037,266081,20241022,1475,49,12,2,233.43,Changed mind,True
12038,266174,20241020,1877,43,12,1,96.36,Changed mind,True
12039,266078,20241022,299,47,12,3,283.15,Damaged,False
12040,266090,20241030,297,41,12,1,287.41,Wrong size,True
12041,266138,20241113,132,39,12,1,131.74,Wrong size,True
12042,266101,20241031,1502,47,12,2,158.18,Changed mind,True
12043,266115,20241030,1155,56,12,1,165.01,Late delivery,True
12044,266190,20241017,1982,55,12,5,1384.98,Wrong size,True
12045,266329,20241016,1387,82,12,1,539.91,Changed mind,True
12046,266375,20241114,1479,32,1,1,21.8,Warranty,False
12047,266381,20241112,743,26,1,3,36.38,Damaged,False
12048,266345,20241220,641,29,1,2,245.01,Other,True
12049,266422,20241119,33,21,1,5,298.12,Changed mind,True
12050,266394,20241113,1495,19,1,2,116.2,Changed mind,True
12051,266371,20241104,1943,25,1,1,108.78,Warranty,False
12052,266446,20241126,718,20,1,4,621.69,Other,True
12053,266430,20241117,921,30,1,1,55.58,Changed mind,True
12054,266361,20241127,1816,18,1,2,207.33,Late delivery,True
12055,266408,20241101,73,18,1,2,145.06,Changed mind,True
12056,266464,20241210,1499,28,1,11,360.43,Late delivery,True
12057,266557,20241114,34,43,1,2,254.21,Wrong size,False
12058,266530,20241012,443,36,1,3,536.5,Wrong size,True
12059,266546,20241112,471,40,1,1,69.06,Changed mind,True
12060,266510,20241207,1883,45,1,5,732.06,Changed mind,True
12061,266516,20241203,981,40,1,6,1651.31,Wrong size,True
12062,266506,20241201,1096,52,1,1,56.7,Late delivery,True
12063,266505,20241121,1041,40,1,1,236.87,Warranty,True
12064,266513,20241205,952,49,1,10,812.66,Wrong size,True
12065,266586,20241027,935,79,1,3,802.31,Changed mind,True
12066,266607,20241119,1696,90,1,1,697.35,Other,True
12067,266618,20241120,1855,87,1,2,260.72,Warranty,False
12068,266750,20241029,667,15,2,2,220.88,Other,True
12069,266719,20241103,1374,30,2,1,52.13,Wrong size,False
12070,266656,20241224,327,28,2,1,32.24,Warranty,False
12071,266754,20241202,965,27,2,1,84.63,Warranty,False
12072,266691,20241107,1632,18,2,1,95.99,Other,True
12073,266658,20241124,589,15,2,2,39.46,Warranty,True
12074,266684,20241120,467,29,2,1,106.46,Warranty,False
12075,266683,20241110,483,29,2,2,34.61,Changed mind,True
12076,266700,20241205,793,15,2,2,33.24,Wrong size,True
12077,266782,20241201,552,31,2,1,84.71,Damaged,False
12078,266807,20241127,640,30,2,2,101.88,Warranty,False
12079,266818,20241122,1425,34,2,3,151.52,Warranty,True
12080,266887,20241108,1775,41,2,2,346.74,Other,False
12081,266866,20241119,236,41,2,1,249.47,Wrong size,True
12082,266923,20241129,134,41,2,2,494.58,Late delivery,True
12083,266850,20241030,1917,51,2,3,659.02,Wrong size,True
12084,266881,20241203,1720,56,2,1,145.07,Changed mind,True
12085,266931,20241213,1207,35,2,1,92.54,Wrong size,True
12086,266927,20241108,484,43,2,1,108.0,Warranty,True
12087,266900,20241120,1872,45,2,1,137.93,Wrong size,True
12088,266944,20241113,1949,61,2,3,804.69,Late delivery,False
12089,267065,20241110,863,24,3,2,209.96,Other,False
12090,267113,20241113,320,36,3,1,193.86,Late delivery,True
12091,267081,20241128,637,56,3,3,489.83,Wrong size,True
12092,267075,20241031,210,48,3,1,160.2,Damaged,False
12093,267086,20241124,1089,39,3,4,566.13,Late delivery,True
12094,267159,20241115,151,62,3,1,260.01,Damaged,False
12095,267215,20241112,1528,90,3,1,532.59,Warranty,False
12096,267305,20241207,1123,29,4,1,49.38,Changed mind,True
12097,267315,20241102,205,20,4,1,94.72,Warranty,True
12098,267463,20241031,1444,33,4,5,393.81,Damaged,False
12099,267268,20241123,1904,29,4,2,282.47,Wrong size,True
12100,267284,20241023,872,23,4,3,213.66,Late delivery,True
12101,267420,20241113,211,17,4,1,70.62,Wrong size,True
12102,267346,20241211,1954,23,4,11,515.57,Other,True
12103,267363,20241112,1739,30,4,12,631.96,Wrong size,True
12104,267257,20241203,101,31,4,4,283.6,Damaged,False
12105,267427,20241121,1725,14,4,2,249.27,Wrong size,True
12106,267338,20241031,43,23,4,1,68.91,Wrong size,True
12107,267397,20241125,1768,24,4,3,108.2,Warranty,True
12108,267384,20241127,1973,16,4,2,150.23,Late delivery,False
12109,267360,20241122,337,26,4,1,11.87,Other,True
12110,267429,20241214,998,16,4,1,102.2,Damaged,False
12111,267423,20241031,509,15,4,1,21.9,Changed mind,True
12112,267459,20241107,594,30,4,2,83.72,Late delivery,True
12113,267255,20241022,816,31,4,2,151.79,Wrong size,True
12114,267571,20241114,1097,55,4,1,349.08,Changed mind,True
12115,267669,20241105,1796,40,4,3,807.93,Late delivery,True
12116,267689,20241119,1842,37,4,1,95.91,Changed mind,False
12117,267616,20241031,1555,53,4,1,175.6,Changed mind,False
12118,267605,20241029,134,54,4,2,426.4,Late delivery,True
12119,267580,20241121,1923,36,4,2,317.43,Changed mind,True
12120,267651,20241024,1778,43,4,1,118.15,Wrong size,True
12121,267648,20241130,1315,39,4,4,426.69,Changed mind,True
12122,267543,20241211,1499,38,4,3,648.35,Changed mind,True
12123,267696,20241201,281,54,4,1,103.33,Wrong size,True
12124,267599,20241106,104,48,4,1,199.75,Changed mind,True
12125,267593,20241119,782,48,4,6,979.65,Wrong size,True
12126,267693,20241104,564,44,4,2,336.73,Late delivery,True
12127,267666,20241112,82,38,4,3,630.89,Late delivery,True
12128,267679,20241123,442,36,4,1,166.65,Wrong size,True
12129,267725,20241220,179,1,5,3,3384.1,Changed mind,True
12130,267994,20241119,1244,15,5,1,21.47,Changed mind,True
12131,267867,20241027,1480,33,5,1,74.91,Changed mind,False
12132,267843,20241029,297,20,5,2,266.62,Changed mind,True
12133,267781,20241117,1060,34,5,1,60.26,Changed mind,True
12134,267905,20241215,1283,24,5,3,87.97,Other,True
12135,267978,20241028,961,21,5,1,76.04,Damaged,False
12136,267946,20241119,693,28,5,3,114.65,Wrong size,True
12137,267797,20241129,1743,23,5,2,128.19,Wrong size,True
12138,267953,20241106,293,16,5,1,94.74,Changed mind,True
12139,268001,20241129,1304,29,5,1,107.15,Other,True
12140,267855,20241212,701,18,5,2,169.95,Wrong size,True
12141,267967,20241119,531,19,5,1,65.49,Other,True
12142,268097,20241220,249,53,5,4,774.78,Wrong size,True
12143,268129,20241109,95,53,5,1,202.76,Wrong size,True
12144,268079,20241114,1899,35,5,3,197.46,Changed mind,True
12145,268067,20241026,312,41,5,1,320.73,Damaged,False
12146,268052,20241105,630,45,5,2,347.5,Wrong size,True
12147,268080,20241117,1207,38,5,2,232.76,Late delivery,True
12148,268031,20241125,475,39,5,1,178.36,Warranty,False
12149,268064,20241020,1618,41,5,1,278.46,Warranty,False
12150,268113,20241024,685,52,5,4,207.91,Wrong size,True
12151,268024,20241211,1450,55,5,1,296.31,Wrong size,True
12152,268055,20241126,1094,44,5,2,595.45,Damaged,False
12153,268134,20241031,1491,49,5,1,110.69,Changed mind,True
12154,268136,20241012,957,60,5,2,556.31,Other,True
12155,268141,20241112,727,69,5,1,345.0,Damaged,False
12156,268165,20241130,926,61,5,2,593.99,Late delivery,True
12157,268263,20241021,1508,98,5,8,1769.6,Wrong size,True
12158,268333,20241205,336,30,6,1,64.79,Wrong size,True
12159,268270,20241010,663,18,6,8,638.36,Warranty,False
12160,268441,20241111,1080,16,6,2,191.05,Changed mind,True
12161,268320,20241107,1066,17,6,1,93.65,Changed mind,True
12162,268375,20241023,943,19,6,4,306.59,Damaged,False
12163,268321,20241031,1116,19,6,2,131.42,Damaged,False
12164,268332,20241130,1614,24,6,3,103.32,Changed mind,True
12165,268305,20241029,307,21,6,3,215.59,Late delivery,True
12166,268310,20241125,1394,27,6,3,194.21,Wrong size,True
12167,268478,20241130,888,20,6,2,121.46,Wrong size,True
12168,268484,20241204,101,62,6,1,150.32,Damaged,False
12169,268521,20241120,1055,83,6,10,4590.05,Damaged,False
12170,268638,20241112,1423,33,7,2,138.84,Wrong size,False
12171,268725,20241106,1820,14,7,2,188.6,Other,True
12172,268623,20241203,1235,15,7,3,67.83,Other,True
12173,268679,20241107,807,17,7,3,219.2,Wrong size,True
12174,268723,20241107,1159,26,7,1,12.53,Changed mind,True
12175,268738,20241119,1661,29,7,2,217.96,Changed mind,True
12176,268755,20241204,1110,34,7,5,409.1,Other,False
12177,268719,20241104,1083,24,7,1,32.63,Wrong size,True
12178,268589,20241129,1317,17,7,3,232.98,Wrong size,True
12179,268650,20241124,1763,32,7,1,23.93,Late delivery,True
12180,268673,20241010,1534,22,7,1,83.06,Late delivery,True
12181,268700,20241203,454,18,7,1,87.71,Other,False
12182,268831,20241126,1940,40,7,1,347.43,Wrong size,True
12183,268877,20241115,1571,41,7,1,261.54,Changed mind,True
12184,268809,20241127,1731,41,7,4,914.46,Changed mind,True
12185,268882,20241119,144,43,7,2,288.0,Wrong size,True
12186,268803,20241121,1385,53,7,2,311.25,Damaged,False
12187,268849,20241110,1609,55,7,10,2995.22,Warranty,False
12188,268797,20241123,1450,51,7,2,501.05,Wrong size,True
12189,268856,20241106,1843,46,7,2,345.48,Damaged,False
12190,268769,20241121,639,35,7,4,325.28,Wrong size,True
12191,268870,20241126,244,41,7,2,182.52,Changed mind,True
12192,268871,20241122,1956,44,7,7,1412.1,Changed mind,True
12193,268794,20241127,1917,52,7,10,451.45,Late delivery,True
12194,268879,20241105,1159,55,7,2,620.43,Damaged,False
12195,268913,20241031,813,87,7,4,628.66,Late delivery,True
12196,268893,20241030,307,87,7,3,333.93,Changed mind,True
12197,269052,20241011,1644,33,8,5,414.64,Late delivery,True
12198,268993,20241121,1287,30,8,2,174.77,Wrong size,True
12199,268977,20241111,1564,14,8,7,94.95,Damaged,False
12200,269098,20241031,1118,31,8,1,78.01,Damaged,False
12201,269082,20241128,1665,18,8,3,110.84,Wrong size,True
12202,269041,20241211,161,32,8,2,45.57,Late delivery,True
12203,269026,20241128,601,14,8,1,90.74,Damaged,False
12204,269024,20241125,129,32,8,1,20.2,Late delivery,True
12205,269120,20241205,1657,79,8,7,2408.83,Damaged,False
12206,269152,20241203,126,85,8,1,350.59,Wrong size,True
12207,269289,20241123,699,37,9,2,193.29,Wrong size,False
12208,269216,20241208,171,38,9,1,162.11,Wrong size,True
12209,269246,20241102,435,50,9,3,485.15,Other,False
12210,269248,20241105,1963,42,9,3,338.61,Wrong size,True
12211,269244,20241123,1974,45,9,3,427.29,Damaged,False
12212,269291,20241105,1498,46,9,2,394.93,Changed mind,True
12213,269484,20241129,259,19,10,1,83.9,Late delivery,True
12214,269475,20241126,898,26,10,1,11.66,Changed mind,True
12215,269396,20241116,593,14,10,1,108.27,Warranty,False
12216,269464,20241129,97,34,10,1,59.8,Damaged,False
12217,269482,20241110,1038,18,10,10,856.35,Damaged,False
12218,269422,20241207,415,22,10,1,95.6,Warranty,False
12219,269493,20241122,1095,21,10,1,76.03,Changed mind,True
12220,269327,20241123,825,30,10,2,131.76,Late delivery,True
12221,269335,20241107,1171,29,10,2,250.71,Damaged,False
12222,269495,20241126,1395,28,10,1,41.99,Warranty,True
12223,269354,20241113,239,27,10,1,61.48,Wrong size,True
12224,269536,20241028,494,38,10,1,209.75,Wrong size,True
12225,269509,20241123,1221,40,10,1,49.05,Damaged,False
12226,269587,20241118,1467,56,10,1,162.83,Wrong size,True
12227,269541,20241115,184,35,10,1,96.99,Wrong size,True
12228,269544,20241110,1951,41,10,1,232.5,Changed mind,True
12229,269557,20241110,1764,44,10,1,259.43,Warranty,False
12230,269548,20241204,458,52,10,1,63.88,Warranty,True
12231,269556,20241106,743,35,10,1,69.07,Late delivery,False
12232,269531,20241103,862,43,10,1,105.36,Wrong size,True
12233,269507,20241105,1642,55,10,4,1073.81,Warranty,False
12234,269621,20241216,581,79,10,6,2033.53,Wrong size,True
12235,269624,20241015,1152,75,10,1,204.58,Late delivery,False
12236,269698,20241114,1800,90,10,3,904.59,Other,True
12237,269720,20241127,1608,98,10,1,160.26,Late delivery,True
12238,269776,20241205,1706,14,11,2,187.73,Changed mind,True
12239,269784,20241115,1734,32,11,1,87.45,Late delivery,True
12240,269736,20241126,361,24,11,8,258.56,Warranty,False
12241,269800,20241114,940,27,11,1,78.21,Wrong size,True
12242,269765,20241112,687,13,11,1,10.43,Changed mind,True
12243,269806,20241120,787,16,11,2,198.2,Changed mind,True
12244,269832,20241101,1117,38,11,5,1129.51,Wrong size,True
12245,269816,20241210,707,56,11,1,189.1,Changed mind,True
12246,269862,20241104,539,64,11,2,363.86,Damaged,False
12247,269861,20241022,1509,77,11,1,77.62,Warranty,False
12248,269909,20241125,774,3,12,2,5271.16,Wrong size,True
12249,269916,20241120,43,10,12,1,1247.29,Wrong size,True
12250,270001,20241122,1667,24,12,1,29.92,Damaged,False
12251,269964,20241103,816,27,12,2,134.7,Warranty,True
12252,270025,20241129,1122,47,12,1,113.45,Changed mind,True
12253,270058,20241122,102,48,12,6,1131.81,Changed mind,True
12254,270053,20241114,1320,46,12,10,1940.3,Warranty,False
12255,270013,20241201,35,54,12,1,114.83,Changed mind,True
12256,270104,20241121,963,52,12,3,215.07,Wrong size,True
12257,270096,20241121,1937,51,12,1,239.56,Late delivery,True
12258,270027,20241117,1317,54,12,1,110.97,Changed mind,False
12259,270035,20241109,958,51,12,2,375.58,Other,False
12260,270050,20241119,714,48,12,1,163.71,Wrong size,True
12261,270078,20241108,930,42,12,1,100.92,Changed mind,True
12262,270024,20241126,3,37,12,4,344.85,Late delivery,True
12263,270094,20241026,645,43,12,1,138.36,Late delivery,False
12264,270093,20241114,1326,36,12,5,868.31,Late delivery,True
12265,270095,20241106,714,35,12,6,622.95,Wrong size,True
12266,270157,20241130,1582,69,12,4,972.53,Other,True
12267,270123,20241210,1572,67,12,3,550.98,Wrong size,True
12268,270155,20241124,1987,60,12,1,481.9,Changed mind,False
12269,270135,20241107,851,66,12,1,183.02,Damaged,False
12270,270190,20241127,1007,13,1,1,11.4,Changed mind,True
12271,270217,20241202,578,32,1,3,61.13,Damaged,False
12272,270203,20241223,1152,23,1,1,57.87,Wrong size,True
12273,270189,20241201,832,26,1,3,36.35,Warranty,True
12274,270201,20241222,845,24,1,3,131.78,Damaged,False
12275,270230,20241218,1602,27,1,2,140.49,Other,True
12276,270290,20241204,762,38,1,1,144.01,Changed mind,True
12277,270264,20241231,85,45,1,3,416.31,Wrong size,True
12278,270257,20241228,1879,54,1,3,328.57,Warranty,False
12279,270287,20241221,198,55,1,6,1390.18,Other,True
12280,270265,20241212,1327,45,1,4,583.28,Wrong size,True
12281,270258,20241126,251,56,1,1,129.68,Late delivery,False
12282,270330,20241127,523,79,1,1,385.47,Other,True
12283,270339,20241111,1015,74,1,6,1062.99,Late delivery,True
12284,270326,20241216,909,57,1,2,549.15,Wrong size,True
12285,270761,20250113,1390,22,2,10,999.91,Wrong size,True
12286,270743,20250103,249,21,2,1,36.65,Changed mind,False
12287,270518,20241224,51,30,2,6,243.15,Changed mind,True
12288,270506,20241227,1544,20,2,3,456.04,Damaged,False
12289,270660,20250118,922,22,2,3,282.36,Changed mind,False
12290,270783,20241209,1612,20,2,2,234.14,Wrong size,True
12291,270553,20241231,1316,14,2,2,178.05,Damaged,False
12292,270580,20241205,1390,22,2,1,93.33,Changed mind,True
12293,270590,20241223,1554,14,2,1,106.92,Changed mind,True
12294,270479,20241216,419,34,2,1,56.53,Changed mind,True
12295,270666,20241221,126,34,2,2,97.0,Changed mind,True
12296,270525,20241228,1142,21,2,8,622.67,Late delivery,True
12297,270549,20241129,1135,26,2,1,12.38,Damaged,False
12298,270591,20250108,1784,20,2,1,105.05,Late delivery,True
12299,270790,20241220,377,19,2,2,232.06,Late delivery,False
12300,270579,20241205,237,22,2,1,98.49,Wrong size,True
12301,270586,20250115,1164,18,2,2,172.5,Other,True
12302,270475,20241124,189,20,2,5,634.72,Changed mind,True
12303,270784,20241206,1799,13,2,1,13.61,Wrong size,True
12304,270485,20241223,1218,27,2,2,121.28,Changed mind,True
12305,270615,20241208,885,30,2,1,61.75,Late delivery,True
12306,270676,20241216,1066,22,2,2,198.6,Wrong size,True
12307,270750,20241128,792,24,2,2,65.0,Other,False
12308,270605,20250106,360,16,2,6,613.89,Warranty,True
12309,270617,20241116,1135,26,2,1,15.18,Changed mind,True
12310,270562,20241220,1718,33,2,3,229.31,Late delivery,True
12311,270796,20241211,731,54,2,1,97.18,Wrong size,True
12312,270881,20241110,271,47,2,2,184.76,Damaged,False
12313,270811,20241211,490,48,2,2,331.88,Changed mind,False
12314,270873,20250112,6,35,2,1,84.12,Wrong size,True
12315,270821,20241129,478,53,2,1,197.47,Other,True
12316,270836,20241202,799,46,2,2,484.34,Changed mind,True
12317,270883,20250103,292,45,2,3,439.6,Wrong size,True
12318,270877,20241206,628,45,2,3,490.67,Late delivery,True
12319,270904,20241224,456,66,2,2,213.31,Changed mind,True
12320,270951,20250101,1482,65,2,1,48.71,Late delivery,True
12321,271080,20250104,847,25,3,2,200.78,Late delivery,True
12322,271103,20241226,155,18,3,1,80.68,Other,False
12323,271204,20250106,1997,30,3,2,87.81,Changed mind,True
12324,271206,20241217,1052,17,3,2,109.84,Wrong size,False
12325,271217,20241209,484,21,3,2,161.63,Changed mind,True
12326,271191,20241220,598,16,3,2,183.22,Wrong size,True
12327,271065,20241228,1020,14,3,4,310.96,Other,True
12328,271057,20241210,1057,30,3,2,106.21,Damaged,False
12329,271160,20241219,1485,13,3,7,86.84,Damaged,False
12330,271231,20241205,207,38,3,2,198.95,Late delivery,True
12331,271226,20241130,865,42,3,1,134.24,Wrong size,True
12332,271246,20241128,466,65,3,6,242.08,Late delivery,True
12333,271247,20250110,1101,69,3,1,144.41,Other,True
12334,271367,20241128,71,82,3,4,2291.04,Other,True
12335,271346,20241205,1329,84,3,2,403.96,Wrong size,True
12336,271384,20241227,236,24,4,6,230.58,Wrong size,True
12337,271462,20241225,864,22,4,3,313.81,Late delivery,True
12338,271392,20241212,1762,15,4,1,16.93,Late delivery,True
12339,271443,20241221,818,14,4,1,81.62,Damaged,False
12340,271437,20241219,872,17,4,1,87.64,Changed mind,True
12341,271473,20241220,827,33,4,1,70.39,Changed mind,True
12342,271450,20241230,846,28,4,3,109.05,Changed mind,True
12343,271477,20241203,1229,22,4,1,120.07,Wrong size,False
12344,271398,20241225,1365,17,4,1,61.87,Other,False
12345,271520,20250116,443,51,4,9,1771.3,Damaged,False
12346,271517,20241219,37,46,4,2,144.09,Damaged,False
12347,271646,20241203,117,84,4,3,620.16,Changed mind,True
12348,271716,20241231,1936,13,5,2,25.47,Changed mind,True
12349,271859,20241202,1474,21,5,4,300.87,Late delivery,True
12350,271723,20241228,1018,34,5,2,107.02,Wrong size,True
12351,271993,20241126,696,19,5,2,143.15,Wrong size,True
12352,271894,20250105,1312,26,5,3,43.7,Changed mind,True
12353,271864,20250117,281,34,5,1,57.54,Damaged,False
12354,271851,20241212,822,15,5,1,20.94,Wrong size,True
12355,271985,20241204,579,20,5,1,128.77,Damaged,False
12356,271817,20241227,778,17,5,2,130.68,Changed mind,True
12357,271720,20241215,701,14,5,1,91.53,Wrong size,True
12358,271921,20241129,1190,30,5,2,97.41,Damaged,False
12359,271861,20241207,1331,27,5,1,93.61,Wrong size,True
12360,271871,20250117,1298,25,5,1,106.94,Changed mind,True
12361,272124,20250101,985,49,5,3,233.93,Other,True
12362,272106,20241218,964,50,5,3,548.37,Damaged,False
12363,272191,20241129,641,50,5,8,1281.34,Wrong size,True
12364,272161,20250110,793,41,5,2,277.1,Wrong size,True
12365,272119,20241130,546,37,5,1,102.36,Wrong size,False
12366,272032,20241201,911,50,5,2,344.25,Changed mind,True
12367,272046,20250101,1123,36,5,3,518.22,Changed mind,False
12368,272081,20241122,281,40,5,1,284.95,Damaged,False
12369,272153,20241117,722,43,5,1,58.83,Wrong size,True
12370,272170,20241221,839,48,5,1,153.91,Changed mind,True
12371,272127,20241230,926,51,5,1,169.42,Wrong size,True
12372,272141,20241202,1930,41,5,1,252.95,Other,False
12373,272157,20250123,1043,55,5,2,540.22,Wrong size,True
12374,272213,20241210,1610,59,5,2,104.56,Other,True
12375,272252,20241125,1186,93,5,4,631.15,Late delivery,True
12376,272286,20241221,990,86,5,4,1009.73,Wrong size,True
12377,272301,20241222,1951,6,6,1,1518.71,Warranty,False
12378,272316,20241226,1954,21,6,1,76.97,Late delivery,True
12379,272407,20241212,1223,26,6,1,13.63,Damaged,False
12380,272313,20250109,527,21,6,6,485.76,Changed mind,False
12381,272590,20241210,998,16,6,1,116.8,Damaged,False
12382,272345,20241124,573,27,6,1,76.86,Wrong size,True
12383,272321,20241222,286,26,6,3,40.67,Other,True
12384,272454,20250104,57,14,6,9,650.03,Wrong size,True
12385,272395,20241126,437,21,6,2,139.71,Late delivery,True
12386,272492,20241225,197,22,6,4,337.88,Late delivery,True
12387,272560,20250105,578,26,6,6,58.41,Damaged,False
12388,272435,20250113,1563,29,6,1,111.31,Damaged,False
12389,272376,20241206,625,26,6,1,12.85,Damaged,False
12390,272582,20241218,1820,22,6,2,179.62,Damaged,False
12391,272525,20241215,505,18,6,1,75.56,Changed mind,True
12392,272431,20241222,1326,15,6,4,62.3,Changed mind,True
12393,272553,20241220,116,25,6,2,206.25,Changed mind,True
12394,272417,20241230,738,34,6,5,324.63,Changed mind,True
12395,272486,20241201,203,24,6,1,25.38,Changed mind,False
12396,272611,20241212,947,45,6,1,129.01,Wrong size,True
12397,272701,20250111,1552,30,7,1,50.39,Damaged,False
12398,272688,20241226,1523,23,7,2,131.82,Warranty,True
12399,272681,20241203,864,16,7,5,481.8,Warranty,False
12400,272861,20241224,1768,56,7,2,332.08,Changed mind,True
12401,272832,20241210,1977,54,7,2,240.15,Wrong size,True
12402,272741,20241227,1110,45,7,1,148.7,Wrong size,True
12403,272854,20241207,1450,51,7,3,636.46,Wrong size,True
12404,272846,20241129,246,48,7,3,592.49,Late delivery,False
12405,272742,20241216,959,53,7,1,172.9,Warranty,False
12406,272842,20250104,1348,40,7,2,431.42,Warranty,False
12407,272782,20250116,1479,53,7,3,478.33,Warranty,True
12408,272745,20241130,867,54,7,3,723.42,Late delivery,True
12409,272800,20241226,307,47,7,3,326.41,Wrong size,True
12410,272811,20241228,1030,42,7,1,106.46,Damaged,False
12411,272783,20241216,722,56,7,6,988.87,Wrong size,True
12412,272908,20241118,1877,72,7,1,195.23,Damaged,False
12413,272929,20241126,605,90,7,1,607.06,Changed mind,True
12414,272962,20250103,1202,82,7,1,729.77,Damaged,False
12415,272963,20241204,1847,7,8,6,14067.81,Warranty,False
12416,273124,20241202,506,19,8,2,238.79,Wrong size,True
12417,273055,20241209,1730,27,8,4,288.1,Changed mind,True
12418,273058,20241204,1231,24,8,1,32.53,Damaged,False
12419,273110,20241127,1388,25,8,3,338.03,Late delivery,True
12420,273137,20241211,1253,27,8,5,390.58,Damaged,False
12421,273158,20250101,508,21,8,1,65.13,Changed mind,False
12422,273000,20241222,1513,32,8,1,24.83,Changed mind,False
12423,273167,20250104,1248,15,8,1,18.04,Changed mind,True
12424,273047,20241211,1546,24,8,1,29.26,Changed mind,True
12425,273211,20241211,1060,29,8,1,78.58,Damaged,False
12426,273003,20241213,601,16,8,1,55.18,Changed mind,False
12427,273198,20241230,993,27,8,1,30.7,Changed mind,True
12428,273081,20241213,1733,16,8,2,165.81,Late delivery,False
12429,273182,20250109,214,14,8,1,97.44,Wrong size,True
12430,273185,20250104,1733,19,8,1,68.36,Changed mind,True
12431,273170,20241207,1897,19,8,1,64.37,Damaged,False
12432,273172,20250102,683,32,8,1,27.95,Damaged,False
12433,273064,20241225,1850,16,8,8,924.52,Changed mind,True
12434,272986,20241222,371,16,8,1,91.54,Late delivery,True
12435,273105,20250114,1538,21,8,1,70.31,Damaged,False
12436,273277,20250103,441,36,8,7,1148.48,Wrong size,True
12437,273247,20241129,1324,46,8,2,323.93,Changed mind,True
12438,273267,20241204,1426,49,8,1,68.96,Wrong size,True
12439,273292,20241116,974,77,8,3,272.93,Changed mind,True
12440,273318,20241128,525,60,8,1,357.3,Damaged,False
12441,273281,20241226,9,58,8,1,349.24,Changed mind,True
12442,273394,20241127,948,19,9,3,256.65,Wrong size,True
12443,273464,20241224,412,37,9,3,244.1,Changed mind,True
12444,273453,20241210,657,40,9,1,310.7,Wrong size,False
12445,273520,20250110,529,48,9,1,174.8,Warranty,False
12446,273507,20241223,1939,49,9,4,650.01,Other,True
12447,273456,20241218,704,43,9,1,149.73,Late delivery,True
12448,273452,20241212,377,50,9,2,340.78,Wrong size,False
12449,273511,20241215,83,52,9,14,685.71,Wrong size,True
12450,273557,20241209,1673,91,9,1,464.22,Warranty,False
12451,273588,20241209,614,13,10,1,11.4,Changed mind,True
12452,273573,20241217,586,15,10,2,35.84,Changed mind,True
12453,273752,20241210,58,21,10,2,130.5,Other,True
12454,273659,20250109,985,23,10,1,78.92,Other,True
12455,273699,20241226,514,28,10,1,33.55,Damaged,False
12456,273948,20241206,19,13,10,12,1085.4,Wrong size,True
12457,273709,20241219,1251,32,10,1,23.64,Other,False
12458,273597,20241210,671,32,10,2,41.51,Warranty,False
12459,273939,20241216,1187,16,10,2,194.38,Late delivery,True
12460,273637,20241123,730,27,10,1,67.47,Wrong size,False
12461,273722,20241231,593,27,10,8,566.68,Warranty,True
12462,273800,20241212,230,13,10,1,10.05,Changed mind,True
12463,273673,20241125,1378,29,10,1,111.18,Late delivery,True
12464,273756,20241221,93,29,10,1,142.19,Other,False
12465,273763,20241223,1720,24,10,3,117.07,Changed mind,False
12466,273711,20250104,1227,27,10,1,75.95,Late delivery,True
12467,273680,20241216,1068,24,10,2,63.27,Late delivery,True
12468,273916,20250104,326,22,10,3,276.57,Late delivery,True
12469,274028,20241205,828,42,10,1,116.28,Wrong size,True
12470,274082,20241215,372,44,10,8,2474.09,Wrong size,True
12471,274007,20241209,1961,56,10,3,378.7,Late delivery,False
12472,273963,20241129,1617,52,10,1,58.36,Wrong size,True
12473,273989,20241225,156,41,10,4,1071.05,Wrong size,True
12474,274110,20241125,495,43,10,1,119.87,Damaged,False
12475,274105,20241225,1696,44,10,2,565.61,Wrong size,True
12476,273987,20241210,595,40,10,4,896.85,Warranty,False
12477,273966,20241128,715,55,10,4,1202.43,Wrong size,True
12478,273977,20241209,338,50,10,3,460.97,Wrong size,True
12479,273953,20241223,739,43,10,1,125.83,Warranty,False
12480,273993,20241208,184,35,10,1,89.75,Wrong size,True
12481,274002,20241126,367,44,10,1,284.22,Wrong size,True
12482,274061,20241124,717,46,10,1,176.95,Wrong size,True
12483,274052,20241116,1050,43,10,3,423.89,Other,True
12484,274068,20241215,595,51,10,7,1466.07,Damaged,False
12485,274010,20241215,952,56,10,10,1383.28,Late delivery,True
12486,273958,20241226,252,49,10,1,91.62,Changed mind,True
12487,274006,20241216,1652,47,10,1,95.66,Late delivery,True
12488,273986,20241111,252,49,10,7,517.87,Changed mind,True
12489,274199,20250106,1606,62,10,1,120.64,Late delivery,True
12490,274153,20241212,675,78,10,2,83.0,Late delivery,False
12491,274225,20241224,1779,63,10,1,212.55,Changed mind,True
12492,274296,20241125,1162,8,11,1,1732.49,Changed mind,True
12493,274358,20241210,775,27,11,1,83.02,Changed mind,True
12494,274411,20250104,1084,23,11,1,67.38,Warranty,True
12495,274445,20241214,513,31,11,1,87.49,Wrong size,True
12496,274330,20241219,1711,17,11,1,10.99,Warranty,False
12497,274420,20241124,1040,33,11,2,130.94,Wrong size,True
12498,274395,20250103,1770,23,11,2,112.2,Damaged,False
12499,274353,20241127,1886,22,11,1,94.45,Changed mind,True
12500,274372,20241204,420,18,11,2,139.11,Wrong size,True
12501,274417,20250112,131,30,11,1,48.64,Changed mind,True
12502,274324,20241204,711,21,11,1,90.28,Late delivery,True
12503,274456,20241130,996,24,11,1,38.74,Late delivery,True
12504,274459,20241201,1194,40,11,1,249.05,Wrong size,True
12505,274481,20241204,1467,51,11,2,356.75,Changed mind,True
12506,274478,20241125,1540,40,11,1,244.24,Changed mind,True
12507,274700,20241205,50,29,12,1,98.19,Warranty,True
12508,274713,20241129,805,23,12,1,52.67,Warranty,True
12509,274616,20241230,1345,31,12,2,169.93,Late delivery,True
12510,274550,20241206,1720,28,12,1,36.54,Other,True
12511,274694,20250103,870,19,12,6,416.89,Changed mind,True
12512,274781,20241122,922,26,12,14,166.61,Changed mind,True
12513,274683,20250106,686,22,12,1,100.94,Other,True
12514,274762,20250103,850,15,12,2,274.72,Damaged,False
12515,274564,20241213,980,19,12,1,62.34,Wrong size,True
12516,274630,20241218,43,28,12,2,80.06,Changed mind,False
12517,274699,20241202,1806,19,12,1,72.06,Warranty,False
12518,274690,20241205,1747,19,12,1,54.17,Wrong size,True
12519,274785,20241201,1438,30,12,1,51.03,Warranty,False
12520,274796,20241227,1278,29,12,1,105.83,Changed mind,True
12521,274541,20241208,831,20,12,1,124.92,Wrong size,True
12522,274702,20241110,1178,31,12,1,90.55,Changed mind,True
12523,274954,20241210,1539,38,12,4,918.38,Other,True
12524,274966,20241121,1924,44,12,1,232.56,Changed mind,True
12525,274933,20250106,1818,46,12,2,411.45,Changed mind,True
12526,274859,20250116,1986,54,12,2,192.3,Wrong size,True
12527,274927,20250119,656,47,12,1,113.26,Warranty,True
12528,274896,20241222,649,37,12,2,178.35,Wrong size,True
12529,274970,20241230,1806,36,12,2,372.92,Wrong size,True
12530,274946,20241231,1619,45,12,1,159.77,Changed mind,True
12531,274974,20241217,1088,50,12,1,159.5,Wrong size,True
12532,274960,20241220,1888,41,12,2,519.37,Damaged,False
12533,275004,20241213,750,64,12,6,1059.44,Warranty,False
12534,275207,20250120,1305,30,1,1,49.86,Changed mind,True
12535,275243,20250125,153,21,1,4,387.57,Damaged,False
12536,275145,20250109,1586,16,1,1,91.75,Wrong size,False
12537,275258,20241219,1679,21,1,3,235.46,Other,False
12538,275270,20241225,1955,28,1,4,128.85,Changed mind,True
12539,275152,20250122,885,31,1,1,77.81,Damaged,False
12540,275118,20250129,1742,22,1,2,192.11,Wrong size,True
12541,275204,20250109,326,16,1,2,194.32,Other,True
12542,275139,20250211,470,16,1,2,189.89,Changed mind,True
12543,275251,20250101,448,15,1,1,16.72,Wrong size,True
12544,275205,20250106,1966,32,1,8,747.2,Late delivery,True
12545,275174,20250127,1515,26,1,2,25.31,Changed mind,True
12546,275190,20250212,1844,19,1,1,68.45,Wrong size,True
12547,275254,20250121,853,18,1,2,193.78,Changed mind,False
12548,275318,20250104,718,43,1,1,120.62,Damaged,False
12549,275328,20250201,1134,51,1,2,397.47,Changed mind,True
12550,275351,20250206,1075,39,1,1,124.09,Wrong size,True
12551,275349,20250125,1913,47,1,1,80.81,Other,True
12552,275358,20250211,908,36,1,2,308.24,Warranty,False
12553,275355,20250115,380,52,1,1,52.6,Wrong size,True
12554,275372,20250224,162,54,1,2,171.99,Late delivery,True
12555,275373,20250111,1924,43,1,1,137.5,Wrong size,True
12556,275390,20250124,1284,63,1,3,1249.95,Late delivery,True
12557,275401,20250116,519,66,1,3,252.73,Late delivery,True
12558,275433,20241227,1500,90,1,3,1575.68,Changed mind,False
12559,275462,20250131,1684,95,1,3,881.69,Wrong size,True
12560,275453,20250123,1556,95,1,1,289.61,Wrong size,True
12561,275760,20250104,1654,17,2,1,81.6,Warranty,False
12562,275623,20250104,226,15,2,4,69.96,Wrong size,True
12563,275610,20241225,34,28,2,1,32.35,Wrong size,True
12564,275641,20250215,1459,22,2,2,223.21,Changed mind,True
12565,275599,20250120,959,32,2,1,26.4,Changed mind,False
12566,275508,20250221,1808,27,2,1,76.73,Changed mind,True
12567,275711,20241224,745,26,2,1,58.82,Damaged,False
12568,275564,20250206,12,22,2,4,409.93,Changed mind,True
12569,275652,20250112,852,21,2,1,68.95,Changed mind,True
12570,275535,20250124,169,27,2,1,39.92,Damaged,False
12571,275585,20250111,938,15,2,2,138.65,Late delivery,True
12572,275692,20250131,776,32,2,9,802.69,Changed mind,False
12573,275669,20250113,916,16,2,2,204.39,Warranty,False
12574,275713,20241226,654,32,2,1,23.01,Damaged,False
12575,275568,20241229,440,26,2,1,12.69,Damaged,False
12576,275545,20250114,322,19,2,1,82.67,Damaged,False
12577,275815,20250111,742,27,2,1,78.88,Late delivery,True
12578,275512,20250120,1540,17,2,1,63.78,Warranty,False
12579,275612,20250131,1316,18,2,1,81.39,Warranty,False
12580,275688,20250204,59,20,2,2,264.16,Late delivery,True
12581,275967,20250118,949,37,2,1,80.76,Wrong size,True
12582,275970,20250120,232,48,2,1,170.47,Wrong size,True
12583,276011,20250113,1398,50,2,1,244.24,Changed mind,True
12584,275872,20250207,866,43,2,4,529.93,Other,True
12585,275854,20250209,1093,43,2,8,1133.96,Warranty,True
12586,275968,20241230,478,53,2,1,180.83,Warranty,False
12587,275996,20250105,927,53,2,1,128.72,Changed mind,True
12588,275865,20241229,916,50,2,1,149.82,Wrong size,True
12589,275959,20250115,503,53,2,1,192.73,Damaged,False
12590,276005,20250219,124,56,2,1,171.24,Wrong size,True
12591,275925,20241208,91,46,2,1,183.1,Wrong size,True
12592,275964,20250203,776,43,2,1,162.41,Changed mind,False
12593,275994,20250102,345,47,2,2,205.83,Wrong size,True
12594,275847,20250214,1056,40,2,1,267.21,Changed mind,True
12595,275980,20250103,673,38,2,1,240.89,Damaged,False
12596,275832,20250111,320,37,2,1,179.53,Wrong size,True
12597,276063,20241227,1615,64,2,3,449.54,Other,True
12598,276020,20250114,533,80,2,1,147.73,Changed mind,False
12599,276075,20250201,1974,80,2,3,449.72,Changed mind,True
12600,276040,20241227,656,63,2,1,251.48,Damaged,False
12601,276118,20250121,1202,65,2,2,84.8,Late delivery,True
12602,276085,20250120,1305,71,2,1,310.04,Damaged,False
12603,276109,20250108,1812,77,2,5,403.98,Changed mind,True
12604,276194,20250114,591,81,2,1,252.38,Late delivery,True
12605,276169,20241224,792,86,2,5,1071.15,Late delivery,True
12606,276238,20250102,615,100,2,9,7097.87,Other,True
12607,276233,20250114,1986,107,2,4,2666.41,Wrong size,True
12608,276623,20250105,1936,15,3,1,43.95,Warranty,False
12609,276574,20241214,664,22,3,2,205.19,Late delivery,True
12610,276577,20250113,1544,23,3,1,53.67,Damaged,False
12611,276491,20241214,1673,27,3,3,210.2,Changed mind,True
12612,276356,20250103,1402,28,3,5,170.47,Warranty,True
12613,276426,20250129,1169,29,3,1,139.6,Damaged,False
12614,276608,20241225,235,14,3,2,181.97,Wrong size,True
12615,276372,20250109,1346,34,3,1,59.49,Wrong size,True
12616,276604,20241227,563,32,3,1,25.1,Damaged,False
12617,276391,20250120,883,23,3,1,47.28,Damaged,False
12618,276366,20241228,450,24,3,1,64.13,Wrong size,False
12619,276475,20250104,580,24,3,4,149.02,Late delivery,True
12620,276431,20250101,113,13,3,2,159.49,Changed mind,True
12621,276302,20250213,1138,19,3,5,391.13,Other,True
12622,276586,20250209,999,32,3,5,108.82,Wrong size,True
12623,276566,20241228,1897,27,3,1,56.35,Warranty,True
12624,276492,20250112,1136,22,3,2,129.4,Wrong size,True
12625,276289,20250204,501,18,3,2,198.42,Wrong size,True
12626,276311,20250112,713,22,3,3,303.02,Changed mind,True
12627,276758,20250105,54,47,3,4,336.3,Wrong size,True
12628,276670,20250121,109,56,3,6,970.7,Changed mind,True
12629,276661,20250126,1040,36,3,2,436.9,Wrong size,False
12630,276749,20241223,1876,53,3,1,175.17,Warranty,False
12631,276666,20250130,972,43,3,2,304.28,Wrong size,True
12632,276798,20250105,270,47,3,1,81.86,Other,True
12633,276688,20250106,185,55,3,2,649.18,Wrong size,False
12634,276786,20250118,508,54,3,1,107.92,Wrong size,True
12635,276778,20250111,1372,46,3,2,452.77,Warranty,True
12636,276793,20250106,485,56,3,3,403.28,Damaged,False
12637,276889,20250118,1737,63,3,1,193.57,Wrong size,False
12638,276874,20250103,228,72,3,2,544.63,Warranty,True
12639,276911,20250114,546,75,3,1,282.82,Damaged,False
12640,276925,20241223,1634,72,3,2,647.61,Damaged,False
12641,276917,20250203,1196,79,3,1,247.19,Wrong size,True
12642,276820,20241220,1184,65,3,1,40.66,Damaged,False
12643,276832,20250101,319,78,3,1,158.39,Wrong size,True
12644,276819,20241231,410,60,3,1,495.15,Damaged,False
12645,276858,20250108,1710,76,3,1,175.43,Late delivery,True
12646,276887,20241230,1732,59,3,1,164.92,Warranty,True
12647,276958,20250211,437,83,3,1,357.51,Late delivery,True
12648,276952,20250201,922,91,3,2,816.83,Wrong size,True
12649,277026,20250208,629,95,3,2,1033.53,Damaged,False
12650,277055,20250120,208,5,4,1,1132.8,Warranty,False
12651,277047,20250115,1563,1,4,1,1024.99,Damaged,False
12652,277255,20250112,407,29,4,2,250.42,Changed mind,True
12653,277239,20241225,653,26,4,1,11.46,Changed mind,True
12654,277078,20250115,210,28,4,2,81.4,Other,True
12655,277084,20250122,400,24,4,2,64.46,Damaged,False
12656,277305,20250201,787,13,4,3,34.55,Late delivery,True
12657,277279,20250121,183,18,4,4,342.68,Damaged,False
12658,277274,20250111,1277,25,4,1,116.53,Other,True
12659,277165,20250110,299,16,4,1,88.62,Damaged,False
12660,277096,20250129,1444,22,4,2,155.15,Late delivery,True
12661,277205,20250202,1690,18,4,1,82.59,Wrong size,True
12662,277210,20250126,1516,26,4,1,9.87,Changed mind,True
12663,277335,20250108,1727,53,4,4,540.75,Wrong size,True
12664,277405,20250121,1180,47,4,4,888.42,Changed mind,True
12665,277434,20250106,919,39,4,1,130.64,Wrong size,True
12666,277402,20250127,1517,40,4,3,944.23,Changed mind,True
12667,277439,20250107,1315,37,4,2,309.55,Wrong size,True
12668,277436,20250205,928,46,4,1,176.94,Wrong size,True
12669,277386,20250110,164,52,4,8,510.86,Wrong size,True
12670,277326,20250111,519,50,4,2,325.16,Wrong size,False
12671,277447,20241221,1042,36,4,1,173.91,Wrong size,True
12672,277376,20250123,823,42,4,2,219.37,Changed mind,True
12673,277465,20250120,1422,62,4,5,678.75,Other,True
12674,277563,20250208,1692,68,4,2,273.13,Late delivery,False
12675,277543,20250105,197,73,4,1,262.33,Late delivery,True
12676,277658,20250113,972,94,4,4,1596.95,Other,True
12677,277681,20241229,1964,104,4,1,421.29,Late delivery,True
12678,277670,20250205,39,108,4,1,533.45,Changed mind,True
12679,277775,20250112,1550,26,5,9,101.52,Damaged,False
12680,278168,20250204,1060,34,5,1,60.63,Damaged,False
12681,278170,20250216,921,15,5,1,19.71,Wrong size,True
12682,277990,20241223,915,34,5,1,127.46,Changed mind,True
12683,277828,20250128,966,15,5,4,65.65,Changed mind,False
12684,278183,20241231,1509,20,5,8,881.66,Warranty,True
12685,277964,20241220,447,22,5,1,101.22,Wrong size,True
12686,278094,20250126,461,28,5,1,35.78,Damaged,False
12687,278067,20250109,1458,16,5,1,103.43,Damaged,False
12688,278080,20250116,967,13,5,1,12.83,Warranty,True
12689,277911,20250208,419,29,5,1,106.42,Changed mind,True
12690,278054,20250123,545,22,5,1,103.8,Other,True
12691,278121,20250128,864,16,5,1,109.89,Wrong size,True
12692,278149,20250126,281,34,5,1,51.75,Late delivery,True
12693,277947,20250130,1315,15,5,2,34.22,Warranty,False
12694,278039,20250124,1548,24,5,1,29.14,Changed mind,True
12695,277879,20241231,839,16,5,3,297.8,Damaged,False
12696,277977,20241223,660,30,5,1,48.44,Other,True
12697,277883,20250111,967,33,5,2,143.13,Wrong size,True
12698,277949,20250115,972,16,5,1,102.06,Warranty,True
12699,278003,20241230,1846,24,5,1,32.65,Damaged,False
12700,277950,20250125,524,15,5,1,20.85,Damaged,False
12701,277931,20250109,1102,16,5,1,107.92,Wrong size,True
12702,278101,20250126,104,27,5,1,72.78,Damaged,False
12703,278007,20250203,1761,15,5,4,68.46,Damaged,False
12704,277887,20250119,755,21,5,1,73.66,Wrong size,True
12705,277705,20250122,1095,22,5,1,83.16,Changed mind,True
12706,278078,20241230,1631,29,5,3,174.39,Warranty,False
12707,277877,20250206,565,26,5,1,12.05,Warranty,True
12708,278335,20250108,778,46,5,1,225.06,Changed mind,False
12709,278259,20250106,595,44,5,2,558.04,Changed mind,True
12710,278302,20250201,1930,41,5,1,268.61,Late delivery,True
12711,278285,20250123,1775,48,5,3,513.25,Wrong size,True
12712,278283,20250112,609,46,5,1,188.65,Other,True
12713,278216,20250201,926,51,5,2,371.3,Damaged,False
12714,278248,20250105,748,56,5,4,578.55,Damaged,False
12715,278295,20250111,1359,49,5,1,202.38,Wrong size,True
12716,278323,20250209,393,52,5,5,320.1,Late delivery,True
12717,278220,20250124,1277,35,5,2,157.13,Changed mind,True
12718,278297,20241224,886,41,5,1,194.86,Changed mind,True
12719,278239,20250108,993,46,5,1,182.53,Changed mind,True
12720,278224,20250130,1488,46,5,2,228.36,Damaged,False
12721,278406,20250204,1805,76,5,1,327.09,Damaged,False
12722,278434,20250110,1962,80,5,1,173.61,Changed mind,True
12723,278391,20250115,1976,67,5,1,167.29,Changed mind,True
12724,278430,20250126,1134,59,5,2,103.07,Late delivery,True
12725,278439,20250129,1359,58,5,1,384.68,Late delivery,True
12726,278372,20250116,1008,65,5,1,46.46,Changed mind,True
12727,278444,20250128,1753,58,5,1,394.62,Warranty,False
12728,278422,20250124,631,74,5,1,191.49,Changed mind,True
12729,278347,20250113,966,64,5,1,165.41,Other,True
12730,278502,20250107,1610,92,5,1,475.11,Other,True
12731,278547,20250119,1759,14,6,1,98.91,Warranty,False
12732,278614,20250127,949,48,6,8,1135.2,Wrong size,True
12733,278597,20250215,640,48,6,1,136.49,Damaged,False
12734,278566,20250115,714,50,6,5,915.38,Wrong size,True
12735,278609,20250213,935,35,6,8,2675.06,Other,True
12736,278656,20250107,1925,72,6,1,221.12,Changed mind,True
12737,278696,20250114,945,59,6,1,43.42,Wrong size,True
12738,278634,20250204,190,67,6,2,348.67,Other,True
12739,278792,20241228,475,101,6,1,550.05,Wrong size,False
12740,278790,20250109,305,98,6,2,374.22,Damaged,False
12741,278808,20250201,713,12,7,2,6638.35,Changed mind,False
12742,279157,20250113,4,28,7,1,28.06,Warranty,True
12743,278895,20250104,1021,20,7,1,84.31,Late delivery,True
12744,278899,20250202,649,22,7,1,98.22,Wrong size,True
12745,278927,20250127,3,33,7,2,131.8,Warranty,True
12746,278869,20241218,801,24,7,1,33.66,Warranty,False
12747,279133,20250119,1615,13,7,1,12.56,Changed mind,True
12748,279162,20250118,485,18,7,5,478.07,Warranty,True
12749,279051,20250118,221,28,7,3,130.75,Changed mind,True
12750,279176,20250130,1516,16,7,1,107.0,Late delivery,True
12751,278987,20250113,1121,20,7,1,108.79,Late delivery,True
12752,278976,20250121,641,26,7,1,11.85,Changed mind,True
12753,278902,20250122,1340,22,7,3,223.08,Other,True
12754,279067,20250113,1815,33,7,3,207.81,Changed mind,True
12755,279084,20250110,602,15,7,1,19.47,Damaged,False
12756,278993,20250218,1634,27,7,1,68.82,Changed mind,True
12757,279215,20250131,1237,52,7,3,145.99,Wrong size,False
12758,279199,20250105,1037,40,7,2,529.32,Wrong size,True
12759,279264,20250124,307,48,7,1,156.7,Warranty,True
12760,279250,20250118,86,52,7,1,57.77,Wrong size,False
12761,279216,20250105,1928,38,7,2,194.74,Wrong size,True
12762,279260,20250122,854,54,7,2,206.43,Other,True
12763,279255,20241226,1110,53,7,1,233.4,Wrong size,False
12764,279208,20241218,1957,45,7,1,151.61,Changed mind,True
12765,279276,20250130,773,60,7,9,4352.97,Wrong size,True
12766,279278,20241225,488,80,7,1,132.23,Changed mind,False
12767,279317,20241218,1159,67,7,1,326.68,Damaged,False
12768,279404,20250212,311,82,7,1,702.08,Changed mind,True
12769,279474,20250129,146,27,8,1,64.07,Late delivery,True
12770,279538,20250116,1733,19,8,1,61.48,Wrong size,True
12771,279539,20250117,1525,22,8,4,360.29,Wrong size,True
12772,279481,20241230,1354,22,8,1,99.87,Wrong size,True
12773,279487,20250116,1326,14,8,1,100.85,Wrong size,False
12774,279443,20241228,1388,25,8,5,501.0,Late delivery,True
12775,279496,20250219,1256,19,8,2,111.75,Changed mind,True
12776,279462,20250127,1456,30,8,1,46.2,Wrong size,True
12777,279501,20250208,913,34,8,2,95.47,Wrong size,True
12778,279453,20250120,1136,23,8,2,103.71,Wrong size,True
12779,279447,20250118,1714,20,8,1,131.71,Late delivery,True
12780,279615,20250123,1642,54,8,1,73.79,Changed mind,True
12781,279720,20250102,1696,51,8,2,362.18,Wrong size,True
12782,279683,20250113,1554,45,8,1,160.61,Wrong size,True
12783,279718,20250120,482,45,8,1,131.97,Warranty,False
12784,279597,20250125,45,55,8,5,1479.41,Late delivery,True
12785,279717,20250116,1651,43,8,1,126.69,Wrong size,True
12786,279716,20250105,681,35,8,2,160.54,Wrong size,True
12787,279625,20250123,1686,48,8,1,194.63,Wrong size,True
12788,279591,20250208,628,41,8,2,655.14,Damaged,False
12789,279769,20250122,1040,80,8,8,1974.18,Changed mind,True
12790,279829,20250211,161,99,8,2,1107.7,Warranty,False
12791,279823,20250101,1861,96,8,1,451.2,Warranty,False
12792,279848,20250119,683,12,9,1,2959.65,Other,True
12793,279850,20241221,303,34,9,1,60.99,Wrong size,True
12794,279852,20250119,1292,17,9,1,75.23,Damaged,False
12795,279886,20250116,1758,13,9,8,111.46,Warranty,False
12796,279957,20250109,1643,38,9,1,154.61,Wrong size,True
12797,279963,20250112,1752,38,9,1,163.4,Wrong size,True
12798,279951,20241218,292,45,9,1,179.49,Changed mind,True
12799,279895,20250110,189,48,9,1,182.79,Wrong size,True
12800,279966,20250218,1334,49,9,1,90.27,Wrong size,True
12801,280001,20241222,1111,46,9,4,895.69,Other,True
12802,279999,20250125,1985,52,9,5,482.8,Warranty,True
12803,280006,20250114,121,54,9,7,590.8,Wrong size,False
12804,279987,20250127,1254,42,9,1,148.78,Changed mind,True
12805,279896,20241230,970,56,9,2,307.83,Wrong size,True
12806,280018,20250107,1261,74,9,2,589.22,Changed mind,True
12807,280036,20250201,1662,66,9,1,86.77,Damaged,False
12808,280072,20250119,89,66,9,5,410.38,Other,True
12809,280064,20250216,1769,59,9,1,49.03,Wrong size,True
12810,280126,20250202,1717,84,9,1,205.29,Late delivery,True
12811,280153,20250204,361,87,9,2,374.43,Wrong size,True
12812,280545,20241219,1571,34,10,1,61.3,Damaged,False
12813,280455,20250111,1097,13,10,1,11.87,Late delivery,True
12814,280341,20250115,201,22,10,1,113.1,Changed mind,True
12815,280237,20250104,1122,19,10,1,71.3,Other,True
12816,280428,20250217,1409,15,10,1,14.33,Changed mind,False
12817,280251,20250112,1474,27,10,2,106.68,Wrong size,False
12818,280213,20250103,1798,18,10,1,83.6,Wrong size,True
12819,280187,20241223,230,13,10,3,34.23,Changed mind,True
12820,280241,20250105,1591,27,10,2,139.81,Wrong size,True
12821,280491,20250130,502,24,10,1,38.82,Changed mind,True
12822,280681,20250110,1825,28,10,1,33.35,Wrong size,True
12823,280611,20250122,1102,26,10,2,25.05,Changed mind,True
12824,280663,20250123,670,33,10,2,149.7,Damaged,False
12825,280725,20250116,1760,28,10,1,36.7,Changed mind,True
12826,280289,20250126,1926,29,10,1,147.31,Late delivery,False
12827,280374,20250103,1205,25,10,4,491.68,Changed mind,True
12828,280164,20250125,1951,21,10,3,260.27,Changed mind,True
12829,280189,20250103,607,30,10,1,51.28,Warranty,True
12830,280661,20250130,1779,33,10,1,83.27,Changed mind,False
12831,280396,20250102,452,30,10,8,454.06,Wrong size,True
12832,280175,20250210,355,32,10,2,54.3,Changed mind,True
12833,280552,20250106,969,26,10,1,11.41,Damaged,False
12834,280472,20241230,1926,30,10,1,56.64,Changed mind,True
12835,280210,20250123,710,34,10,1,52.52,Changed mind,True
12836,280482,20250102,1006,27,10,4,316.99,Changed mind,False
12837,280554,20241225,1836,13,10,2,16.17,Other,True
12838,280178,20250117,1889,28,10,1,35.76,Wrong size,True
12839,280679,20250127,581,18,10,9,697.91,Wrong size,False
12840,280562,20250103,244,27,10,2,140.75,Warranty,True
12841,280324,20250112,157,29,10,1,99.54,Changed mind,True
12842,280531,20241215,17,30,10,2,110.73,Warranty,False
12843,280433,20250123,1614,29,10,1,134.74,Wrong size,True
12844,280420,20250122,598,19,10,2,124.75,Other,True
12845,280332,20250210,1413,31,10,1,81.47,Other,True
12846,280327,20250208,730,27,10,1,67.7,Warranty,False
12847,280206,20241228,1084,25,10,1,97.78,Wrong size,False
12848,280544,20250202,858,16,10,7,618.24,Late delivery,False
12849,280395,20241224,1015,21,10,3,185.78,Other,False
12850,280439,20241222,324,27,10,1,61.89,Changed mind,True
12851,280708,20250107,1473,14,10,1,89.47,Wrong size,True
12852,280463,20250124,1687,16,10,1,102.94,Late delivery,True
12853,280847,20250120,524,35,10,2,167.32,Wrong size,True
12854,280830,20250111,1412,43,10,1,134.72,Wrong size,True
12855,280805,20250203,456,43,10,2,249.6,Late delivery,True
12856,280854,20250123,839,51,10,1,248.82,Damaged,False
12857,280869,20241231,324,39,10,1,114.98,Wrong size,True
12858,280873,20250202,711,46,10,2,391.88,Changed mind,True
12859,280782,20250118,613,40,10,5,1176.99,Changed mind,True
12860,280875,20250215,326,56,10,2,276.26,Wrong size,True
12861,280882,20250104,1202,53,10,1,150.63,Other,True
12862,280775,20250106,1953,51,10,2,444.64,Damaged,False
12863,280905,20250119,1990,75,10,2,432.32,Warranty,True
12864,280971,20250207,581,62,10,1,148.83,Changed mind,True
12865,280934,20250126,1294,65,10,1,57.36,Changed mind,True
12866,280895,20250123,230,57,10,1,171.09,Late delivery,True
12867,280959,20250125,760,67,10,5,741.14,Warranty,False
12868,281042,20250117,854,31,11,1,89.49,Changed mind,False
12869,281074,20241229,1201,36,11,2,412.27,Damaged,False
12870,281065,20250212,1460,43,11,4,584.53,Wrong size,False
12871,281075,20250105,1117,55,11,1,296.59,Changed mind,True
12872,281095,20250115,1426,77,11,1,81.74,Changed mind,True
12873,281096,20250115,159,77,11,1,73.61,Changed mind,True
12874,281103,20250116,509,59,11,1,54.68,Wrong size,False
12875,281112,20250124,364,95,11,1,467.74,Wrong size,True
12876,281114,20241223,969,96,11,2,1218.39,Other,False
12877,281120,20250126,809,102,11,1,134.39,Changed mind,True
12878,281137,20250118,1439,98,11,1,139.91,Warranty,True
12879,281165,20250201,1072,24,12,3,94.52,Late delivery,True
12880,281162,20250116,609,22,12,1,99.4,Wrong size,True
12881,281325,20250115,267,46,12,1,94.81,Changed mind,True
12882,281248,20250118,839,44,12,3,727.74,Other,True
12883,281241,20241226,1298,49,12,1,79.4,Changed mind,True
12884,281338,20250113,1717,37,12,2,213.62,Wrong size,True
12885,281266,20250117,254,36,12,5,927.67,Late delivery,True
12886,281228,20250118,1555,38,12,1,170.01,Wrong size,True
12887,281200,20241219,1396,49,12,1,96.12,Changed mind,False
12888,281423,20250114,1943,55,12,3,946.46,Wrong size,True
12889,281273,20241225,1660,41,12,2,595.17,Wrong size,True
12890,281220,20241214,1266,45,12,3,524.8,Late delivery,True
12891,281431,20241231,493,51,12,1,174.55,Changed mind,True
12892,281353,20250129,897,52,12,5,284.77,Damaged,False
12893,281413,20250112,906,46,12,1,217.25,Late delivery,True
12894,281194,20250219,822,44,12,3,788.94,Other,True
12895,281303,20241224,1671,38,12,1,208.19,Changed mind,True
12896,281272,20250107,1614,46,12,1,200.23,Wrong size,True
12897,281415,20241229,1841,41,12,2,615.11,Damaged,False
12898,281361,20250106,322,43,12,1,238.53,Warranty,True
12899,281321,20250118,1405,53,12,1,149.45,Changed mind,True
12900,281236,20250129,1155,56,12,1,189.22,Wrong size,True
12901,281229,20241222,1176,46,12,1,58.02,Wrong size,True
12902,281389,20250212,1179,47,12,1,104.62,Changed mind,True
12903,281495,20250122,1320,95,12,2,788.63,Changed mind,True
12904,281482,20250120,1645,99,12,1,578.96,Wrong size,True
12905,281607,20250210,1440,16,1,1,71.49,Damaged,False
12906,281555,20250304,1626,28,1,3,123.48,Wrong size,False
12907,281680,20250318,1477,14,1,1,79.8,Warranty,False
12908,281633,20250228,640,15,1,1,16.34,Damaged,False
12909,281594,20250111,1818,19,1,3,172.69,Changed mind,True
12910,281654,20250317,57,22,1,3,349.9,Damaged,False
12911,281705,20250125,433,38,1,2,425.4,Damaged,False
12912,281772,20250221,129,40,1,1,234.34,Late delivery,True
12913,281799,20250204,686,71,1,1,296.19,Changed mind,True
12914,281850,20250123,542,83,1,1,506.04,Other,True
12915,282122,20250310,1125,33,2,2,131.36,Late delivery,True
12916,282105,20250116,939,23,2,1,54.42,Changed mind,True
12917,282026,20250208,1109,26,2,1,15.91,Warranty,False
12918,282197,20250218,1882,28,2,1,32.64,Wrong size,True
12919,281906,20250211,34,28,2,1,37.78,Changed mind,True
12920,282024,20250310,475,21,2,1,86.9,Late delivery,True
12921,282142,20250207,258,27,2,1,32.37,Wrong size,True
12922,282367,20250304,801,28,2,2,77.23,Changed mind,True
12923,281996,20250115,1674,19,2,1,63.24,Other,False
12924,282172,20250107,1421,26,2,1,13.26,Changed mind,False
12925,282113,20250203,1157,29,2,1,43.5,Wrong size,True
12926,282297,20250209,655,15,2,2,31.38,Other,True
12927,282278,20250316,1374,20,2,5,637.96,Wrong size,True
12928,281975,20250215,745,32,2,1,24.81,Damaged,False
12929,281938,20250209,1406,32,2,10,233.5,Late delivery,True
12930,282146,20250204,1204,20,2,1,136.17,Wrong size,True
12931,282381,20250309,1876,49,2,1,107.72,Wrong size,True
12932,282484,20250128,66,83,2,2,943.57,Changed mind,True
12933,282420,20250302,69,81,2,1,210.02,Changed mind,True
12934,282452,20250227,1584,82,2,1,515.25,Late delivery,True
12935,282795,20250129,848,23,3,3,192.58,Wrong size,True
12936,282775,20250127,330,27,3,1,60.59,Wrong size,True
12937,282762,20250206,238,24,3,1,33.59,Warranty,True
12938,282833,20250201,314,17,3,2,180.98,Late delivery,True
12939,282564,20250204,411,22,3,1,95.82,Late delivery,True
12940,282580,20250218,1198,27,3,1,49.48,Changed mind,True
12941,282741,20250203,113,32,3,1,20.86,Warranty,False
12942,282672,20250129,1351,16,3,2,196.96,Wrong size,False
12943,282800,20250122,1285,21,3,1,78.29,Damaged,False
12944,282974,20250313,1111,52,3,1,53.71,Other,True
12945,283008,20250223,1376,43,3,6,656.01,Changed mind,False
12946,283037,20250214,485,64,3,2,332.02,Wrong size,True
12947,283070,20250115,407,76,3,1,50.84,Damaged,False
12948,283158,20250305,1323,96,3,1,654.3,Wrong size,True
12949,283159,20250217,1531,95,3,1,334.05,Damaged,False
12950,283171,20250302,636,100,3,1,731.93,Warranty,True
12951,283285,20250222,952,28,4,4,158.27,Changed mind,True
12952,283282,20250306,142,27,4,1,67.3,Wrong size,True
12953,283310,20250130,420,36,4,1,185.15,Wrong size,False
12954,283330,20250219,517,50,4,1,237.36,Changed mind,True
12955,283480,20250210,1113,88,4,1,118.11,Late delivery,True
12956,283471,20250314,39,82,4,3,1706.7,Damaged,False
12957,283512,20250219,640,98,4,2,372.26,Changed mind,False
12958,283819,20250121,1471,15,5,2,48.93,Warranty,True
12959,283829,20250206,755,34,5,4,235.2,Wrong size,True
12960,283626,20250208,240,17,5,1,80.76,Late delivery,True
12961,284119,20250218,243,18,5,1,75.87,Changed mind,True
12962,283763,20250302,1730,27,5,1,61.39,Damaged,False
12963,283723,20250306,1853,20,5,1,115.68,Late delivery,True
12964,284009,20250307,935,33,5,1,72.32,Changed mind,True
12965,283715,20250204,1236,26,5,2,22.08,Other,True
12966,284087,20250122,939,16,5,1,96.63,Damaged,False
12967,283573,20250314,1860,21,5,1,74.96,Late delivery,True
12968,283923,20250210,1298,25,5,1,97.03,Wrong size,False
12969,283622,20250212,967,13,5,3,31.84,Other,True
12970,283963,20250223,1267,30,5,1,51.91,Wrong size,True
12971,283627,20250125,1011,29,5,10,1318.41,Damaged,False
12972,284105,20250206,1722,24,5,1,42.16,Changed mind,False
12973,283791,20250309,1819,13,5,5,56.29,Changed mind,True
12974,283576,20250125,1923,27,5,1,54.42,Damaged,False
12975,284046,20250207,1582,13,5,1,12.55,Changed mind,True
12976,283816,20250305,565,26,5,2,20.93,Changed mind,False
12977,283636,20250304,1183,34,5,3,138.87,Wrong size,True
12978,283800,20250129,305,22,5,2,214.5,Changed mind,True
12979,283933,20250205,1432,28,5,1,40.82,Wrong size,False
12980,284167,20250320,461,17,5,7,480.03,Damaged,False
12981,283861,20250203,683,19,5,1,78.27,Changed mind,True
12982,284068,20250208,1366,20,5,1,123.33,Changed mind,False
12983,283583,20250128,959,16,5,1,113.65,Changed mind,True
12984,283728,20250211,68,20,5,1,123.65,Wrong size,True
12985,284274,20250201,993,46,5,1,193.81,Damaged,False
12986,284234,20250306,260,46,5,2,396.37,Changed mind,True
12987,284282,20250219,1146,50,5,1,210.28,Wrong size,True
12988,284237,20250209,964,40,5,1,266.24,Damaged,False
12989,284262,20250204,1776,35,5,2,161.75,Late delivery,True
12990,284281,20250312,886,41,5,1,214.3,Late delivery,True
12991,284224,20250207,1522,35,5,1,92.47,Other,False
12992,284221,20250118,1181,51,5,1,58.2,Wrong size,True
12993,284316,20250316,880,60,5,4,1770.99,Damaged,False
12994,284338,20250120,1399,85,5,1,361.87,Wrong size,True
12995,284346,20250202,1525,83,5,1,409.25,Changed mind,True
12996,284373,20250115,1356,86,5,6,1868.0,Other,True
12997,284415,20250305,1858,84,5,3,383.31,Wrong size,True
12998,284473,20250222,118,101,5,2,938.19,Wrong size,True
12999,284482,20250306,1289,4,6,1,2270.72,Warranty,True
13000,284506,20250216,760,23,6,2,124.66,Warranty,True
13001,284666,20250214,1797,30,6,1,47.28,Late delivery,True
13002,284637,20250128,1138,19,6,2,162.07,Changed mind,True
13003,284584,20250127,1917,29,6,1,109.51,Damaged,False
13004,284625,20250302,1456,24,6,1,81.12,Late delivery,True
13005,284707,20250310,1531,19,6,3,223.85,Damaged,False
13006,284501,20250211,739,18,6,1,70.96,Wrong size,True
13007,284495,20250216,1608,23,6,3,165.07,Other,True
13008,284593,20250209,1886,22,6,3,245.31,Warranty,True
13009,284519,20250123,93,19,6,2,156.29,Warranty,True
13010,284676,20250312,1717,32,6,4,75.75,Wrong size,True
13011,284760,20250202,1388,18,6,2,193.16,Changed mind,True
13012,284500,20250121,313,29,6,2,251.92,Wrong size,True
13013,284614,20250222,1727,25,6,1,113.0,Changed mind,True
13014,284941,20250119,106,52,6,1,66.4,Changed mind,True
13015,284960,20250218,893,46,6,1,239.55,Other,True
13016,284895,20250121,117,45,6,1,134.39,Wrong size,True
13017,284772,20250202,1071,52,6,1,55.45,Wrong size,True
13018,284882,20250206,519,36,6,3,463.45,Changed mind,False
13019,284918,20250218,303,44,6,1,201.41,Wrong size,True
13020,284946,20250216,1235,38,6,2,398.92,Wrong size,True
13021,284811,20250122,300,35,6,2,136.39,Wrong size,True
13022,285018,20250203,1036,60,6,2,998.91,Changed mind,True
13023,285078,20250314,1540,60,6,3,1691.04,Damaged,False
13024,285153,20250208,1396,93,6,1,54.5,Damaged,False
13025,285146,20250123,1616,91,6,2,973.88,Warranty,True
13026,285118,20250305,401,81,6,5,1494.38,Changed mind,True
13027,285196,20250316,38,96,6,1,624.23,Late delivery,True
13028,285383,20250209,1019,33,7,1,68.0,Late delivery,True
13029,285304,20250214,579,15,7,7,135.79,Other,True
13030,285289,20250307,1855,32,7,3,57.35,Wrong size,True
13031,285287,20250130,1245,32,7,1,56.06,Wrong size,True
13032,285555,20250224,500,34,7,6,327.49,Changed mind,True
13033,285445,20250214,1806,19,7,1,64.18,Wrong size,True
13034,285374,20250214,1303,15,7,4,74.39,Other,True
13035,285405,20250222,536,31,7,2,189.34,Changed mind,True
13036,285486,20250301,1432,19,7,1,71.42,Wrong size,True
13037,285239,20250129,1582,22,7,2,157.06,Wrong size,True
13038,285597,20250201,387,39,7,2,175.11,Wrong size,True
13039,285621,20250215,1407,46,7,2,336.51,Late delivery,True
13040,285691,20250127,75,80,7,3,491.76,Changed mind,True
13041,285646,20250220,1472,57,7,1,259.98,Wrong size,True
13042,285749,20250112,850,84,7,3,511.18,Late delivery,True
13043,285868,20250121,1388,25,8,1,19.44,Late delivery,True
13044,285918,20250205,476,16,8,1,104.87,Other,True
13045,285982,20250304,1332,25,8,1,91.19,Damaged,False
13046,286080,20250318,146,15,8,6,101.13,Late delivery,False
13047,285820,20250215,1941,33,8,6,338.58,Late delivery,True
13048,285822,20250302,1931,14,8,3,276.86,Changed mind,True
13049,285883,20250211,806,25,8,1,95.72,Wrong size,True
13050,286018,20250203,352,27,8,1,85.97,Damaged,False
13051,286123,20250129,1688,30,8,1,51.26,Late delivery,True
13052,285904,20250301,1670,14,8,1,67.12,Wrong size,False
13053,286121,20250220,1582,18,8,1,75.1,Damaged,False
13054,286096,20250202,1354,23,8,1,60.81,Late delivery,True
13055,285990,20250207,1797,23,8,2,130.77,Changed mind,True
13056,286052,20250203,1713,13,8,1,10.28,Wrong size,False
13057,285861,20250130,849,13,8,2,26.98,Warranty,True
13058,286192,20250302,266,40,8,2,617.88,Wrong size,True
13059,286177,20250207,129,56,8,2,383.34,Late delivery,True
13060,286176,20250227,770,55,8,2,599.48,Other,True
13061,286146,20250223,1908,51,8,1,234.02,Wrong size,False
13062,286273,20250218,1145,32,9,3,85.93,Warranty,True
13063,286253,20250223,1007,28,9,1,34.34,Changed mind,True
13064,286319,20250202,762,36,9,1,173.91,Wrong size,True
13065,286382,20250214,17,56,9,6,913.95,Wrong size,True
13066,286408,20250306,579,46,9,2,333.14,Wrong size,True
13067,286305,20250211,941,53,9,1,184.16,Late delivery,True
13068,286365,20250127,1788,50,9,1,352.37,Wrong size,True
13069,286327,20250308,1713,49,9,1,65.43,Late delivery,False
13070,286402,20250201,941,55,9,1,218.12,Warranty,False
13071,286298,20250206,906,42,9,4,565.07,Wrong size,True
13072,286442,20250127,1970,67,9,1,195.77,Late delivery,True
13073,286509,20250208,666,82,9,8,4716.78,Late delivery,True
13074,286499,20250225,1939,89,9,1,55.23,Changed mind,True
13075,286478,20250218,1799,88,9,1,149.62,Wrong size,True
13076,286537,20250202,421,31,10,2,146.66,Changed mind,False
13077,286678,20250219,385,18,10,2,177.38,Wrong size,True
13078,286647,20250214,351,13,10,8,94.68,Late delivery,True
13079,286663,20250312,1253,30,10,2,99.22,Late delivery,True
13080,286846,20250215,1937,40,10,1,277.43,Changed mind,True
13081,286781,20250222,1142,41,10,1,237.61,Wrong size,True
13082,286796,20250227,1573,45,10,1,147.56,Wrong size,True
13083,286837,20250129,308,51,10,5,952.6,Late delivery,True
13084,286714,20250202,252,41,10,1,265.06,Changed mind,True
13085,286725,20250209,742,54,10,6,621.28,Wrong size,True
13086,286887,20250210,1256,32,11,1,20.53,Other,True
13087,287057,20250222,876,14,11,1,88.5,Damaged,False
13088,286946,20250226,750,28,11,2,73.35,Wrong size,False
13089,287005,20250217,1286,30,11,1,73.71,Changed mind,True
13090,287030,20250319,1249,26,11,1,12.3,Late delivery,True
13091,286955,20250319,1086,27,11,2,126.15,Damaged,False
13092,287206,20250203,1410,56,11,2,273.04,Warranty,False
13093,287277,20250219,405,46,11,1,220.07,Late delivery,True
13094,287197,20250117,849,52,11,6,401.93,Warranty,False
13095,287230,20250212,1044,39,11,1,113.87,Wrong size,False
13096,287144,20250205,303,36,11,2,333.17,Changed mind,True
13097,287218,20250217,1335,45,11,4,657.06,Damaged,False
13098,287260,20250304,23,41,11,1,234.83,Wrong size,True
13099,287190,20250205,1790,47,11,1,94.55,Damaged,False
13100,287135,20250214,1469,43,11,9,1252.9,Wrong size,True
13101,287104,20250211,1349,41,11,2,521.48,Wrong size,False
13102,287335,20250223,1387,80,11,1,148.3,Late delivery,True
13103,287426,20250220,607,87,11,1,147.87,Damaged,False
13104,287455,20250209,897,93,11,2,287.49,Wrong size,True
13105,287618,20250204,247,28,12,2,68.33,Wrong size,True
13106,287687,20250228,707,27,12,1,79.65,Late delivery,True
13107,287549,20250204,581,18,12,1,85.24,Late delivery,True
13108,287768,20250208,1352,31,12,2,157.06,Changed mind,True
13109,287766,20250224,1468,21,12,5,387.42,Wrong size,True
13110,287594,20250304,1574,28,12,1,33.18,Wrong size,True
13111,287588,20250309,115,26,12,3,298.87,Changed mind,True
13112,287528,20250205,687,20,12,1,128.42,Wrong size,True
13113,287724,20250124,1862,26,12,1,24.07,Other,False
13114,287739,20250218,1344,18,12,2,182.44,Damaged,False
13115,287868,20250211,1985,46,12,1,258.04,Damaged,False
13116,287879,20250212,1912,44,12,1,264.19,Damaged,False
13117,287882,20250209,645,43,12,4,431.87,Other,True
13118,287821,20250224,94,53,12,7,1288.96,Wrong size,True
13119,287943,20250222,1953,82,12,1,675.4,Wrong size,True
13120,288007,20250225,1632,108,12,1,596.97,Damaged,False
13121,288094,20250316,808,20,1,1,128.78,Warranty,False
13122,288088,20250328,1317,19,1,9,732.38,Warranty,False
13123,288084,20250322,718,20,1,6,844.09,Wrong size,True
13124,288096,20250310,475,27,1,1,61.37,Wrong size,True
13125,288134,20250323,1398,42,1,1,110.91,Changed mind,True
13126,288140,20250324,1288,41,1,2,524.73,Wrong size,False
13127,288138,20250325,462,40,1,1,279.14,Warranty,False
13128,288145,20250401,1676,48,1,2,311.01,Changed mind,True
13129,288160,20250310,212,69,1,2,703.94,Changed mind,True
13130,288177,20250405,1758,64,1,1,186.74,Changed mind,True
13131,288228,20250404,743,89,1,5,274.43,Late delivery,False
13132,288531,20250325,672,31,2,1,99.39,Late delivery,True
13133,288332,20250326,327,31,2,6,616.11,Wrong size,False
13134,288306,20250225,133,18,2,2,152.66,Late delivery,True
13135,288483,20250327,1988,19,2,1,63.13,Late delivery,True
13136,288345,20250322,746,31,2,1,92.72,Other,True
13137,288446,20250303,1449,16,2,1,76.2,Other,True
13138,288510,20250325,144,28,2,2,74.17,Changed mind,True
13139,288461,20250330,709,34,2,1,55.14,Late delivery,False
13140,288275,20250323,343,19,2,6,448.39,Other,True
13141,288744,20250328,69,41,2,2,570.8,Wrong size,True
13142,288669,20250406,1046,45,2,12,1467.27,Wrong size,True
13143,288679,20250401,1418,37,2,1,209.59,Changed mind,True
13144,288676,20250316,1439,42,2,2,205.78,Wrong size,True
13145,288662,20250411,367,52,2,4,226.87,Wrong size,False
13146,288616,20250411,837,46,2,2,444.5,Late delivery,True
13147,288644,20250311,797,46,2,9,1970.6,Wrong size,True
13148,288769,20250403,292,50,2,1,169.19,Late delivery,True
13149,288863,20250324,915,72,2,1,227.79,Other,True
13150,288912,20250405,851,71,2,1,328.04,Wrong size,True
13151,288835,20250225,780,57,2,1,284.5,Changed mind,True
13152,288817,20250331,1970,66,2,1,232.73,Other,True
13153,288917,20250316,124,82,2,1,578.43,Damaged,False
13154,288962,20250313,1289,89,2,4,221.08,Changed mind,True
13155,288986,20250306,1795,108,2,1,587.79,Changed mind,False
13156,288983,20250331,1981,99,2,1,550.14,Damaged,False
13157,289000,20250312,716,108,2,3,1707.31,Changed mind,True
13158,289145,20250330,1030,21,3,1,84.91,Late delivery,True
13159,289356,20250308,529,31,3,2,177.23,Changed mind,True
13160,289450,20250315,1773,27,3,4,166.74,Late delivery,True
13161,289433,20250208,1742,15,3,6,134.71,Damaged,False
13162,289419,20250224,529,26,3,1,15.06,Other,False
13163,289317,20250326,1240,20,3,8,1140.96,Wrong size,True
13164,289325,20250313,617,14,3,1,91.18,Wrong size,True
13165,289369,20250323,453,34,3,2,78.5,Warranty,False
13166,289414,20250321,1329,13,3,3,34.46,Late delivery,True
13167,289471,20250318,1378,21,3,1,87.73,Wrong size,True
13168,289529,20250224,733,38,3,1,211.53,Changed mind,True
13169,289533,20250314,653,54,3,1,292.61,Damaged,False
13170,289782,20250330,1512,28,4,2,75.29,Damaged,False
13171,289789,20250329,1316,24,4,1,31.13,Changed mind,True
13172,289726,20250309,1558,20,4,1,133.6,Wrong size,True
13173,289955,20250305,737,47,4,1,103.45,Wrong size,True
13174,289837,20250401,436,37,4,1,87.49,Changed mind,True
13175,289907,20250403,1663,48,4,1,148.68,Warranty,False
13176,289882,20250313,1307,54,4,1,217.57,Changed mind,True
13177,289905,20250407,443,51,4,2,346.73,Changed mind,True
13178,289808,20250319,1013,38,4,2,423.1,Damaged,False
13179,289933,20250323,26,43,4,5,773.14,Damaged,False
13180,289925,20250405,1194,44,4,1,252.62,Damaged,False
13181,289876,20250409,632,56,4,1,157.1,Changed mind,True
13182,290089,20250304,579,10,5,1,849.97,Damaged,False
13183,290105,20250406,903,5,5,1,3473.66,Wrong size,True
13184,290431,20250321,1575,13,5,1,11.38,Changed mind,True
13185,290259,20250409,1183,34,5,2,96.8,Damaged,False
13186,290240,20250310,1132,34,5,6,369.79,Damaged,False
13187,290287,20250321,118,21,5,3,208.44,Damaged,False
13188,290396,20250311,1140,16,5,1,106.45,Changed mind,True
13189,290249,20250409,1056,32,5,1,18.49,Late delivery,True
13190,290322,20250327,172,18,5,2,148.34,Late delivery,True
13191,290303,20250314,964,28,5,1,27.79,Changed mind,True
13192,290305,20250328,1730,27,5,1,59.07,Changed mind,True
13193,290461,20250314,128,47,5,2,184.53,Wrong size,True
13194,290483,20250326,756,45,5,2,313.93,Other,True
13195,290544,20250305,1102,65,5,2,91.89,Other,True
13196,290586,20250314,1830,61,5,1,202.68,Late delivery,True
13197,290567,20250322,715,61,5,1,48.46,Wrong size,True
13198,290581,20250318,1352,70,5,2,399.91,Damaged,False
13199,290632,20250327,674,93,5,1,196.16,Wrong size,True
13200,290635,20250320,872,82,5,1,577.35,Damaged,False
13201,290616,20250319,1248,87,5,1,143.46,Damaged,False
13202,290656,20250224,877,86,5,1,276.05,Damaged,False
13203,290890,20250319,242,31,6,1,78.87,Changed mind,True
13204,290764,20250317,156,27,6,1,70.17,Other,True
13205,290733,20250322,965,13,6,1,11.58,Other,True
13206,290854,20250310,256,28,6,1,119.4,Late delivery,True
13207,290742,20250330,151,23,6,3,46.75,Changed mind,True
13208,290747,20250228,203,30,6,2,57.55,Wrong size,True
13209,290920,20250305,1307,30,6,1,35.27,Changed mind,True
13210,290949,20250319,358,23,6,1,62.4,Wrong size,True
13211,290930,20250306,1771,25,6,1,90.97,Warranty,False
13212,290735,20250329,48,16,6,1,88.04,Late delivery,True
13213,291025,20250324,1102,21,7,3,221.36,Damaged,False
13214,291070,20250311,854,13,7,2,20.63,Other,True
13215,291044,20250227,1203,28,7,1,10.91,Other,True
13216,291128,20250322,855,29,7,4,347.16,Other,True
13217,291137,20250403,674,28,7,1,35.16,Warranty,False
13218,291061,20250314,73,21,7,1,79.35,Late delivery,True
13219,291173,20250412,1570,50,7,1,169.37,Wrong size,False
13220,291168,20250327,127,43,7,1,151.25,Changed mind,True
13221,291252,20250328,814,56,7,4,506.38,Warranty,False
13222,291184,20250325,1102,54,7,1,119.11,Wrong size,False
13223,291369,20250320,727,89,7,2,110.74,Wrong size,True
13224,291377,20250313,1945,100,7,7,5944.69,Changed mind,True
13225,291578,20250314,1861,52,8,1,58.16,Warranty,True
13226,291526,20250308,560,43,8,1,137.43,Wrong size,True
13227,291511,20250312,680,36,8,4,770.62,Late delivery,True
13228,291541,20250314,931,51,8,1,212.73,Late delivery,True
13229,291597,20250228,580,58,8,1,408.9,Late delivery,True
13230,291661,20250222,605,98,8,1,177.01,Changed mind,True
13231,291660,20250304,353,105,8,1,483.05,Changed mind,True
13232,291711,20250222,1127,18,9,1,64.69,Late delivery,True
13233,291803,20250409,1145,32,9,7,145.94,Changed mind,False
13234,291794,20250314,935,26,9,1,10.91,Damaged,False
13235,291681,20250322,1982,18,9,1,137.66,Changed mind,True
13236,291796,20250321,330,16,9,1,97.15,Warranty,True
13237,291981,20250306,1513,26,10,3,46.13,Changed mind,True
13238,292075,20250314,1698,22,10,2,208.0,Damaged,False
13239,292062,20250328,1221,28,10,2,95.94,Changed mind,True
13240,292053,20250226,489,22,10,2,180.59,Changed mind,False
13241,292112,20250217,786,44,10,1,205.93,Damaged,False
13242,292227,20250310,218,41,10,3,778.11,Wrong size,True
13243,292293,20250314,747,38,10,2,388.15,Wrong size,True
13244,292096,20250310,322,49,10,1,79.99,Wrong size,True
13245,292271,20250312,470,35,10,1,198.08,Late delivery,True
13246,292149,20250313,1437,43,10,1,151.39,Damaged,False
13247,292256,20250313,1224,45,10,1,128.73,Wrong size,True
13248,292106,20250223,64,52,10,2,105.16,Damaged,False
13249,292263,20250405,329,41,10,2,459.83,Changed mind,True
13250,292167,20250401,565,48,10,3,517.94,Late delivery,True
13251,292231,20250410,237,52,10,3,196.5,Late delivery,True
13252,292286,20250313,501,56,10,1,102.07,Other,True
13253,292270,20250225,715,55,10,4,1311.99,Late delivery,True
13254,292305,20250304,291,80,10,2,307.07,Changed mind,False
13255,292333,20250403,1127,100,10,4,2832.28,Wrong size,True
13256,292513,20250405,1435,22,11,1,98.65,Warranty,True
13257,292374,20250222,28,15,11,6,118.9,Wrong size,True
13258,292589,20250309,45,39,11,3,345.36,Late delivery,True
13259,292649,20250317,1540,42,11,5,364.59,Wrong size,True
13260,292583,20250305,396,37,11,1,93.16,Changed mind,True
13261,292609,20250305,910,51,11,1,209.16,Changed mind,False
13262,292569,20250221,45,35,11,6,490.0,Wrong size,True
13263,292545,20250305,356,56,11,1,211.07,Wrong size,True
13264,292617,20250324,1117,56,11,1,162.14,Damaged,False
13265,292574,20250308,1729,36,11,3,637.6,Warranty,True
13266,292575,20250302,1901,48,11,4,566.79,Late delivery,False
13267,292625,20250222,422,46,11,1,211.69,Changed mind,True
13268,292692,20250417,1399,78,11,1,191.97,Late delivery,False
13269,292731,20250306,1861,64,11,1,157.86,Other,True
13270,292689,20250307,225,59,11,1,50.41,Wrong size,True
13271,292780,20250321,1327,86,11,1,241.91,Other,True
13272,292987,20250408,773,34,12,3,165.69,Changed mind,True
13273,293123,20250314,563,25,12,2,227.92,Wrong size,False
13274,293059,20250220,1826,17,12,1,67.91,Damaged,False
13275,292919,20250323,893,23,12,1,50.21,Warranty,True
13276,292857,20250320,1919,32,12,1,21.69,Late delivery,True
13277,292863,20250405,76,19,12,2,142.95,Late delivery,True
13278,293203,20250409,1384,77,12,2,112.72,Wrong size,False
13279,293278,20250311,562,91,12,1,440.8,Wrong size,True
13280,293262,20250324,1315,84,12,1,166.78,Changed mind,True
13281,293343,20250517,1509,11,1,11,36705.39,Wrong size,True
13282,293517,20250401,1451,16,1,1,94.88,Damaged,False
13283,293416,20250404,623,20,1,5,653.27,Changed mind,True
13284,293588,20250425,715,25,1,3,395.43,Wrong size,True
13285,293620,20250515,450,21,1,1,59.35,Warranty,False
13286,293378,20250323,1910,31,1,1,121.69,Late delivery,True
13287,293383,20250513,1116,34,1,1,42.96,Other,True
13288,293725,20250509,1969,37,1,2,181.58,Damaged,False
13289,293729,20250428,551,46,1,1,214.85,Changed mind,True
13290,293698,20250426,1317,56,1,5,793.58,Wrong size,True
13291,293689,20250326,920,53,1,1,200.3,Wrong size,True
13292,293716,20250505,1171,50,1,2,392.53,Wrong size,True
13293,293723,20250422,74,52,1,1,55.47,Damaged,False
13294,293663,20250403,464,52,1,2,146.95,Wrong size,True
13295,293712,20250515,1485,41,1,6,1618.7,Late delivery,True
13296,294020,20250421,894,13,2,1,11.74,Changed mind,True
13297,294083,20250421,425,26,2,3,41.84,Damaged,False
13298,293843,20250501,1463,24,2,4,141.6,Warranty,True
13299,294002,20250327,140,21,2,2,197.61,Late delivery,True
13300,293874,20250328,345,27,2,1,68.37,Changed mind,True
13301,293857,20250407,1988,22,2,2,189.99,Wrong size,True
13302,294113,20250424,773,54,2,1,50.58,Late delivery,True
13303,294096,20250408,115,47,2,1,100.79,Changed mind,True
13304,294142,20250418,309,46,2,1,227.6,Damaged,False
13305,294296,20250331,959,20,3,1,141.47,Other,True
13306,294250,20250508,1464,28,3,2,70.18,Late delivery,True
13307,294758,20250409,1423,31,3,1,102.11,Damaged,False
13308,294286,20250329,764,23,3,4,260.04,Late delivery,True
13309,294759,20250418,94,13,3,2,27.31,Wrong size,False
13310,294639,20250419,1060,33,3,2,180.75,Late delivery,True
13311,294792,20250401,1163,29,3,1,85.52,Wrong size,True
13312,294708,20250327,1454,33,3,2,146.08,Damaged,False
13313,294763,20250501,186,22,3,2,206.01,Wrong size,True
13314,294736,20250328,239,22,3,4,347.22,Wrong size,True
13315,294662,20250331,1351,16,3,3,357.5,Late delivery,True
13316,294327,20250413,700,17,3,1,62.91,Changed mind,True
13317,294302,20250323,1009,32,3,1,23.34,Wrong size,True
13318,294323,20250412,1204,25,3,1,79.52,Changed mind,False
13319,294884,20250422,775,52,3,1,52.48,Damaged,False
13320,294882,20250405,1709,49,3,1,61.55,Changed mind,True
13321,294878,20250516,94,45,3,1,148.31,Damaged,False
13322,294865,20250411,1601,44,3,1,120.13,Changed mind,True
13323,294864,20250426,977,56,3,1,146.39,Late delivery,True
13324,295015,20250411,1228,78,3,1,142.52,Late delivery,True
13325,295009,20250415,578,74,3,3,585.73,Changed mind,False
13326,295008,20250426,534,59,3,2,874.44,Warranty,False
13327,294950,20250404,225,76,3,2,402.09,Other,True
13328,294921,20250404,903,77,3,1,97.89,Changed mind,True
13329,295112,20250412,64,88,3,2,192.37,Changed mind,True
13330,295335,20250413,1689,20,4,3,437.34,Warranty,False
13331,295261,20250428,1875,15,4,1,17.79,Changed mind,True
13332,295251,20250414,598,20,4,1,142.22,Damaged,False
13333,295186,20250501,1875,20,4,15,1845.21,Changed mind,True
13334,295617,20250509,731,29,4,1,132.45,Changed mind,True
13335,295608,20250512,1150,26,4,1,14.45,Changed mind,False
13336,295290,20250414,1856,24,4,3,82.93,Other,True
13337,295172,20250321,1909,16,4,1,97.75,Other,True
13338,295312,20250406,837,24,4,1,31.79,Changed mind,True
13339,295211,20250416,833,17,4,1,27.82,Changed mind,False
13340,295469,20250501,1199,19,4,3,227.92,Changed mind,True
13341,295600,20250322,597,16,4,6,574.12,Late delivery,True
13342,295242,20250324,205,33,4,2,253.67,Late delivery,True
13343,295427,20250430,1346,22,4,1,101.46,Warranty,False
13344,295394,20250329,508,32,4,1,23.57,Late delivery,True
13345,295586,20250413,1875,15,4,3,61.61,Wrong size,False
13346,295169,20250413,585,21,4,5,340.86,Other,True
13347,295687,20250424,1473,40,4,1,243.15,Changed mind,True
13348,295659,20250412,115,53,4,1,154.94,Wrong size,True
13349,295699,20250430,1731,47,4,1,112.35,Wrong size,True
13350,295647,20250412,657,44,4,1,295.84,Warranty,False
13351,295669,20250418,1632,47,4,1,111.82,Changed mind,True
13352,295661,20250321,1985,41,4,1,282.73,Wrong size,True
13353,295702,20250311,265,35,4,2,140.38,Other,True
13354,295820,20250408,1508,93,4,2,325.16,Wrong size,True
13355,295878,20250430,419,94,4,1,379.1,Wrong size,True
13356,295879,20250323,907,100,4,1,711.69,Warranty,False
13357,295943,20250412,1477,29,5,1,130.7,Wrong size,True
13358,295967,20250422,68,20,5,1,102.46,Damaged,False
13359,296148,20250401,714,43,5,1,135.16,Changed mind,False
13360,296070,20250423,824,42,5,1,106.16,Late delivery,True
13361,296061,20250422,1653,38,5,3,729.33,Damaged,False
13362,296105,20250412,131,39,5,1,84.67,Damaged,False
13363,296084,20250330,439,46,5,3,475.75,Wrong size,True
13364,296082,20250320,900,44,5,2,647.31,Damaged,False
13365,296154,20250329,1192,49,5,1,77.02,Wrong size,True
13366,296027,20250325,169,50,5,1,165.96,Wrong size,True
13367,296042,20250427,1982,53,5,4,614.92,Wrong size,True
13368,296245,20250412,130,45,5,1,152.4,Damaged,False
13369,296044,20250425,1389,39,5,1,102.94,Warranty,False
13370,296197,20250416,701,52,5,1,62.12,Damaged,False
13371,296090,20250318,207,38,5,1,196.54,Wrong size,True
13372,296254,20250412,1700,55,5,1,270.16,Late delivery,True
13373,296021,20250428,1773,51,5,1,200.63,Wrong size,False
13374,296143,20250421,1140,53,5,1,91.42,Damaged,False
13375,296128,20250314,1987,45,5,1,124.21,Wrong size,True
13376,296258,20250406,1835,66,5,2,214.5,Changed mind,True
13377,296281,20250329,48,78,5,1,137.6,Changed mind,True
13378,296391,20250406,1743,83,5,1,519.38,Wrong size,True
13379,296402,20250402,748,102,5,3,415.21,Wrong size,True
13380,296607,20250417,1238,28,6,9,415.3,Changed mind,True
13381,296527,20250329,1759,18,6,1,82.0,Warranty,False
13382,296679,20250505,971,22,6,3,269.26,Changed mind,True
13383,296585,20250405,1524,22,6,3,244.82,Changed mind,True
13384,296750,20250329,378,43,6,1,153.47,Wrong size,True
13385,296706,20250423,1700,53,6,5,704.08,Changed mind,True
13386,296770,20250404,108,71,6,1,209.11,Wrong size,True
13387,296762,20250427,1173,65,6,2,75.54,Late delivery,True
13388,296759,20250411,480,75,6,2,458.37,Damaged,False
13389,296863,20250414,730,103,6,2,1073.14,Changed mind,True
13390,296906,20250420,1179,6,7,1,1964.09,Warranty,False
13391,296985,20250424,1623,27,7,1,66.77,Late delivery,True
13392,296976,20250415,470,26,7,3,35.28,Damaged,False
13393,296941,20250507,1964,20,7,1,144.05,Warranty,False
13394,296998,20250417,114,24,7,1,61.85,Damaged,False
13395,296950,20250422,1664,16,7,1,80.67,Wrong size,True
13396,296935,20250421,57,34,7,1,45.8,Changed mind,True
13397,297006,20250322,1206,17,7,1,71.65,Wrong size,True
13398,297002,20250327,836,30,7,2,102.23,Warranty,False
13399,297013,20250415,536,42,7,2,245.3,Damaged,False
13400,297204,20250520,1158,38,7,2,466.55,Late delivery,True
13401,297021,20250430,813,46,7,1,209.15,Late delivery,True
13402,297086,20250430,1829,45,7,1,140.47,Warranty,False
13403,297179,20250501,1318,52,7,1,108.63,Other,True
13404,297038,20250407,826,39,7,3,310.08,Other,True
13405,297078,20250507,1740,51,7,1,152.93,Changed mind,False
13406,297093,20250328,1069,49,7,3,284.12,Changed mind,True
13407,297133,20250329,736,54,7,1,84.49,Late delivery,True
13408,297072,20250516,536,42,7,2,247.4,Wrong size,True
13409,297354,20250325,1573,64,7,1,179.73,Late delivery,True
13410,297299,20250416,939,71,7,4,980.42,Damaged,False
13411,297252,20250331,412,61,7,1,286.94,Changed mind,False
13412,297253,20250405,1320,71,7,1,227.58,Changed mind,True
13413,297282,20250422,1968,58,7,5,1671.17,Warranty,False
13414,297281,20250329,73,78,7,1,183.39,Other,False
13415,297447,20250425,813,85,7,1,374.18,Late delivery,True
13416,297424,20250428,1045,86,7,11,2507.67,Warranty,True
13417,297490,20250417,1146,108,7,1,496.61,Changed mind,True
13418,297654,20250408,1642,29,8,6,828.07,Late delivery,True
13419,297697,20250328,553,22,8,6,627.54,Damaged,False
13420,297605,20250403,1680,19,8,1,77.81,Wrong size,True
13421,297671,20250403,194,16,8,2,230.85,Changed mind,True
13422,297523,20250419,437,29,8,1,131.64,Late delivery,True
13423,297552,20250421,413,31,8,1,68.03,Wrong size,True
13424,297622,20250423,327,28,8,1,38.65,Other,True
13425,297535,20250414,688,15,8,2,41.31,Changed mind,True
13426,297792,20250325,347,47,8,1,115.06,Warranty,False
13427,297790,20250430,862,50,8,4,781.54,Wrong size,True
13428,297870,20250428,67,44,8,1,285.1,Damaged,False
13429,297807,20250417,266,51,8,1,211.86,Late delivery,True
13430,297781,20250328,1591,56,8,1,171.73,Changed mind,True
13431,297867,20250402,183,52,8,1,62.13,Changed mind,True
13432,297776,20250417,1195,38,8,4,893.66,Changed mind,True
13433,297922,20250415,580,75,8,1,289.63,Changed mind,True
13434,298050,20250414,1529,27,9,2,125.75,Other,True
13435,298158,20250324,353,21,9,3,211.52,Other,True
13436,298170,20250326,1822,34,9,4,257.69,Changed mind,True
13437,298234,20250330,1479,20,9,1,137.18,Changed mind,True
13438,298231,20250330,148,23,9,3,153.53,Wrong size,True
13439,298182,20250409,749,28,9,2,102.7,Damaged,False
13440,298394,20250419,371,50,9,1,166.84,Warranty,False
13441,298334,20250404,1261,53,9,1,156.1,Wrong size,True
13442,298327,20250402,805,39,9,1,124.29,Changed mind,True
13443,298371,20250430,892,48,9,2,339.44,Changed mind,True
13444,298412,20250421,1697,35,9,2,156.19,Damaged,False
13445,298344,20250508,277,56,9,2,334.89,Damaged,False
13446,298370,20250406,357,47,9,1,103.47,Warranty,False
13447,298353,20250404,153,42,9,2,221.49,Wrong size,True
13448,298426,20250419,246,45,9,1,133.76,Warranty,True
13449,298446,20250417,277,56,9,5,735.99,Changed mind,False
13450,298369,20250326,265,43,9,1,223.89,Wrong size,True
13451,298467,20250412,1747,73,9,3,940.75,Late delivery,True
13452,298538,20250424,16,93,9,1,158.85,Wrong size,True
13453,298520,20250426,713,86,9,1,228.63,Other,True
13454,298642,20250405,59,16,10,2,218.65,Other,True
13455,298709,20250421,1992,34,10,1,47.37,Changed mind,True
13456,298787,20250417,1044,31,10,1,86.41,Other,True
13457,298773,20250417,1015,31,10,1,39.85,Changed mind,True
13458,298735,20250420,491,24,10,2,33.49,Late delivery,True
13459,298723,20250503,1572,18,10,1,79.09,Other,True
13460,298682,20250330,1602,14,10,3,296.88,Wrong size,True
13461,299044,20250523,721,49,10,2,131.07,Late delivery,True
13462,299136,20250424,1592,55,10,1,326.67,Damaged,False
13463,299063,20250428,230,40,10,1,307.56,Changed mind,True
13464,299125,20250417,1531,37,10,1,75.27,Wrong size,True
13465,298912,20250418,127,49,10,2,108.24,Wrong size,False
13466,298957,20250409,1024,50,10,4,796.04,Other,True
13467,298960,20250406,124,37,10,2,177.99,Late delivery,False
13468,298952,20250420,378,35,10,1,91.17,Late delivery,True
13469,299006,20250404,87,52,10,1,59.13,Wrong size,True
13470,299010,20250320,324,39,10,1,122.81,Wrong size,True
13471,299009,20250502,1726,40,10,5,1432.06,Wrong size,True
13472,298983,20250325,105,55,10,3,808.09,Other,True
13473,298996,20250503,1699,50,10,1,159.1,Warranty,False
13474,298966,20250515,1142,41,10,1,246.61,Damaged,False
13475,299055,20250411,280,50,10,2,210.01,Wrong size,True
13476,299153,20250504,1033,38,10,1,222.59,Wrong size,True
13477,299056,20250427,562,54,10,2,237.39,Damaged,False
13478,299229,20250429,1206,98,10,3,656.78,Wrong size,True
13479,299298,20250405,1442,28,11,2,25.94,Other,True
13480,299297,20250425,1761,25,11,1,12.55,Damaged,False
13481,299295,20250528,63,19,11,12,727.44,Changed mind,True
13482,299423,20250427,1737,41,11,1,325.71,Warranty,True
13483,299362,20250404,1300,50,11,2,580.5,Wrong size,True
13484,299348,20250313,1643,42,11,1,104.27,Late delivery,True
13485,299444,20250326,355,45,11,6,977.76,Wrong size,True
13486,299476,20250331,1854,47,11,1,108.16,Other,True
13487,299496,20250320,1378,39,11,1,118.49,Changed mind,True
13488,299345,20250404,899,53,11,2,411.38,Late delivery,True
13489,299432,20250324,1295,55,11,1,267.38,Wrong size,False
13490,299344,20250408,586,36,11,3,545.03,Damaged,False
13491,299321,20250314,1088,37,11,3,295.45,Wrong size,True
13492,299557,20250428,783,78,11,2,314.79,Wrong size,True
13493,299535,20250425,1163,80,11,2,310.7,Late delivery,True
13494,299515,20250323,189,71,11,1,294.65,Warranty,True
13495,299526,20250402,302,60,11,4,1545.92,Wrong size,True
13496,299593,20250510,493,85,11,2,1147.48,Other,True
13497,299588,20250331,1468,87,11,1,154.0,Changed mind,True
13498,299586,20250413,7,93,11,3,523.19,Wrong size,True
13499,299591,20250406,601,85,11,1,359.96,Damaged,False
13500,299625,20250503,9,34,12,2,111.44,Late delivery,True
13501,299738,20250404,374,19,12,1,109.07,Changed mind,True
13502,299658,20250423,749,25,12,1,9.73,Damaged,False
13503,299635,20250322,1747,19,12,2,95.43,Changed mind,True
13504,299696,20250411,80,21,12,1,34.31,Changed mind,True
13505,299840,20250324,1872,43,12,4,514.49,Damaged,False
13506,299806,20250325,1125,40,12,1,316.6,Wrong size,True
13507,299888,20250510,1852,45,12,4,666.47,Other,True
13508,299897,20250330,1357,50,12,1,181.91,Late delivery,True
13509,299946,20250424,314,38,12,3,563.6,Wrong size,True
13510,299860,20250319,1457,52,12,1,68.38,Wrong size,True
13511,299867,20250421,245,44,12,1,204.84,Changed mind,False
13512,299999,20250409,1274,45,12,3,334.23,Changed mind,True
13513,299810,20250501,1717,36,12,1,89.46,Wrong size,False
13514,299824,20250515,575,45,12,3,361.24,Warranty,False
13515,299832,20250430,466,36,12,1,164.06,Late delivery,True
13516,299825,20250422,533,35,12,8,725.96,Changed mind,True
13517,299941,20250418,194,41,12,1,290.87,Late delivery,True
13518,299783,20250508,800,42,12,1,106.6,Other,True
13519,299907,20250331,122,51,12,3,617.5,Late delivery,True
13520,300022,20250414,1310,38,12,5,1178.27,Damaged,False
13521,299977,20250416,824,48,12,1,175.0,Other,True
13522,300141,20250509,1062,79,12,7,2885.64,Changed mind,True
13523,300129,20250405,936,61,12,1,303.72,Wrong size,True
13524,300155,20250330,328,60,12,1,359.8,Changed mind,False
13525,300177,20250405,688,67,12,1,114.67,Warranty,True
13526,300101,20250404,366,71,12,3,915.12,Wrong size,False
13527,300061,20250504,814,75,12,3,742.12,Late delivery,True
13528,300252,20250504,1015,31,1,1,71.65,Changed mind,True
13529,300469,20250522,1202,26,1,2,30.71,Damaged,False
13530,300364,20250511,111,33,1,3,193.29,Changed mind,True
13531,300328,20250426,422,16,1,1,73.87,Damaged,False
13532,300326,20250528,212,19,1,2,147.49,Damaged,False
13533,300437,20250507,70,26,1,1,12.1,Wrong size,True
13534,300527,20250516,1119,47,1,2,184.44,Changed mind,True
13535,300495,20250504,1327,49,1,1,57.17,Changed mind,True
13536,300537,20250425,1378,77,1,1,88.4,Wrong size,False
13537,300559,20250518,1650,69,1,1,333.7,Changed mind,True
13538,300619,20250615,722,11,2,2,5510.52,Late delivery,True
13539,300642,20250518,339,5,2,1,989.42,Wrong size,True
13540,300636,20250517,1330,7,2,1,1805.12,Damaged,False
13541,300816,20250427,1299,28,2,1,41.42,Changed mind,True
13542,300681,20250509,1745,23,2,1,69.18,Late delivery,True
13543,300788,20250501,1367,30,2,2,91.39,Late delivery,True
13544,300663,20250604,1374,26,2,2,97.89,Other,True
13545,301008,20250528,1857,54,2,1,110.07,Warranty,False
13546,300861,20250508,643,35,2,3,201.57,Wrong size,False
13547,300882,20250420,1629,51,2,1,192.93,Changed mind,True
13548,300945,20250511,1369,46,2,2,306.83,Wrong size,True
13549,300827,20250523,1545,46,2,1,193.85,Changed mind,True
13550,300864,20250520,489,43,2,1,113.4,Wrong size,True
13551,300969,20250423,1107,52,2,2,128.97,Warranty,False
13552,301007,20250505,53,45,2,1,124.36,Other,True
13553,300971,20250511,198,52,2,3,192.39,Wrong size,True
13554,301058,20250523,1601,67,2,1,150.2,Wrong size,True
13555,301093,20250518,1098,75,2,8,1990.2,Other,True
13556,301182,20250414,656,86,2,2,598.5,Wrong size,True
13557,301126,20250427,653,86,2,1,272.68,Wrong size,False
13558,301192,20250527,769,87,2,3,521.03,Warranty,True
13559,301242,20250427,1524,107,2,3,1150.77,Damaged,False
13560,301258,20250517,292,107,2,6,2887.7,Wrong size,True
13561,301230,20250511,1718,104,2,1,462.09,Warranty,False
13562,301261,20250416,1547,11,3,1,3820.74,Wrong size,True
13563,301304,20250516,1157,5,3,1,3584.43,Warranty,True
13564,301544,20250505,419,32,3,6,127.98,Changed mind,False
13565,301420,20250515,1135,22,3,1,100.87,Changed mind,True
13566,301557,20250430,60,30,3,1,53.75,Damaged,False
13567,301550,20250520,2,20,3,1,96.89,Wrong size,True
13568,301524,20250514,1350,19,3,2,151.18,Wrong size,True
13569,301449,20250525,399,13,3,1,11.18,Other,True
13570,301379,20250424,311,29,3,1,120.35,Changed mind,True
13571,301644,20250519,1782,24,3,1,93.07,Other,False
13572,301434,20250519,1260,34,3,3,153.97,Damaged,False
13573,301390,20250605,446,28,3,1,41.76,Wrong size,True
13574,301383,20250530,470,15,3,1,16.75,Damaged,False
13575,301639,20250528,1240,20,3,8,1083.18,Changed mind,True
13576,301356,20250523,1791,17,3,1,66.64,Wrong size,False
13577,301735,20250516,1928,46,3,2,308.68,Wrong size,True
13578,301716,20250426,478,51,3,1,168.59,Wrong size,True
13579,301887,20250428,473,43,3,1,114.8,Warranty,True
13580,301781,20250526,1773,35,3,1,71.2,Wrong size,True
13581,301849,20250509,1790,35,3,1,269.56,Changed mind,True
13582,301703,20250528,1423,48,3,1,149.23,Warranty,False
13583,301720,20250413,1437,50,3,2,313.24,Wrong size,True
13584,301707,20250501,426,54,3,1,92.31,Late delivery,True
13585,301754,20250520,1570,43,3,1,117.25,Damaged,False
13586,301800,20250524,1895,37,3,1,105.29,Late delivery,True
13587,301797,20250517,1384,48,3,2,351.83,Wrong size,True
13588,301832,20250508,207,37,3,2,218.9,Damaged,False
13589,301684,20250517,94,45,3,1,157.03,Wrong size,True
13590,301899,20250603,809,57,3,1,271.06,Changed mind,True
13591,302066,20250524,1865,64,3,7,1076.26,Changed mind,True
13592,302002,20250517,577,78,3,6,999.42,Damaged,False
13593,301977,20250613,319,79,3,15,4890.67,Wrong size,True
13594,301939,20250427,1912,69,3,3,673.2,Changed mind,True
13595,302160,20250515,1812,93,3,10,1548.62,Damaged,False
13596,302186,20250613,853,94,3,1,525.78,Late delivery,True
13597,302215,20250430,376,3,4,1,2179.3,Warranty,False
13598,302213,20250506,1109,4,4,1,2431.65,Changed mind,True
13599,302225,20250519,1769,11,4,2,7945.08,Wrong size,True
13600,302668,20250602,904,28,4,1,33.74,Wrong size,True
13601,302450,20250526,25,18,4,5,445.63,Changed mind,True
13602,302759,20250507,382,17,4,2,165.43,Other,True
13603,302875,20250522,448,34,4,3,150.04,Changed mind,True
13604,302788,20250503,355,21,4,1,68.17,Wrong size,True
13605,302309,20250516,1998,24,4,2,68.23,Changed mind,False
13606,302436,20250602,27,25,4,3,292.45,Wrong size,True
13607,302595,20250522,421,20,4,5,599.08,Wrong size,True
13608,302433,20250425,896,28,4,1,24.15,Damaged,False
13609,302538,20250526,1270,22,4,1,97.46,Wrong size,True
13610,302770,20250519,256,13,4,1,11.79,Wrong size,True
13611,302590,20250503,710,28,4,1,32.99,Changed mind,True
13612,302417,20250423,114,15,4,1,17.94,Changed mind,True
13613,302530,20250427,1750,15,4,7,120.27,Damaged,False
13614,302834,20250526,1810,18,4,2,156.95,Damaged,False
13615,302526,20250520,1937,30,4,2,84.89,Wrong size,True
13616,302513,20250527,742,14,4,1,92.22,Changed mind,True
13617,302364,20250512,54,19,4,1,21.9,Changed mind,True
13618,302897,20250509,175,31,4,1,74.97,Wrong size,True
13619,302746,20250505,306,19,4,1,73.5,Wrong size,True
13620,302324,20250516,405,28,4,1,33.42,Wrong size,True
13621,302448,20250517,1717,26,4,3,41.45,Late delivery,True
13622,302585,20250501,917,28,4,1,40.04,Warranty,True
13623,303007,20250517,792,48,4,1,143.54,Damaged,False
13624,302917,20250529,102,44,4,2,524.47,Wrong size,True
13625,302925,20250507,1179,52,4,1,152.84,Wrong size,True
13626,302981,20250608,845,50,4,2,279.13,Wrong size,True
13627,303042,20250517,39,64,4,1,183.8,Damaged,False
13628,303195,20250502,1164,102,4,7,1058.38,Wrong size,False
13629,303193,20250503,1134,102,4,1,151.94,Changed mind,True
13630,303214,20250531,151,6,5,2,3077.03,Damaged,False
13631,303241,20250507,1052,3,5,1,1778.15,Late delivery,True
13632,303208,20250505,1160,4,5,1,2991.25,Late delivery,True
13633,303436,20250514,166,22,5,1,99.63,Other,True
13634,303321,20250430,1016,30,5,4,204.21,Warranty,False
13635,303397,20250525,696,19,5,2,145.79,Late delivery,True
13636,303529,20250617,1703,16,5,2,144.81,Changed mind,True
13637,303266,20250518,818,16,5,1,98.05,Damaged,False
13638,303361,20250504,1349,24,5,1,40.91,Changed mind,True
13639,303434,20250516,1722,28,5,1,29.66,Other,True
13640,303404,20250619,1323,18,5,1,37.25,Wrong size,True
13641,303488,20250523,1137,15,5,1,18.13,Other,True
13642,303506,20250523,981,22,5,1,85.4,Wrong size,True
13643,303375,20250520,1891,13,5,1,10.8,Damaged,False
13644,303649,20250526,955,51,5,1,173.29,Wrong size,True
13645,303738,20250420,961,48,5,2,283.69,Warranty,True
13646,303772,20250526,1628,36,5,1,158.56,Wrong size,True
13647,303704,20250602,618,55,5,2,585.11,Warranty,False
13648,303642,20250518,1223,43,5,3,376.34,Changed mind,True
13649,303697,20250512,1730,36,5,2,345.92,Changed mind,True
13650,303892,20250528,408,65,5,1,38.52,Changed mind,True
13651,303827,20250527,1399,74,5,6,1343.1,Wrong size,True
13652,303798,20250602,1801,77,5,1,100.08,Warranty,True
13653,303861,20250521,985,69,5,1,249.2,Late delivery,True
13654,303860,20250510,1204,80,5,6,970.05,Warranty,False
13655,303853,20250424,1270,73,5,3,888.04,Warranty,False
13656,303989,20250504,1669,86,5,1,302.06,Wrong size,True
13657,304025,20250527,465,25,6,1,101.82,Other,True
13658,304120,20250507,747,26,6,1,13.76,Damaged,False
13659,304054,20250517,1452,29,6,1,91.33,Wrong size,True
13660,304105,20250505,429,28,6,2,67.45,Late delivery,True
13661,304125,20250523,680,20,6,1,118.8,Changed mind,True
13662,304245,20250515,966,32,6,1,25.04,Warranty,True
13663,304051,20250530,1146,26,6,1,15.02,Changed mind,True
13664,304087,20250506,659,19,6,1,69.99,Wrong size,True
13665,304162,20250526,312,27,6,1,58.43,Warranty,False
13666,304216,20250516,352,32,6,2,49.88,Warranty,False
13667,304077,20250528,260,26,6,1,15.29,Changed mind,True
13668,304168,20250519,582,32,6,1,22.35,Wrong size,True
13669,304111,20250531,188,25,6,1,91.97,Warranty,False
13670,304270,20250502,897,46,6,2,460.94,Wrong size,True
13671,304390,20250508,1221,65,6,1,72.15,Changed mind,False
13672,304380,20250513,280,64,6,1,210.72,Wrong size,True
13673,304751,20250430,1269,15,7,2,36.87,Other,True
13674,304862,20250607,1789,21,7,1,68.72,Wrong size,True
13675,304410,20250613,1032,13,7,3,32.68,Warranty,False
13676,304497,20250531,447,32,7,1,25.09,Late delivery,True
13677,304802,20250522,1022,27,7,1,59.07,Changed mind,True
13678,304588,20250524,337,22,7,1,76.66,Late delivery,True
13679,304439,20250527,1752,34,7,4,239.52,Wrong size,True
13680,304948,20250410,1631,30,7,1,52.11,Changed mind,True
13681,304638,20250512,1858,18,7,1,78.15,Late delivery,False
13682,304985,20250522,1908,15,7,2,70.03,Changed mind,True
13683,304913,20250519,1792,27,7,3,188.71,Damaged,False
13684,304645,20250503,1516,22,7,1,113.48,Warranty,False
13685,304658,20250429,256,19,7,4,274.55,Damaged,False
13686,304667,20250508,1845,29,7,4,390.41,Late delivery,True
13687,304450,20250515,748,16,7,1,83.84,Wrong size,True
13688,304681,20250514,1631,30,7,2,127.88,Wrong size,False
13689,304420,20250515,288,16,7,4,485.56,Changed mind,True
13690,304624,20250512,1762,13,7,1,14.13,Wrong size,False
13691,304869,20250520,1869,32,7,1,22.57,Changed mind,False
13692,305082,20250612,1737,51,7,1,179.75,Late delivery,True
13693,305022,20250530,1517,46,7,1,217.02,Changed mind,True
13694,304999,20250523,1259,47,7,3,248.43,Wrong size,True
13695,305129,20250527,515,41,7,2,523.36,Warranty,True
13696,305124,20250516,180,35,7,1,78.53,Wrong size,True
13697,305172,20250515,983,71,7,2,708.25,Changed mind,True
13698,305210,20250421,1235,93,7,1,171.76,Changed mind,True
13699,305457,20250418,1571,16,8,1,89.43,Damaged,False
13700,305387,20250426,1752,26,8,1,18.02,Changed mind,True
13701,305488,20250525,174,21,8,5,452.22,Wrong size,True
13702,305427,20250602,328,25,8,1,111.75,Late delivery,True
13703,305417,20250424,705,28,8,1,34.19,Changed mind,True
13704,305521,20250507,806,25,8,3,321.67,Late delivery,True
13705,305383,20250505,1388,32,8,1,20.38,Late delivery,True
13706,305415,20250605,1733,19,8,2,129.83,Other,False
13707,305560,20250522,1948,35,8,1,74.67,Wrong size,True
13708,305869,20250412,1011,28,9,1,37.06,Changed mind,True
13709,305883,20250415,1526,21,9,1,79.87,Damaged,False
13710,305884,20250601,805,23,9,3,40.89,Changed mind,True
13711,305822,20250430,139,26,9,2,216.74,Damaged,False
13712,305802,20250523,729,34,9,2,163.31,Changed mind,True
13713,305773,20250430,716,21,9,4,320.71,Warranty,False
13714,305875,20250610,641,20,9,4,502.02,Other,True
13715,305693,20250520,1762,32,9,4,100.66,Late delivery,True
13716,305925,20250531,1127,18,9,4,263.84,Late delivery,True
13717,305880,20250428,143,33,9,5,383.6,Damaged,False
13718,305680,20250609,1822,32,9,1,18.6,Changed mind,True
13719,305859,20250501,1305,20,9,2,225.4,Damaged,False
13720,305836,20250508,1849,30,9,3,232.84,Warranty,False
13721,305917,20250616,974,19,9,2,133.05,Changed mind,True
13722,305701,20250509,1060,20,9,1,55.17,Damaged,False
13723,305994,20250510,1926,50,9,2,340.32,Wrong size,True
13724,305981,20250428,547,41,9,5,1257.52,Changed mind,True
13725,306043,20250516,651,53,9,3,411.11,Late delivery,True
13726,306049,20250526,1423,48,9,3,521.15,Wrong size,True
13727,306077,20250618,745,36,9,1,164.13,Changed mind,True
13728,306128,20250426,538,54,9,5,501.64,Late delivery,True
13729,306094,20250424,281,39,9,2,163.04,Wrong size,False
13730,306058,20250505,926,52,9,1,45.34,Wrong size,True
13731,305976,20250430,563,52,9,1,57.05,Wrong size,False
13732,306158,20250523,538,89,9,10,1236.97,Changed mind,True
13733,306170,20250507,160,92,9,1,201.9,Damaged,False
13734,306189,20250516,1049,104,9,1,472.45,Wrong size,True
13735,306219,20250603,426,97,9,3,1842.12,Damaged,False
13736,306240,20250529,1729,1,10,1,1514.26,Changed mind,False
13737,306324,20250604,673,15,10,2,39.88,Wrong size,True
13738,306336,20250617,1374,34,10,1,12.12,Damaged,False
13739,306513,20250525,1682,29,10,1,154.87,Changed mind,True
13740,306374,20250521,1270,26,10,1,13.78,Damaged,False
13741,306380,20250425,711,19,10,1,57.54,Damaged,False
13742,306705,20250603,977,55,10,1,350.95,Wrong size,True
13743,306721,20250510,764,40,10,1,322.39,Warranty,True
13744,306731,20250511,1430,42,10,3,404.61,Other,True
13745,306611,20250510,715,55,10,3,1026.14,Late delivery,True
13746,306789,20250519,581,53,10,8,988.07,Late delivery,True
13747,306754,20250511,1093,56,10,2,345.47,Wrong size,True
13748,306770,20250605,1892,55,10,7,2500.48,Changed mind,True
13749,306602,20250414,1205,36,10,1,159.33,Late delivery,True
13750,306732,20250614,676,55,10,1,182.46,Damaged,False
13751,306687,20250426,315,43,10,1,135.75,Changed mind,True
13752,306757,20250524,100,55,10,1,369.79,Wrong size,True
13753,306689,20250512,1720,42,10,1,118.94,Wrong size,False
13754,306670,20250526,1084,41,10,3,848.29,Changed mind,True
13755,306686,20250417,714,56,10,2,344.9,Wrong size,True
13756,306678,20250515,1591,56,10,2,300.73,Late delivery,False
13757,306559,20250420,1062,35,10,1,82.65,Damaged,False
13758,306875,20250429,928,68,10,1,149.37,Late delivery,True
13759,306825,20250527,1392,63,10,1,241.1,Damaged,False
13760,306900,20250513,1486,59,10,1,55.06,Late delivery,True
13761,306868,20250503,599,71,10,1,271.07,Damaged,False
13762,306941,20250605,117,92,10,4,1564.67,Wrong size,True
13763,307013,20250511,742,94,10,2,894.25,Warranty,True
13764,307167,20250521,724,16,11,7,724.83,Changed mind,True
13765,307114,20250522,1534,32,11,1,25.56,Changed mind,True
13766,307233,20250517,109,73,11,3,677.8,Late delivery,True
13767,307427,20250423,1019,25,12,2,83.49,Wrong size,True
13768,307479,20250412,557,27,12,4,330.62,Damaged,False
13769,307565,20250528,147,14,12,1,89.5,Changed mind,True
13770,307366,20250507,1412,16,12,1,27.09,Damaged,False
13771,307389,20250525,1310,17,12,5,349.89,Changed mind,True
13772,307522,20250425,1671,31,12,3,295.93,Warranty,False
13773,307358,20250516,513,14,12,1,91.81,Changed mind,True
13774,307459,20250527,870,30,12,1,49.6,Warranty,False
13775,307598,20250508,1811,24,12,1,34.91,Wrong size,True
13776,307567,20250506,49,23,12,1,53.83,Changed mind,True
13777,307689,20250503,1635,54,12,4,330.59,Late delivery,True
13778,307739,20250503,1627,47,12,4,327.19,Changed mind,True
13779,307731,20250607,1266,45,12,1,191.43,Changed mind,True
13780,307667,20250505,1603,50,12,2,412.32,Changed mind,True
13781,307720,20250604,909,48,12,2,383.04,Changed mind,True
13782,307839,20250627,879,31,1,1,81.29,Changed mind,False
13783,307861,20250524,1019,22,1,2,162.62,Warranty,True
13784,307886,20250619,1725,32,1,1,107.2,Changed mind,True
13785,307845,20250528,185,14,1,1,33.85,Changed mind,True
13786,308002,20250628,1682,35,1,3,168.08,Warranty,False
13787,308011,20250515,62,44,1,1,242.04,Changed mind,True
13788,308034,20250523,1019,59,1,1,50.52,Warranty,False
13789,308176,20250610,1731,34,2,4,192.69,Wrong size,True
13790,308182,20250519,375,22,2,2,106.34,Wrong size,True
13791,308334,20250619,366,25,2,1,89.48,Damaged,False
13792,308140,20250708,625,30,2,2,106.05,Changed mind,True
13793,308123,20250625,764,24,2,1,30.12,Changed mind,False
13794,308273,20250518,35,21,2,1,77.95,Wrong size,True
13795,308356,20250622,1781,27,2,1,60.39,Changed mind,True
13796,308255,20250628,939,32,2,1,54.4,Late delivery,True
13797,308172,20250702,399,24,2,2,67.24,Wrong size,True
13798,308620,20250703,1189,43,2,1,117.58,Wrong size,True
13799,308684,20250519,1398,40,2,3,691.57,Other,True
13800,308767,20250713,1040,37,2,2,219.03,Warranty,True
13801,308747,20250706,1107,36,2,1,286.84,Changed mind,True
13802,308671,20250627,1160,56,2,1,134.21,Wrong size,True
13803,308647,20250617,91,45,2,1,171.51,Changed mind,True
13804,308692,20250708,916,50,2,2,341.25,Damaged,False
13805,308613,20250609,831,52,2,3,146.51,Damaged,False
13806,308636,20250507,1105,36,2,1,177.75,Wrong size,False
13807,308717,20250702,1930,40,2,8,1666.45,Other,True
13808,308751,20250702,1658,52,2,1,49.61,Wrong size,True
13809,308738,20250626,259,52,2,2,110.68,Changed mind,True
13810,308599,20250615,703,40,2,2,599.86,Warranty,True
13811,308718,20250704,601,50,2,1,185.48,Changed mind,False
13812,308771,20250609,884,47,2,6,421.55,Warranty,False
13813,308821,20250623,1302,58,2,5,1965.84,Late delivery,True
13814,308893,20250613,593,93,2,4,616.93,Damaged,False
13815,308965,20250514,798,16,3,1,112.52,Damaged,False
13816,309103,20250616,1350,19,3,1,59.0,Other,True
13817,309082,20250527,706,15,3,7,135.12,Other,True
13818,309095,20250609,652,13,3,1,14.32,Other,True
13819,309066,20250702,1122,24,3,1,35.3,Changed mind,True
13820,309141,20250522,1376,16,3,2,169.16,Wrong size,False
13821,309176,20250527,1931,19,3,2,116.61,Late delivery,True
13822,309203,20250618,495,13,3,2,22.74,Changed mind,True
13823,309130,20250608,812,24,3,3,77.86,Wrong size,True
13824,309301,20250612,988,18,3,1,81.96,Wrong size,True
13825,309024,20250531,529,31,3,2,176.59,Changed mind,True
13826,309334,20250609,1158,47,3,3,299.45,Warranty,False
13827,309335,20250620,905,45,3,1,159.07,Warranty,True
13828,309324,20250515,1521,50,3,1,165.59,Wrong size,True
13829,309347,20250627,501,73,3,1,256.99,Other,True
13830,309358,20250609,1403,92,3,1,458.17,Changed mind,True
13831,309435,20250705,1390,91,3,1,365.25,Warranty,False
13832,309708,20250620,1561,34,4,2,65.29,Wrong size,True
13833,309781,20250604,1578,30,4,18,1000.99,Damaged,False
13834,309956,20250625,1847,18,4,2,164.4,Late delivery,True
13835,309883,20250603,461,15,4,1,19.59,Late delivery,True
13836,309823,20250625,1208,16,4,3,371.62,Changed mind,True
13837,309680,20250703,408,18,4,1,82.65,Late delivery,True
13838,309759,20250626,1499,13,4,2,20.61,Changed mind,True
13839,309969,20250615,211,33,4,2,135.03,Other,True
13840,309592,20250618,215,24,4,2,68.33,Changed mind,True
13841,309757,20250530,1381,26,4,1,11.4,Damaged,False
13842,309644,20250627,20,26,4,3,37.02,Other,True
13843,309810,20250626,711,28,4,2,77.9,Wrong size,True
13844,309858,20250525,1225,27,4,1,75.02,Changed mind,True
13845,309794,20250716,1386,29,4,3,390.57,Damaged,False
13846,309821,20250602,1061,20,4,3,399.98,Wrong size,True
13847,310043,20250706,70,40,4,2,562.08,Wrong size,True
13848,310003,20250606,1633,46,4,2,414.22,Damaged,False
13849,310063,20250601,505,54,4,1,100.3,Warranty,False
13850,310000,20250622,355,49,4,1,62.27,Changed mind,True
13851,310139,20250704,505,40,4,2,490.64,Wrong size,True
13852,310041,20250620,403,40,4,1,217.25,Changed mind,True
13853,310192,20250716,1223,76,4,3,681.38,Wrong size,True
13854,310240,20250527,610,72,4,4,632.75,Other,True
13855,310265,20250513,1042,64,4,1,142.14,Damaged,False
13856,310404,20250627,1048,32,5,1,22.39,Changed mind,True
13857,310388,20250525,1743,23,5,1,68.02,Warranty,True
13858,310392,20250613,1156,29,5,1,117.23,Late delivery,True
13859,310486,20250605,900,29,5,1,107.33,Damaged,False
13860,310457,20250604,755,34,5,5,315.25,Changed mind,True
13861,310517,20250528,757,20,5,9,988.75,Damaged,False
13862,310393,20250710,1420,16,5,1,98.58,Changed mind,False
13863,310481,20250615,373,29,5,1,108.59,Late delivery,True
13864,310473,20250515,32,28,5,3,107.62,Changed mind,True
13865,310665,20250606,52,43,5,1,148.31,Warranty,False
13866,310816,20250627,1677,38,5,2,433.85,Damaged,False
13867,310867,20250522,1411,46,5,1,215.2,Wrong size,True
13868,310891,20250513,1965,51,5,4,1004.47,Wrong size,True
13869,310668,20250609,169,50,5,1,127.68,Damaged,False
13870,310783,20250625,1046,52,5,1,62.73,Wrong size,False
13871,310845,20250630,1591,39,5,1,135.96,Damaged,False
13872,310797,20250704,971,56,5,2,305.46,Warranty,False
13873,310747,20250624,1116,45,5,1,189.41,Warranty,False
13874,310780,20250602,1411,46,5,2,377.51,Wrong size,False
13875,310788,20250620,1289,35,5,3,264.33,Wrong size,True
13876,310715,20250717,863,47,5,3,324.52,Late delivery,True
13877,310968,20250526,1770,69,5,3,648.12,Late delivery,True
13878,311022,20250619,791,88,5,1,123.01,Wrong size,True
13879,311443,20250613,433,15,6,1,20.4,Damaged,False
13880,311489,20250626,173,30,6,1,55.62,Wrong size,True
13881,311466,20250620,1833,18,6,2,157.91,Damaged,False
13882,311294,20250619,1866,18,6,2,151.61,Damaged,False
13883,311277,20250707,1452,29,6,1,106.77,Damaged,False
13884,311350,20250701,320,19,6,3,220.41,Changed mind,True
13885,311364,20250707,1090,20,6,4,528.13,Wrong size,True
13886,311216,20250630,1842,23,6,1,56.91,Warranty,False
13887,311419,20250611,1719,33,6,2,147.23,Changed mind,True
13888,311423,20250520,1576,22,6,1,81.02,Late delivery,True
13889,311636,20250628,670,40,6,3,680.8,Changed mind,True
13890,311515,20250703,69,39,6,2,265.74,Other,True
13891,311509,20250628,613,38,6,1,242.76,Wrong size,True
13892,311574,20250625,1316,45,6,4,427.34,Changed mind,True
13893,311495,20250704,52,36,6,2,341.39,Late delivery,True
13894,311498,20250617,897,46,6,1,186.55,Changed mind,True
13895,311563,20250615,234,50,6,2,322.49,Other,True
13896,311533,20250619,745,36,6,1,180.4,Other,True
13897,311620,20250623,1559,35,6,1,77.17,Changed mind,False
13898,311514,20250611,1660,43,6,2,238.62,Other,False
13899,311604,20250710,108,52,6,2,97.65,Warranty,True
13900,311750,20250623,1479,58,6,1,329.53,Wrong size,True
13901,311771,20250616,191,69,6,1,299.63,Changed mind,True
13902,311705,20250622,1270,65,6,1,49.87,Late delivery,True
13903,311823,20250715,1846,89,6,3,159.05,Late delivery,True
13904,311814,20250527,1327,90,6,1,394.3,Late delivery,False
13905,311832,20250611,814,103,6,1,507.64,Wrong size,True
13906,311972,20250706,1863,30,7,2,113.15,Late delivery,True
13907,311955,20250618,1623,17,7,1,81.66,Late delivery,True
13908,311902,20250620,1477,29,7,4,407.87,Changed mind,True
13909,311944,20250607,1129,13,7,1,14.48,Changed mind,True
13910,311965,20250530,1923,33,7,1,75.47,Changed mind,True
13911,312041,20250623,197,55,7,2,735.15,Changed mind,True
13912,312248,20250722,256,85,7,4,1475.99,Late delivery,True
13913,312235,20250619,1449,88,7,1,129.79,Damaged,False
13914,312305,20250522,361,29,8,1,128.63,Warranty,False
13915,312382,20250630,1887,27,8,1,74.0,Other,False
13916,312340,20250611,4,15,8,1,19.97,Other,True
13917,312295,20250604,1447,19,8,3,222.85,Wrong size,True
13918,312274,20250624,1210,20,8,2,233.47,Late delivery,True
13919,312532,20250518,651,35,8,1,84.25,Wrong size,True
13920,312549,20250617,237,52,8,4,723.19,Damaged,False
13921,312525,20250703,1894,38,8,1,218.41,Wrong size,True
13922,312575,20250608,1737,52,8,2,95.81,Wrong size,True
13923,312539,20250711,180,39,8,1,122.36,Changed mind,True
13924,312627,20250607,998,86,8,2,462.02,Late delivery,True
13925,312739,20250606,1288,19,9,1,56.03,Changed mind,True
13926,312806,20250619,517,16,9,1,84.31,Damaged,False
13927,312740,20250706,683,15,9,1,18.6,Wrong size,True
13928,312723,20250604,1548,16,9,2,161.15,Late delivery,True
13929,312797,20250607,852,30,9,5,230.39,Changed mind,True
13930,312800,20250527,990,31,9,1,53.45,Warranty,False
13931,312715,20250626,1539,18,9,2,180.7,Wrong size,True
13932,312810,20250529,955,28,9,1,34.42,Wrong size,False
13933,312843,20250527,1158,52,9,1,50.5,Damaged,False
13934,312903,20250609,552,48,9,1,196.68,Damaged,False
13935,312874,20250514,976,56,9,4,560.17,Other,True
13936,312950,20250627,651,53,9,5,679.26,Late delivery,True
13937,312986,20250621,1999,45,9,1,166.59,Damaged,False
13938,312930,20250524,5,37,9,3,344.82,Changed mind,True
13939,312971,20250522,63,54,9,3,305.62,Damaged,False
13940,313031,20250529,155,88,9,2,243.94,Changed mind,True
13941,313071,20250701,1261,81,9,1,297.4,Other,True
13942,313093,20250601,1831,92,9,2,1062.94,Wrong size,True
13943,313223,20250610,1256,21,10,3,233.42,Damaged,False
13944,313139,20250625,184,15,10,1,17.66,Wrong size,True
13945,313133,20250626,1892,23,10,2,129.49,Wrong size,False
13946,313171,20250611,973,34,10,2,121.75,Changed mind,True
13947,313339,20250531,1716,46,10,1,185.83,Changed mind,True
13948,313335,20250613,719,49,10,2,413.54,Late delivery,True
13949,313276,20250524,1404,54,10,6,571.09,Other,True
13950,313394,20250703,1288,72,10,3,722.22,Damaged,False
13951,313403,20250612,1834,85,10,2,719.75,Changed mind,True
13952,313510,20250613,577,25,11,1,80.41,Wrong size,True
13953,313676,20250612,1481,23,11,2,124.69,Late delivery,True
13954,313645,20250711,927,30,11,2,120.68,Changed mind,True
13955,313581,20250620,872,24,11,5,166.38,Other,True
13956,313647,20250610,1154,18,11,1,11.93,Wrong size,True
13957,313521,20250627,1839,21,11,2,172.99,Wrong size,False
13958,313802,20250607,383,55,11,1,313.51,Wrong size,True
13959,313824,20250602,1628,35,11,2,149.19,Other,True
13960,313756,20250613,1552,39,11,1,104.12,Warranty,False
13961,313772,20250628,681,39,11,1,103.81,Wrong size,True
13962,313821,20250618,35,52,11,3,181.01,Changed mind,True
13963,313743,20250616,1236,53,11,1,192.61,Warranty,True
13964,313823,20250525,676,56,11,3,403.26,Changed mind,True
13965,313843,20250613,1897,57,11,1,295.48,Changed mind,True
13966,313899,20250621,78,84,11,4,755.83,Late delivery,True
13967,314005,20250618,49,24,12,2,69.15,Other,True
13968,314135,20250617,984,47,12,1,56.33,Wrong size,True
13969,314115,20250609,1649,35,12,1,82.81,Wrong size,False
13970,314119,20250604,1939,52,12,1,127.35,Damaged,False
13971,314057,20250619,727,43,12,1,130.07,Damaged,False
13972,314208,20250603,1475,54,12,1,101.9,Changed mind,True
13973,314095,20250621,1176,50,12,1,166.37,Late delivery,True
13974,314079,20250609,1073,50,12,1,186.1,Changed mind,True
13975,314096,20250718,221,47,12,2,197.62,Wrong size,True
13976,314162,20250601,1929,46,12,2,459.33,Wrong size,True
13977,314124,20250620,683,56,12,2,372.8,Changed mind,True
13978,314288,20250619,1941,68,12,7,312.07,Damaged,False
13979,314397,20250708,1993,1,1,1,1285.68,Damaged,False
13980,314520,20250724,1546,15,1,4,66.04,Changed mind,True
13981,314423,20250821,592,26,1,4,54.22,Late delivery,True
13982,314443,20250723,1526,33,1,1,72.75,Late delivery,True
13983,314562,20250628,1712,52,1,1,98.21,Wrong size,True
13984,314560,20250803,1934,54,1,1,99.16,Wrong size,True
13985,314570,20250626,1075,51,1,2,352.41,Other,False
13986,314594,20250722,766,65,1,2,388.83,Late delivery,True
13987,314630,20250716,473,82,1,3,2013.79,Wrong size,True
13988,314670,20250731,1110,106,1,2,1494.0,Warranty,True
13989,314819,20250712,937,20,2,1,121.51,Warranty,False
13990,314904,20250714,938,24,2,8,108.14,Warranty,False
13991,314853,20250807,1194,34,2,5,280.86,Damaged,False
13992,314949,20250725,416,28,2,2,71.07,Other,True
13993,314917,20250608,17,24,2,2,59.8,Changed mind,False
13994,314857,20250625,127,26,2,1,14.1,Late delivery,True
13995,315002,20250702,6,15,2,1,18.28,Damaged,False
13996,314812,20250807,1083,23,2,2,139.71,Late delivery,True
13997,314940,20250730,318,16,2,1,13.98,Changed mind,True
13998,315001,20250807,1544,31,2,2,151.1,Wrong size,True
13999,314745,20250801,798,17,2,2,133.29,Damaged,False
14000,315057,20250704,1423,28,2,1,57.44,Warranty,False
14001,314977,20250713,1142,15,2,6,124.94,Wrong size,True
14002,314696,20250801,1500,21,2,1,81.67,Late delivery,False
14003,314704,20250626,110,25,2,1,87.91,Wrong size,True
14004,314800,20250812,1459,22,2,1,114.42,Changed mind,True
14005,315175,20250716,168,44,2,3,929.32,Wrong size,True
14006,315081,20250709,1583,53,2,5,795.17,Other,True
14007,315199,20250715,173,49,2,1,77.48,Wrong size,True
14008,315187,20250811,1291,52,2,5,389.01,Wrong size,True
14009,315099,20250712,657,53,2,1,142.07,Late delivery,True
14010,315218,20250709,960,55,2,1,302.02,Changed mind,True
14011,315197,20250708,501,36,2,2,326.08,Wrong size,True
14012,315323,20250721,723,66,2,2,187.27,Changed mind,True
14013,315266,20250704,1700,79,2,1,319.59,Warranty,False
14014,315305,20250815,1627,72,2,4,979.39,Changed mind,True
14015,315254,20250706,1616,61,2,1,300.53,Warranty,False
14016,315379,20250625,27,108,2,2,1210.03,Wrong size,True
14017,315388,20250618,1160,108,2,1,610.82,Damaged,False
14018,315729,20250711,1163,31,3,1,74.51,Warranty,True
14019,315585,20250726,81,27,3,1,17.63,Other,True
14020,315569,20250714,1307,32,3,1,27.6,Warranty,False
14021,315714,20250717,128,25,3,2,208.48,Changed mind,True
14022,315497,20250610,509,21,3,1,83.15,Wrong size,True
14023,315638,20250714,368,28,3,2,68.36,Damaged,False
14024,315457,20250630,1928,20,3,2,188.81,Changed mind,True
14025,315651,20250812,664,22,3,1,85.84,Wrong size,True
14026,315693,20250618,1030,21,3,1,70.3,Warranty,False
14027,315903,20250730,618,35,3,1,72.87,Wrong size,True
14028,315865,20250728,1742,39,3,1,131.18,Damaged,False
14029,315849,20250721,1158,48,3,5,861.68,Wrong size,False
14030,315950,20250721,1230,48,3,1,172.68,Other,True
14031,315863,20250618,1111,52,3,2,118.47,Changed mind,False
14032,315939,20250624,211,45,3,1,188.67,Changed mind,True
14033,315850,20250805,624,40,3,3,625.58,Late delivery,True
14034,315876,20250803,803,53,3,1,142.09,Other,True
14035,315795,20250627,484,54,3,1,89.37,Wrong size,True
14036,315890,20250715,1275,44,3,6,1664.9,Wrong size,True
14037,316001,20250716,990,81,3,1,283.19,Damaged,False
14038,316050,20250714,819,104,3,1,448.85,Warranty,False
14039,316053,20250723,1991,106,3,1,626.05,Damaged,False
14040,316042,20250812,32,103,3,1,383.07,Wrong size,True
14041,316209,20250705,1921,34,4,1,65.44,Warranty,False
14042,316174,20250707,265,20,4,8,1228.45,Damaged,False
14043,316249,20250802,958,24,4,1,35.31,Warranty,False
14044,316265,20250728,121,28,4,1,41.59,Damaged,False
14045,316289,20250721,1782,19,4,3,221.68,Changed mind,True
14046,316204,20250720,1302,31,4,3,262.84,Changed mind,True
14047,316338,20250708,443,51,4,2,379.19,Changed mind,True
14048,316328,20250706,443,42,4,1,143.89,Wrong size,True
14049,316316,20250806,71,53,4,1,135.41,Warranty,False
14050,316326,20250728,955,37,4,1,79.89,Wrong size,True
14051,316401,20250629,83,59,4,1,54.44,Wrong size,True
14052,316524,20250729,1691,82,4,1,620.7,Warranty,False
14053,316822,20250702,1425,23,5,1,68.46,Changed mind,False
14054,316951,20250725,486,13,5,1,9.71,Late delivery,True
14055,316782,20250807,1477,19,5,2,139.98,Late delivery,True
14056,316747,20250714,1299,16,5,3,290.06,Changed mind,True
14057,316885,20250714,1843,29,5,8,82.95,Wrong size,True
14058,316932,20250720,30,26,5,9,135.16,Wrong size,True
14059,316892,20250730,502,23,5,2,113.67,Late delivery,True
14060,316908,20250807,1775,16,5,6,652.35,Changed mind,True
14061,316629,20250730,1608,24,5,1,38.52,Changed mind,True
14062,316811,20250713,1257,23,5,1,49.96,Changed mind,True
14063,316840,20250728,715,29,5,1,124.27,Changed mind,True
14064,316976,20250714,839,16,5,3,279.78,Changed mind,True
14065,317192,20250703,1425,23,5,1,55.27,Wrong size,True
14066,316699,20250808,1582,13,5,1,12.46,Changed mind,True
14067,316737,20250710,1784,15,5,1,18.66,Late delivery,True
14068,317392,20250812,1262,51,5,3,642.5,Other,True
14069,317290,20250713,1548,49,5,4,343.26,Other,False
14070,317360,20250811,1771,46,5,1,185.19,Wrong size,True
14071,317362,20250721,1677,46,5,1,175.76,Changed mind,False
14072,317278,20250711,485,54,5,1,117.49,Other,True
14073,317373,20250626,1770,54,5,1,83.58,Changed mind,True
14074,317282,20250730,1871,50,5,1,159.03,Wrong size,True
14075,317368,20250707,426,37,5,7,775.32,Warranty,False
14076,317432,20250814,988,71,5,10,2938.47,Damaged,False
14077,317423,20250703,988,77,5,1,340.88,Changed mind,True
14078,317480,20250728,179,75,5,1,291.87,Damaged,False
14079,317543,20250705,1467,79,5,1,444.4,Changed mind,True
14080,317420,20250621,1267,62,5,2,629.87,Late delivery,False
14081,317564,20250627,426,73,5,1,282.28,Warranty,False
14082,317530,20250626,1703,68,5,5,549.63,Changed mind,True
14083,317682,20250801,592,100,5,2,1258.81,Wrong size,True
14084,317678,20250619,850,105,5,15,6080.94,Wrong size,True
14085,317717,20250721,319,16,6,2,182.4,Damaged,False
14086,317727,20250724,1917,29,6,3,286.27,Late delivery,True
14087,317757,20250715,1868,30,6,1,53.12,Changed mind,True
14088,317860,20250728,330,41,6,2,479.56,Wrong size,True
14089,317856,20250702,654,43,6,9,1137.97,Wrong size,True
14090,317845,20250724,440,55,6,2,518.59,Wrong size,True
14091,317844,20250808,1426,36,6,5,810.63,Wrong size,True
14092,317948,20250719,946,76,6,3,812.99,Late delivery,True
14093,317897,20250724,442,74,6,3,534.88,Wrong size,True
14094,317962,20250717,480,67,6,3,404.64,Wrong size,True
14095,318056,20250707,1826,106,6,1,716.89,Late delivery,True
14096,318061,20250629,487,103,6,7,3779.38,Wrong size,True
14097,318294,20250629,1026,15,7,1,20.25,Late delivery,True
14098,318224,20250620,1956,17,7,4,274.55,Damaged,False
14099,318281,20250731,1980,20,7,3,450.11,Wrong size,True
14100,318305,20250721,1517,13,7,2,24.64,Wrong size,True
14101,318134,20250721,214,16,7,1,98.71,Wrong size,True
14102,318246,20250703,774,30,7,2,114.95,Changed mind,True
14103,318312,20250714,1748,18,7,1,80.19,Damaged,False
14104,318319,20250804,1819,21,7,1,84.39,Late delivery,True
14105,318249,20250630,1287,31,7,1,87.12,Changed mind,True
14106,318349,20250724,1854,14,7,3,287.42,Changed mind,False
14107,318336,20250731,377,30,7,2,129.05,Changed mind,True
14108,318270,20250811,1608,21,7,1,76.55,Damaged,False
14109,318161,20250711,688,32,7,1,21.75,Changed mind,True
14110,318295,20250721,975,20,7,1,120.21,Wrong size,True
14111,318546,20250716,272,35,7,1,92.57,Changed mind,True
14112,318595,20250630,1857,75,7,9,2887.5,Late delivery,False
14113,318691,20250801,1574,84,7,2,381.52,Changed mind,True
14114,318698,20250802,1068,93,7,9,1495.54,Wrong size,True
14115,318818,20250716,149,15,8,2,32.1,Changed mind,True
14116,318913,20250809,1627,25,8,1,119.6,Wrong size,True
14117,319090,20250711,401,45,8,7,890.2,Late delivery,True
14118,319098,20250714,1977,45,8,4,591.04,Warranty,False
14119,319087,20250719,1887,35,8,7,542.93,Damaged,False
14120,319196,20250726,489,15,9,1,98.81,Damaged,False
14121,319308,20250713,1776,30,9,1,50.71,Other,False
14122,319551,20250714,1980,29,9,2,265.31,Wrong size,True
14123,319426,20250618,1591,26,9,2,23.58,Damaged,False
14124,319209,20250625,1196,19,9,2,163.14,Other,True
14125,319376,20250729,521,16,9,1,95.58,Damaged,False
14126,319452,20250720,1468,34,9,1,56.7,Wrong size,True
14127,319511,20250704,1278,28,9,1,124.45,Wrong size,True
14128,319462,20250718,364,27,9,2,139.71,Damaged,False
14129,319349,20250619,1517,27,9,1,68.86,Warranty,True
14130,319204,20250806,1333,21,9,3,247.64,Damaged,False
14131,319467,20250803,1388,13,9,1,11.34,Wrong size,True
14132,319372,20250726,1074,30,9,1,52.81,Wrong size,True
14133,319605,20250723,1926,50,9,6,1073.72,Changed mind,True
14134,319608,20250716,1791,43,9,2,274.16,Wrong size,True
14135,319762,20250624,881,48,9,1,164.58,Late delivery,True
14136,319737,20250628,1061,38,9,1,180.58,Late delivery,True
14137,319688,20250718,735,42,9,1,121.85,Warranty,False
14138,319763,20250717,440,47,9,1,108.88,Wrong size,True
14139,319675,20250721,935,53,9,2,293.68,Changed mind,False
14140,319816,20250629,453,58,9,1,340.26,Changed mind,True
14141,319767,20250729,793,76,9,2,433.34,Damaged,False
14142,319852,20250722,491,63,9,1,227.73,Late delivery,True
14143,320156,20250716,705,21,10,1,81.38,Warranty,False
14144,320011,20250708,1015,16,10,1,117.98,Other,True
14145,320177,20250725,390,22,10,1,99.01,Late delivery,True
14146,320069,20250710,986,17,10,3,201.96,Damaged,False
14147,319973,20250707,452,30,10,3,157.13,Changed mind,True
14148,320004,20250731,1423,33,10,1,18.29,Damaged,False
14149,319942,20250731,1016,22,10,1,99.22,Wrong size,True
14150,320271,20250711,451,56,10,1,152.23,Changed mind,True
14151,320246,20250618,1404,39,10,1,104.1,Other,True
14152,320331,20250710,936,31,11,3,226.82,Changed mind,False
14153,320360,20250807,625,14,11,2,90.34,Wrong size,True
14154,320375,20250721,364,24,11,2,73.85,Changed mind,True
14155,320440,20250620,1639,40,11,8,2434.63,Changed mind,True
14156,320669,20250620,1361,18,12,1,72.65,Changed mind,False
14157,320642,20250710,915,33,12,2,148.24,Changed mind,True
14158,320675,20250810,802,30,12,1,56.77,Damaged,False
14159,320708,20250621,1040,30,12,1,49.84,Changed mind,True
14160,320720,20250627,972,24,12,2,75.33,Other,True
14161,320540,20250807,310,28,12,3,86.55,Wrong size,True
14162,320633,20250707,1068,15,12,3,53.63,Changed mind,True
14163,320814,20250710,1225,31,12,1,71.63,Wrong size,False
14164,320688,20250714,1462,18,12,1,83.57,Damaged,False
14165,320803,20250721,877,20,12,2,261.89,Late delivery,False
14166,320561,20250703,925,28,12,2,72.83,Changed mind,True
14167,320606,20250615,1830,28,12,2,69.53,Wrong size,True
14168,320739,20250711,1203,34,12,1,42.91,Wrong size,True
14169,320875,20250806,1416,56,12,1,185.11,Late delivery,True
14170,321094,20250809,277,43,12,3,370.35,Changed mind,True
14171,321073,20250726,395,45,12,7,1206.02,Warranty,False
14172,321102,20250807,1335,56,12,1,145.99,Changed mind,True
14173,321045,20250714,1923,43,12,1,119.08,Changed mind,True
14174,321037,20250708,1641,37,12,1,93.05,Late delivery,True
14175,321101,20250713,1526,51,12,4,835.96,Warranty,False
14176,320992,20250722,314,38,12,5,977.47,Changed mind,False
14177,321150,20250713,563,58,12,1,360.37,Other,True
14178,321134,20250731,725,66,12,4,658.11,Other,True
14179,321253,20250814,579,23,1,2,118.4,Changed mind,True
14180,321298,20250817,1409,22,1,3,280.77,Warranty,True
14181,321267,20250805,1932,20,1,2,247.42,Changed mind,True
14182,321277,20250817,23,26,1,1,12.64,Changed mind,False
14183,321215,20250813,273,28,1,1,39.63,Damaged,False
14184,321353,20250818,1603,14,1,2,181.32,Warranty,False
14185,321356,20250726,1440,34,1,3,184.61,Wrong size,True
14186,321420,20250731,62,45,1,2,315.13,Wrong size,True
14187,321475,20250815,1652,53,1,2,321.4,Wrong size,True
14188,321437,20250728,212,56,1,1,154.32,Changed mind,True
14189,321488,20250722,579,35,1,3,249.86,Late delivery,True
14190,321403,20250819,1348,46,1,3,592.03,Late delivery,True
14191,321448,20250908,729,55,1,1,254.61,Wrong size,True
14192,321467,20250720,1014,53,1,1,167.74,Wrong size,False
14193,321387,20250802,242,41,1,2,598.76,Wrong size,True
14194,321413,20250731,310,38,1,1,222.45,Wrong size,True
14195,321487,20250805,1485,49,1,3,228.59,Wrong size,True
14196,321421,20250817,1552,55,1,4,1295.96,Wrong size,True
14197,321512,20250804,1722,64,1,1,209.14,Wrong size,True
14198,321575,20250724,968,71,1,3,938.69,Damaged,False
14199,321580,20250803,1165,88,1,1,102.46,Damaged,False
14200,321616,20250805,181,86,1,1,257.64,Damaged,False
14201,321630,20250830,919,86,1,1,283.49,Late delivery,True
14202,321610,20250808,419,89,1,1,61.47,Warranty,True
14203,321669,20250908,939,23,2,1,51.55,Changed mind,True
14204,321769,20250804,26,41,2,1,258.29,Wrong size,True
14205,321785,20250825,750,52,2,1,58.27,Other,True
14206,321999,20250801,1777,87,2,5,771.72,Late delivery,False
14207,321922,20250809,581,89,2,1,67.66,Changed mind,True
14208,321910,20250720,332,87,2,1,157.69,Warranty,False
14209,322526,20250902,210,31,3,2,162.32,Changed mind,True
14210,322258,20250821,1350,17,3,2,121.74,Warranty,False
14211,322324,20250913,17,23,3,2,142.94,Late delivery,True
14212,322200,20250813,1815,23,3,1,57.6,Other,False
14213,322485,20250724,1040,33,3,4,277.54,Changed mind,True
14214,322318,20250808,330,17,3,1,69.05,Warranty,True
14215,322494,20250815,7,32,3,1,22.18,Other,True
14216,322305,20250812,1256,33,3,2,160.5,Warranty,False
14217,322173,20250825,1632,28,3,3,105.78,Late delivery,True
14218,322461,20250828,1437,17,3,1,36.92,Wrong size,True
14219,322368,20250916,1227,27,3,1,69.03,Damaged,False
14220,322219,20250819,1077,16,3,1,81.35,Warranty,False
14221,322506,20250730,1163,31,3,1,85.93,Changed mind,True
14222,322113,20250826,815,22,3,6,614.14,Late delivery,True
14223,322674,20250804,1497,49,3,3,211.5,Damaged,False
14224,322573,20250817,1811,49,3,4,252.73,Late delivery,True
14225,322650,20250828,1099,36,3,1,179.35,Late delivery,True
14226,322677,20250829,876,49,3,2,142.32,Changed mind,False
14227,322656,20250816,1437,50,3,1,179.1,Wrong size,False
14228,322559,20250730,1644,38,3,5,557.7,Late delivery,True
14229,322747,20250824,733,38,3,2,412.82,Changed mind,True
14230,322645,20250727,694,54,3,2,116.28,Wrong size,False
14231,322623,20250912,703,51,3,2,466.83,Wrong size,True
14232,322828,20250730,1899,71,3,1,347.96,Late delivery,True
14233,322782,20250725,1869,58,3,2,789.9,Late delivery,False
14234,322853,20250827,475,90,3,1,561.3,Late delivery,True
14235,323411,20250819,1122,22,4,1,84.14,Changed mind,True
14236,323084,20250821,1356,17,4,1,85.9,Late delivery,True
14237,323014,20250805,1852,20,4,1,107.11,Warranty,False
14238,323124,20250728,1649,30,4,2,77.58,Wrong size,True
14239,323173,20250817,1277,29,4,3,212.58,Changed mind,True
14240,323103,20250731,256,13,4,2,18.77,Wrong size,True
14241,323151,20250908,357,15,4,1,17.69,Damaged,False
14242,323280,20250827,904,28,4,1,37.66,Other,True
14243,323064,20250908,1382,19,4,2,137.83,Wrong size,True
14244,323075,20250816,1810,18,4,3,197.95,Warranty,False
14245,323415,20250805,820,28,4,1,34.06,Changed mind,True
14246,323487,20250821,1077,23,4,1,63.5,Other,True
14247,323083,20250913,1341,24,4,1,35.07,Warranty,True
14248,323041,20250720,39,20,4,4,249.93,Late delivery,True
14249,323362,20250727,876,15,4,2,39.78,Changed mind,True
14250,323539,20250807,597,46,4,4,612.77,Damaged,False
14251,323554,20250903,230,52,4,2,99.52,Wrong size,True
14252,323600,20250912,616,41,4,1,239.74,Damaged,False
14253,323590,20250825,823,42,4,2,219.65,Late delivery,True
14254,323657,20250716,199,42,4,3,439.56,Warranty,False
14255,323717,20250823,240,43,4,1,152.97,Wrong size,True
14256,323621,20250809,256,40,4,1,251.1,Changed mind,True
14257,323627,20250811,861,37,4,10,1063.98,Wrong size,True
14258,323639,20250716,587,46,4,1,225.43,Changed mind,True
14259,323555,20250729,1193,53,4,1,159.84,Wrong size,True
14260,323522,20250803,457,43,4,1,241.69,Damaged,False
14261,323645,20250826,1381,56,4,4,594.95,Changed mind,True
14262,323785,20250825,1488,60,4,1,495.25,Damaged,False
14263,323742,20250804,353,64,4,2,335.51,Late delivery,True
14264,323789,20250823,20,59,4,1,56.53,Warranty,True
14265,323845,20250726,1743,91,4,2,761.94,Changed mind,True
14266,323906,20250811,1608,85,4,2,1032.66,Wrong size,True
14267,323989,20250828,242,108,4,1,590.61,Wrong size,True
14268,323975,20250802,983,100,4,3,2564.86,Wrong size,True
14269,323983,20250809,1121,107,4,2,1071.32,Damaged,False
14270,323966,20250816,1355,107,4,6,3839.57,Changed mind,True
14271,323962,20250827,330,102,4,1,144.71,Wrong size,True
14272,324162,20250822,1714,15,5,1,16.02,Wrong size,True
14273,324008,20250830,1626,28,5,3,94.11,Late delivery,True
14274,324140,20250819,1760,15,5,1,17.62,Changed mind,True
14275,324014,20250718,1784,27,5,3,217.73,Late delivery,True
14276,324393,20250725,993,46,5,1,167.32,Late delivery,True
14277,324311,20250908,96,41,5,1,130.84,Wrong size,True
14278,324457,20250902,80,49,5,1,76.29,Damaged,False
14279,324252,20250907,861,56,5,1,135.08,Warranty,True
14280,324222,20250804,1731,55,5,2,512.05,Damaged,False
14281,324235,20250726,1834,39,5,1,111.2,Wrong size,True
14282,324451,20250809,626,43,5,3,446.73,Wrong size,True
14283,324364,20250727,95,43,5,4,587.04,Wrong size,True
14284,324551,20250831,547,69,5,1,312.57,Wrong size,True
14285,324510,20250819,1982,75,5,2,569.17,Other,True
14286,324600,20250809,1236,73,5,1,290.8,Wrong size,True
14287,324468,20250821,949,74,5,1,170.73,Other,True
14288,324707,20250901,1569,102,5,2,302.51,Wrong size,True
14289,324982,20250723,1278,18,6,1,73.81,Other,True
14290,324782,20250902,1251,29,6,5,689.99,Wrong size,True
14291,324769,20250827,965,13,6,1,12.08,Changed mind,True
14292,324863,20250729,287,13,6,9,773.04,Changed mind,True
14293,324724,20250915,1999,15,6,8,148.91,Damaged,False
14294,324847,20250812,1771,25,6,3,327.3,Warranty,False
14295,324775,20250730,129,14,6,1,70.51,Wrong size,False
14296,325030,20250814,1149,21,6,1,93.42,Changed mind,True
14297,324917,20250901,1686,18,6,3,266.65,Wrong size,True
14298,324737,20250719,100,25,6,3,291.52,Warranty,False
14299,324796,20250918,1681,19,6,1,68.49,Late delivery,True
14300,324948,20250731,220,16,6,1,126.09,Wrong size,True
14301,324993,20250821,965,32,6,1,23.23,Other,True
14302,325185,20250825,962,42,6,5,524.44,Warranty,True
14303,325147,20250722,1669,39,6,1,128.84,Damaged,False
14304,325099,20250713,1020,53,6,1,154.17,Wrong size,False
14305,325243,20250815,1975,39,6,3,377.73,Changed mind,True
14306,325103,20250730,133,41,6,1,250.69,Warranty,False
14307,325231,20250818,935,40,6,1,282.87,Warranty,True
14308,325237,20250827,1848,49,6,5,393.5,Wrong size,True
14309,325133,20250902,508,42,6,1,126.36,Changed mind,True
14310,325309,20250824,1996,100,6,1,697.1,Wrong size,True
14311,325334,20250812,1054,2,7,1,1588.51,Changed mind,True
14312,325713,20250721,685,32,7,5,642.59,Wrong size,True
14313,325680,20250804,331,17,7,2,162.11,Changed mind,False
14314,325653,20250807,1377,18,7,1,69.37,Changed mind,True
14315,325663,20250817,1377,18,7,1,85.23,Wrong size,True
14316,325602,20250804,1142,20,7,1,138.92,Warranty,False
14317,325523,20250817,142,26,7,1,14.25,Changed mind,True
14318,325730,20250731,1762,13,7,1,12.94,Changed mind,True
14319,325405,20250730,1752,21,7,1,86.12,Changed mind,True
14320,325725,20250912,688,16,7,2,69.97,Changed mind,True
14321,325599,20250807,1784,29,7,1,86.65,Damaged,False
14322,325665,20250814,1716,16,7,2,175.81,Late delivery,True
14323,325588,20250724,1642,21,7,2,153.67,Damaged,False
14324,325517,20250819,1138,24,7,1,45.73,Changed mind,False
14325,325671,20250905,281,32,7,1,23.53,Changed mind,True
14326,325526,20250812,1475,22,7,1,110.17,Other,True
14327,325784,20250902,1397,50,7,1,197.79,Wrong size,True
14328,325774,20250825,412,54,7,2,187.74,Warranty,False
14329,325788,20250828,333,49,7,3,210.73,Late delivery,True
14330,325785,20250820,1360,53,7,2,342.57,Changed mind,True
14331,325865,20250716,115,58,7,2,538.73,Wrong size,True
14332,325819,20250828,835,71,7,4,1305.22,Changed mind,True
14333,325790,20250712,637,62,7,1,132.66,Damaged,False
14334,325804,20250807,1793,75,7,1,301.99,Late delivery,True
14335,325866,20250823,418,58,7,4,1471.03,Other,True
14336,325931,20250904,240,86,7,1,156.82,Wrong size,True
14337,325954,20250903,602,108,7,1,618.96,Wrong size,True
14338,326072,20250908,185,32,8,1,23.42,Changed mind,False
14339,326009,20250913,161,18,8,3,208.8,Late delivery,True
14340,326025,20250806,253,24,8,4,124.1,Damaged,False
14341,326127,20250806,107,27,8,1,67.9,Changed mind,True
14342,326154,20250801,1579,15,8,2,31.04,Changed mind,True
14343,326133,20250806,59,19,8,1,67.32,Wrong size,False
14344,326134,20250911,857,18,8,1,83.17,Wrong size,True
14345,326057,20250906,1894,15,8,1,18.37,Late delivery,True
14346,326239,20250814,1445,33,8,1,56.43,Late delivery,True
14347,326084,20250829,1095,17,8,5,327.25,Changed mind,True
14348,326125,20250904,1667,21,8,4,305.03,Damaged,False
14349,326313,20250906,972,52,8,3,128.71,Late delivery,True
14350,326295,20250829,1796,55,8,7,1976.82,Wrong size,True
14351,326361,20250812,556,50,8,2,375.24,Warranty,True
14352,326378,20250816,174,63,8,1,259.0,Late delivery,True
14353,326587,20250910,1505,19,9,3,217.74,Changed mind,True
14354,326538,20250821,1817,26,9,5,48.31,Changed mind,True
14355,326700,20250731,401,32,9,6,134.72,Warranty,False
14356,326542,20250828,348,25,9,1,98.56,Damaged,False
14357,326777,20250727,352,18,9,8,641.37,Wrong size,True
14358,326596,20250724,153,26,9,1,13.77,Warranty,False
14359,326798,20250816,458,16,9,3,305.48,Changed mind,True
14360,326746,20250828,661,19,9,2,158.68,Damaged,False
14361,326581,20250825,549,17,9,4,312.9,Changed mind,True
14362,326757,20250728,1157,18,9,2,255.59,Wrong size,True
14363,326613,20250811,649,14,9,2,190.8,Late delivery,True
14364,326552,20250805,826,18,9,3,290.26,Late delivery,True
14365,326395,20250724,1255,21,9,1,77.52,Changed mind,True
14366,326855,20250831,340,36,9,2,394.32,Wrong size,True
14367,326821,20250822,1704,55,9,1,325.27,Changed mind,True
14368,326835,20250731,1717,43,9,1,141.34,Late delivery,True
14369,326909,20250831,723,79,9,2,642.57,Changed mind,True
14370,326864,20250828,25,77,9,1,78.29,Changed mind,True
14371,326868,20250803,467,65,9,2,73.91,Damaged,False
14372,326887,20250821,1319,68,9,2,359.8,Damaged,False
14373,326876,20250803,52,76,9,2,499.63,Changed mind,False
14374,327208,20250830,1055,15,10,1,18.01,Late delivery,True
14375,327056,20250728,145,20,10,1,144.63,Damaged,False
14376,327093,20250815,802,27,10,1,53.53,Warranty,True
14377,327122,20250811,288,19,10,1,82.37,Damaged,False
14378,327113,20250907,919,28,10,1,36.43,Damaged,False
14379,327269,20250910,1040,28,10,2,63.36,Late delivery,False
14380,327481,20250817,1006,27,10,4,313.25,Wrong size,True
14381,327034,20250908,1551,14,10,4,251.09,Late delivery,True
14382,327040,20250809,1867,18,10,2,180.62,Changed mind,True
14383,327539,20250726,1440,18,10,1,101.87,Wrong size,True
14384,327080,20250830,1906,27,10,1,63.53,Wrong size,False
14385,327357,20250814,1158,28,10,4,139.12,Late delivery,True
14386,327416,20250811,900,19,10,1,62.44,Warranty,False
14387,327062,20250806,123,24,10,6,232.12,Wrong size,True
14388,327066,20250831,349,13,10,2,19.66,Wrong size,True
14389,327188,20250830,505,17,10,2,153.94,Changed mind,True
14390,327259,20250915,1477,24,10,1,37.72,Changed mind,True
14391,327046,20250723,1149,15,10,4,80.84,Late delivery,True
14392,327212,20250828,1570,26,10,1,15.92,Warranty,True
14393,327605,20250729,1512,40,10,2,548.8,Other,True
14394,327619,20250903,1583,43,10,1,155.61,Wrong size,True
14395,327577,20250831,421,48,10,1,126.79,Late delivery,True
14396,327602,20250727,1566,48,10,1,207.88,Wrong size,True
14397,327564,20250909,367,44,10,6,897.83,Wrong size,True
14398,327685,20250727,29,89,10,1,42.99,Changed mind,True
14399,327735,20250826,101,107,10,1,473.11,Wrong size,True
14400,327731,20250726,1921,95,10,1,361.32,Damaged,False
14401,328044,20250920,1262,14,11,2,190.96,Wrong size,True
14402,328029,20250815,1523,23,11,1,68.76,Late delivery,True
14403,328022,20250911,849,15,11,3,52.72,Warranty,False
14404,327892,20250814,96,24,11,1,64.91,Wrong size,True
14405,327879,20250816,334,26,11,1,12.33,Wrong size,True
14406,328009,20250905,1901,21,11,1,80.9,Wrong size,True
14407,327962,20250912,218,32,11,2,43.05,Changed mind,True
14408,327903,20250815,219,23,11,4,255.4,Changed mind,True
14409,327783,20250821,1411,22,11,1,75.35,Changed mind,True
14410,327843,20250902,192,18,11,1,12.05,Warranty,False
14411,327943,20250822,1731,20,11,3,428.31,Warranty,False
14412,327773,20250822,267,19,11,1,62.22,Wrong size,True
14413,328150,20250824,682,54,11,1,117.14,Wrong size,True
14414,328110,20250827,1748,35,11,1,393.56,Changed mind,True
14415,328162,20250823,1854,47,11,6,491.62,Warranty,False
14416,328182,20250823,979,39,11,5,609.85,Late delivery,True
14417,328120,20250729,1692,45,11,1,144.83,Warranty,False
14418,328163,20250830,1904,50,11,1,129.94,Wrong size,True
14419,328175,20250808,1029,45,11,1,166.44,Late delivery,True
14420,328155,20250831,1874,46,11,1,187.81,Damaged,False
14421,328171,20250731,12,43,11,1,109.26,Damaged,False
14422,328364,20250713,442,24,12,1,56.51,Changed mind,True
14423,328568,20250919,1595,20,12,3,404.79,Wrong size,False
14424,328412,20250818,1331,32,12,1,21.81,Wrong size,True
14425,328585,20250826,122,30,12,2,113.08,Other,True
14426,328572,20250903,53,25,12,1,109.56,Wrong size,False
14427,328437,20250809,1149,16,12,1,100.6,Damaged,False
14428,328460,20250902,1130,15,12,1,16.81,Damaged,False
14429,328416,20250827,803,22,12,2,103.17,Changed mind,True
14430,328624,20250810,851,16,12,5,464.62,Wrong size,False
14431,328633,20250730,1557,26,12,2,20.93,Warranty,False
14432,328297,20250731,1473,28,12,6,219.61,Changed mind,True
14433,328777,20250805,133,13,12,1,9.97,Changed mind,True
14434,328671,20250713,1065,30,12,2,100.22,Wrong size,False
14435,328916,20250913,31,53,12,1,158.22,Wrong size,True
14436,328981,20250810,1950,46,12,4,697.07,Changed mind,False
14437,328950,20250808,138,49,12,2,98.06,Damaged,False
14438,328852,20250831,1536,35,12,1,68.76,Wrong size,True
14439,329000,20250813,727,43,12,1,151.23,Changed mind,True
14440,328803,20250727,633,36,12,1,188.83,Wrong size,True
14441,329007,20250720,749,37,12,2,175.3,Wrong size,False
14442,328843,20250906,1477,56,12,1,171.07,Damaged,False
14443,328905,20250828,1313,42,12,1,113.16,Warranty,True
14444,328944,20250729,1795,55,12,1,300.52,Late delivery,True
14445,328894,20250913,901,56,12,3,506.22,Other,True
14446,328978,20250721,176,47,12,8,689.72,Late delivery,True
14447,328943,20250824,1212,45,12,1,133.54,Late delivery,False
14448,328836,20250906,1888,56,12,2,335.3,Changed mind,True
14449,328784,20250719,1977,47,12,1,98.72,Wrong size,True
14450,328997,20250813,1008,43,12,1,162.6,Warranty,False
14451,328922,20250809,1072,40,12,1,69.78,Other,True
14452,328871,20250809,101,52,12,3,183.36,Damaged,False
14453,329084,20250811,1736,57,12,1,223.35,Damaged,False
14454,329032,20250731,223,79,12,1,382.73,Late delivery,True
14455,329340,20250828,1009,22,1,4,317.81,Late delivery,False
14456,329252,20250914,185,24,1,1,32.8,Changed mind,True
14457,329343,20250824,185,24,1,1,34.11,Changed mind,True
14458,329174,20250918,1763,15,1,1,17.82,Wrong size,True
14459,329270,20250818,1139,20,1,1,27.85,Changed mind,True
14460,329292,20250916,640,15,1,4,66.59,Wrong size,True
14461,329254,20250831,678,28,1,2,59.44,Changed mind,True
14462,329281,20251005,1353,26,1,8,92.59,Damaged,False
14463,329284,20250824,358,21,1,1,85.7,Damaged,False
14464,329333,20250917,951,24,1,3,305.43,Late delivery,True
14465,329179,20250925,709,33,1,2,144.14,Changed mind,True
14466,329375,20250909,789,55,1,1,303.96,Damaged,False
14467,329417,20250905,1552,65,1,1,40.86,Changed mind,False
14468,329411,20250831,951,59,1,6,346.19,Damaged,False
14469,329431,20250915,177,66,1,1,81.48,Damaged,False
14470,329449,20250828,1638,82,1,1,496.46,Late delivery,True
14471,329462,20250923,854,105,1,4,1619.4,Late delivery,True
14472,329464,20250928,981,95,1,2,569.86,Changed mind,True
14473,329525,20250906,1544,22,2,3,371.66,Damaged,False
14474,329626,20250819,367,26,2,1,11.45,Other,True
14475,329560,20250926,1383,27,2,3,218.92,Other,True
14476,329594,20251007,1270,19,2,2,118.76,Warranty,False
14477,329625,20250906,954,14,2,2,170.12,Wrong size,True
14478,329493,20251004,1807,18,2,1,78.02,Late delivery,True
14479,329578,20250829,399,24,2,2,63.85,Damaged,False
14480,329558,20251012,1999,30,2,3,189.52,Late delivery,True
14481,329682,20250829,1603,15,2,1,21.33,Late delivery,False
14482,329489,20250901,974,30,2,1,46.45,Damaged,False
14483,329500,20251008,894,13,2,1,12.34,Late delivery,True
14484,329666,20250916,290,15,2,1,19.13,Warranty,True
14485,329488,20250918,1904,28,2,1,30.63,Wrong size,True
14486,329820,20251001,1987,80,2,1,140.46,Damaged,False
14487,329808,20251018,245,71,2,2,604.65,Damaged,False
14488,329817,20250825,915,63,2,1,119.0,Warranty,False
14489,329957,20250918,940,21,3,3,211.02,Late delivery,True
14490,330189,20250909,446,28,3,2,79.51,Wrong size,True
14491,329917,20250914,1790,16,3,2,191.33,Changed mind,False
14492,329995,20250909,1956,17,3,1,64.82,Wrong size,True
14493,330093,20250923,1706,32,3,2,41.53,Wrong size,True
14494,330181,20250918,1048,22,3,2,196.35,Damaged,False
14495,329901,20250907,1307,32,3,2,46.23,Changed mind,True
14496,330190,20250912,230,33,3,2,182.51,Late delivery,True
14497,330133,20250919,1683,20,3,10,1075.44,Other,True
14498,330127,20250911,311,28,3,5,713.38,Warranty,True
14499,330014,20250914,1230,19,3,4,267.45,Wrong size,True
14500,330009,20250901,1122,24,3,1,36.57,Wrong size,True
14501,330183,20250906,63,32,3,3,62.52,Changed mind,True
14502,330312,20250910,829,35,3,1,74.2,Damaged,False
14503,330268,20250920,1435,45,3,2,304.3,Wrong size,True
14504,330324,20251003,225,40,3,1,276.82,Wrong size,True
14505,330321,20250829,605,52,3,1,52.48,Changed mind,True
14506,330344,20250826,11,59,3,1,57.96,Changed mind,False
14507,330394,20250818,1932,16,4,1,88.82,Damaged,False
14508,330681,20250914,1773,34,4,1,49.87,Damaged,False
14509,330477,20251010,231,16,4,4,403.56,Wrong size,True
14510,330500,20250921,924,30,4,1,48.41,Changed mind,True
14511,330729,20250826,1392,24,4,2,131.99,Changed mind,True
14512,330586,20250907,44,18,4,3,280.69,Damaged,False
14513,330688,20250819,1220,31,4,1,74.45,Other,True
14514,330512,20250907,928,28,4,1,36.72,Changed mind,True
14515,330418,20250907,675,30,4,1,57.71,Changed mind,False
14516,330762,20250829,1616,52,4,1,54.59,Changed mind,True
14517,330758,20250925,953,56,4,1,187.52,Wrong size,True
14518,330769,20251007,1374,43,4,1,156.78,Damaged,False
14519,330784,20250826,1139,43,4,1,134.38,Changed mind,True
14520,330799,20250905,420,41,4,1,250.99,Wrong size,True
14521,330795,20250908,1235,46,4,5,1136.72,Wrong size,True
14522,330812,20250818,1353,64,4,8,1151.92,Damaged,False
14523,330886,20251008,1134,102,4,2,1352.33,Late delivery,True
14524,331033,20250823,663,28,5,4,172.34,Other,True
14525,331110,20250910,1156,29,5,1,118.92,Damaged,False
14526,331050,20250904,499,32,5,1,24.43,Changed mind,True
14527,330964,20250811,1124,28,5,1,38.72,Other,True
14528,330926,20250830,920,22,5,3,298.18,Damaged,False
14529,331167,20251005,1530,26,5,1,11.78,Wrong size,True
14530,331078,20250917,243,18,5,1,74.98,Warranty,True
14531,331245,20250821,1345,19,5,2,135.55,Wrong size,True
14532,331149,20250908,892,34,5,1,48.36,Late delivery,False
14533,331156,20251006,1479,13,5,1,11.0,Late delivery,True
14534,331066,20250926,756,15,5,1,13.22,Wrong size,True
14535,331414,20250915,1167,40,5,1,310.8,Changed mind,False
14536,331439,20250930,1817,50,5,4,821.25,Damaged,False
14537,331466,20250830,24,62,5,1,132.6,Warranty,True
14538,331467,20251008,1204,70,5,1,167.14,Damaged,False
14539,331549,20250914,1402,13,6,2,24.86,Damaged,False
14540,331509,20250829,203,23,6,2,64.98,Damaged,False
14541,331585,20251004,874,20,6,2,279.7,Late delivery,True
14542,331644,20250819,949,48,6,2,250.19,Other,True
14543,331629,20250925,1584,36,6,3,565.01,Late delivery,True
14544,331679,20250909,1973,54,6,6,471.95,Wrong size,False
14545,331819,20251006,1517,13,7,1,15.73,Wrong size,True
14546,331897,20251010,1964,14,7,1,123.37,Damaged,False
14547,331844,20250826,1807,30,7,2,107.37,Other,False
14548,331858,20250912,1159,16,7,2,196.62,Wrong size,True
14549,331763,20250909,1907,20,7,1,56.19,Changed mind,True
14550,331887,20250831,838,28,7,1,38.42,Other,True
14551,331781,20250917,361,33,7,1,58.3,Late delivery,True
14552,331852,20250831,991,18,7,2,162.54,Other,True
14553,331949,20250926,1130,40,7,1,263.03,Wrong size,True
14554,331930,20250930,1549,47,7,1,107.44,Damaged,False
14555,331939,20250911,51,55,7,1,299.36,Wrong size,True
14556,331912,20250831,1569,38,7,1,258.17,Wrong size,True
14557,331916,20250829,401,39,7,1,91.85,Wrong size,True
14558,331952,20250918,1430,39,7,4,522.85,Changed mind,True
14559,332009,20250925,126,72,7,2,513.77,Late delivery,False
14560,332011,20251009,1456,79,7,1,356.4,Wrong size,True
14561,332079,20250902,1110,97,7,6,3179.48,Late delivery,True
14562,332104,20250903,1001,10,8,2,3582.72,Changed mind,True
14563,332203,20250917,740,15,8,4,130.22,Wrong size,False
14564,332221,20251002,1342,30,8,5,315.56,Wrong size,False
14565,332234,20250821,195,22,8,1,85.04,Changed mind,False
14566,332179,20251016,894,27,8,2,97.32,Changed mind,False
14567,332261,20250914,691,67,8,1,139.5,Changed mind,True
14568,332343,20251007,1403,14,9,1,100.24,Warranty,False
14569,332447,20250902,1215,13,9,1,12.06,Warranty,False
14570,332346,20250917,821,34,9,1,53.8,Late delivery,True
14571,332304,20250919,195,22,9,8,649.67,Changed mind,True
14572,332282,20250817,1060,30,9,1,52.49,Other,True
14573,332526,20251010,1883,45,9,3,499.43,Damaged,False
14574,332574,20250915,477,49,9,7,848.96,Warranty,False
14575,332534,20250924,601,35,9,1,255.87,Other,True
14576,332550,20250909,1324,35,9,2,153.71,Damaged,False
14577,332567,20251003,804,53,9,2,340.16,Late delivery,True
14578,332503,20250816,1981,56,9,1,152.99,Late delivery,True
14579,332519,20250814,1958,41,9,6,1344.13,Changed mind,True
14580,332531,20250825,361,39,9,1,97.14,Wrong size,True
14581,332474,20250827,1946,48,9,1,136.05,Wrong size,True
14582,332625,20250925,1008,71,9,2,601.76,Other,True
14583,332592,20250827,1219,58,9,1,340.05,Damaged,False
14584,332621,20250919,781,75,9,1,317.59,Changed mind,True
14585,332636,20250822,108,76,9,1,158.07,Warranty,True
14586,332579,20250920,829,73,9,1,262.48,Late delivery,True
14587,332747,20250925,1200,30,10,1,17.81,Warranty,False
14588,332755,20251003,1827,28,10,2,57.5,Late delivery,True
14589,332836,20251002,1353,27,10,1,64.51,Changed mind,True
14590,332804,20250907,356,18,10,2,184.37,Damaged,False
14591,332822,20250926,1095,21,10,1,81.73,Wrong size,True
14592,332820,20251006,1127,28,10,1,34.83,Other,True
14593,332776,20250908,55,33,10,6,480.15,Damaged,False
14594,333046,20250915,964,50,10,3,384.76,Changed mind,True
14595,333031,20250828,977,55,10,1,294.77,Changed mind,True
14596,333023,20250929,1999,45,10,4,630.36,Late delivery,True
14597,333017,20250909,1049,36,10,1,191.66,Other,True
14598,333018,20251008,1294,35,10,1,78.26,Damaged,False
14599,333010,20251001,1157,45,10,2,210.21,Changed mind,True
14600,333045,20250922,549,35,10,1,94.36,Changed mind,False
14601,333020,20250822,101,49,10,1,81.13,Changed mind,False
14602,333116,20250918,51,75,10,1,238.73,Warranty,False
14603,333286,20250912,761,19,11,2,115.85,Changed mind,True
14604,333269,20250920,1086,19,11,1,56.36,Changed mind,True
14605,333346,20250922,507,39,11,1,101.52,Warranty,True
14606,333314,20250913,35,52,11,3,207.2,Damaged,False
14607,333321,20250831,1932,49,11,2,169.65,Other,True
14608,333330,20250914,45,39,11,1,106.82,Changed mind,True
14609,333337,20250823,938,38,11,1,188.96,Wrong size,True
14610,333393,20250817,1165,39,11,1,144.76,Warranty,False
14611,333426,20250822,1184,64,11,1,192.8,Damaged,False
14612,333521,20251006,599,1,12,1,1068.08,Other,True
14613,333582,20250925,1110,24,12,1,34.14,Changed mind,True
14614,333589,20250831,782,14,12,1,97.49,Changed mind,True
14615,333688,20250918,290,19,12,1,64.96,Changed mind,True
14616,333563,20250923,186,28,12,1,38.65,Damaged,False
14617,333678,20250901,1571,15,12,1,76.14,Changed mind,True
14618,333626,20250810,1298,28,12,3,111.6,Damaged,False
14619,333572,20250926,874,23,12,2,109.58,Changed mind,True
14620,333719,20250904,728,22,12,1,81.09,Changed mind,True
14621,333843,20250814,1397,43,12,3,381.71,Wrong size,True
14622,333830,20250920,1297,35,12,1,201.89,Wrong size,True
14623,333803,20250911,1558,52,12,6,244.97,Wrong size,True
14624,333842,20251017,1785,35,12,1,64.12,Late delivery,True
14625,333823,20251001,179,45,12,1,162.37,Other,True
14626,333889,20250912,1552,108,12,1,610.85,Wrong size,True
14627,333943,20250918,235,33,1,1,69.65,Warranty,False
14628,333938,20251010,1276,27,1,4,268.46,Damaged,False
14629,333948,20250926,1202,26,1,2,25.28,Warranty,False
14630,333930,20251017,433,33,1,2,29.35,Damaged,False
14631,334038,20251002,202,16,1,2,195.73,Changed mind,True
14632,334107,20250922,1767,43,1,1,130.69,Wrong size,True
14633,334130,20251019,1745,51,1,1,222.84,Damaged,False
14634,334131,20251104,63,41,1,2,504.54,Damaged,False
14635,334108,20251120,1402,35,1,2,471.32,Other,True
14636,334148,20251016,932,38,1,2,451.78,Wrong size,False
14637,334104,20251005,1913,56,1,1,97.94,Wrong size,True
14638,334511,20251020,916,16,2,2,191.38,Changed mind,True
14639,334572,20251012,249,14,2,1,103.03,Warranty,False
14640,334272,20251014,1519,16,2,2,165.6,Wrong size,True
14641,334472,20251030,1909,29,2,4,471.63,Late delivery,True
14642,334435,20251030,995,26,2,1,11.51,Warranty,True
14643,334459,20250930,860,26,2,1,12.77,Damaged,False
14644,334264,20250922,305,27,2,2,181.36,Changed mind,True
14645,334564,20250930,124,32,2,3,83.03,Late delivery,True
14646,334307,20251022,1066,22,2,4,399.83,Wrong size,True
14647,334522,20251113,1086,22,2,2,171.47,Wrong size,True
14648,334493,20251027,851,30,2,1,55.54,Warranty,False
14649,334220,20251022,371,13,2,1,11.24,Other,False
14650,334279,20251011,1260,16,2,1,86.96,Wrong size,True
14651,334251,20251031,1884,21,2,1,70.08,Late delivery,True
14652,334503,20251007,1148,22,2,1,56.5,Other,True
14653,334594,20250925,721,43,2,1,149.66,Changed mind,True
14654,334613,20250926,367,52,2,3,170.5,Wrong size,True
14655,334602,20251026,1620,42,2,1,127.08,Other,True
14656,334691,20251022,1014,81,2,1,252.9,Wrong size,True
14657,334707,20251103,309,88,2,2,254.65,Late delivery,True
14658,334905,20251001,1005,21,3,2,123.31,Changed mind,True
14659,335022,20250925,407,22,3,5,460.6,Wrong size,True
14660,334977,20251028,1037,30,3,2,92.44,Changed mind,True
14661,334726,20251002,495,18,3,1,90.25,Late delivery,True
14662,334875,20251018,766,31,3,2,168.08,Wrong size,True
14663,334980,20251009,803,32,3,7,151.36,Changed mind,True
14664,334989,20251103,1002,33,3,1,74.51,Other,True
14665,334769,20251014,970,29,3,4,444.65,Changed mind,True
14666,335038,20251023,1012,25,3,4,404.72,Wrong size,False
14667,334749,20250911,1506,22,3,1,102.66,Wrong size,True
14668,334974,20251016,1100,30,3,1,58.97,Changed mind,False
14669,334888,20251103,906,13,3,1,129.71,Wrong size,True
14670,335149,20251001,653,45,3,1,158.75,Wrong size,True
14671,335164,20251021,469,54,3,12,1162.31,Changed mind,True
14672,335236,20251021,703,47,3,1,103.93,Late delivery,False
14673,335178,20251026,1137,46,3,3,669.82,Damaged,False
14674,335140,20251004,1367,54,3,1,79.13,Late delivery,True
14675,335163,20251011,1049,50,3,1,133.89,Wrong size,True
14676,335130,20251103,1493,48,3,1,142.34,Warranty,True
14677,335087,20251026,618,35,3,1,85.59,Wrong size,True
14678,335118,20251006,1904,49,3,1,197.41,Wrong size,True
14679,335259,20251015,477,91,3,1,425.43,Changed mind,True
14680,335452,20251025,1968,19,4,7,398.34,Changed mind,True
14681,335513,20250928,1337,26,4,4,48.01,Damaged,False
14682,335549,20251023,1268,27,4,1,79.35,Wrong size,True
14683,335368,20251027,1914,19,4,1,89.24,Warranty,True
14684,335639,20251104,130,47,4,2,215.36,Other,True
14685,335594,20251025,1002,47,4,1,115.1,Wrong size,True
14686,335667,20251008,192,48,4,1,179.57,Warranty,True
14687,335586,20251113,960,51,4,1,191.92,Late delivery,True
14688,335697,20251115,554,35,4,7,624.19,Damaged,False
14689,335623,20251101,1775,54,4,2,326.96,Changed mind,True
14690,335583,20251116,1374,43,4,1,123.83,Wrong size,False
14691,335722,20251010,1304,59,4,1,48.84,Late delivery,True
14692,335721,20250926,1179,71,4,4,1233.38,Damaged,False
14693,335713,20251103,1223,65,4,1,46.7,Changed mind,True
14694,335808,20251018,238,91,4,1,362.49,Wrong size,True
14695,335872,20251027,1125,13,5,1,53.82,Late delivery,False
14696,335863,20250927,540,15,5,1,18.34,Wrong size,True
14697,335850,20250920,528,26,5,1,95.89,Wrong size,True
14698,335851,20250930,682,23,5,8,535.93,Wrong size,True
14699,335973,20251005,1259,42,5,2,279.0,Damaged,False
14700,335962,20251012,1535,38,5,1,226.96,Wrong size,True
14701,335982,20251012,1039,54,5,1,113.28,Wrong size,True
14702,335935,20251021,773,45,5,2,188.2,Wrong size,True
14703,335941,20251029,947,40,5,1,288.14,Wrong size,True
14704,335921,20251028,762,46,5,2,286.52,Other,True
14705,336071,20251018,1731,79,5,4,717.14,Other,True
14706,336119,20251017,1491,89,5,1,47.86,Damaged,False
14707,336108,20251020,1960,89,5,1,51.74,Changed mind,True
14708,336138,20251016,172,92,5,1,410.51,Changed mind,True
14709,336223,20251111,1585,18,6,1,75.24,Damaged,False
14710,336365,20251106,1717,32,6,3,69.87,Other,True
14711,336245,20251011,824,23,6,1,47.58,Changed mind,True
14712,336368,20251002,1086,26,6,1,10.45,Late delivery,True
14713,336393,20251102,1396,18,6,1,74.2,Warranty,True
14714,336199,20251019,443,30,6,1,43.99,Damaged,False
14715,336361,20251002,1244,29,6,1,122.74,Changed mind,True
14716,336247,20251002,639,16,6,1,110.3,Damaged,False
14717,336410,20250916,1396,28,6,1,31.99,Changed mind,True
14718,336406,20251021,629,24,6,1,25.63,Warranty,False
14719,336397,20251012,1272,26,6,2,166.75,Wrong size,True
14720,336451,20251004,1316,46,6,1,136.13,Wrong size,True
14721,336517,20251005,680,54,6,3,299.46,Wrong size,True
14722,336539,20251018,1499,65,6,1,37.96,Wrong size,True
14723,336571,20251018,675,61,6,1,252.07,Wrong size,True
14724,336546,20251004,740,68,6,1,128.72,Changed mind,True
14725,336707,20251023,685,25,7,2,188.09,Changed mind,True
14726,336674,20251011,1614,28,7,5,209.02,Wrong size,True
14727,336812,20251021,1512,28,7,1,41.26,Other,True
14728,336695,20250930,4,28,7,1,31.68,Changed mind,True
14729,336734,20250921,241,21,7,1,97.74,Warranty,False
14730,336716,20250928,1251,26,7,1,12.01,Late delivery,True
14731,336700,20251018,1392,18,7,1,85.95,Changed mind,True
14732,336756,20250923,1489,14,7,4,276.1,Changed mind,True
14733,336840,20251016,813,46,7,1,183.24,Wrong size,True
14734,336890,20250925,678,35,7,2,174.73,Wrong size,False
14735,336871,20251030,1817,49,7,7,492.1,Wrong size,True
14736,336877,20251013,1740,43,7,1,153.99,Wrong size,True
14737,336887,20251015,1290,38,7,1,179.87,Changed mind,True
14738,336892,20251002,1745,46,7,2,325.6,Wrong size,True
14739,336903,20251024,751,53,7,2,343.8,Wrong size,True
14740,337045,20251106,211,72,7,5,1318.8,Warranty,True
14741,336975,20251003,725,80,7,8,1124.36,Wrong size,False
14742,337007,20251027,319,77,7,4,299.88,Wrong size,True
14743,337299,20251014,1337,31,8,3,197.13,Late delivery,True
14744,337361,20251102,667,45,8,1,159.91,Wrong size,True
14745,337310,20251004,1652,53,8,2,340.37,Wrong size,False
14746,337346,20251102,1950,44,8,3,718.32,Wrong size,True
14747,337353,20251016,1253,40,8,2,481.94,Wrong size,True
14748,337318,20250929,449,46,8,2,389.22,Late delivery,True
14749,337397,20250927,994,65,8,2,73.33,Damaged,False
14750,337512,20251015,1651,23,9,1,62.53,Damaged,False
14751,337525,20251017,435,18,9,1,86.54,Changed mind,True
14752,337529,20251108,1619,25,9,1,91.07,Warranty,True
14753,337489,20251018,1900,30,9,1,60.59,Wrong size,True
14754,337542,20250929,60,24,9,2,67.72,Late delivery,True
14755,337660,20251006,1245,39,9,3,383.54,Changed mind,True
14756,337652,20251019,1839,52,9,2,132.11,Late delivery,True
14757,337583,20251103,1539,48,9,1,135.78,Late delivery,True
14758,337638,20251017,412,37,9,2,129.3,Damaged,False
14759,337640,20251026,1324,35,9,2,150.49,Wrong size,True
14760,337650,20250915,10,54,9,2,212.87,Wrong size,True
14761,337628,20251008,484,43,9,1,173.05,Wrong size,True
14762,337671,20251014,366,71,9,12,3412.1,Other,True
14763,337715,20251112,1678,58,9,6,1889.91,Late delivery,True
14764,337755,20250923,1742,89,9,3,135.73,Late delivery,False
14765,338058,20251101,986,24,10,4,150.69,Changed mind,True
14766,337887,20251004,1963,31,10,8,668.63,Changed mind,True
14767,337856,20250926,1635,24,10,1,36.02,Wrong size,True
14768,337880,20250919,1221,30,10,1,47.8,Changed mind,True
14769,338041,20251013,952,14,10,1,96.08,Changed mind,True
14770,338011,20250915,1876,24,10,2,76.46,Changed mind,True
14771,337807,20251023,477,25,10,1,91.58,Late delivery,True
14772,337862,20251102,1358,25,10,1,97.24,Wrong size,True
14773,338040,20250928,272,19,10,2,123.47,Wrong size,False
14774,337803,20251012,1171,26,10,2,30.03,Late delivery,True
14775,337811,20251031,1822,31,10,1,83.64,Damaged,False
14776,337960,20251013,1037,15,10,1,17.62,Wrong size,True
14777,338112,20251002,899,44,10,1,289.44,Wrong size,True
14778,338070,20251012,555,39,10,1,180.75,Wrong size,True
14779,338179,20251025,367,50,10,1,257.6,Wrong size,True
14780,338229,20251103,950,47,10,2,197.05,Wrong size,True
14781,338122,20251027,1741,42,10,1,171.33,Late delivery,False
14782,338098,20250926,285,46,10,2,386.47,Late delivery,True
14783,338113,20251019,947,39,10,3,368.91,Warranty,False
14784,338137,20251107,680,39,10,5,667.79,Wrong size,True
14785,338194,20251020,1525,45,10,1,127.86,Changed mind,True
14786,338079,20251010,1095,48,10,2,342.52,Wrong size,True
14787,338105,20251015,1866,51,10,1,210.71,Changed mind,False
14788,338072,20251008,1116,47,10,1,87.44,Late delivery,True
14789,338237,20251012,1454,67,10,2,222.52,Wrong size,True
14790,338286,20251107,193,79,10,3,1001.87,Changed mind,True
14791,338282,20251010,81,59,10,1,50.17,Late delivery,True
14792,338253,20251105,1652,69,10,1,127.83,Damaged,False
14793,338389,20251103,1187,107,10,1,572.21,Wrong size,True
14794,338430,20251017,1812,18,11,1,68.4,Damaged,False
14795,338462,20251028,253,18,11,1,81.15,Wrong size,True
14796,338463,20250928,470,18,11,2,138.85,Warranty,False
14797,338476,20251019,576,56,11,2,288.97,Wrong size,True
14798,338731,20251115,350,22,12,1,92.14,Changed mind,True
14799,338727,20251021,658,26,12,2,26.7,Late delivery,True
14800,338586,20251029,98,21,12,1,75.08,Changed mind,True
14801,338637,20251010,1335,14,12,5,417.97,Damaged,False
14802,338717,20250922,851,16,12,1,90.38,Wrong size,True
14803,338686,20251021,24,28,12,2,68.14,Wrong size,True
14804,338768,20250925,1367,43,12,2,222.9,Late delivery,True
14805,338741,20250917,545,44,12,1,218.76,Damaged,False
14806,338786,20251111,1740,40,12,1,273.85,Wrong size,True
14807,338815,20251007,61,71,12,6,1787.34,Damaged,False
14808,339106,20251204,1811,33,1,1,61.57,Wrong size,True
14809,338946,20251027,1378,29,1,1,32.3,Wrong size,True
14810,338934,20251126,1414,30,1,1,43.31,Changed mind,True
14811,338883,20251125,1895,28,1,2,72.43,Damaged,False
14812,339001,20251205,849,21,1,2,110.36,Late delivery,True
14813,339060,20251029,162,25,1,2,195.22,Changed mind,True
14814,339084,20251207,1320,28,1,1,36.98,Other,True
14815,339088,20251108,830,27,1,1,74.31,Wrong size,True
14816,339151,20251113,1765,38,1,1,213.77,Warranty,True
14817,339122,20251128,36,52,1,1,48.36,Late delivery,True
14818,339309,20251101,1936,19,2,2,121.99,Wrong size,True
14819,339372,20251029,199,24,2,1,31.09,Other,True
14820,339368,20251204,977,23,2,1,73.84,Late delivery,True
14821,339320,20251207,6,30,2,4,70.5,Damaged,False
14822,339441,20251217,345,47,2,2,197.43,Changed mind,True
14823,339518,20251117,28,47,2,2,145.93,Other,True
14824,339391,20251116,1569,48,2,1,174.58,Late delivery,True
14825,339400,20251211,1438,50,2,1,145.65,Wrong size,True
14826,339505,20251202,598,49,2,2,167.34,Wrong size,True
14827,339458,20251123,1545,53,2,1,180.71,Late delivery,True
14828,339462,20251113,1098,40,2,1,273.58,Damaged,False
14829,339495,20251121,124,56,2,1,199.99,Changed mind,True
14830,339528,20251211,1961,41,2,1,105.05,Wrong size,True
14831,339434,20251110,29,43,2,1,140.12,Changed mind,True
14832,339585,20251129,949,61,2,3,148.74,Changed mind,False
14833,339659,20251213,1599,91,2,1,379.13,Other,True
14834,339687,20251210,1514,103,2,1,409.85,Other,True
14835,339868,20251203,481,28,3,9,334.79,Changed mind,True
14836,339925,20251028,1918,22,3,1,73.78,Warranty,False
14837,339739,20251110,475,15,3,1,19.81,Warranty,False
14838,340003,20251112,196,29,3,4,135.15,Late delivery,False
14839,339797,20251120,1181,28,3,2,85.13,Changed mind,True
14840,339942,20251110,1538,21,3,1,75.87,Late delivery,False
14841,339803,20251116,110,26,3,1,11.46,Late delivery,True
14842,340025,20251119,1981,89,3,5,290.72,Other,True
14843,340041,20251103,314,88,3,1,611.43,Warranty,False
14844,340221,20251205,1225,20,4,10,1453.22,Changed mind,True
14845,340185,20251119,1896,33,4,3,263.28,Changed mind,True
14846,340153,20251201,1967,17,4,9,668.07,Damaged,False
14847,340215,20251102,1386,29,4,4,537.13,Changed mind,True
14848,340211,20251119,1656,13,4,4,55.86,Damaged,False
14849,340197,20251129,917,31,4,4,291.76,Wrong size,True
14850,340271,20251012,443,40,4,1,208.49,Wrong size,True
14851,340289,20251115,1633,37,4,1,84.07,Damaged,False
14852,340317,20251119,845,51,4,2,420.43,Other,True
14853,340280,20251203,505,40,4,6,1443.9,Warranty,False
14854,340347,20251026,1906,63,4,2,468.29,Warranty,False
14855,340353,20251121,1246,67,4,1,152.53,Changed mind,True
14856,340366,20251105,1712,86,4,1,304.91,Wrong size,True
14857,340379,20251121,990,103,4,3,1391.4,Damaged,False
14858,340600,20251113,991,24,5,1,39.38,Warranty,True
14859,340782,20251112,1272,28,5,2,69.14,Changed mind,True
14860,340672,20251105,1294,23,5,1,108.45,Late delivery,True
14861,340611,20251108,281,34,5,1,57.83,Changed mind,True
14862,340397,20251101,566,16,5,1,83.88,Late delivery,True
14863,340513,20251121,964,28,5,1,35.8,Damaged,False
14864,340716,20251124,1599,26,5,2,19.31,Wrong size,True
14865,340753,20251111,383,16,5,1,100.15,Changed mind,True
14866,340567,20251104,625,13,5,1,10.94,Late delivery,True
14867,340694,20251107,312,31,5,1,13.35,Changed mind,True
14868,340812,20251114,1749,28,5,1,38.5,Changed mind,True
14869,340388,20251112,630,24,5,2,68.5,Wrong size,False
14870,340679,20251214,373,29,5,1,127.79,Warranty,False
14871,340585,20251106,542,29,5,3,253.97,Damaged,False
14872,340421,20251112,1828,33,5,1,76.0,Warranty,False
14873,340420,20251128,877,15,5,1,17.5,Wrong size,True
14874,340887,20251113,140,38,5,1,249.04,Other,False
14875,340891,20251206,1946,43,5,1,159.43,Wrong size,True
14876,340895,20251021,886,45,5,4,707.03,Changed mind,False
14877,340869,20251125,1535,38,5,1,206.27,Changed mind,True
14878,340836,20251118,748,50,5,6,846.06,Wrong size,True
14879,340919,20251110,1226,67,5,1,119.03,Damaged,False
14880,340951,20251215,1297,85,5,2,629.45,Damaged,False
14881,341000,20251129,1412,104,5,1,479.31,Wrong size,True
14882,341025,20251026,821,97,5,2,1204.47,Changed mind,True
14883,341022,20251205,1046,108,5,2,1335.13,Warranty,False
14884,341192,20251128,1250,16,6,1,80.17,Damaged,False
14885,341217,20251028,1930,32,6,4,88.12,Warranty,False
14886,341200,20251104,1354,30,6,4,205.94,Wrong size,True
14887,341158,20251202,1204,30,6,1,43.3,Changed mind,True
14888,341050,20251109,659,19,6,2,138.2,Wrong size,True
14889,341071,20251216,871,14,6,2,190.96,Damaged,False
14890,341110,20251130,1842,23,6,1,64.86,Wrong size,True
14891,341392,20251027,1618,40,6,3,684.12,Wrong size,True
14892,341302,20251117,277,48,6,1,176.72,Wrong size,True
14893,341395,20251128,1507,55,6,3,732.81,Changed mind,False
14894,341382,20251210,720,44,6,1,282.76,Wrong size,True
14895,341311,20251109,48,54,6,1,89.57,Other,True
14896,341323,20251202,1226,35,6,2,167.21,Late delivery,True
14897,341281,20251127,946,54,6,1,109.0,Damaged,False
14898,341413,20251123,988,69,6,3,1031.03,Warranty,False
14899,341481,20251108,1588,22,7,1,113.36,Wrong size,False
14900,341487,20251022,1110,27,7,2,166.32,Changed mind,True
14901,341486,20251114,660,26,7,1,12.77,Changed mind,True
14902,341549,20251119,1618,49,7,1,65.02,Damaged,False
14903,341601,20251022,706,46,7,2,421.9,Changed mind,True
14904,341617,20251125,200,39,7,1,127.65,Wrong size,True
14905,341583,20251026,1967,54,7,2,191.16,Wrong size,True
14906,341664,20251114,1110,47,7,1,109.61,Wrong size,True
14907,341677,20251214,1680,36,7,1,152.5,Damaged,False
14908,341650,20251121,642,54,7,3,308.67,Wrong size,True
14909,341714,20251111,437,67,7,1,161.56,Wrong size,True
14910,341781,20251214,75,71,7,2,351.2,Changed mind,True
14911,341737,20251203,10,67,7,2,312.95,Wrong size,True
14912,341815,20251115,868,39,8,4,388.39,Wrong size,True
14913,341894,20251205,69,43,8,1,261.81,Wrong size,True
14914,341843,20251115,1715,45,8,1,139.81,Damaged,False
14915,341887,20251203,1639,45,8,3,407.91,Damaged,False
14916,341901,20251030,1112,72,8,3,566.88,Other,False
14917,341930,20251109,1101,16,9,1,65.39,Late delivery,True
14918,341914,20251204,134,25,9,2,216.97,Damaged,False
14919,341956,20251202,862,45,9,1,157.95,Wrong size,False
14920,342052,20251021,1470,48,9,1,157.07,Other,True
14921,342035,20251205,1361,49,9,1,81.35,Late delivery,True
14922,342077,20251201,1512,39,9,4,416.54,Wrong size,True
14923,342011,20251207,139,48,9,3,498.35,Wrong size,True
14924,341988,20251127,1493,40,9,1,282.04,Changed mind,True
14925,341994,20251213,1272,43,9,3,290.21,Wrong size,True
14926,342062,20251027,1982,40,9,1,253.37,Changed mind,True
14927,342138,20251116,178,80,9,3,734.2,Changed mind,True
14928,342143,20251121,574,73,9,1,244.46,Damaged,False
14929,342121,20251124,780,57,9,1,140.93,Changed mind,False
14930,342409,20251027,235,15,10,1,15.33,Late delivery,True
14931,342481,20251104,1852,24,10,1,32.87,Changed mind,True
14932,342358,20251126,957,18,10,2,175.2,Changed mind,False
14933,342260,20251105,502,24,10,1,34.51,Damaged,False
14934,342454,20251027,743,30,10,1,56.69,Changed mind,True
14935,342342,20251204,1502,16,10,1,100.1,Wrong size,True
14936,342339,20251206,1238,32,10,2,42.0,Changed mind,True
14937,342646,20251117,1073,41,10,1,325.02,Wrong size,False
14938,342564,20251024,1076,49,10,1,74.84,Wrong size,True
14939,342662,20251208,973,51,10,1,187.38,Wrong size,True
14940,342550,20251028,973,37,10,3,321.98,Wrong size,True
14941,342579,20251030,97,54,10,3,312.02,Changed mind,True
14942,342641,20251105,1303,54,10,2,197.29,Changed mind,True
14943,342531,20251119,735,53,10,3,382.17,Other,True
14944,342530,20251127,1366,50,10,2,283.5,Late delivery,True
14945,342684,20251117,1537,91,10,1,519.38,Wrong size,True
14946,342703,20251210,1727,92,10,1,478.95,Changed mind,True
14947,342745,20251130,107,12,11,1,4115.78,Changed mind,False
14948,342944,20251107,273,30,11,1,55.03,Late delivery,True
14949,342883,20251119,85,33,11,2,121.29,Late delivery,True
14950,342787,20251105,718,14,11,12,1058.27,Changed mind,True
14951,342927,20251025,253,18,11,1,88.23,Changed mind,True
14952,342899,20251119,1897,34,11,1,53.48,Other,True
14953,343030,20251122,794,61,11,4,1002.29,Wrong size,True
14954,343029,20251202,320,74,11,1,181.17,Other,True
14955,343011,20251024,833,59,11,1,54.3,Wrong size,True
14956,343028,20251207,1587,64,11,1,154.69,Warranty,False
14957,343076,20251114,94,3,12,1,2568.27,Damaged,False
14958,343073,20251118,518,11,12,2,8401.19,Wrong size,True
14959,343088,20251115,336,33,12,3,210.76,Damaged,False
14960,343093,20251203,422,33,12,1,85.94,Warranty,True
14961,343247,20251127,177,56,12,1,209.23,Late delivery,True
14962,343262,20251116,790,41,12,4,756.72,Wrong size,False
14963,343287,20251028,193,74,12,1,190.78,Warranty,False
14964,343353,20251118,1303,67,12,3,492.82,Late delivery,True
14965,343311,20251204,740,80,12,1,121.41,Late delivery,True
14966,343336,20251125,803,67,12,2,291.53,Damaged,False
14967,343415,20251122,86,88,12,1,114.49,Changed mind,True
14968,343373,20251216,1765,86,12,2,543.64,Other,True
14969,343631,20251230,962,26,2,9,77.54,Damaged,False
14970,343501,20251213,1567,15,2,5,99.86,Wrong size,True
14971,343530,20251125,1936,21,2,1,86.79,Damaged,False
14972,343529,20251230,1979,30,2,2,168.57,Wrong size,True
14973,343719,20251217,68,44,2,2,402.38,Late delivery,True
14974,343778,20251218,741,60,2,3,1263.0,Late delivery,True
14975,343887,20251231,1715,86,2,4,1188.46,Wrong size,False
14976,343893,20251231,133,84,2,1,186.8,Damaged,False
14977,344069,20251219,1312,16,3,1,100.58,Wrong size,True
14978,344055,20251225,1040,34,3,2,97.28,Wrong size,True
14979,344036,20251231,475,15,3,1,19.87,Changed mind,True
14980,343973,20251219,235,14,3,3,279.78,Wrong size,True
14981,343974,20251212,703,13,3,1,11.62,Changed mind,True
14982,344190,20251214,1506,47,3,1,94.38,Other,True
14983,344223,20251215,551,48,3,1,148.66,Other,False
14984,344208,20251231,601,39,3,3,314.18,Late delivery,True
14985,344196,20251223,1454,56,3,1,178.96,Late delivery,False
14986,344180,20251210,1275,44,3,1,221.26,Wrong size,True
14987,344211,20251223,508,49,3,3,385.94,Wrong size,True
14988,344212,20251124,1742,45,3,1,119.68,Warranty,False
14989,344217,20251213,1768,39,3,1,96.41,Wrong size,True
14990,344188,20251224,1498,55,3,6,2011.71,Warranty,False
14991,344148,20251127,520,47,3,2,536.4,Other,True
14992,344283,20251215,1791,64,3,1,165.76,Changed mind,True
14993,344304,20251205,1488,64,3,1,159.26,Wrong size,True
14994,344289,20251231,1418,77,3,1,103.55,Wrong size,True
14995,344237,20251124,510,76,3,1,224.55,Other,True
14996,344320,20251231,193,84,3,2,339.52,Changed mind,True
14997,344448,20251209,21,36,4,4,577.06,Wrong size,True
14998,344501,20251211,1435,52,4,2,123.83,Late delivery,True
14999,344478,20251227,1094,43,4,1,121.44,Changed mind,True
15000,344484,20251208,1329,44,4,2,516.88,Damaged,False
15001,344475,20251204,1441,47,4,1,102.93,Wrong size,True
15002,344590,20251221,1066,60,4,1,454.41,Changed mind,True
15003,344599,20251226,1991,75,4,2,610.06,Damaged,False
15004,344748,20251231,1094,17,5,2,170.41,Late delivery,True
15005,344713,20251126,685,26,5,2,24.24,Wrong size,True
15006,344983,20251126,647,15,5,7,117.0,Other,True
15007,345053,20251231,1140,16,5,1,95.31,Changed mind,False
15008,344701,20251231,1142,21,5,2,177.2,Warranty,False
15009,344685,20251204,1664,30,5,4,184.14,Wrong size,True
15010,344992,20251228,359,33,5,1,71.37,Changed mind,True
15011,344987,20251210,1814,22,5,2,156.78,Late delivery,True
15012,344698,20251222,1910,14,5,3,205.78,Late delivery,True
15013,344999,20251208,3,31,5,1,66.77,Warranty,False
15014,344922,20251231,1002,26,5,1,13.41,Changed mind,True
15015,345000,20251231,1863,16,5,1,92.27,Changed mind,True
15016,344835,20251231,386,15,5,1,17.85,Changed mind,True
15017,344899,20251115,818,15,5,1,14.97,Late delivery,True
15018,344973,20251125,1399,25,5,1,126.45,Changed mind,True
15019,344898,20251118,1471,15,5,1,21.89,Damaged,False
15020,345091,20251208,1121,29,5,3,367.86,Changed mind,True
15021,344961,20251126,118,15,5,1,17.48,Changed mind,True
15022,345227,20251227,1618,52,5,1,250.84,Warranty,False
15023,345298,20251210,1326,79,5,1,354.99,Wrong size,True
15024,345250,20251121,1477,75,5,5,1581.09,Warranty,True
15025,345264,20251231,196,69,5,1,319.78,Warranty,True
15026,345299,20251220,1812,76,5,2,388.67,Changed mind,True
15027,345306,20251227,1563,79,5,3,1083.09,Damaged,False
15028,345270,20251231,587,64,5,2,319.94,Changed mind,True
15029,345395,20251207,1034,82,5,1,599.48,Other,True
15030,345372,20251231,1619,85,5,8,2640.7,Changed mind,True
15031,345365,20251230,1625,82,5,2,1089.27,Changed mind,True
15032,345465,20251212,1989,33,6,2,124.95,Wrong size,True
15033,345576,20251127,99,15,6,2,36.18,Wrong size,True
15034,345550,20251205,1204,16,6,1,41.38,Damaged,False
15035,345446,20251207,599,33,6,1,97.52,Wrong size,True
15036,345535,20251213,153,18,6,1,96.09,Wrong size,True
15037,345549,20251216,184,19,6,3,223.81,Damaged,False
15038,345537,20251217,1439,27,6,3,169.31,Wrong size,True
15039,345498,20251213,760,23,6,1,49.5,Wrong size,True
15040,345591,20251231,1149,38,6,1,205.41,Changed mind,False
15041,345607,20251213,300,35,6,1,69.77,Other,False
15042,345600,20251231,1582,35,6,1,84.48,Wrong size,True
15043,345695,20251118,1472,4,7,6,15764.9,Wrong size,True
15044,345931,20251115,1624,30,7,1,45.17,Late delivery,True
15045,345775,20251207,773,20,7,1,143.07,Other,True
15046,345769,20251219,875,18,7,1,91.65,Changed mind,True
15047,345910,20251230,1281,20,7,2,289.87,Changed mind,True
15048,345777,20251219,1632,24,7,3,111.82,Changed mind,True
15049,345711,20251206,1784,18,7,1,90.06,Wrong size,True
15050,346051,20251120,606,35,7,3,229.79,Late delivery,True
15051,346042,20251210,198,53,7,1,170.68,Wrong size,True
15052,346091,20251230,1631,54,7,2,188.51,Other,True
15053,345978,20251221,333,49,7,3,215.71,Changed mind,False
15054,346071,20251202,770,48,7,1,164.93,Damaged,False
15055,345973,20251231,1394,53,7,1,162.99,Wrong size,True
15056,346040,20251228,1561,46,7,1,198.64,Damaged,False
15057,346002,20251231,1206,47,7,1,101.23,Damaged,False
15058,346139,20251217,1876,64,7,1,150.16,Wrong size,True
15059,346121,20251231,517,79,7,5,1861.86,Warranty,False
15060,346317,20251211,465,17,8,2,154.02,Damaged,False
15061,346372,20251205,716,18,8,1,75.75,Changed mind,True
15062,346334,20251231,1897,21,8,9,578.26,Wrong size,True
15063,346319,20251122,1657,28,8,1,42.24,Changed mind,True
15064,346292,20251223,1236,18,8,1,64.76,Other,True
15065,346187,20251210,1561,16,8,1,98.43,Wrong size,True
15066,346370,20251226,595,21,8,2,195.03,Changed mind,True
15067,346343,20251203,1670,19,8,1,78.45,Warranty,True
15068,346243,20251226,1289,25,8,1,106.06,Changed mind,True
15069,346340,20251231,1717,32,8,1,23.27,Changed mind,True
15070,346253,20251220,633,24,8,1,34.27,Warranty,True
15071,346238,20251231,316,18,8,6,563.25,Damaged,False
15072,346396,20251230,1736,51,8,4,851.41,Wrong size,True
15073,346424,20251221,835,38,8,10,1862.32,Damaged,False
15074,346394,20251220,1777,42,8,3,293.17,Wrong size,True
15075,346425,20251212,1324,46,8,3,530.82,Damaged,False
15076,346441,20251231,982,49,8,1,72.02,Other,True
15077,346482,20251231,266,46,8,2,345.96,Damaged,False
15078,346433,20251231,934,46,8,12,2402.05,Wrong size,True
15079,346518,20251125,1653,16,9,1,93.41,Late delivery,True
15080,346624,20251127,1154,53,9,1,172.77,Late delivery,True
15081,346564,20251213,709,39,9,2,699.92,Changed mind,True
15082,346628,20251120,10,41,9,2,523.88,Warranty,False
15083,346551,20251229,1916,48,9,2,330.93,Wrong size,True
15084,346563,20251231,434,35,9,5,365.23,Late delivery,False
15085,346758,20251231,1522,99,9,1,277.96,Changed mind,True
15086,346768,20251128,436,12,10,1,4513.09,Changed mind,True
15087,346821,20251215,1400,18,10,12,1090.29,Other,False
15088,346857,20251210,1437,19,10,4,323.65,Damaged,False
15089,346874,20251225,986,17,10,3,203.39,Damaged,False
15090,346941,20251209,1962,25,10,1,99.61,Changed mind,False
15091,346981,20251231,1171,29,10,3,414.13,Wrong size,True
15092,346923,20251227,1656,17,10,1,81.52,Changed mind,True
15093,346995,20251227,1635,32,10,1,42.04,Changed mind,True
15094,346930,20251115,1458,20,10,1,126.03,Warranty,True
15095,346812,20251228,80,14,10,3,241.4,Wrong size,True
15096,346921,20251210,1883,25,10,1,89.5,Changed mind,True
15097,347014,20251231,847,29,10,1,122.52,Warranty,False
15098,346813,20251201,1504,16,10,1,81.13,Wrong size,True
15099,347075,20251206,1464,46,10,1,222.29,Wrong size,True
15100,347137,20251203,1769,38,10,1,191.64,Wrong size,True
15101,347103,20251130,545,45,10,1,168.0,Late delivery,True
15102,347185,20251118,975,76,10,1,231.73,Warranty,False
15103,347277,20251218,1217,88,10,1,114.81,Other,True
15104,347269,20251217,1238,85,10,1,407.0,Warranty,False
15105,347345,20251223,1461,28,11,5,203.92,Warranty,False
15106,347369,20251231,1518,18,11,1,101.17,Warranty,False
15107,347434,20251205,90,43,11,1,155.43,Warranty,False
15108,347410,20251224,402,50,11,1,186.13,Wrong size,True
15109,347446,20251231,1418,48,11,2,346.36,Wrong size,True
15110,347478,20251227,655,49,11,1,74.67,Wrong size,True
15111,347439,20251229,1854,47,11,4,326.43,Warranty,True
15112,347480,20251212,1589,54,11,2,186.82,Warranty,True
15113,347484,20251218,1017,50,11,1,133.91,Changed mind,True
15114,347443,20251231,1692,52,11,1,63.32,Wrong size,True
15115,347454,20251115,535,38,11,2,455.64,Changed mind,True
15116,347564,20251120,589,98,11,1,187.83,Changed mind,True
15117,347561,20251220,1790,102,11,4,584.86,Damaged,False
15118,347566,20251224,757,94,11,3,1100.28,Late delivery,True
15119,347799,20251125,1497,19,12,1,56.17,Changed mind,True
15120,347801,20251208,623,31,12,1,98.27,Wrong size,True
15121,347666,20251231,1358,24,12,1,36.3,Wrong size,True
15122,347665,20251206,1304,16,12,2,199.29,Changed mind,True
15123,347781,20251231,444,28,12,1,39.32,Late delivery,True
15124,347786,20251227,1711,19,12,10,669.81,Damaged,False
15125,347845,20251231,645,32,12,1,24.78,Wrong size,True
15126,347672,20251231,1048,25,12,3,116.24,Late delivery,True
15127,347610,20251202,1041,18,12,1,12.74,Damaged,False
15128,347915,20251221,1981,36,12,2,318.74,Wrong size,True
15129,347912,20251205,1585,35,12,2,150.64,Wrong size,True
15130,347869,20251207,1136,55,12,1,287.3,Changed mind,True
15131,347976,20251231,1932,105,12,1,478.76,Wrong size,True
15132,347998,20251231,1792,10,1,2,4581.99,Wrong size,True
15133,348010,20251231,1926,13,1,2,40.87,Other,True
15134,348191,20251226,627,19,1,2,111.75,Changed mind,True
15135,348131,20251231,566,30,1,1,46.39,Changed mind,True
15136,348110,20251231,405,19,1,1,64.32,Damaged,False
15137,348039,20251231,1526,20,1,2,309.94,Warranty,False
15138,348089,20251217,542,21,1,2,146.22,Other,True
15139,348071,20251219,1175,34,1,1,61.2,Wrong size,True
15140,348008,20251229,1969,29,1,2,245.02,Changed mind,True
15141,348054,20251231,190,28,1,1,38.05,Wrong size,True
15142,348162,20251231,1903,13,1,3,35.35,Damaged,False
15143,348146,20251231,373,19,1,3,223.45,Wrong size,True
15144,348334,20251231,794,43,1,4,465.89,Changed mind,True
15145,348288,20251231,13,50,1,2,415.62,Warranty,False
15146,348346,20251231,1571,56,1,1,132.49,Damaged,False
15147,348317,20251231,13,39,1,1,112.47,Wrong size,False
15148,348320,20251231,1430,46,1,2,395.48,Wrong size,True
15149,348266,20251225,1394,49,1,1,76.62,Changed mind,True
15150,348384,20251231,1785,56,1,1,139.04,Changed mind,True
15151,348239,20251231,1075,39,1,1,142.64,Damaged,False
15152,348389,20251231,56,52,1,1,54.32,Wrong size,True
15153,348411,20251226,1283,61,1,2,538.73,Damaged,False
15154,348679,20251231,1092,23,2,2,115.35,Wrong size,True
15155,348579,20251231,1606,28,2,10,365.85,Wrong size,False
15156,348561,20251231,318,13,2,1,14.64,Wrong size,True
15157,348624,20251231,199,17,2,1,71.67,Warranty,True
15158,348639,20251231,1144,21,2,2,148.46,Damaged,False
15159,348554,20251231,662,14,2,1,93.17,Damaged,False
15160,348565,20251231,322,14,2,2,140.95,Damaged,False
15161,348682,20251231,221,31,2,1,86.28,Damaged,False
15162,348477,20251231,131,33,2,2,131.36,Changed mind,True
15163,348663,20251231,792,32,2,3,83.86,Changed mind,True
15164,348571,20251231,667,20,2,2,273.05,Wrong size,True
15165,348733,20251221,724,40,2,2,445.47,Warranty,False
15166,348795,20251231,655,56,2,1,170.95,Other,True
15167,348739,20251231,1046,39,2,2,220.28,Other,True
15168,348713,20251211,1987,37,2,1,122.52,Damaged,False
15169,348786,20251231,1989,44,2,3,707.17,Wrong size,True
15170,348934,20251231,1586,67,2,3,434.59,Warranty,True
15171,348906,20251231,998,78,2,3,588.9,Damaged,False
15172,349027,20251231,1803,28,3,1,30.38,Late delivery,True
15173,349078,20251231,30,34,3,1,56.61,Wrong size,True
15174,349122,20251218,214,28,3,2,71.76,Damaged,False
15175,349126,20251231,1170,20,3,3,348.02,Wrong size,True
15176,349035,20251228,1956,17,3,1,61.38,Damaged,False
15177,349077,20251231,186,22,3,1,91.84,Changed mind,True
15178,349173,20251231,1497,49,3,6,504.83,Warranty,False
15179,349279,20251231,617,54,3,1,90.83,Warranty,False
15180,349233,20251231,1826,47,3,4,363.84,Wrong size,True
15181,349186,20251231,759,37,3,5,486.63,Changed mind,True
15182,349263,20251218,1204,41,3,2,128.51,Changed mind,True
15183,349273,20251228,1999,56,3,1,165.59,Changed mind,True
15184,349275,20251231,1763,52,3,3,155.68,Wrong size,True
15185,349335,20251231,393,79,3,6,2045.44,Changed mind,True
15186,349377,20251229,609,64,3,3,507.97,Wrong size,False
15187,349383,20251231,44,73,3,1,272.68,Damaged,False
15188,349485,20251231,405,27,4,1,10.71,Damaged,False
15189,349471,20251231,157,16,4,3,321.05,Changed mind,True
15190,349547,20251231,1894,38,4,2,508.57,Late delivery,False
15191,349517,20251231,647,45,4,2,291.26,Wrong size,True
15192,349611,20251231,972,67,4,1,139.08,Changed mind,False
15193,349608,20251227,1870,63,4,1,212.02,Changed mind,True
15194,349601,20251231,39,64,4,1,137.32,Changed mind,True
15195,349797,20251216,646,17,5,2,145.13,Wrong size,True
15196,349799,20251231,769,16,5,1,108.53,Wrong size,True
15197,349792,20251231,312,13,5,1,13.16,Late delivery,True
15198,349878,20251231,508,24,5,2,65.24,Changed mind,True
15199,350106,20251231,1989,35,5,2,130.34,Wrong size,True
15200,350039,20251231,302,35,5,1,84.86,Wrong size,True
15201,349996,20251214,1479,45,5,2,239.67,Wrong size,True
15202,350003,20251231,103,52,5,6,1395.71,Damaged,False
15203,349963,20251231,1591,47,5,1,86.91,Wrong size,True
15204,350011,20251231,1663,39,5,1,120.3,Other,True
15205,350013,20251231,1412,56,5,3,395.0,Warranty,True
15206,350026,20251231,1008,38,5,1,208.51,Warranty,True
15207,350012,20251231,1930,41,5,5,1036.54,Wrong size,True
15208,350149,20251231,791,80,5,5,702.83,Changed mind,True
15209,350143,20251231,635,59,5,2,85.69,Wrong size,True
15210,350145,20251231,1722,59,5,1,49.13,Wrong size,False
15211,350247,20251231,741,24,6,2,49.29,Changed mind,False
15212,350367,20251230,578,46,6,1,184.07,Changed mind,False
15213,350280,20251231,776,50,6,1,135.05,Wrong size,True
15214,350343,20251231,110,53,6,2,280.3,Wrong size,True
15215,350328,20251231,1503,46,6,2,394.31,Changed mind,True
15216,350290,20251231,1221,52,6,2,118.56,Wrong size,False
15217,350374,20251214,1575,52,6,1,57.96,Wrong size,True
15218,350279,20251217,324,44,6,1,209.69,Wrong size,True
15219,350387,20251231,351,56,6,1,154.83,Wrong size,True
15220,350377,20251231,1509,35,6,1,53.0,Wrong size,True
15221,350322,20251231,1163,51,6,1,221.22,Warranty,False
15222,350493,20251231,1434,77,6,1,97.2,Changed mind,True
15223,350441,20251231,1199,73,6,5,1191.32,Damaged,False
15224,350409,20251226,1830,75,6,1,265.45,Warranty,False
15225,350427,20251231,84,64,6,3,474.55,Changed mind,True
15226,350419,20251231,722,80,6,1,167.65,Changed mind,False
15227,350473,20251231,1801,65,6,1,33.88,Damaged,False
15228,350524,20251231,680,92,6,1,516.65,Wrong size,True
15229,350601,20251220,1609,30,7,2,109.01,Late delivery,False
15230,350788,20251231,1737,24,7,1,42.62,Wrong size,True
15231,350750,20251231,31,21,7,2,169.99,Late delivery,False
15232,350671,20251231,264,31,7,5,396.63,Damaged,False
15233,350608,20251231,1832,32,7,1,23.15,Damaged,False
15234,350702,20251231,1845,31,7,4,349.03,Damaged,False
15235,350928,20251231,1670,48,7,1,190.16,Warranty,False
15236,350878,20251231,1703,40,7,5,1407.9,Wrong size,True
15237,350822,20251231,1045,45,7,1,122.47,Damaged,False
15238,350866,20251231,1919,44,7,2,368.18,Changed mind,True
15239,350924,20251231,726,46,7,2,322.45,Late delivery,True
15240,350826,20251231,19,53,7,11,2324.88,Wrong size,True
15241,350940,20251231,835,45,7,11,1538.56,Damaged,False
15242,351021,20251231,734,16,8,1,113.46,Damaged,False
15243,351049,20251231,1697,20,8,1,138.66,Wrong size,True
15244,351075,20251231,839,28,8,1,36.11,Wrong size,True
15245,351031,20251231,595,21,8,2,164.04,Wrong size,True
15246,351081,20251231,208,15,8,3,48.5,Changed mind,True
15247,351038,20251231,740,28,8,4,161.02,Warranty,True
15248,350961,20251231,239,22,8,1,95.93,Wrong size,True
15249,351273,20251214,1138,56,8,1,217.11,Wrong size,True
15250,351289,20251231,1425,55,8,8,2409.58,Wrong size,True
15251,351275,20251231,1150,48,8,1,155.9,Wrong size,True
15252,351398,20251231,603,66,8,1,91.8,Warranty,False
15253,351367,20251231,1972,72,8,6,1339.18,Warranty,False
15254,351359,20251231,1479,60,8,2,891.77,Changed mind,True
15255,351401,20251231,1066,57,8,1,204.03,Wrong size,True
15256,351409,20251221,968,78,8,2,243.83,Wrong size,True
15257,351582,20251231,1745,19,9,3,163.64,Late delivery,False
15258,351553,20251223,973,21,9,1,69.53,Warranty,False
15259,351555,20251231,1025,24,9,2,65.73,Changed mind,False
15260,351659,20251231,1926,50,9,1,151.99,Changed mind,False
15261,351790,20251222,1547,95,9,4,1526.01,Changed mind,False
15262,351780,20251228,514,97,9,2,1197.92,Changed mind,True
15263,351819,20251231,1229,28,10,1,34.71,Changed mind,True
15264,351871,20251231,494,25,10,5,558.92,Wrong size,True
15265,351909,20251218,902,40,10,6,1622.53,Changed mind,True
15266,351980,20251231,1196,44,10,2,459.38,Warranty,True
15267,351951,20251231,1441,53,10,1,205.5,Warranty,True
15268,352101,20251219,853,55,10,1,280.81,Wrong size,True
15269,351937,20251231,206,55,10,6,1766.41,Warranty,True
15270,351929,20251231,320,41,10,2,590.29,Changed mind,True
15271,352191,20251231,132,59,10,2,645.02,Changed mind,True
15272,352160,20251231,1968,78,10,1,168.71,Damaged,False
15273,352284,20251224,1411,23,11,6,381.06,Damaged,False
15274,352339,20251225,1841,27,11,2,124.55,Late delivery,True
15275,352414,20251218,576,28,11,2,84.52,Other,True
15276,352323,20251231,541,27,11,1,58.82,Warranty,True
15277,352507,20251231,854,50,11,1,188.05,Wrong size,True
15278,352539,20251231,5,46,11,1,220.66,Damaged,False
15279,352477,20251230,707,56,11,2,369.05,Warranty,False
15280,352533,20251231,1201,48,11,2,489.08,Damaged,False
15281,352561,20251231,1097,38,11,3,778.47,Wrong size,False
15282,352554,20251231,1905,56,11,1,146.31,Damaged,False
15283,352429,20251228,285,41,11,1,139.24,Wrong size,True
15284,352435,20251231,869,46,11,1,216.58,Wrong size,True
15285,352512,20251231,138,53,11,7,1236.95,Damaged,False
15286,352651,20251231,942,74,11,2,1074.57,Changed mind,True
15287,352738,20251231,711,89,11,1,56.56,Changed mind,True
15288,352678,20251231,406,87,11,1,165.21,Warranty,False
15289,352852,20251231,10,18,12,1,80.66,Late delivery,True
15290,352801,20251231,773,32,12,3,72.02,Changed mind,True
15291,352785,20251231,1756,34,12,1,46.37,Changed mind,False
15292,352844,20251231,1825,19,12,1,13.09,Late delivery,True
15293,352845,20251231,474,21,12,2,187.56,Wrong size,True
15294,352899,20251211,1433,55,12,2,557.99,Wrong size,True
15295,352896,20251231,1849,38,12,2,439.92,Damaged,False
15296,353033,20251218,1258,41,12,1,263.21,Changed mind,True
15297,352929,20251231,1981,36,12,1,207.03,Changed mind,True
15298,352863,20251231,906,46,12,1,219.82,Changed mind,True
15299,352897,20251228,1849,48,12,2,354.71,Wrong size,True
15300,352917,20251213,1029,44,12,2,433.06,Wrong size,True
15301,352889,20251231,721,51,12,6,1293.98,Other,False
15302,352927,20251228,1888,56,12,3,451.34,Wrong size,False
15303,352983,20251231,1566,40,12,2,368.94,Wrong size,True
15304,352964,20251231,1478,41,12,4,855.7,Changed mind,True
