DateKey,CurrencyCode,RateToEUR,RateToPLN
20220101,EUR,1.0,4.55
20220101,PLN,0.21978,0.999999
20220101,USD,0.952381,4.333334
20220101,GBP,1.162791,5.290699
20220101,SEK,0.090909,0.413636
20220102,EUR,1.0,4.551667
20220102,PLN,0.2197,1.000001
20220102,USD,0.951346,4.33021
20220102,GBP,1.162453,5.291099
20220102,SEK,0.090851,0.413523
20220103,EUR,1.0,4.553333
20220103,PLN,0.219619,0.999998
20220103,USD,0.950313,4.327092
20220103,GBP,1.162115,5.291497
20220103,SEK,0.090794,0.413415
20220104,EUR,1.0,4.554999
20220104,PLN,0.219539,1.0
20220104,USD,0.949282,4.323979
20220104,GBP,1.161778,5.291898
20220104,SEK,0.090736,0.413302
20220105,EUR,1.0,4.556664
20220105,PLN,0.219459,1.000001
20220105,USD,0.948255,4.32088
20220105,GBP,1.16144,5.292292
20220105,SEK,0.090678,0.413189
20220106,EUR,1.0,4.558329
20220106,PLN,0.219379,1.000002
20220106,USD,0.94723,4.317786
20220106,GBP,1.161104,5.292694
20220106,SEK,0.090621,0.41308
20220107,EUR,1.0,4.559993
20220107,PLN,0.219299,1.000002
20220107,USD,0.946209,4.314706
20220107,GBP,1.160767,5.293089
20220107,SEK,0.090564,0.412971
20220108,EUR,1.0,4.561655
20220108,PLN,0.219219,1.000001
20220108,USD,0.945191,4.311635
20220108,GBP,1.160431,5.293486
20220108,SEK,0.090506,0.412857
20220109,EUR,1.0,4.563316
20220109,PLN,0.219139,1.0
20220109,USD,0.944177,4.308578
20220109,GBP,1.160095,5.29388
20220109,SEK,0.090449,0.412747
20220110,EUR,1.0,4.564975
20220110,PLN,0.219059,0.999999
20220110,USD,0.943167,4.305534
20220110,GBP,1.159759,5.294271
20220110,SEK,0.090392,0.412637
20220111,EUR,1.0,4.566632
20220111,PLN,0.21898,1.000001
20220111,USD,0.942161,4.302503
20220111,GBP,1.159424,5.294663
20220111,SEK,0.090335,0.412527
20220112,EUR,1.0,4.568288
20220112,PLN,0.2189,0.999998
20220112,USD,0.941159,4.299485
20220112,GBP,1.159089,5.295052
20220112,SEK,0.090278,0.412416
20220113,EUR,1.0,4.569941
20220113,PLN,0.218821,0.999999
20220113,USD,0.940161,4.29648
20220113,GBP,1.158755,5.295442
20220113,SEK,0.090222,0.412309
20220114,EUR,1.0,4.571591
20220114,PLN,0.218742,0.999999
20220114,USD,0.939168,4.293492
20220114,GBP,1.158421,5.295827
20220114,SEK,0.090165,0.412198
20220115,EUR,1.0,4.573239
20220115,PLN,0.218663,0.999998
20220115,USD,0.93818,4.290522
20220115,GBP,1.158088,5.296214
20220115,SEK,0.090109,0.41209
20220116,EUR,1.0,4.574884
20220116,PLN,0.218585,1.000001
20220116,USD,0.937197,4.287568
20220116,GBP,1.157755,5.296595
20220116,SEK,0.090053,0.411982
20220117,EUR,1.0,4.576526
20220117,PLN,0.218506,0.999998
20220117,USD,0.936218,4.284626
20220117,GBP,1.157423,5.296977
20220117,SEK,0.089997,0.411874
20220118,EUR,1.0,4.578165
20220118,PLN,0.218428,0.999999
20220118,USD,0.935245,4.281706
20220118,GBP,1.157092,5.297358
20220118,SEK,0.089941,0.411765
20220119,EUR,1.0,4.5798
20220119,PLN,0.21835,0.999999
20220119,USD,0.934278,4.278807
20220119,GBP,1.156761,5.297734
20220119,SEK,0.089885,0.411655
20220120,EUR,1.0,4.581432
20220120,PLN,0.218272,0.999998
20220120,USD,0.933316,4.275924
20220120,GBP,1.15643,5.298105
20220120,SEK,0.089829,0.411545
20220121,EUR,1.0,4.58306
20220121,PLN,0.218195,1.000001
20220121,USD,0.93236,4.273062
20220121,GBP,1.1561,5.298475
20220121,SEK,0.089774,0.41144
20220122,EUR,1.0,4.584683
20220122,PLN,0.218118,1.000002
20220122,USD,0.931409,4.270215
20220122,GBP,1.155771,5.298844
20220122,SEK,0.089719,0.411333
20220123,EUR,1.0,4.586303
20220123,PLN,0.218041,1.000002
20220123,USD,0.930465,4.267394
20220123,GBP,1.155443,5.299211
20220123,SEK,0.089664,0.411226
20220124,EUR,1.0,4.587917
20220124,PLN,0.217964,1.000001
20220124,USD,0.929528,4.264598
20220124,GBP,1.155115,5.299572
20220124,SEK,0.089609,0.411119
20220125,EUR,1.0,4.589528
20220125,PLN,0.217887,0.999998
20220125,USD,0.928596,4.261817
20220125,GBP,1.154788,5.299931
20220125,SEK,0.089554,0.411011
20220126,EUR,1.0,4.591133
20220126,PLN,0.217811,0.999999
20220126,USD,0.927671,4.259061
20220126,GBP,1.154461,5.300284
20220126,SEK,0.0895,0.410906
20220127,EUR,1.0,4.592733
20220127,PLN,0.217735,0.999999
20220127,USD,0.926753,4.256329
20220127,GBP,1.154136,5.300639
20220127,SEK,0.089446,0.410802
20220128,EUR,1.0,4.594328
20220128,PLN,0.21766,1.000001
20220128,USD,0.925842,4.253622
20220128,GBP,1.153811,5.300986
20220128,SEK,0.089392,0.410696
20220129,EUR,1.0,4.595917
20220129,PLN,0.217584,0.999998
20220129,USD,0.924938,4.250939
20220129,GBP,1.153487,5.301331
20220129,SEK,0.089338,0.41059
20220130,EUR,1.0,4.597501
20220130,PLN,0.217509,0.999998
20220130,USD,0.924041,4.24828
20220130,GBP,1.153164,5.301673
20220130,SEK,0.089284,0.410483
20220131,EUR,1.0,4.599079
20220131,PLN,0.217435,1.000001
20220131,USD,0.923152,4.245649
20220131,GBP,1.152841,5.302007
20220131,SEK,0.089231,0.41038
20220201,EUR,1.0,4.600651
20220201,PLN,0.217361,1.000002
20220201,USD,0.922269,4.243038
20220201,GBP,1.15252,5.302342
20220201,SEK,0.089178,0.410277
20220202,EUR,1.0,4.602217
20220202,PLN,0.217287,1.000002
20220202,USD,0.921395,4.240459
20220202,GBP,1.152199,5.302669
20220202,SEK,0.089125,0.410173
20220203,EUR,1.0,4.603776
20220203,PLN,0.217213,1.0
20220203,USD,0.920528,4.237905
20220203,GBP,1.151879,5.302993
20220203,SEK,0.089072,0.410068
20220204,EUR,1.0,4.605328
20220204,PLN,0.21714,1.000001
20220204,USD,0.919669,4.235378
20220204,GBP,1.151561,5.303317
20220204,SEK,0.08902,0.409966
20220205,EUR,1.0,4.606874
20220205,PLN,0.217067,1.0
20220205,USD,0.918819,4.232883
20220205,GBP,1.151243,5.303632
20220205,SEK,0.088968,0.409864
20220206,EUR,1.0,4.608413
20220206,PLN,0.216994,0.999998
20220206,USD,0.917976,4.230412
20220206,GBP,1.150926,5.303942
20220206,SEK,0.088916,0.409762
20220207,EUR,1.0,4.609944
20220207,PLN,0.216922,0.999998
20220207,USD,0.917142,4.227973
20220207,GBP,1.15061,5.304248
20220207,SEK,0.088864,0.409658
20220208,EUR,1.0,4.611468
20220208,PLN,0.216851,1.000002
20220208,USD,0.916316,4.225562
20220208,GBP,1.150295,5.304549
20220208,SEK,0.088813,0.409558
20220209,EUR,1.0,4.612985
20220209,PLN,0.216779,0.999998
20220209,USD,0.915499,4.223183
20220209,GBP,1.149981,5.304845
20220209,SEK,0.088762,0.409458
20220210,EUR,1.0,4.614493
20220210,PLN,0.216709,1.000002
20220210,USD,0.91469,4.220831
20220210,GBP,1.149669,5.30514
20220210,SEK,0.088711,0.409356
20220211,EUR,1.0,4.615994
20220211,PLN,0.216638,1.0
20220211,USD,0.91389,4.218511
20220211,GBP,1.149357,5.305425
20220211,SEK,0.08866,0.409254
20220212,EUR,1.0,4.617487
20220212,PLN,0.216568,1.0
20220212,USD,0.913099,4.216223
20220212,GBP,1.149046,5.305705
20220212,SEK,0.08861,0.409156
20220213,EUR,1.0,4.618971
20220213,PLN,0.216498,0.999998
20220213,USD,0.912317,4.213966
20220213,GBP,1.148737,5.305983
20220213,SEK,0.08856,0.409056
20220214,EUR,1.0,4.620447
20220214,PLN,0.216429,0.999999
20220214,USD,0.911544,4.211741
20220214,GBP,1.148428,5.30625
20220214,SEK,0.08851,0.408956
20220215,EUR,1.0,4.621914
20220215,PLN,0.216361,1.000002
20220215,USD,0.910781,4.209551
20220215,GBP,1.148121,5.306516
20220215,SEK,0.088461,0.408859
20220216,EUR,1.0,4.623372
20220216,PLN,0.216292,0.999998
20220216,USD,0.910027,4.207393
20220216,GBP,1.147815,5.306776
20220216,SEK,0.088411,0.408757
20220217,EUR,1.0,4.624821
20220217,PLN,0.216225,1.000002
20220217,USD,0.909282,4.205267
20220217,GBP,1.14751,5.307028
20220217,SEK,0.088362,0.408658
20220218,EUR,1.0,4.626261
20220218,PLN,0.216157,0.999999
20220218,USD,0.908547,4.203176
20220218,GBP,1.147207,5.307279
20220218,SEK,0.088314,0.408564
20220219,EUR,1.0,4.627691
20220219,PLN,0.21609,0.999998
20220219,USD,0.907822,4.20112
20220219,GBP,1.146904,5.307518
20220219,SEK,0.088266,0.408468
20220220,EUR,1.0,4.629112
20220220,PLN,0.216024,0.999999
20220220,USD,0.907107,4.1991
20220220,GBP,1.146603,5.307754
20220220,SEK,0.088218,0.408371
20220221,EUR,1.0,4.630523
20220221,PLN,0.215958,0.999999
20220221,USD,0.906401,4.197111
20220221,GBP,1.146303,5.307983
20220221,SEK,0.08817,0.408273
20220222,EUR,1.0,4.631925
20220222,PLN,0.215893,1.0
20220222,USD,0.905706,4.195162
20220222,GBP,1.146004,5.308204
20220222,SEK,0.088123,0.408179
20220223,EUR,1.0,4.633316
20220223,PLN,0.215828,0.999999
20220223,USD,0.90502,4.193243
20220223,GBP,1.145707,5.308422
20220223,SEK,0.088076,0.408084
20220224,EUR,1.0,4.634696
20220224,PLN,0.215764,1.000001
20220224,USD,0.904345,4.191364
20220224,GBP,1.145411,5.308632
20220224,SEK,0.088029,0.407988
20220225,EUR,1.0,4.636067
20220225,PLN,0.2157,1.0
20220225,USD,0.90368,4.189521
20220225,GBP,1.145116,5.308834
20220225,SEK,0.087983,0.407895
20220226,EUR,1.0,4.637426
20220226,PLN,0.215637,1.000001
20220226,USD,0.903025,4.187712
20220226,GBP,1.144823,5.309032
20220226,SEK,0.087937,0.407801
20220227,EUR,1.0,4.638775
20220227,PLN,0.215574,0.999999
20220227,USD,0.902381,4.185943
20220227,GBP,1.144531,5.309222
20220227,SEK,0.087891,0.407707
20220228,EUR,1.0,4.640113
20220228,PLN,0.215512,1.0
20220228,USD,0.901748,4.184213
20220228,GBP,1.144241,5.309408
20220228,SEK,0.087846,0.407615
20220301,EUR,1.0,4.64144
20220301,PLN,0.21545,0.999998
20220301,USD,0.901125,4.182518
20220301,GBP,1.143952,5.309585
20220301,SEK,0.087801,0.407523
20220302,EUR,1.0,4.642755
20220302,PLN,0.215389,0.999998
20220302,USD,0.900513,4.180862
20220302,GBP,1.143664,5.309752
20220302,SEK,0.087756,0.40743
20220303,EUR,1.0,4.64406
20220303,PLN,0.215329,1.000001
20220303,USD,0.899912,4.179245
20220303,GBP,1.143378,5.309915
20220303,SEK,0.087712,0.40734
20220304,EUR,1.0,4.645352
20220304,PLN,0.215269,1.0
20220304,USD,0.899322,4.177667
20220304,GBP,1.143093,5.310069
20220304,SEK,0.087668,0.407249
20220305,EUR,1.0,4.646633
20220305,PLN,0.21521,1.000002
20220305,USD,0.898742,4.176124
20220305,GBP,1.14281,5.310218
20220305,SEK,0.087624,0.407157
20220306,EUR,1.0,4.647901
20220306,PLN,0.215151,1.000001
20220306,USD,0.898174,4.174624
20220306,GBP,1.142528,5.310357
20220306,SEK,0.087581,0.407068
20220307,EUR,1.0,4.649158
20220307,PLN,0.215093,1.000001
20220307,USD,0.897617,4.173163
20220307,GBP,1.142248,5.310491
20220307,SEK,0.087538,0.406978
20220308,EUR,1.0,4.650402
20220308,PLN,0.215035,0.999999
20220308,USD,0.897071,4.171741
20220308,GBP,1.141969,5.310615
20220308,SEK,0.087495,0.406887
20220309,EUR,1.0,4.651634
20220309,PLN,0.214978,0.999999
20220309,USD,0.896536,4.170358
20220309,GBP,1.141692,5.310734
20220309,SEK,0.087453,0.406799
20220310,EUR,1.0,4.652854
20220310,PLN,0.214922,1.000001
20220310,USD,0.896013,4.169018
20220310,GBP,1.141416,5.310842
20220310,SEK,0.087411,0.406711
20220311,EUR,1.0,4.654061
20220311,PLN,0.214866,0.999999
20220311,USD,0.895501,4.167716
20220311,GBP,1.141142,5.310944
20220311,SEK,0.08737,0.406625
20220312,EUR,1.0,4.655255
20220312,PLN,0.214811,1.0
20220312,USD,0.895001,4.166458
20220312,GBP,1.14087,5.31104
20220312,SEK,0.087329,0.406539
20220313,EUR,1.0,4.656436
20220313,PLN,0.214757,1.000002
20220313,USD,0.894512,4.165238
20220313,GBP,1.140599,5.311126
20220313,SEK,0.087288,0.406451
20220314,EUR,1.0,4.657603
20220314,PLN,0.214703,1.000001
20220314,USD,0.894035,4.16406
20220314,GBP,1.14033,5.311205
20220314,SEK,0.087248,0.406367
20220315,EUR,1.0,4.658758
20220315,PLN,0.214649,0.999998
20220315,USD,0.893569,4.162922
20220315,GBP,1.140062,5.311273
20220315,SEK,0.087208,0.406281
20220316,EUR,1.0,4.659899
20220316,PLN,0.214597,1.0
20220316,USD,0.893115,4.161826
20220316,GBP,1.139797,5.311339
20220316,SEK,0.087169,0.406199
20220317,EUR,1.0,4.661027
20220317,PLN,0.214545,1.0
20220317,USD,0.892673,4.160773
20220317,GBP,1.139532,5.311389
20220317,SEK,0.08713,0.406115
20220318,EUR,1.0,4.66214
20220318,PLN,0.214494,1.000001
20220318,USD,0.892243,4.159762
20220318,GBP,1.13927,5.311437
20220318,SEK,0.087091,0.40603
20220319,EUR,1.0,4.66324
20220319,PLN,0.214443,0.999999
20220319,USD,0.891825,4.158794
20220319,GBP,1.139009,5.311473
20220319,SEK,0.087053,0.405949
20220320,EUR,1.0,4.664326
20220320,PLN,0.214393,0.999999
20220320,USD,0.891418,4.157864
20220320,GBP,1.13875,5.311502
20220320,SEK,0.087015,0.405866
20220321,EUR,1.0,4.665398
20220321,PLN,0.214344,1.0
20220321,USD,0.891024,4.156982
20220321,GBP,1.138493,5.311523
20220321,SEK,0.086977,0.405782
20220322,EUR,1.0,4.666456
20220322,PLN,0.214295,0.999998
20220322,USD,0.890642,4.156142
20220322,GBP,1.138238,5.311537
20220322,SEK,0.08694,0.405702
20220323,EUR,1.0,4.667499
20220323,PLN,0.214248,1.000002
20220323,USD,0.890272,4.155344
20220323,GBP,1.137984,5.311539
20220323,SEK,0.086904,0.405624
20220324,EUR,1.0,4.668528
20220324,PLN,0.2142,0.999999
20220324,USD,0.889914,4.154588
20220324,GBP,1.137732,5.311533
20220324,SEK,0.086867,0.405541
20220325,EUR,1.0,4.669542
20220325,PLN,0.214154,1.000001
20220325,USD,0.889568,4.153875
20220325,GBP,1.137482,5.31152
20220325,SEK,0.086832,0.405466
20220326,EUR,1.0,4.670541
20220326,PLN,0.214108,1.0
20220326,USD,0.889234,4.153204
20220326,GBP,1.137234,5.311498
20220326,SEK,0.086796,0.405384
20220327,EUR,1.0,4.671526
20220327,PLN,0.214063,1.000001
20220327,USD,0.888913,4.15258
20220327,GBP,1.136988,5.311469
20220327,SEK,0.086761,0.405306
20220328,EUR,1.0,4.672495
20220328,PLN,0.214018,0.999998
20220328,USD,0.888604,4.151998
20220328,GBP,1.136743,5.311426
20220328,SEK,0.086727,0.405231
20220329,EUR,1.0,4.67345
20220329,PLN,0.213975,1.000001
20220329,USD,0.888307,4.151458
20220329,GBP,1.1365,5.311375
20220329,SEK,0.086692,0.405151
20220330,EUR,1.0,4.674389
20220330,PLN,0.213932,1.000001
20220330,USD,0.888023,4.150965
20220330,GBP,1.13626,5.311321
20220330,SEK,0.086659,0.405078
20220331,EUR,1.0,4.675312
20220331,PLN,0.213889,0.999998
20220331,USD,0.887751,4.150513
20220331,GBP,1.136021,5.311253
20220331,SEK,0.086625,0.404999
20220401,EUR,1.0,4.676221
20220401,PLN,0.213848,1.0
20220401,USD,0.887492,4.150108
20220401,GBP,1.135784,5.311177
20220401,SEK,0.086593,0.404928
20220402,EUR,1.0,4.677113
20220402,PLN,0.213807,1.0
20220402,USD,0.887245,4.149745
20220402,GBP,1.135549,5.311091
20220402,SEK,0.08656,0.404851
20220403,EUR,1.0,4.67799
20220403,PLN,0.213767,1.0
20220403,USD,0.88701,4.149424
20220403,GBP,1.135316,5.310997
20220403,SEK,0.086528,0.404777
20220404,EUR,1.0,4.678852
20220404,PLN,0.213728,1.000002
20220404,USD,0.886789,4.149154
20220404,GBP,1.135085,5.310894
20220404,SEK,0.086497,0.404707
20220405,EUR,1.0,4.679697
20220405,PLN,0.213689,1.0
20220405,USD,0.886579,4.148921
20220405,GBP,1.134856,5.310782
20220405,SEK,0.086466,0.404635
20220406,EUR,1.0,4.680526
20220406,PLN,0.213651,0.999999
20220406,USD,0.886383,4.148739
20220406,GBP,1.134628,5.310656
20220406,SEK,0.086435,0.404561
20220407,EUR,1.0,4.681339
20220407,PLN,0.213614,1.0
20220407,USD,0.886199,4.148598
20220407,GBP,1.134403,5.310525
20220407,SEK,0.086405,0.404491
20220408,EUR,1.0,4.682136
20220408,PLN,0.213578,1.000001
20220408,USD,0.886027,4.148499
20220408,GBP,1.13418,5.310385
20220408,SEK,0.086375,0.40442
20220409,EUR,1.0,4.682917
20220409,PLN,0.213542,0.999999
20220409,USD,0.885868,4.148446
20220409,GBP,1.133959,5.310236
20220409,SEK,0.086346,0.404351
20220410,EUR,1.0,4.683681
20220410,PLN,0.213507,0.999999
20220410,USD,0.885722,4.148439
20220410,GBP,1.13374,5.310077
20220410,SEK,0.086317,0.404281
20220411,EUR,1.0,4.684429
20220411,PLN,0.213473,0.999999
20220411,USD,0.885589,4.148479
20220411,GBP,1.133523,5.309908
20220411,SEK,0.086289,0.404215
20220412,EUR,1.0,4.68516
20220412,PLN,0.21344,1.000001
20220412,USD,0.885468,4.148559
20220412,GBP,1.133308,5.309729
20220412,SEK,0.086261,0.404147
20220413,EUR,1.0,4.685874
20220413,PLN,0.213407,0.999998
20220413,USD,0.88536,4.148686
20220413,GBP,1.133095,5.309541
20220413,SEK,0.086233,0.404077
20220414,EUR,1.0,4.686572
20220414,PLN,0.213376,1.000002
20220414,USD,0.885265,4.148858
20220414,GBP,1.132884,5.309343
20220414,SEK,0.086206,0.404011
20220415,EUR,1.0,4.687253
20220415,PLN,0.213345,1.000002
20220415,USD,0.885182,4.149072
20220415,GBP,1.132676,5.309139
20220415,SEK,0.08618,0.403947
20220416,EUR,1.0,4.687917
20220416,PLN,0.213314,0.999998
20220416,USD,0.885113,4.149336
20220416,GBP,1.132469,5.30892
20220416,SEK,0.086153,0.403878
20220417,EUR,1.0,4.688564
20220417,PLN,0.213285,1.0
20220417,USD,0.885056,4.149641
20220417,GBP,1.132265,5.308696
20220417,SEK,0.086128,0.403817
20220418,EUR,1.0,4.689193
20220418,PLN,0.213256,0.999999
20220418,USD,0.885012,4.149992
20220418,GBP,1.132062,5.308458
20220418,SEK,0.086103,0.403754
20220419,EUR,1.0,4.689806
20220419,PLN,0.213228,0.999998
20220419,USD,0.88498,4.150384
20220419,GBP,1.131862,5.308213
20220419,SEK,0.086078,0.403689
20220420,EUR,1.0,4.690401
20220420,PLN,0.213201,0.999998
20220420,USD,0.884962,4.150827
20220420,GBP,1.131664,5.307958
20220420,SEK,0.086054,0.403628
20220421,EUR,1.0,4.690979
20220421,PLN,0.213175,0.999999
20220421,USD,0.884956,4.15131
20220421,GBP,1.131468,5.307693
20220421,SEK,0.08603,0.403565
20220422,EUR,1.0,4.69154
20220422,PLN,0.21315,1.000002
20220422,USD,0.884963,4.151839
20220422,GBP,1.131275,5.307422
20220422,SEK,0.086007,0.403505
20220423,EUR,1.0,4.692083
20220423,PLN,0.213125,1.0
20220423,USD,0.884982,4.152409
20220423,GBP,1.131083,5.307135
20220423,SEK,0.085984,0.403444
20220424,EUR,1.0,4.692608
20220424,PLN,0.213101,1.0
20220424,USD,0.885015,4.153029
20220424,GBP,1.130894,5.306843
20220424,SEK,0.085962,0.403386
20220425,EUR,1.0,4.693116
20220425,PLN,0.213078,1.0
20220425,USD,0.88506,4.153689
20220425,GBP,1.130707,5.306539
20220425,SEK,0.08594,0.403326
20220426,EUR,1.0,4.693606
20220426,PLN,0.213056,1.000001
20220426,USD,0.885118,4.154396
20220426,GBP,1.130522,5.306225
20220426,SEK,0.085919,0.40327
20220427,EUR,1.0,4.694079
20220427,PLN,0.213034,0.999998
20220427,USD,0.885189,4.155147
20220427,GBP,1.13034,5.305905
20220427,SEK,0.085898,0.403212
20220428,EUR,1.0,4.694534
20220428,PLN,0.213014,1.000001
20220428,USD,0.885273,4.155944
20220428,GBP,1.130159,5.30557
20220428,SEK,0.085877,0.403152
20220429,EUR,1.0,4.694971
20220429,PLN,0.212994,1.000001
20220429,USD,0.885369,4.156781
20220429,GBP,1.129981,5.305228
20220429,SEK,0.085857,0.403096
20220430,EUR,1.0,4.69539
20220430,PLN,0.212975,1.000001
20220430,USD,0.885478,4.157664
20220430,GBP,1.129805,5.304875
20220430,SEK,0.085838,0.403043
20220501,EUR,1.0,4.695791
20220501,PLN,0.212957,1.000001
20220501,USD,0.8856,4.158592
20220501,GBP,1.129632,5.304515
20220501,SEK,0.085819,0.402988
20220502,EUR,1.0,4.696174
20220502,PLN,0.212939,0.999999
20220502,USD,0.885735,4.159565
20220502,GBP,1.129461,5.304145
20220502,SEK,0.085801,0.402936
20220503,EUR,1.0,4.696539
20220503,PLN,0.212923,1.000001
20220503,USD,0.885882,4.160579
20220503,GBP,1.129292,5.303764
20220503,SEK,0.085783,0.402883
20220504,EUR,1.0,4.696886
20220504,PLN,0.212907,1.0
20220504,USD,0.886042,4.161638
20220504,GBP,1.129125,5.303371
20220504,SEK,0.085765,0.402828
20220505,EUR,1.0,4.697214
20220505,PLN,0.212892,0.999999
20220505,USD,0.886214,4.162737
20220505,GBP,1.128961,5.302972
20220505,SEK,0.085748,0.402777
20220506,EUR,1.0,4.697525
20220506,PLN,0.212878,1.0
20220506,USD,0.886399,4.163882
20220506,GBP,1.128799,5.302562
20220506,SEK,0.085732,0.402728
20220507,EUR,1.0,4.697817
20220507,PLN,0.212865,1.000001
20220507,USD,0.886597,4.165071
20220507,GBP,1.128639,5.30214
20220507,SEK,0.085716,0.402678
20220508,EUR,1.0,4.698092
20220508,PLN,0.212852,0.999998
20220508,USD,0.886808,4.166305
20220508,GBP,1.128482,5.301712
20220508,SEK,0.0857,0.402626
20220509,EUR,1.0,4.698347
20220509,PLN,0.212841,1.000001
20220509,USD,0.887031,4.16758
20220509,GBP,1.128327,5.301272
20220509,SEK,0.085685,0.402578
20220510,EUR,1.0,4.698585
20220510,PLN,0.21283,1.0
20220510,USD,0.887266,4.168895
20220510,GBP,1.128174,5.300821
20220510,SEK,0.085671,0.402532
20220511,EUR,1.0,4.698804
20220511,PLN,0.21282,1.0
20220511,USD,0.887514,4.170255
20220511,GBP,1.128024,5.300364
20220511,SEK,0.085657,0.402485
20220512,EUR,1.0,4.699005
20220512,PLN,0.212811,1.0
20220512,USD,0.887775,4.171659
20220512,GBP,1.127877,5.2999
20220512,SEK,0.085643,0.402437
20220513,EUR,1.0,4.699188
20220513,PLN,0.212803,1.000001
20220513,USD,0.888048,4.173104
20220513,GBP,1.127731,5.299419
20220513,SEK,0.08563,0.402391
20220514,EUR,1.0,4.699352
20220514,PLN,0.212795,0.999999
20220514,USD,0.888333,4.174589
20220514,GBP,1.127588,5.298932
20220514,SEK,0.085618,0.402349
20220515,EUR,1.0,4.699497
20220515,PLN,0.212789,1.000001
20220515,USD,0.888631,4.176119
20220515,GBP,1.127447,5.298434
20220515,SEK,0.085606,0.402305
20220516,EUR,1.0,4.699624
20220516,PLN,0.212783,1.0
20220516,USD,0.888941,4.177689
20220516,GBP,1.127309,5.297929
20220516,SEK,0.085594,0.40226
20220517,EUR,1.0,4.699733
20220517,PLN,0.212778,1.0
20220517,USD,0.889263,4.179299
20220517,GBP,1.127173,5.297412
20220517,SEK,0.085583,0.402217
20220518,EUR,1.0,4.699823
20220518,PLN,0.212774,1.0
20220518,USD,0.889598,4.180953
20220518,GBP,1.12704,5.296889
20220518,SEK,0.085573,0.402178
20220519,EUR,1.0,4.699895
20220519,PLN,0.212771,1.000001
20220519,USD,0.889945,4.182648
20220519,GBP,1.126909,5.296354
20220519,SEK,0.085563,0.402137
20220520,EUR,1.0,4.699948
20220520,PLN,0.212768,0.999999
20220520,USD,0.890304,4.184382
20220520,GBP,1.126781,5.295812
20220520,SEK,0.085554,0.402099
20220521,EUR,1.0,4.699983
20220521,PLN,0.212767,1.000001
20220521,USD,0.890675,4.186157
20220521,GBP,1.126655,5.295259
20220521,SEK,0.085545,0.40206
20220522,EUR,1.0,4.699999
20220522,PLN,0.212766,1.0
20220522,USD,0.891058,4.187971
20220522,GBP,1.126531,5.294694
20220522,SEK,0.085536,0.402019
20220523,EUR,1.0,4.699996
20220523,PLN,0.212766,0.999999
20220523,USD,0.891454,4.189831
20220523,GBP,1.12641,5.294123
20220523,SEK,0.085528,0.401981
20220524,EUR,1.0,4.699975
20220524,PLN,0.212767,1.0
20220524,USD,0.891861,4.191725
20220524,GBP,1.126292,5.293545
20220524,SEK,0.085521,0.401947
20220525,EUR,1.0,4.699936
20220525,PLN,0.212769,1.000001
20220525,USD,0.892281,4.193664
20220525,GBP,1.126175,5.29295
20220525,SEK,0.085514,0.40191
20220526,EUR,1.0,4.699878
20220526,PLN,0.212771,0.999998
20220526,USD,0.892712,4.195638
20220526,GBP,1.126062,5.292354
20220526,SEK,0.085507,0.401872
20220527,EUR,1.0,4.699802
20220527,PLN,0.212775,1.0
20220527,USD,0.893155,4.197651
20220527,GBP,1.125951,5.291746
20220527,SEK,0.085501,0.401838
20220528,EUR,1.0,4.699707
20220528,PLN,0.212779,0.999999
20220528,USD,0.89361,4.199705
20220528,GBP,1.125842,5.291127
20220528,SEK,0.085496,0.401806
20220529,EUR,1.0,4.699593
20220529,PLN,0.212784,0.999998
20220529,USD,0.894076,4.201794
20220529,GBP,1.125736,5.290501
20220529,SEK,0.085491,0.401773
20220530,EUR,1.0,4.699462
20220530,PLN,0.21279,0.999998
20220530,USD,0.894555,4.203927
20220530,GBP,1.125632,5.289864
20220530,SEK,0.085487,0.401743
20220531,EUR,1.0,4.699311
20220531,PLN,0.212797,0.999999
20220531,USD,0.895044,4.20609
20220531,GBP,1.125531,5.28922
20220531,SEK,0.085483,0.401711
20220601,EUR,1.0,4.699142
20220601,PLN,0.212805,1.000001
20220601,USD,0.895546,4.208298
20220601,GBP,1.125432,5.288565
20220601,SEK,0.08548,0.401683
20220602,EUR,1.0,4.698955
20220602,PLN,0.212813,0.999999
20220602,USD,0.896059,4.210541
20220602,GBP,1.125336,5.287904
20220602,SEK,0.085477,0.401653
20220603,EUR,1.0,4.69875
20220603,PLN,0.212823,1.000002
20220603,USD,0.896583,4.212819
20220603,GBP,1.125243,5.287235
20220603,SEK,0.085474,0.401621
20220604,EUR,1.0,4.698526
20220604,PLN,0.212833,1.000001
20220604,USD,0.897119,4.215137
20220604,GBP,1.125152,5.286556
20220604,SEK,0.085473,0.401597
20220605,EUR,1.0,4.698284
20220605,PLN,0.212844,1.000001
20220605,USD,0.897666,4.217489
20220605,GBP,1.125063,5.285865
20220605,SEK,0.085471,0.401567
20220606,EUR,1.0,4.698023
20220606,PLN,0.212855,0.999998
20220606,USD,0.898224,4.219877
20220606,GBP,1.124977,5.285168
20220606,SEK,0.08547,0.40154
20220607,EUR,1.0,4.697744
20220607,PLN,0.212868,0.999999
20220607,USD,0.898793,4.2223
20220607,GBP,1.124894,5.284464
20220607,SEK,0.08547,0.401516
20220608,EUR,1.0,4.697447
20220608,PLN,0.212882,1.000002
20220608,USD,0.899373,4.224757
20220608,GBP,1.124813,5.28375
20220608,SEK,0.08547,0.401491
20220609,EUR,1.0,4.697132
20220609,PLN,0.212896,1.000001
20220609,USD,0.899965,4.227254
20220609,GBP,1.124735,5.283029
20220609,SEK,0.085471,0.401469
20220610,EUR,1.0,4.696798
20220610,PLN,0.212911,1.0
20220610,USD,0.900567,4.229782
20220610,GBP,1.124659,5.282297
20220610,SEK,0.085472,0.401445
20220611,EUR,1.0,4.696447
20220611,PLN,0.212927,1.0
20220611,USD,0.90118,4.232344
20220611,GBP,1.124586,5.281558
20220611,SEK,0.085474,0.401424
20220612,EUR,1.0,4.696077
20220612,PLN,0.212944,1.000001
20220612,USD,0.901804,4.234941
20220612,GBP,1.124516,5.280814
20220612,SEK,0.085476,0.401402
20220613,EUR,1.0,4.695689
20220613,PLN,0.212961,0.999999
20220613,USD,0.902438,4.237569
20220613,GBP,1.124448,5.280059
20220613,SEK,0.085479,0.401383
20220614,EUR,1.0,4.695284
20220614,PLN,0.21298,1.000002
20220614,USD,0.903083,4.240231
20220614,GBP,1.124382,5.279293
20220614,SEK,0.085482,0.401362
20220615,EUR,1.0,4.69486
20220615,PLN,0.212999,1.000001
20220615,USD,0.903738,4.242924
20220615,GBP,1.12432,5.278525
20220615,SEK,0.085486,0.401345
20220616,EUR,1.0,4.694419
20220616,PLN,0.213019,1.0
20220616,USD,0.904404,4.245651
20220616,GBP,1.124259,5.277742
20220616,SEK,0.08549,0.401326
20220617,EUR,1.0,4.693959
20220617,PLN,0.21304,1.000001
20220617,USD,0.90508,4.248409
20220617,GBP,1.124202,5.276959
20220617,SEK,0.085495,0.40131
20220618,EUR,1.0,4.693482
20220618,PLN,0.213061,0.999998
20220618,USD,0.905767,4.251201
20220618,GBP,1.124147,5.276164
20220618,SEK,0.085501,0.401297
20220619,EUR,1.0,4.692988
20220619,PLN,0.213084,1.000001
20220619,USD,0.906463,4.25402
20220619,GBP,1.124094,5.275359
20220619,SEK,0.085506,0.401279
20220620,EUR,1.0,4.692475
20220620,PLN,0.213107,0.999999
20220620,USD,0.90717,4.256873
20220620,GBP,1.124045,5.274553
20220620,SEK,0.085513,0.401268
20220621,EUR,1.0,4.691945
20220621,PLN,0.213131,0.999999
20220621,USD,0.907886,4.259751
20220621,GBP,1.123997,5.273732
20220621,SEK,0.08552,0.401255
20220622,EUR,1.0,4.691397
20220622,PLN,0.213156,1.0
20220622,USD,0.908612,4.26266
20220622,GBP,1.123953,5.27291
20220622,SEK,0.085527,0.401241
20220623,EUR,1.0,4.690832
20220623,PLN,0.213182,1.000001
20220623,USD,0.909348,4.265599
20220623,GBP,1.123911,5.272078
20220623,SEK,0.085535,0.40123
20220624,EUR,1.0,4.69025
20220624,PLN,0.213208,0.999999
20220624,USD,0.910093,4.268564
20220624,GBP,1.123872,5.271241
20220624,SEK,0.085543,0.401218
20220625,EUR,1.0,4.68965
20220625,PLN,0.213236,1.000002
20220625,USD,0.910848,4.271559
20220625,GBP,1.123835,5.270393
20220625,SEK,0.085552,0.401209
20220626,EUR,1.0,4.689033
20220626,PLN,0.213264,1.000002
20220626,USD,0.911612,4.274579
20220626,GBP,1.123801,5.26954
20220626,SEK,0.085561,0.401198
20220627,EUR,1.0,4.688399
20220627,PLN,0.213292,0.999998
20220627,USD,0.912386,4.27763
20220627,GBP,1.123769,5.268678
20220627,SEK,0.085571,0.401191
20220628,EUR,1.0,4.687748
20220628,PLN,0.213322,1.0
20220628,USD,0.913169,4.280706
20220628,GBP,1.12374,5.26781
20220628,SEK,0.085582,0.401187
20220629,EUR,1.0,4.68708
20220629,PLN,0.213352,0.999998
20220629,USD,0.91396,4.283803
20220629,GBP,1.123714,5.266937
20220629,SEK,0.085593,0.401181
20220630,EUR,1.0,4.686395
20220630,PLN,0.213384,1.000002
20220630,USD,0.914761,4.286931
20220630,GBP,1.12369,5.266055
20220630,SEK,0.085604,0.401174
20220701,EUR,1.0,4.685693
20220701,PLN,0.213416,1.000002
20220701,USD,0.915571,4.290084
20220701,GBP,1.123669,5.265168
20220701,SEK,0.085616,0.40117
20220702,EUR,1.0,4.684974
20220702,PLN,0.213448,0.999998
20220702,USD,0.916389,4.293259
20220702,GBP,1.123651,5.264276
20220702,SEK,0.085628,0.401165
20220703,EUR,1.0,4.684238
20220703,PLN,0.213482,1.000001
20220703,USD,0.917215,4.296454
20220703,GBP,1.123635,5.263374
20220703,SEK,0.085641,0.401163
20220704,EUR,1.0,4.683487
20220704,PLN,0.213516,0.999999
20220704,USD,0.91805,4.299675
20220704,GBP,1.123622,5.262468
20220704,SEK,0.085655,0.401164
20220705,EUR,1.0,4.682718
20220705,PLN,0.213551,0.999999
20220705,USD,0.918894,4.302922
20220705,GBP,1.123612,5.261558
20220705,SEK,0.085669,0.401164
20220706,EUR,1.0,4.681933
20220706,PLN,0.213587,1.0
20220706,USD,0.919745,4.306185
20220706,GBP,1.123604,5.260639
20220706,SEK,0.085683,0.401162
20220707,EUR,1.0,4.681132
20220707,PLN,0.213624,1.000002
20220707,USD,0.920605,4.309474
20220707,GBP,1.123598,5.259711
20220707,SEK,0.085698,0.401164
20220708,EUR,1.0,4.680315
20220708,PLN,0.213661,1.000001
20220708,USD,0.921472,4.312779
20220708,GBP,1.123596,5.258783
20220708,SEK,0.085713,0.401164
20220709,EUR,1.0,4.679481
20220709,PLN,0.213699,1.0
20220709,USD,0.922347,4.316106
20220709,GBP,1.123596,5.257847
20220709,SEK,0.085729,0.401167
20220710,EUR,1.0,4.678632
20220710,PLN,0.213738,1.000001
20220710,USD,0.92323,4.319453
20220710,GBP,1.123598,5.256902
20220710,SEK,0.085746,0.401174
20220711,EUR,1.0,4.677767
20220711,PLN,0.213777,0.999999
20220711,USD,0.92412,4.322818
20220711,GBP,1.123604,5.255957
20220711,SEK,0.085762,0.401175
20220712,EUR,1.0,4.676886
20220712,PLN,0.213817,0.999998
20220712,USD,0.925018,4.326203
20220712,GBP,1.123612,5.255005
20220712,SEK,0.08578,0.401183
20220713,EUR,1.0,4.675989
20220713,PLN,0.213859,1.000002
20220713,USD,0.925923,4.329606
20220713,GBP,1.123622,5.254044
20220713,SEK,0.085798,0.401191
20220714,EUR,1.0,4.675077
20220714,PLN,0.2139,0.999999
20220714,USD,0.926834,4.33302
20220714,GBP,1.123635,5.25308
20220714,SEK,0.085816,0.401196
20220715,EUR,1.0,4.674149
20220715,PLN,0.213943,1.000001
20220715,USD,0.927753,4.336456
20220715,GBP,1.123651,5.252112
20220715,SEK,0.085835,0.401206
20220716,EUR,1.0,4.673206
20220716,PLN,0.213986,1.000001
20220716,USD,0.928678,4.339904
20220716,GBP,1.12367,5.251141
20220716,SEK,0.085854,0.401213
20220717,EUR,1.0,4.672248
20220717,PLN,0.21403,1.000001
20220717,USD,0.92961,4.343368
20220717,GBP,1.123691,5.250163
20220717,SEK,0.085874,0.401225
20220718,EUR,1.0,4.671274
20220718,PLN,0.214074,0.999998
20220718,USD,0.930549,4.34685
20220718,GBP,1.123714,5.249177
20220718,SEK,0.085894,0.401234
20220719,EUR,1.0,4.670286
20220719,PLN,0.21412,1.000002
20220719,USD,0.931493,4.350339
20220719,GBP,1.123741,5.248192
20220719,SEK,0.085915,0.401248
20220720,EUR,1.0,4.669283
20220720,PLN,0.214166,1.000002
20220720,USD,0.932444,4.353845
20220720,GBP,1.123769,5.247195
20220720,SEK,0.085936,0.40126
20220721,EUR,1.0,4.668265
20220721,PLN,0.214212,0.999998
20220721,USD,0.933401,4.357363
20220721,GBP,1.123801,5.246201
20220721,SEK,0.085958,0.401275
20220722,EUR,1.0,4.667233
20220722,PLN,0.21426,1.000001
20220722,USD,0.934363,4.36089
20220722,GBP,1.123835,5.245199
20220722,SEK,0.08598,0.401289
20220723,EUR,1.0,4.666186
20220723,PLN,0.214308,1.000001
20220723,USD,0.935331,4.364428
20220723,GBP,1.123872,5.244195
20220723,SEK,0.086003,0.401306
20220724,EUR,1.0,4.665124
20220724,PLN,0.214357,1.000002
20220724,USD,0.936305,4.367979
20220724,GBP,1.123911,5.243185
20220724,SEK,0.086026,0.401322
20220725,EUR,1.0,4.664049
20220725,PLN,0.214406,1.0
20220725,USD,0.937283,4.371534
20220725,GBP,1.123953,5.242172
20220725,SEK,0.08605,0.401341
20220726,EUR,1.0,4.662959
20220726,PLN,0.214456,1.0
20220726,USD,0.938267,4.375101
20220726,GBP,1.123998,5.241157
20220726,SEK,0.086074,0.40136
20220727,EUR,1.0,4.661856
20220727,PLN,0.214507,1.000001
20220727,USD,0.939256,4.378676
20220727,GBP,1.124045,5.240136
20220727,SEK,0.086099,0.401381
20220728,EUR,1.0,4.660738
20220728,PLN,0.214558,0.999999
20220728,USD,0.940249,4.382255
20220728,GBP,1.124095,5.239113
20220728,SEK,0.086124,0.401401
20220729,EUR,1.0,4.659607
20220729,PLN,0.21461,0.999998
20220729,USD,0.941247,4.385842
20220729,GBP,1.124147,5.238084
20220729,SEK,0.086149,0.401421
20220730,EUR,1.0,4.658463
20220730,PLN,0.214663,1.0
20220730,USD,0.94225,4.389437
20220730,GBP,1.124202,5.237053
20220730,SEK,0.086175,0.401443
20220731,EUR,1.0,4.657305
20220731,PLN,0.214716,0.999998
20220731,USD,0.943256,4.393031
20220731,GBP,1.12426,5.236022
20220731,SEK,0.086202,0.401469
20220801,EUR,1.0,4.656134
20220801,PLN,0.21477,0.999998
20220801,USD,0.944267,4.396633
20220801,GBP,1.12432,5.234984
20220801,SEK,0.086229,0.401494
20220802,EUR,1.0,4.654949
20220802,PLN,0.214825,1.0
20220802,USD,0.945281,4.400235
20220802,GBP,1.124383,5.233946
20220802,SEK,0.086256,0.401517
20220803,EUR,1.0,4.653752
20220803,PLN,0.21488,0.999998
20220803,USD,0.946299,4.403841
20220803,GBP,1.124448,5.232902
20220803,SEK,0.086284,0.401544
20220804,EUR,1.0,4.652542
20220804,PLN,0.214936,0.999999
20220804,USD,0.947321,4.407451
20220804,GBP,1.124516,5.231858
20220804,SEK,0.086312,0.40157
20220805,EUR,1.0,4.651319
20220805,PLN,0.214993,1.000001
20220805,USD,0.948346,4.41106
20220805,GBP,1.124587,5.230813
20220805,SEK,0.086341,0.4016
20220806,EUR,1.0,4.650084
20220806,PLN,0.21505,1.000001
20220806,USD,0.949373,4.414664
20220806,GBP,1.12466,5.229764
20220806,SEK,0.08637,0.401628
20220807,EUR,1.0,4.648837
20220807,PLN,0.215108,1.000002
20220807,USD,0.950404,4.418273
20220807,GBP,1.124736,5.228714
20220807,SEK,0.0864,0.401659
20220808,EUR,1.0,4.647577
20220808,PLN,0.215166,1.000001
20220808,USD,0.951437,4.421877
20220808,GBP,1.124814,5.22766
20220808,SEK,0.08643,0.40169
20220809,EUR,1.0,4.646305
20220809,PLN,0.215225,1.000001
20220809,USD,0.952473,4.42548
20220809,GBP,1.124895,5.226605
20220809,SEK,0.086461,0.401724
20220810,EUR,1.0,4.645021
20220810,PLN,0.215284,0.999999
20220810,USD,0.953511,4.429079
20220810,GBP,1.124978,5.225547
20220810,SEK,0.086492,0.401757
20220811,EUR,1.0,4.643726
20220811,PLN,0.215344,0.999999
20220811,USD,0.954551,4.432673
20220811,GBP,1.125064,5.224489
20220811,SEK,0.086523,0.401789
20220812,EUR,1.0,4.642419
20220812,PLN,0.215405,1.0
20220812,USD,0.955592,4.436258
20220812,GBP,1.125153,5.223432
20220812,SEK,0.086555,0.401825
20220813,EUR,1.0,4.6411
20220813,PLN,0.215466,0.999999
20220813,USD,0.956636,4.439844
20220813,GBP,1.125244,5.22237
20220813,SEK,0.086587,0.401859
20220814,EUR,1.0,4.639771
20220814,PLN,0.215528,1.000001
20220814,USD,0.95768,4.443416
20220814,GBP,1.125337,5.221306
20220814,SEK,0.08662,0.401897
20220815,EUR,1.0,4.63843
20220815,PLN,0.21559,0.999999
20220815,USD,0.958726,4.446984
20220815,GBP,1.125433,5.220242
20220815,SEK,0.086653,0.401934
20220816,EUR,1.0,4.637078
20220816,PLN,0.215653,1.0
20220816,USD,0.959773,4.450543
20220816,GBP,1.125532,5.21918
20220816,SEK,0.086687,0.401974
20220817,EUR,1.0,4.635716
20220817,PLN,0.215716,0.999998
20220817,USD,0.960821,4.454093
20220817,GBP,1.125633,5.218115
20220817,SEK,0.086721,0.402014
20220818,EUR,1.0,4.634343
20220818,PLN,0.21578,0.999999
20220818,USD,0.961869,4.457631
20220818,GBP,1.125737,5.217051
20220818,SEK,0.086756,0.402057
20220819,EUR,1.0,4.63296
20220819,PLN,0.215845,1.000001
20220819,USD,0.962918,4.46116
20220819,GBP,1.125843,5.215985
20220819,SEK,0.086791,0.402099
20220820,EUR,1.0,4.631566
20220820,PLN,0.21591,1.000001
20220820,USD,0.963967,4.464677
20220820,GBP,1.125952,5.214921
20220820,SEK,0.086826,0.40214
20220821,EUR,1.0,4.630162
20220821,PLN,0.215975,0.999999
20220821,USD,0.965015,4.468176
20220821,GBP,1.126063,5.213854
20220821,SEK,0.086862,0.402185
20220822,EUR,1.0,4.628749
20220822,PLN,0.216041,0.999999
20220822,USD,0.966063,4.471663
20220822,GBP,1.126176,5.212786
20220822,SEK,0.086898,0.402229
20220823,EUR,1.0,4.627325
20220823,PLN,0.216108,1.000002
20220823,USD,0.967111,4.475137
20220823,GBP,1.126293,5.211724
20220823,SEK,0.086934,0.402272
20220824,EUR,1.0,4.625892
20220824,PLN,0.216175,1.000002
20220824,USD,0.968158,4.478595
20220824,GBP,1.126411,5.210656
20220824,SEK,0.086971,0.402318
20220825,EUR,1.0,4.62445
20220825,PLN,0.216242,1.0
20220825,USD,0.969204,4.482035
20220825,GBP,1.126532,5.209591
20220825,SEK,0.087009,0.402369
20220826,EUR,1.0,4.622999
20220826,PLN,0.21631,1.000001
20220826,USD,0.970249,4.48546
20220826,GBP,1.126656,5.208529
20220826,SEK,0.087047,0.402418
20220827,EUR,1.0,4.621538
20220827,PLN,0.216378,0.999999
20220827,USD,0.971292,4.488863
20220827,GBP,1.126782,5.207466
20220827,SEK,0.087085,0.402467
20220828,EUR,1.0,4.620069
20220828,PLN,0.216447,1.0
20220828,USD,0.972333,4.492245
20220828,GBP,1.12691,5.206402
20220828,SEK,0.087123,0.402514
20220829,EUR,1.0,4.618591
20220829,PLN,0.216516,0.999999
20220829,USD,0.973373,4.495612
20220829,GBP,1.127041,5.205341
20220829,SEK,0.087162,0.402566
20220830,EUR,1.0,4.617104
20220830,PLN,0.216586,1.0
20220830,USD,0.97441,4.498953
20220830,GBP,1.127175,5.204285
20220830,SEK,0.087202,0.402621
20220831,EUR,1.0,4.61561
20220831,PLN,0.216656,1.0
20220831,USD,0.975445,4.502273
20220831,GBP,1.12731,5.203223
20220831,SEK,0.087242,0.402675
20220901,EUR,1.0,4.614107
20220901,PLN,0.216727,1.000002
20220901,USD,0.976478,4.505574
20220901,GBP,1.127449,5.20217
20220901,SEK,0.087282,0.402728
20220902,EUR,1.0,4.612596
20220902,PLN,0.216798,1.000002
20220902,USD,0.977507,4.508845
20220902,GBP,1.127589,5.201113
20220902,SEK,0.087322,0.402781
20220903,EUR,1.0,4.611078
20220903,PLN,0.216869,1.0
20220903,USD,0.978534,4.512096
20220903,GBP,1.127732,5.20006
20220903,SEK,0.087363,0.402838
20220904,EUR,1.0,4.609552
20220904,PLN,0.216941,1.000001
20220904,USD,0.979557,4.515319
20220904,GBP,1.127878,5.199012
20220904,SEK,0.087405,0.402898
20220905,EUR,1.0,4.608019
20220905,PLN,0.217013,1.0
20220905,USD,0.980576,4.518512
20220905,GBP,1.128026,5.197965
20220905,SEK,0.087446,0.402953
20220906,EUR,1.0,4.606478
20220906,PLN,0.217086,1.000002
20220906,USD,0.981592,4.521682
20220906,GBP,1.128176,5.196918
20220906,SEK,0.087489,0.403016
20220907,EUR,1.0,4.604931
20220907,PLN,0.217159,1.000002
20220907,USD,0.982603,4.524819
20220907,GBP,1.128328,5.195872
20220907,SEK,0.087531,0.403074
20220908,EUR,1.0,4.603376
20220908,PLN,0.217232,1.000001
20220908,USD,0.983611,4.527932
20220908,GBP,1.128483,5.194832
20220908,SEK,0.087574,0.403136
20220909,EUR,1.0,4.601815
20220909,PLN,0.217306,1.000002
20220909,USD,0.984614,4.531012
20220909,GBP,1.128641,5.193798
20220909,SEK,0.087617,0.403197
20220910,EUR,1.0,4.600248
20220910,PLN,0.21738,1.000002
20220910,USD,0.985612,4.53406
20220910,GBP,1.1288,5.19276
20220910,SEK,0.087661,0.403262
20220911,EUR,1.0,4.598675
20220911,PLN,0.217454,1.0
20220911,USD,0.986605,4.537076
20220911,GBP,1.128962,5.191729
20220911,SEK,0.087705,0.403327
20220912,EUR,1.0,4.597095
20220912,PLN,0.217529,1.000002
20220912,USD,0.987593,4.540059
20220912,GBP,1.129127,5.190704
20220912,SEK,0.087749,0.403391
20220913,EUR,1.0,4.59551
20220913,PLN,0.217604,1.000001
20220913,USD,0.988575,4.543006
20220913,GBP,1.129293,5.189677
20220913,SEK,0.087793,0.403454
20220914,EUR,1.0,4.593919
20220914,PLN,0.217679,1.0
20220914,USD,0.989551,4.545917
20220914,GBP,1.129462,5.188657
20220914,SEK,0.087838,0.403521
20220915,EUR,1.0,4.592323
20220915,PLN,0.217755,1.000001
20220915,USD,0.990522,4.548797
20220915,GBP,1.129633,5.187639
20220915,SEK,0.087884,0.403592
20220916,EUR,1.0,4.590721
20220916,PLN,0.217831,1.000001
20220916,USD,0.991486,4.551636
20220916,GBP,1.129807,5.186629
20220916,SEK,0.087929,0.403658
20220917,EUR,1.0,4.589115
20220917,PLN,0.217907,1.0
20220917,USD,0.992444,4.554439
20220917,GBP,1.129983,5.185622
20220917,SEK,0.087975,0.403727
20220918,EUR,1.0,4.587503
20220918,PLN,0.217983,0.999998
20220918,USD,0.993396,4.557208
20220918,GBP,1.130161,5.184617
20220918,SEK,0.088022,0.403801
20220919,EUR,1.0,4.585887
20220919,PLN,0.21806,0.999999
20220919,USD,0.99434,4.559931
20220919,GBP,1.130341,5.183617
20220919,SEK,0.088068,0.40387
20220920,EUR,1.0,4.584267
20220920,PLN,0.218137,0.999998
20220920,USD,0.995277,4.562615
20220920,GBP,1.130524,5.182624
20220920,SEK,0.088115,0.403943
20220921,EUR,1.0,4.582642
20220921,PLN,0.218215,1.000001
20220921,USD,0.996207,4.56526
20220921,GBP,1.130709,5.181635
20220921,SEK,0.088162,0.404015
20220922,EUR,1.0,4.581014
20220922,PLN,0.218292,0.999999
20220922,USD,0.997129,4.567861
20220922,GBP,1.130896,5.18065
20220922,SEK,0.08821,0.404091
20220923,EUR,1.0,4.579381
20220923,PLN,0.21837,0.999999
20220923,USD,0.998044,4.570424
20220923,GBP,1.131085,5.179669
20220923,SEK,0.088258,0.404167
20220924,EUR,1.0,4.577745
20220924,PLN,0.218448,0.999999
20220924,USD,0.99895,4.572938
20220924,GBP,1.131276,5.178693
20220924,SEK,0.088306,0.404242
20220925,EUR,1.0,4.576105
20220925,PLN,0.218526,0.999998
20220925,USD,0.999848,4.57541
20220925,GBP,1.13147,5.177726
20220925,SEK,0.088355,0.404322
20220926,EUR,1.0,4.574462
20220926,PLN,0.218605,1.0
20220926,USD,1.000737,4.577834
20220926,GBP,1.131666,5.176764
20220926,SEK,0.088404,0.404401
20220927,EUR,1.0,4.572817
20220927,PLN,0.218684,1.000002
20220927,USD,1.001617,4.580211
20220927,GBP,1.131864,5.175807
20220927,SEK,0.088453,0.404479
20220928,EUR,1.0,4.571168
20220928,PLN,0.218762,0.999998
20220928,USD,1.002489,4.582546
20220928,GBP,1.132064,5.174855
20220928,SEK,0.088502,0.404558
20220929,EUR,1.0,4.569517
20220929,PLN,0.218842,1.000002
20220929,USD,1.003351,4.584829
20220929,GBP,1.132266,5.173908
20220929,SEK,0.088552,0.40464
20220930,EUR,1.0,4.567863
20220930,PLN,0.218921,1.000001
20220930,USD,1.004204,4.587066
20220930,GBP,1.132471,5.172972
20220930,SEK,0.088602,0.404722
20221001,EUR,1.0,4.566207
20221001,PLN,0.219,0.999999
20221001,USD,1.005047,4.589253
20221001,GBP,1.132678,5.172042
20221001,SEK,0.088652,0.404803
20221002,EUR,1.0,4.564549
20221002,PLN,0.21908,1.000001
20221002,USD,1.00588,4.591389
20221002,GBP,1.132886,5.171114
20221002,SEK,0.088703,0.404889
20221003,EUR,1.0,4.56289
20221003,PLN,0.219159,0.999998
20221003,USD,1.006703,4.593475
20221003,GBP,1.133097,5.170197
20221003,SEK,0.088753,0.40497
20221004,EUR,1.0,4.561228
20221004,PLN,0.219239,0.999999
20221004,USD,1.007515,4.595506
20221004,GBP,1.13331,5.169286
20221004,SEK,0.088805,0.40506
20221005,EUR,1.0,4.559566
20221005,PLN,0.219319,0.999999
20221005,USD,1.008317,4.597488
20221005,GBP,1.133525,5.168382
20221005,SEK,0.088856,0.405145
20221006,EUR,1.0,4.557902
20221006,PLN,0.219399,0.999999
20221006,USD,1.009108,4.599415
20221006,GBP,1.133742,5.167485
20221006,SEK,0.088908,0.405234
20221007,EUR,1.0,4.556237
20221007,PLN,0.219479,0.999998
20221007,USD,1.009888,4.601289
20221007,GBP,1.133961,5.166595
20221007,SEK,0.088959,0.405318
20221008,EUR,1.0,4.554572
20221008,PLN,0.21956,1.000002
20221008,USD,1.010657,4.60311
20221008,GBP,1.134182,5.165713
20221008,SEK,0.089012,0.405412
20221009,EUR,1.0,4.552905
20221009,PLN,0.21964,1.0
20221009,USD,1.011414,4.604872
20221009,GBP,1.134405,5.164839
20221009,SEK,0.089064,0.4055
20221010,EUR,1.0,4.551239
20221010,PLN,0.21972,0.999998
20221010,USD,1.012159,4.606577
20221010,GBP,1.13463,5.163972
20221010,SEK,0.089117,0.405593
20221011,EUR,1.0,4.549572
20221011,PLN,0.219801,1.000001
20221011,USD,1.012893,4.60823
20221011,GBP,1.134858,5.163118
20221011,SEK,0.089169,0.405681
20221012,EUR,1.0,4.547906
20221012,PLN,0.219881,0.999998
20221012,USD,1.013615,4.609825
20221012,GBP,1.135087,5.162269
20221012,SEK,0.089223,0.405778
20221013,EUR,1.0,4.546239
20221013,PLN,0.219962,1.0
20221013,USD,1.014324,4.61136
20221013,GBP,1.135318,5.161427
20221013,SEK,0.089276,0.40587
20221014,EUR,1.0,4.544573
20221014,PLN,0.220043,1.000002
20221014,USD,1.015021,4.612837
20221014,GBP,1.135551,5.160595
20221014,SEK,0.089329,0.405962
20221015,EUR,1.0,4.542908
20221015,PLN,0.220123,0.999999
20221015,USD,1.015705,4.614255
20221015,GBP,1.135786,5.159772
20221015,SEK,0.089383,0.406059
20221016,EUR,1.0,4.541244
20221016,PLN,0.220204,1.0
20221016,USD,1.016376,4.615611
20221016,GBP,1.136023,5.158957
20221016,SEK,0.089437,0.406155
20221017,EUR,1.0,4.539581
20221017,PLN,0.220285,1.000002
20221017,USD,1.017034,4.616908
20221017,GBP,1.136262,5.158153
20221017,SEK,0.089491,0.406252
20221018,EUR,1.0,4.537919
20221018,PLN,0.220365,0.999998
20221018,USD,1.017679,4.618145
20221018,GBP,1.136503,5.157358
20221018,SEK,0.089546,0.406352
20221019,EUR,1.0,4.536258
20221019,PLN,0.220446,1.0
20221019,USD,1.018311,4.619322
20221019,GBP,1.136745,5.156569
20221019,SEK,0.0896,0.406449
20221020,EUR,1.0,4.534599
20221020,PLN,0.220527,1.000002
20221020,USD,1.018929,4.620435
20221020,GBP,1.13699,5.155794
20221020,SEK,0.089655,0.40655
20221021,EUR,1.0,4.532943
20221021,PLN,0.220607,0.999999
20221021,USD,1.019533,4.621485
20221021,GBP,1.137236,5.155025
20221021,SEK,0.08971,0.40665
20221022,EUR,1.0,4.531288
20221022,PLN,0.220688,1.000001
20221022,USD,1.020123,4.622471
20221022,GBP,1.137484,5.154267
20221022,SEK,0.089765,0.406751
20221023,EUR,1.0,4.529635
20221023,PLN,0.220768,0.999999
20221023,USD,1.020699,4.623394
20221023,GBP,1.137734,5.15352
20221023,SEK,0.089821,0.406856
20221024,EUR,1.0,4.527985
20221024,PLN,0.220849,1.000001
20221024,USD,1.021261,4.624255
20221024,GBP,1.137986,5.152784
20221024,SEK,0.089876,0.406957
20221025,EUR,1.0,4.526338
20221025,PLN,0.220929,0.999999
20221025,USD,1.021808,4.625049
20221025,GBP,1.13824,5.152059
20221025,SEK,0.089932,0.407063
20221026,EUR,1.0,4.524694
20221026,PLN,0.221009,0.999998
20221026,USD,1.02234,4.625776
20221026,GBP,1.138495,5.151341
20221026,SEK,0.089988,0.407168
20221027,EUR,1.0,4.523053
20221027,PLN,0.22109,1.000002
20221027,USD,1.022858,4.626441
20221027,GBP,1.138753,5.15064
20221027,SEK,0.090044,0.407274
20221028,EUR,1.0,4.521415
20221028,PLN,0.22117,1.000001
20221028,USD,1.023361,4.62704
20221028,GBP,1.139012,5.149946
20221028,SEK,0.0901,0.407379
20221029,EUR,1.0,4.51978
20221029,PLN,0.22125,1.000001
20221029,USD,1.023849,4.627573
20221029,GBP,1.139272,5.149259
20221029,SEK,0.090156,0.407485
20221030,EUR,1.0,4.51815
20221030,PLN,0.22133,1.000002
20221030,USD,1.024321,4.628036
20221030,GBP,1.139535,5.14859
20221030,SEK,0.090213,0.407596
20221031,EUR,1.0,4.516523
20221031,PLN,0.221409,0.999999
20221031,USD,1.024778,4.628434
20221031,GBP,1.139799,5.147929
20221031,SEK,0.090269,0.407702
20221101,EUR,1.0,4.514901
20221101,PLN,0.221489,1.000001
20221101,USD,1.02522,4.628766
20221101,GBP,1.140065,5.14728
20221101,SEK,0.090326,0.407813
20221102,EUR,1.0,4.513282
20221102,PLN,0.221568,0.999999
20221102,USD,1.025646,4.62903
20221102,GBP,1.140332,5.14664
20221102,SEK,0.090383,0.407924
20221103,EUR,1.0,4.511669
20221103,PLN,0.221647,0.999998
20221103,USD,1.026056,4.629225
20221103,GBP,1.140601,5.146014
20221103,SEK,0.09044,0.408035
20221104,EUR,1.0,4.51006
20221104,PLN,0.221727,1.000002
20221104,USD,1.026451,4.629355
20221104,GBP,1.140872,5.145401
20221104,SEK,0.090497,0.408147
20221105,EUR,1.0,4.508456
20221105,PLN,0.221805,0.999998
20221105,USD,1.026829,4.629413
20221105,GBP,1.141145,5.144802
20221105,SEK,0.090554,0.408259
20221106,EUR,1.0,4.506857
20221106,PLN,0.221884,0.999999
20221106,USD,1.027191,4.629403
20221106,GBP,1.141419,5.144212
20221106,SEK,0.090612,0.408375
20221107,EUR,1.0,4.505263
20221107,PLN,0.221963,1.000002
20221107,USD,1.027537,4.629325
20221107,GBP,1.141694,5.143632
20221107,SEK,0.090669,0.408488
20221108,EUR,1.0,4.503675
20221108,PLN,0.222041,1.000001
20221108,USD,1.027867,4.629179
20221108,GBP,1.141971,5.143067
20221108,SEK,0.090727,0.408605
20221109,EUR,1.0,4.502093
20221109,PLN,0.222119,1.0
20221109,USD,1.02818,4.628962
20221109,GBP,1.14225,5.142516
20221109,SEK,0.090784,0.408718
20221110,EUR,1.0,4.500517
20221110,PLN,0.222197,1.000001
20221110,USD,1.028477,4.628678
20221110,GBP,1.14253,5.141975
20221110,SEK,0.090842,0.408836
20221111,EUR,1.0,4.498946
20221111,PLN,0.222274,0.999999
20221111,USD,1.028757,4.628323
20221111,GBP,1.142812,5.14145
20221111,SEK,0.0909,0.408954
20221112,EUR,1.0,4.497383
20221112,PLN,0.222352,1.000002
20221112,USD,1.029021,4.627901
20221112,GBP,1.143095,5.140935
20221112,SEK,0.090958,0.409073
20221113,EUR,1.0,4.495825
20221113,PLN,0.222429,1.000002
20221113,USD,1.029268,4.627409
20221113,GBP,1.14338,5.140436
20221113,SEK,0.091016,0.409192
20221114,EUR,1.0,4.494274
20221114,PLN,0.222505,0.999998
20221114,USD,1.029497,4.626842
20221114,GBP,1.143666,5.139949
20221114,SEK,0.091074,0.409312
20221115,EUR,1.0,4.49273
20221115,PLN,0.222582,1.000001
20221115,USD,1.02971,4.626209
20221115,GBP,1.143954,5.139477
20221115,SEK,0.091132,0.409432
20221116,EUR,1.0,4.491193
20221116,PLN,0.222658,1.0
20221116,USD,1.029906,4.625507
20221116,GBP,1.144243,5.139017
20221116,SEK,0.09119,0.409552
20221117,EUR,1.0,4.489664
20221117,PLN,0.222734,1.000001
20221117,USD,1.030085,4.624735
20221117,GBP,1.144534,5.138573
20221117,SEK,0.091248,0.409673
20221118,EUR,1.0,4.488142
20221118,PLN,0.222809,0.999998
20221118,USD,1.030247,4.623895
20221118,GBP,1.144826,5.138141
20221118,SEK,0.091306,0.409794
20221119,EUR,1.0,4.486627
20221119,PLN,0.222885,1.000002
20221119,USD,1.030392,4.622985
20221119,GBP,1.145119,5.137722
20221119,SEK,0.091364,0.409916
20221120,EUR,1.0,4.485121
20221120,PLN,0.222959,0.999998
20221120,USD,1.030519,4.622002
20221120,GBP,1.145414,5.13732
20221120,SEK,0.091423,0.410043
20221121,EUR,1.0,4.483622
20221121,PLN,0.223034,1.0
20221121,USD,1.030629,4.620951
20221121,GBP,1.14571,5.13693
20221121,SEK,0.091481,0.410166
20221122,EUR,1.0,4.482131
20221122,PLN,0.223108,0.999999
20221122,USD,1.030722,4.619832
20221122,GBP,1.146007,5.136554
20221122,SEK,0.091539,0.41029
20221123,EUR,1.0,4.480649
20221123,PLN,0.223182,1.0
20221123,USD,1.030798,4.618644
20221123,GBP,1.146306,5.136195
20221123,SEK,0.091598,0.410419
20221124,EUR,1.0,4.479176
20221124,PLN,0.223255,0.999998
20221124,USD,1.030857,4.61739
20221124,GBP,1.146606,5.13585
20221124,SEK,0.091656,0.410543
20221125,EUR,1.0,4.477711
20221125,PLN,0.223328,0.999998
20221125,USD,1.030898,4.616063
20221125,GBP,1.146907,5.135518
20221125,SEK,0.091714,0.410669
20221126,EUR,1.0,4.476255
20221126,PLN,0.223401,1.0
20221126,USD,1.030921,4.614665
20221126,GBP,1.147209,5.1352
20221126,SEK,0.091773,0.410799
20221127,EUR,1.0,4.474808
20221127,PLN,0.223473,0.999999
20221127,USD,1.030928,4.613205
20221127,GBP,1.147513,5.134901
20221127,SEK,0.091831,0.410926
20221128,EUR,1.0,4.473371
20221128,PLN,0.223545,1.0
20221128,USD,1.030917,4.611674
20221128,GBP,1.147818,5.134616
20221128,SEK,0.091889,0.411054
20221129,EUR,1.0,4.471943
20221129,PLN,0.223616,0.999998
20221129,USD,1.030888,4.610072
20221129,GBP,1.148124,5.134345
20221129,SEK,0.091947,0.411182
20221130,EUR,1.0,4.470525
20221130,PLN,0.223687,0.999998
20221130,USD,1.030843,4.608409
20221130,GBP,1.148431,5.134089
20221130,SEK,0.092006,0.411315
20221201,EUR,1.0,4.469116
20221201,PLN,0.223758,1.0
20221201,USD,1.03078,4.606675
20221201,GBP,1.14874,5.133852
20221201,SEK,0.092064,0.411445
20221202,EUR,1.0,4.467717
20221202,PLN,0.223828,1.0
20221202,USD,1.030699,4.604872
20221202,GBP,1.149049,5.133626
20221202,SEK,0.092122,0.411575
20221203,EUR,1.0,4.466329
20221203,PLN,0.223898,1.000002
20221203,USD,1.030602,4.603008
20221203,GBP,1.14936,5.13342
20221203,SEK,0.09218,0.411706
20221204,EUR,1.0,4.464951
20221204,PLN,0.223967,1.000002
20221204,USD,1.030487,4.601074
20221204,GBP,1.149671,5.133225
20221204,SEK,0.092238,0.411838
20221205,EUR,1.0,4.463583
20221205,PLN,0.224035,0.999999
20221205,USD,1.030355,4.599075
20221205,GBP,1.149984,5.133049
20221205,SEK,0.092296,0.411971
20221206,EUR,1.0,4.462226
20221206,PLN,0.224103,0.999998
20221206,USD,1.030206,4.597012
20221206,GBP,1.150298,5.13289
20221206,SEK,0.092354,0.412104
20221207,EUR,1.0,4.46088
20221207,PLN,0.224171,1.0
20221207,USD,1.030039,4.594881
20221207,GBP,1.150613,5.132747
20221207,SEK,0.092412,0.412239
20221208,EUR,1.0,4.459545
20221208,PLN,0.224238,1.0
20221208,USD,1.029856,4.592689
20221208,GBP,1.150929,5.13262
20221208,SEK,0.09247,0.412374
20221209,EUR,1.0,4.458221
20221209,PLN,0.224305,1.000001
20221209,USD,1.029655,4.59043
20221209,GBP,1.151246,5.132509
20221209,SEK,0.092527,0.412506
20221210,EUR,1.0,4.456909
20221210,PLN,0.224371,1.000001
20221210,USD,1.029438,4.588111
20221210,GBP,1.151563,5.132411
20221210,SEK,0.092585,0.412643
20221211,EUR,1.0,4.455608
20221211,PLN,0.224436,0.999999
20221211,USD,1.029204,4.585729
20221211,GBP,1.151882,5.132334
20221211,SEK,0.092642,0.412776
20221212,EUR,1.0,4.454318
20221212,PLN,0.224501,0.999999
20221212,USD,1.028953,4.583284
20221212,GBP,1.152202,5.132274
20221212,SEK,0.0927,0.412915
20221213,EUR,1.0,4.453041
20221213,PLN,0.224566,1.000002
20221213,USD,1.028685,4.580776
20221213,GBP,1.152523,5.132232
20221213,SEK,0.092757,0.413051
20221214,EUR,1.0,4.451775
20221214,PLN,0.22463,1.000002
20221214,USD,1.0284,4.578205
20221214,GBP,1.152844,5.132202
20221214,SEK,0.092814,0.413187
20221215,EUR,1.0,4.450521
20221215,PLN,0.224693,1.000001
20221215,USD,1.028099,4.575577
20221215,GBP,1.153166,5.13219
20221215,SEK,0.092871,0.413324
20221216,EUR,1.0,4.44928
20221216,PLN,0.224755,0.999998
20221216,USD,1.027781,4.572886
20221216,GBP,1.15349,5.1322
20221216,SEK,0.092928,0.413463
20221217,EUR,1.0,4.448051
20221217,PLN,0.224818,1.000002
20221217,USD,1.027447,4.570137
20221217,GBP,1.153814,5.132224
20221217,SEK,0.092985,0.413602
20221218,EUR,1.0,4.446835
20221218,PLN,0.224879,1.0
20221218,USD,1.027097,4.567331
20221218,GBP,1.154139,5.132266
20221218,SEK,0.093041,0.413738
20221219,EUR,1.0,4.445632
20221219,PLN,0.22494,1.0
20221219,USD,1.02673,4.564463
20221219,GBP,1.154464,5.132322
20221219,SEK,0.093098,0.413879
20221220,EUR,1.0,4.444441
20221220,PLN,0.225,0.999999
20221220,USD,1.026348,4.561543
20221220,GBP,1.154791,5.1324
20221220,SEK,0.093154,0.414017
20221221,EUR,1.0,4.443263
20221221,PLN,0.22506,1.000001
20221221,USD,1.025949,4.558562
20221221,GBP,1.155118,5.132494
20221221,SEK,0.09321,0.414157
20221222,EUR,1.0,4.442099
20221222,PLN,0.225119,1.000001
20221222,USD,1.025535,4.555528
20221222,GBP,1.155445,5.132601
20221222,SEK,0.093266,0.414297
20221223,EUR,1.0,4.440948
20221223,PLN,0.225177,0.999999
20221223,USD,1.025104,4.552433
20221223,GBP,1.155774,5.132732
20221223,SEK,0.093322,0.414438
20221224,EUR,1.0,4.43981
20221224,PLN,0.225235,1.000001
20221224,USD,1.024659,4.549292
20221224,GBP,1.156103,5.132878
20221224,SEK,0.093378,0.414581
20221225,EUR,1.0,4.438686
20221225,PLN,0.225292,1.000001
20221225,USD,1.024197,4.546089
20221225,GBP,1.156433,5.133043
20221225,SEK,0.093433,0.41472
20221226,EUR,1.0,4.437576
20221226,PLN,0.225348,0.999999
20221226,USD,1.023721,4.54284
20221226,GBP,1.156763,5.133224
20221226,SEK,0.093488,0.41486
20221227,EUR,1.0,4.43648
20221227,PLN,0.225404,1.0
20221227,USD,1.023229,4.539535
20221227,GBP,1.157095,5.133428
20221227,SEK,0.093543,0.415002
20221228,EUR,1.0,4.435397
20221228,PLN,0.225459,1.0
20221228,USD,1.022722,4.536178
20221228,GBP,1.157426,5.133644
20221228,SEK,0.093598,0.415144
20221229,EUR,1.0,4.434329
20221229,PLN,0.225513,0.999999
20221229,USD,1.0222,4.532771
20221229,GBP,1.157758,5.13388
20221229,SEK,0.093653,0.415288
20221230,EUR,1.0,4.433275
20221230,PLN,0.225567,1.000001
20221230,USD,1.021664,4.529318
20221230,GBP,1.158091,5.134136
20221230,SEK,0.093707,0.415429
20221231,EUR,1.0,4.432236
20221231,PLN,0.22562,1.000001
20221231,USD,1.021113,4.525813
20221231,GBP,1.158424,5.134408
20221231,SEK,0.093761,0.415571
20230101,EUR,1.0,4.431211
20230101,PLN,0.225672,1.0
20230101,USD,1.020547,4.522259
20230101,GBP,1.158758,5.134701
20230101,SEK,0.093815,0.415714
20230102,EUR,1.0,4.4302
20230102,PLN,0.225723,0.999998
20230102,USD,1.019968,4.518662
20230102,GBP,1.159092,5.13501
20230102,SEK,0.093869,0.415858
20230103,EUR,1.0,4.429205
20230103,PLN,0.225774,0.999999
20230103,USD,1.019374,4.515016
20230103,GBP,1.159427,5.135339
20230103,SEK,0.093922,0.416
20230104,EUR,1.0,4.428224
20230104,PLN,0.225824,0.999999
20230104,USD,1.018766,4.511324
20230104,GBP,1.159762,5.135686
20230104,SEK,0.093976,0.416147
20230105,EUR,1.0,4.427258
20230105,PLN,0.225873,0.999998
20230105,USD,1.018145,4.507591
20230105,GBP,1.160098,5.136054
20230105,SEK,0.094029,0.416291
20230106,EUR,1.0,4.426308
20230106,PLN,0.225922,1.0
20230106,USD,1.017509,4.503808
20230106,GBP,1.160434,5.136438
20230106,SEK,0.094081,0.416431
20230107,EUR,1.0,4.425373
20230107,PLN,0.22597,1.000001
20230107,USD,1.016861,4.499989
20230107,GBP,1.16077,5.13684
20230107,SEK,0.094134,0.416578
20230108,EUR,1.0,4.424453
20230108,PLN,0.226017,1.000002
20230108,USD,1.016199,4.496125
20230108,GBP,1.161107,5.137263
20230108,SEK,0.094186,0.416722
20230109,EUR,1.0,4.423549
20230109,PLN,0.226063,1.000001
20230109,USD,1.015525,4.492224
20230109,GBP,1.161443,5.1377
20230109,SEK,0.094238,0.416866
20230110,EUR,1.0,4.42266
20230110,PLN,0.226108,0.999999
20230110,USD,1.014837,4.488279
20230110,GBP,1.161781,5.138162
20230110,SEK,0.094289,0.417008
20230111,EUR,1.0,4.421787
20230111,PLN,0.226153,1.0
20230111,USD,1.014137,4.484298
20230111,GBP,1.162118,5.138638
20230111,SEK,0.09434,0.417151
20230112,EUR,1.0,4.42093
20230112,PLN,0.226197,1.000001
20230112,USD,1.013424,4.480277
20230112,GBP,1.162456,5.139137
20230112,SEK,0.094391,0.417296
20230113,EUR,1.0,4.420089
20230113,PLN,0.22624,1.000001
20230113,USD,1.012699,4.476219
20230113,GBP,1.162794,5.139653
20230113,SEK,0.094442,0.417442
20230114,EUR,1.0,4.419264
20230114,PLN,0.226282,1.0
20230114,USD,1.011963,4.472131
20230114,GBP,1.163132,5.140187
20230114,SEK,0.094492,0.417585
20230115,EUR,1.0,4.418455
20230115,PLN,0.226323,0.999998
20230115,USD,1.011214,4.468003
20230115,GBP,1.16347,5.140739
20230115,SEK,0.094542,0.41773
20230116,EUR,1.0,4.417662
20230116,PLN,0.226364,1.0
20230116,USD,1.010454,4.463844
20230116,GBP,1.163809,5.141315
20230116,SEK,0.094592,0.417875
20230117,EUR,1.0,4.416885
20230117,PLN,0.226404,1.000001
20230117,USD,1.009682,4.45965
20230117,GBP,1.164147,5.141904
20230117,SEK,0.094642,0.418023
20230118,EUR,1.0,4.416125
20230118,PLN,0.226443,1.000001
20230118,USD,1.008899,4.455425
20230118,GBP,1.164486,5.142516
20230118,SEK,0.094691,0.418167
20230119,EUR,1.0,4.415382
20230119,PLN,0.226481,1.0
20230119,USD,1.008105,4.451169
20230119,GBP,1.164825,5.143147
20230119,SEK,0.094739,0.418309
20230120,EUR,1.0,4.414655
20230120,PLN,0.226518,0.999999
20230120,USD,1.0073,4.446882
20230120,GBP,1.165163,5.143793
20230120,SEK,0.094788,0.418456
20230121,EUR,1.0,4.413945
20230121,PLN,0.226555,1.000001
20230121,USD,1.006485,4.442569
20230121,GBP,1.165502,5.144462
20230121,SEK,0.094836,0.418601
20230122,EUR,1.0,4.413252
20230122,PLN,0.22659,0.999999
20230122,USD,1.005659,4.438226
20230122,GBP,1.165841,5.14515
20230122,SEK,0.094883,0.418743
20230123,EUR,1.0,4.412575
20230123,PLN,0.226625,1.0
20230123,USD,1.004824,4.433861
20230123,GBP,1.16618,5.145857
20230123,SEK,0.09493,0.418886
20230124,EUR,1.0,4.411916
20230124,PLN,0.226659,1.0
20230124,USD,1.003978,4.429466
20230124,GBP,1.166519,5.146583
20230124,SEK,0.094977,0.419031
20230125,EUR,1.0,4.411273
20230125,PLN,0.226692,1.0
20230125,USD,1.003123,4.42505
20230125,GBP,1.166857,5.147325
20230125,SEK,0.095024,0.419177
20230126,EUR,1.0,4.410648
20230126,PLN,0.226724,1.0
20230126,USD,1.002258,4.420607
20230126,GBP,1.167196,5.14809
20230126,SEK,0.09507,0.41932
20230127,EUR,1.0,4.41004
20230127,PLN,0.226755,0.999999
20230127,USD,1.001384,4.416143
20230127,GBP,1.167535,5.148876
20230127,SEK,0.095116,0.419465
20230128,EUR,1.0,4.409449
20230128,PLN,0.226786,1.000001
20230128,USD,1.000502,4.411662
20230128,GBP,1.167873,5.149676
20230128,SEK,0.095161,0.419608
20230129,EUR,1.0,4.408875
20230129,PLN,0.226815,0.999999
20230129,USD,0.99961,4.407156
20230129,GBP,1.168211,5.150497
20230129,SEK,0.095206,0.419751
20230130,EUR,1.0,4.408319
20230130,PLN,0.226844,1.000001
20230130,USD,0.99871,4.402633
20230130,GBP,1.168549,5.151337
20230130,SEK,0.095251,0.419897
20230131,EUR,1.0,4.407781
20230131,PLN,0.226872,1.000002
20230131,USD,0.997802,4.398092
20230131,GBP,1.168887,5.152198
20230131,SEK,0.095295,0.420039
20230201,EUR,1.0,4.40726
20230201,PLN,0.226898,0.999998
20230201,USD,0.996885,4.393531
20230201,GBP,1.169225,5.153078
20230201,SEK,0.095338,0.420179
20230202,EUR,1.0,4.406756
20230202,PLN,0.226924,0.999999
20230202,USD,0.995961,4.388957
20230202,GBP,1.169562,5.153975
20230202,SEK,0.095382,0.420325
20230203,EUR,1.0,4.406271
20230203,PLN,0.226949,0.999999
20230203,USD,0.995029,4.384367
20230203,GBP,1.169899,5.154892
20230203,SEK,0.095424,0.420464
20230204,EUR,1.0,4.405803
20230204,PLN,0.226973,0.999998
20230204,USD,0.99409,4.379764
20230204,GBP,1.170236,5.155829
20230204,SEK,0.095467,0.420609
20230205,EUR,1.0,4.405352
20230205,PLN,0.226997,1.000002
20230205,USD,0.993144,4.375149
20230205,GBP,1.170572,5.156782
20230205,SEK,0.095509,0.420751
20230206,EUR,1.0,4.40492
20230206,PLN,0.227019,1.000001
20230206,USD,0.992191,4.370522
20230206,GBP,1.170908,5.157756
20230206,SEK,0.09555,0.42089
20230207,EUR,1.0,4.404506
20230207,PLN,0.22704,0.999999
20230207,USD,0.991231,4.365883
20230207,GBP,1.171244,5.158751
20230207,SEK,0.095591,0.421031
20230208,EUR,1.0,4.404109
20230208,PLN,0.227061,1.000001
20230208,USD,0.990265,4.361235
20230208,GBP,1.171579,5.159762
20230208,SEK,0.095632,0.421174
20230209,EUR,1.0,4.403731
20230209,PLN,0.22708,0.999999
20230209,USD,0.989293,4.35658
20230209,GBP,1.171914,5.160794
20230209,SEK,0.095672,0.421314
20230210,EUR,1.0,4.40337
20230210,PLN,0.227099,1.000001
20230210,USD,0.988315,4.351917
20230210,GBP,1.172249,5.161847
20230210,SEK,0.095712,0.421455
20230211,EUR,1.0,4.403028
20230211,PLN,0.227116,0.999998
20230211,USD,0.987331,4.347246
20230211,GBP,1.172583,5.162916
20230211,SEK,0.095751,0.421594
20230212,EUR,1.0,4.402704
20230212,PLN,0.227133,0.999999
20230212,USD,0.986342,4.342572
20230212,GBP,1.172916,5.164002
20230212,SEK,0.09579,0.421735
20230213,EUR,1.0,4.402398
20230213,PLN,0.227149,1.0
20230213,USD,0.985347,4.33789
20230213,GBP,1.173249,5.165109
20230213,SEK,0.095828,0.421873
20230214,EUR,1.0,4.40211
20230214,PLN,0.227164,1.000001
20230214,USD,0.984348,4.333209
20230214,GBP,1.173582,5.166238
20230214,SEK,0.095866,0.422013
20230215,EUR,1.0,4.401841
20230215,PLN,0.227178,1.000001
20230215,USD,0.983344,4.328524
20230215,GBP,1.173914,5.167383
20230215,SEK,0.095903,0.42215
20230216,EUR,1.0,4.40159
20230216,PLN,0.227191,1.000002
20230216,USD,0.982335,4.323836
20230216,GBP,1.174245,5.168545
20230216,SEK,0.09594,0.422289
20230217,EUR,1.0,4.401357
20230217,PLN,0.227203,1.000002
20230217,USD,0.981323,4.319153
20230217,GBP,1.174576,5.169728
20230217,SEK,0.095976,0.422425
20230218,EUR,1.0,4.401142
20230218,PLN,0.227214,1.000001
20230218,USD,0.980306,4.314466
20230218,GBP,1.174906,5.170929
20230218,SEK,0.096012,0.422562
20230219,EUR,1.0,4.400946
20230219,PLN,0.227224,1.000001
20230219,USD,0.979285,4.309781
20230219,GBP,1.175235,5.172146
20230219,SEK,0.096047,0.422698
20230220,EUR,1.0,4.400769
20230220,PLN,0.227233,1.0
20230220,USD,0.978261,4.3051
20230220,GBP,1.175564,5.173385
20230220,SEK,0.096082,0.422835
20230221,EUR,1.0,4.400609
20230221,PLN,0.227241,0.999999
20230221,USD,0.977234,4.300425
20230221,GBP,1.175891,5.174637
20230221,SEK,0.096116,0.422969
20230222,EUR,1.0,4.400468
20230222,PLN,0.227249,1.000002
20230222,USD,0.976204,4.295755
20230222,GBP,1.176219,5.175915
20230222,SEK,0.09615,0.423105
20230223,EUR,1.0,4.400346
20230223,PLN,0.227255,1.000001
20230223,USD,0.975171,4.29109
20230223,GBP,1.176545,5.177205
20230223,SEK,0.096183,0.423238
20230224,EUR,1.0,4.400242
20230224,PLN,0.22726,0.999999
20230224,USD,0.974135,4.28643
20230224,GBP,1.176871,5.178517
20230224,SEK,0.096215,0.423369
20230225,EUR,1.0,4.400157
20230225,PLN,0.227265,1.000002
20230225,USD,0.973097,4.281779
20230225,GBP,1.177196,5.179847
20230225,SEK,0.096247,0.423502
20230226,EUR,1.0,4.40009
20230226,PLN,0.227268,1.0
20230226,USD,0.972057,4.277138
20230226,GBP,1.17752,5.181194
20230226,SEK,0.096279,0.423636
20230227,EUR,1.0,4.400041
20230227,PLN,0.227271,1.000002
20230227,USD,0.971015,4.272506
20230227,GBP,1.177843,5.182558
20230227,SEK,0.09631,0.423768
20230228,EUR,1.0,4.400012
20230228,PLN,0.227272,0.999999
20230228,USD,0.969971,4.267884
20230228,GBP,1.178165,5.18394
20230228,SEK,0.09634,0.423897
20230301,EUR,1.0,4.4
20230301,PLN,0.227273,1.000001
20230301,USD,0.968926,4.263275
20230301,GBP,1.178486,5.185339
20230301,SEK,0.09637,0.424028
20230302,EUR,1.0,4.400007
20230302,PLN,0.227272,0.999998
20230302,USD,0.96788,4.258679
20230302,GBP,1.178807,5.186759
20230302,SEK,0.096399,0.424156
20230303,EUR,1.0,4.400033
20230303,PLN,0.227271,1.0
20230303,USD,0.966833,4.254097
20230303,GBP,1.179126,5.188193
20230303,SEK,0.096428,0.424286
20230304,EUR,1.0,4.400077
20230304,PLN,0.227269,1.000001
20230304,USD,0.965785,4.249528
20230304,GBP,1.179445,5.189649
20230304,SEK,0.096456,0.424414
20230305,EUR,1.0,4.40014
20230305,PLN,0.227266,1.000002
20230305,USD,0.964737,4.244978
20230305,GBP,1.179762,5.191118
20230305,SEK,0.096484,0.424543
20230306,EUR,1.0,4.400221
20230306,PLN,0.227261,0.999999
20230306,USD,0.963688,4.24044
20230306,GBP,1.180079,5.192608
20230306,SEK,0.096511,0.42467
20230307,EUR,1.0,4.400321
20230307,PLN,0.227256,0.999999
20230307,USD,0.962639,4.23592
20230307,GBP,1.180394,5.194112
20230307,SEK,0.096537,0.424794
20230308,EUR,1.0,4.400439
20230308,PLN,0.22725,1.0
20230308,USD,0.961591,4.231422
20230308,GBP,1.180709,5.195638
20230308,SEK,0.096563,0.42492
20230309,EUR,1.0,4.400575
20230309,PLN,0.227243,1.0
20230309,USD,0.960543,4.226942
20230309,GBP,1.181022,5.197176
20230309,SEK,0.096588,0.425043
20230310,EUR,1.0,4.40073
20230310,PLN,0.227235,1.0
20230310,USD,0.959495,4.222479
20230310,GBP,1.181334,5.198732
20230310,SEK,0.096613,0.425168
20230311,EUR,1.0,4.400904
20230311,PLN,0.227226,1.0
20230311,USD,0.958449,4.218042
20230311,GBP,1.181645,5.200306
20230311,SEK,0.096637,0.42529
20230312,EUR,1.0,4.401096
20230312,PLN,0.227216,0.999999
20230312,USD,0.957403,4.213622
20230312,GBP,1.181955,5.201897
20230312,SEK,0.096661,0.425414
20230313,EUR,1.0,4.401306
20230313,PLN,0.227205,0.999999
20230313,USD,0.956358,4.209224
20230313,GBP,1.182263,5.203501
20230313,SEK,0.096684,0.425536
20230314,EUR,1.0,4.401535
20230314,PLN,0.227193,0.999998
20230314,USD,0.955315,4.204852
20230314,GBP,1.182571,5.205127
20230314,SEK,0.096706,0.425655
20230315,EUR,1.0,4.401782
20230315,PLN,0.227181,1.000001
20230315,USD,0.954274,4.200506
20230315,GBP,1.182877,5.206766
20230315,SEK,0.096728,0.425776
20230316,EUR,1.0,4.402047
20230316,PLN,0.227167,1.0
20230316,USD,0.953235,4.196185
20230316,GBP,1.183182,5.208423
20230316,SEK,0.096749,0.425894
20230317,EUR,1.0,4.40233
20230317,PLN,0.227152,0.999998
20230317,USD,0.952197,4.191886
20230317,GBP,1.183486,5.210096
20230317,SEK,0.096769,0.426009
20230318,EUR,1.0,4.402632
20230318,PLN,0.227137,1.000001
20230318,USD,0.951162,4.187616
20230318,GBP,1.183788,5.211783
20230318,SEK,0.096789,0.426126
20230319,EUR,1.0,4.402952
20230319,PLN,0.22712,0.999998
20230319,USD,0.95013,4.183377
20230319,GBP,1.184089,5.213487
20230319,SEK,0.096808,0.426241
20230320,EUR,1.0,4.40329
20230320,PLN,0.227103,1.0
20230320,USD,0.9491,4.179163
20230320,GBP,1.184389,5.215208
20230320,SEK,0.096827,0.426357
20230321,EUR,1.0,4.403646
20230321,PLN,0.227085,1.000002
20230321,USD,0.948073,4.174978
20230321,GBP,1.184687,5.216943
20230321,SEK,0.096845,0.426471
20230322,EUR,1.0,4.404021
20230322,PLN,0.227065,0.999999
20230322,USD,0.947049,4.170823
20230322,GBP,1.184984,5.218694
20230322,SEK,0.096862,0.426582
20230323,EUR,1.0,4.404413
20230323,PLN,0.227045,1.0
20230323,USD,0.946029,4.166702
20230323,GBP,1.185279,5.220458
20230323,SEK,0.096879,0.426695
20230324,EUR,1.0,4.404823
20230324,PLN,0.227024,1.000001
20230324,USD,0.945012,4.162611
20230324,GBP,1.185573,5.222239
20230324,SEK,0.096895,0.426805
20230325,EUR,1.0,4.405251
20230325,PLN,0.227002,1.000001
20230325,USD,0.943998,4.158549
20230325,GBP,1.185866,5.224038
20230325,SEK,0.09691,0.426913
20230326,EUR,1.0,4.405697
20230326,PLN,0.226979,1.000001
20230326,USD,0.942989,4.154524
20230326,GBP,1.186157,5.225849
20230326,SEK,0.096925,0.427022
20230327,EUR,1.0,4.406161
20230327,PLN,0.226955,1.0
20230327,USD,0.941983,4.150529
20230327,GBP,1.186446,5.227673
20230327,SEK,0.096939,0.427129
20230328,EUR,1.0,4.406643
20230328,PLN,0.22693,0.999999
20230328,USD,0.940982,4.146572
20230328,GBP,1.186734,5.229513
20230328,SEK,0.096953,0.427237
20230329,EUR,1.0,4.407142
20230329,PLN,0.226904,0.999998
20230329,USD,0.939985,4.142648
20230329,GBP,1.187021,5.231371
20230329,SEK,0.096966,0.427343
20230330,EUR,1.0,4.407659
20230330,PLN,0.226878,1.000001
20230330,USD,0.938993,4.138761
20230330,GBP,1.187306,5.23324
20230330,SEK,0.096978,0.427446
20230331,EUR,1.0,4.408194
20230331,PLN,0.22685,0.999999
20230331,USD,0.938006,4.134912
20230331,GBP,1.187589,5.235123
20230331,SEK,0.09699,0.427551
20230401,EUR,1.0,4.408746
20230401,PLN,0.226822,1.000001
20230401,USD,0.937023,4.131096
20230401,GBP,1.18787,5.237017
20230401,SEK,0.097001,0.427653
20230402,EUR,1.0,4.409315
20230402,PLN,0.226793,1.000002
20230402,USD,0.936046,4.127322
20230402,GBP,1.18815,5.238928
20230402,SEK,0.097011,0.427752
20230403,EUR,1.0,4.409902
20230403,PLN,0.226762,0.999998
20230403,USD,0.935074,4.123585
20230403,GBP,1.188429,5.240856
20230403,SEK,0.097021,0.427853
20230404,EUR,1.0,4.410506
20230404,PLN,0.226731,0.999999
20230404,USD,0.934107,4.119885
20230404,GBP,1.188705,5.242791
20230404,SEK,0.09703,0.427951
20230405,EUR,1.0,4.411128
20230405,PLN,0.226699,0.999998
20230405,USD,0.933146,4.116226
20230405,GBP,1.18898,5.244743
20230405,SEK,0.097038,0.428047
20230406,EUR,1.0,4.411766
20230406,PLN,0.226667,1.000002
20230406,USD,0.932191,4.112609
20230406,GBP,1.189253,5.246706
20230406,SEK,0.097046,0.428144
20230407,EUR,1.0,4.412422
20230407,PLN,0.226633,1.0
20230407,USD,0.931242,4.109033
20230407,GBP,1.189525,5.248686
20230407,SEK,0.097053,0.428239
20230408,EUR,1.0,4.413094
20230408,PLN,0.226598,0.999998
20230408,USD,0.930299,4.105497
20230408,GBP,1.189795,5.250678
20230408,SEK,0.097059,0.428331
20230409,EUR,1.0,4.413784
20230409,PLN,0.226563,1.0
20230409,USD,0.929362,4.102003
20230409,GBP,1.190062,5.252677
20230409,SEK,0.097065,0.428424
20230410,EUR,1.0,4.41449
20230410,PLN,0.226527,1.000001
20230410,USD,0.928432,4.098554
20230410,GBP,1.190328,5.254691
20230410,SEK,0.09707,0.428515
20230411,EUR,1.0,4.415213
20230411,PLN,0.22649,1.000002
20230411,USD,0.927508,4.095146
20230411,GBP,1.190593,5.256722
20230411,SEK,0.097075,0.428607
20230412,EUR,1.0,4.415953
20230412,PLN,0.226452,1.000001
20230412,USD,0.926592,4.091787
20230412,GBP,1.190855,5.25876
20230412,SEK,0.097078,0.428692
20230413,EUR,1.0,4.416709
20230413,PLN,0.226413,1.0
20230413,USD,0.925682,4.088468
20230413,GBP,1.191115,5.260809
20230413,SEK,0.097081,0.428779
20230414,EUR,1.0,4.417482
20230414,PLN,0.226373,0.999999
20230414,USD,0.924779,4.085194
20230414,GBP,1.191374,5.262873
20230414,SEK,0.097084,0.428867
20230415,EUR,1.0,4.418271
20230415,PLN,0.226333,1.0
20230415,USD,0.923883,4.081965
20230415,GBP,1.191631,5.264948
20230415,SEK,0.097086,0.428952
20230416,EUR,1.0,4.419076
20230416,PLN,0.226292,1.000002
20230416,USD,0.922995,4.078785
20230416,GBP,1.191885,5.267031
20230416,SEK,0.097087,0.429035
20230417,EUR,1.0,4.419898
20230417,PLN,0.22625,1.000002
20230417,USD,0.922114,4.075649
20230417,GBP,1.192138,5.269128
20230417,SEK,0.097087,0.429115
20230418,EUR,1.0,4.420735
20230418,PLN,0.226207,1.000001
20230418,USD,0.921241,4.072562
20230418,GBP,1.192389,5.271236
20230418,SEK,0.097087,0.429196
20230419,EUR,1.0,4.421589
20230419,PLN,0.226163,1.0
20230419,USD,0.920376,4.069524
20230419,GBP,1.192637,5.27335
20230419,SEK,0.097086,0.429274
20230420,EUR,1.0,4.422458
20230420,PLN,0.226119,1.000002
20230420,USD,0.919518,4.06653
20230420,GBP,1.192884,5.275479
20230420,SEK,0.097085,0.429354
20230421,EUR,1.0,4.423343
20230421,PLN,0.226073,0.999998
20230421,USD,0.918669,4.063588
20230421,GBP,1.193129,5.277619
20230421,SEK,0.097083,0.429431
20230422,EUR,1.0,4.424244
20230422,PLN,0.226027,0.999999
20230422,USD,0.917828,4.060695
20230422,GBP,1.193371,5.279764
20230422,SEK,0.09708,0.429506
20230423,EUR,1.0,4.42516
20230423,PLN,0.225981,1.000002
20230423,USD,0.916995,4.057849
20230423,GBP,1.193612,5.281924
20230423,SEK,0.097076,0.429577
20230424,EUR,1.0,4.426092
20230424,PLN,0.225933,1.0
20230424,USD,0.916171,4.055057
20230424,GBP,1.19385,5.284089
20230424,SEK,0.097072,0.42965
20230425,EUR,1.0,4.427038
20230425,PLN,0.225885,1.000002
20230425,USD,0.915355,4.052312
20230425,GBP,1.194087,5.286269
20230425,SEK,0.097068,0.429724
20230426,EUR,1.0,4.428001
20230426,PLN,0.225836,1.000002
20230426,USD,0.914548,4.049619
20230426,GBP,1.194321,5.288454
20230426,SEK,0.097062,0.429791
20230427,EUR,1.0,4.428978
20230427,PLN,0.225786,1.000001
20230427,USD,0.913749,4.046974
20230427,GBP,1.194553,5.290649
20230427,SEK,0.097056,0.429859
20230428,EUR,1.0,4.42997
20230428,PLN,0.225735,0.999999
20230428,USD,0.91296,4.044385
20230428,GBP,1.194783,5.292853
20230428,SEK,0.097049,0.429924
20230429,EUR,1.0,4.430977
20230429,PLN,0.225684,1.000001
20230429,USD,0.91218,4.041848
20230429,GBP,1.19501,5.295062
20230429,SEK,0.097042,0.429991
20230430,EUR,1.0,4.431998
20230430,PLN,0.225632,1.000001
20230430,USD,0.911409,4.039363
20230430,GBP,1.195236,5.297284
20230430,SEK,0.097034,0.430055
20230501,EUR,1.0,4.433035
20230501,PLN,0.225579,1.0
20230501,USD,0.910647,4.03693
20230501,GBP,1.195459,5.299511
20230501,SEK,0.097025,0.430115
20230502,EUR,1.0,4.434085
20230502,PLN,0.225526,1.000002
20230502,USD,0.909894,4.034548
20230502,GBP,1.19568,5.301747
20230502,SEK,0.097016,0.430177
20230503,EUR,1.0,4.43515
20230503,PLN,0.225472,1.000002
20230503,USD,0.909152,4.032226
20230503,GBP,1.195899,5.303992
20230503,SEK,0.097006,0.430236
20230504,EUR,1.0,4.436229
20230504,PLN,0.225417,1.000002
20230504,USD,0.908418,4.029951
20230504,GBP,1.196115,5.306241
20230504,SEK,0.096995,0.430292
20230505,EUR,1.0,4.437323
20230505,PLN,0.225361,0.999999
20230505,USD,0.907695,4.027736
20230505,GBP,1.196329,5.308498
20230505,SEK,0.096984,0.430349
20230506,EUR,1.0,4.43843
20230506,PLN,0.225305,1.0
20230506,USD,0.906981,4.025571
20230506,GBP,1.196541,5.310763
20230506,SEK,0.096972,0.430403
20230507,EUR,1.0,4.439551
20230507,PLN,0.225248,1.0
20230507,USD,0.906277,4.023463
20230507,GBP,1.19675,5.313032
20230507,SEK,0.096959,0.430454
20230508,EUR,1.0,4.440685
20230508,PLN,0.22519,0.999998
20230508,USD,0.905583,4.021409
20230508,GBP,1.196957,5.315309
20230508,SEK,0.096946,0.430507
20230509,EUR,1.0,4.441833
20230509,PLN,0.225132,0.999999
20230509,USD,0.9049,4.019415
20230509,GBP,1.197162,5.317594
20230509,SEK,0.096932,0.430556
20230510,EUR,1.0,4.442994
20230510,PLN,0.225073,0.999998
20230510,USD,0.904226,4.017471
20230510,GBP,1.197364,5.319882
20230510,SEK,0.096917,0.430602
20230511,EUR,1.0,4.444169
20230511,PLN,0.225014,1.0
20230511,USD,0.903563,4.015587
20230511,GBP,1.197564,5.322177
20230511,SEK,0.096902,0.430649
20230512,EUR,1.0,4.445357
20230512,PLN,0.224954,1.000001
20230512,USD,0.902911,4.013761
20230512,GBP,1.197762,5.324479
20230512,SEK,0.096887,0.430697
20230513,EUR,1.0,4.446557
20230513,PLN,0.224893,1.0
20230513,USD,0.902269,4.011991
20230513,GBP,1.197957,5.326784
20230513,SEK,0.09687,0.430738
20230514,EUR,1.0,4.44777
20230514,PLN,0.224832,1.000001
20230514,USD,0.901637,4.010274
20230514,GBP,1.198149,5.329092
20230514,SEK,0.096853,0.43078
20230515,EUR,1.0,4.448996
20230515,PLN,0.22477,1.000001
20230515,USD,0.901016,4.008617
20230515,GBP,1.198339,5.331406
20230515,SEK,0.096835,0.430819
20230516,EUR,1.0,4.450235
20230516,PLN,0.224707,0.999999
20230516,USD,0.900406,4.007018
20230516,GBP,1.198527,5.333727
20230516,SEK,0.096817,0.430858
20230517,EUR,1.0,4.451485
20230517,PLN,0.224644,1.0
20230517,USD,0.899807,4.005478
20230517,GBP,1.198712,5.336049
20230517,SEK,0.096798,0.430895
20230518,EUR,1.0,4.452748
20230518,PLN,0.22458,0.999998
20230518,USD,0.899218,4.003991
20230518,GBP,1.198895,5.338378
20230518,SEK,0.096779,0.430933
20230519,EUR,1.0,4.454023
20230519,PLN,0.224516,0.999999
20230519,USD,0.898641,4.002568
20230519,GBP,1.199075,5.340708
20230519,SEK,0.096758,0.430962
20230520,EUR,1.0,4.45531
20230520,PLN,0.224451,0.999999
20230520,USD,0.898074,4.001198
20230520,GBP,1.199253,5.343044
20230520,SEK,0.096738,0.430998
20230521,EUR,1.0,4.456608
20230521,PLN,0.224386,1.000001
20230521,USD,0.897519,3.999891
20230521,GBP,1.199428,5.345381
20230521,SEK,0.096716,0.431025
20230522,EUR,1.0,4.457918
20230522,PLN,0.22432,1.0
20230522,USD,0.896975,3.998641
20230522,GBP,1.1996,5.347719
20230522,SEK,0.096694,0.431054
20230523,EUR,1.0,4.45924
20230523,PLN,0.224253,0.999998
20230523,USD,0.896443,3.997454
20230523,GBP,1.19977,5.350062
20230523,SEK,0.096672,0.431084
20230524,EUR,1.0,4.460572
20230524,PLN,0.224186,0.999998
20230524,USD,0.895921,3.99632
20230524,GBP,1.199937,5.352406
20230524,SEK,0.096649,0.43111
20230525,EUR,1.0,4.461916
20230525,PLN,0.224119,1.0
20230525,USD,0.895412,3.995253
20230525,GBP,1.200102,5.354754
20230525,SEK,0.096625,0.431133
20230526,EUR,1.0,4.46327
20230526,PLN,0.224051,1.0
20230526,USD,0.894913,3.994239
20230526,GBP,1.200264,5.357103
20230526,SEK,0.0966,0.431152
20230527,EUR,1.0,4.464635
20230527,PLN,0.223982,0.999998
20230527,USD,0.894426,3.993286
20230527,GBP,1.200423,5.359451
20230527,SEK,0.096575,0.431172
20230528,EUR,1.0,4.466011
20230528,PLN,0.223913,0.999998
20230528,USD,0.893951,3.992395
20230528,GBP,1.20058,5.361804
20230528,SEK,0.09655,0.431193
20230529,EUR,1.0,4.467397
20230529,PLN,0.223844,1.0
20230529,USD,0.893488,3.991566
20230529,GBP,1.200734,5.364156
20230529,SEK,0.096524,0.431211
20230530,EUR,1.0,4.468793
20230530,PLN,0.223774,1.0
20230530,USD,0.893036,3.990793
20230530,GBP,1.200885,5.366507
20230530,SEK,0.096497,0.431225
20230531,EUR,1.0,4.4702
20230531,PLN,0.223704,1.000002
20230531,USD,0.892596,3.990082
20230531,GBP,1.201034,5.368862
20230531,SEK,0.09647,0.43124
20230601,EUR,1.0,4.471616
20230601,PLN,0.223633,1.000001
20230601,USD,0.892168,3.989433
20230601,GBP,1.20118,5.371216
20230601,SEK,0.096442,0.431252
20230602,EUR,1.0,4.473042
20230602,PLN,0.223562,1.000002
20230602,USD,0.891752,3.988844
20230602,GBP,1.201323,5.373568
20230602,SEK,0.096413,0.431259
20230603,EUR,1.0,4.474477
20230603,PLN,0.22349,1.000001
20230603,USD,0.891348,3.988316
20230603,GBP,1.201463,5.375919
20230603,SEK,0.096384,0.431268
20230604,EUR,1.0,4.475922
20230604,PLN,0.223418,1.000001
20230604,USD,0.890956,3.987849
20230604,GBP,1.201601,5.378272
20230604,SEK,0.096355,0.431277
20230605,EUR,1.0,4.477375
20230605,PLN,0.223345,0.999999
20230605,USD,0.890575,3.987439
20230605,GBP,1.201736,5.380623
20230605,SEK,0.096324,0.431279
20230606,EUR,1.0,4.478838
20230606,PLN,0.223272,0.999999
20230606,USD,0.890207,3.987093
20230606,GBP,1.201868,5.382972
20230606,SEK,0.096294,0.431285
20230607,EUR,1.0,4.48031
20230607,PLN,0.223199,1.000001
20230607,USD,0.889852,3.986813
20230607,GBP,1.201998,5.385323
20230607,SEK,0.096262,0.431284
20230608,EUR,1.0,4.48179
20230608,PLN,0.223125,0.999999
20230608,USD,0.889508,3.986588
20230608,GBP,1.202124,5.387667
20230608,SEK,0.096231,0.431287
20230609,EUR,1.0,4.483278
20230609,PLN,0.223051,1.0
20230609,USD,0.889176,3.986424
20230609,GBP,1.202248,5.390012
20230609,SEK,0.096198,0.431282
20230610,EUR,1.0,4.484775
20230610,PLN,0.222977,1.000002
20230610,USD,0.888857,3.986324
20230610,GBP,1.202369,5.392355
20230610,SEK,0.096165,0.431278
20230611,EUR,1.0,4.48628
20230611,PLN,0.222902,1.000001
20230611,USD,0.88855,3.986284
20230611,GBP,1.202487,5.394693
20230611,SEK,0.096132,0.431275
20230612,EUR,1.0,4.487793
20230612,PLN,0.222827,1.000001
20230612,USD,0.888256,3.986309
20230612,GBP,1.202603,5.397033
20230612,SEK,0.096098,0.431268
20230613,EUR,1.0,4.489313
20230613,PLN,0.222751,0.999999
20230613,USD,0.887974,3.986393
20230613,GBP,1.202715,5.399364
20230613,SEK,0.096064,0.431261
20230614,EUR,1.0,4.490841
20230614,PLN,0.222675,0.999998
20230614,USD,0.887704,3.986538
20230614,GBP,1.202825,5.401696
20230614,SEK,0.096029,0.431251
20230615,EUR,1.0,4.492376
20230615,PLN,0.222599,0.999998
20230615,USD,0.887447,3.986746
20230615,GBP,1.202932,5.404023
20230615,SEK,0.095993,0.431237
20230616,EUR,1.0,4.493919
20230616,PLN,0.222523,1.0
20230616,USD,0.887202,3.987013
20230616,GBP,1.203036,5.406346
20230616,SEK,0.095957,0.431223
20230617,EUR,1.0,4.495468
20230617,PLN,0.222446,0.999999
20230617,USD,0.88697,3.987345
20230617,GBP,1.203137,5.408664
20230617,SEK,0.095921,0.43121
20230618,EUR,1.0,4.497024
20230618,PLN,0.222369,0.999999
20230618,USD,0.886751,3.98774
20230618,GBP,1.203235,5.410976
20230618,SEK,0.095884,0.431193
20230619,EUR,1.0,4.498586
20230619,PLN,0.222292,1.0
20230619,USD,0.886544,3.988195
20230619,GBP,1.203331,5.413288
20230619,SEK,0.095846,0.431171
20230620,EUR,1.0,4.500155
20230620,PLN,0.222215,1.000002
20230620,USD,0.886349,3.988708
20230620,GBP,1.203423,5.41559
20230620,SEK,0.095808,0.431151
20230621,EUR,1.0,4.50173
20230621,PLN,0.222137,1.000001
20230621,USD,0.886167,3.989285
20230621,GBP,1.203513,5.417891
20230621,SEK,0.09577,0.431131
20230622,EUR,1.0,4.503311
20230622,PLN,0.222059,1.000001
20230622,USD,0.885998,3.989925
20230622,GBP,1.203599,5.420181
20230622,SEK,0.095731,0.431106
20230623,EUR,1.0,4.504898
20230623,PLN,0.221981,1.000002
20230623,USD,0.885842,3.990628
20230623,GBP,1.203683,5.422469
20230623,SEK,0.095691,0.431078
20230624,EUR,1.0,4.50649
20230624,PLN,0.221902,0.999999
20230624,USD,0.885698,3.991389
20230624,GBP,1.203764,5.42475
20230624,SEK,0.095651,0.43105
20230625,EUR,1.0,4.508088
20230625,PLN,0.221824,1.000002
20230625,USD,0.885567,3.992214
20230625,GBP,1.203842,5.427025
20230625,SEK,0.095611,0.431023
20230626,EUR,1.0,4.509691
20230626,PLN,0.221745,1.000001
20230626,USD,0.885448,3.993096
20230626,GBP,1.203916,5.429289
20230626,SEK,0.09557,0.430991
20230627,EUR,1.0,4.511298
20230627,PLN,0.221666,1.000001
20230627,USD,0.885342,3.994042
20230627,GBP,1.203988,5.431549
20230627,SEK,0.095529,0.43096
20230628,EUR,1.0,4.512911
20230628,PLN,0.221586,0.999998
20230628,USD,0.885249,3.99505
20230628,GBP,1.204057,5.433802
20230628,SEK,0.095487,0.430924
20230629,EUR,1.0,4.514528
20230629,PLN,0.221507,1.0
20230629,USD,0.885169,3.99612
20230629,GBP,1.204123,5.436047
20230629,SEK,0.095445,0.430889
20230630,EUR,1.0,4.51615
20230630,PLN,0.221428,1.000002
20230630,USD,0.885102,3.997253
20230630,GBP,1.204187,5.438289
20230630,SEK,0.095402,0.43085
20230701,EUR,1.0,4.517775
20230701,PLN,0.221348,1.000001
20230701,USD,0.885047,3.998444
20230701,GBP,1.204247,5.440517
20230701,SEK,0.095359,0.430811
20230702,EUR,1.0,4.519405
20230702,PLN,0.221268,1.0
20230702,USD,0.885005,3.999696
20230702,GBP,1.204304,5.442738
20230702,SEK,0.095316,0.430772
20230703,EUR,1.0,4.521039
20230703,PLN,0.221188,0.999999
20230703,USD,0.884976,4.001011
20230703,GBP,1.204358,5.444949
20230703,SEK,0.095272,0.430728
20230704,EUR,1.0,4.522676
20230704,PLN,0.221108,1.0
20230704,USD,0.88496,4.002387
20230704,GBP,1.204409,5.447151
20230704,SEK,0.095227,0.430681
20230705,EUR,1.0,4.524316
20230705,PLN,0.221028,1.000001
20230705,USD,0.884956,4.003821
20230705,GBP,1.204457,5.449344
20230705,SEK,0.095183,0.430638
20230706,EUR,1.0,4.52596
20230706,PLN,0.220948,1.000002
20230706,USD,0.884965,4.005316
20230706,GBP,1.204502,5.451527
20230706,SEK,0.095137,0.430586
20230707,EUR,1.0,4.527606
20230707,PLN,0.220867,0.999999
20230707,USD,0.884987,4.006873
20230707,GBP,1.204545,5.453705
20230707,SEK,0.095092,0.430539
20230708,EUR,1.0,4.529256
20230708,PLN,0.220787,1.000001
20230708,USD,0.885022,4.008491
20230708,GBP,1.204584,5.455869
20230708,SEK,0.095046,0.430488
20230709,EUR,1.0,4.530907
20230709,PLN,0.220706,0.999998
20230709,USD,0.88507,4.01017
20230709,GBP,1.20462,5.458022
20230709,SEK,0.095,0.430436
20230710,EUR,1.0,4.532562
20230710,PLN,0.220626,1.000001
20230710,USD,0.88513,4.011906
20230710,GBP,1.204653,5.460164
20230710,SEK,0.094953,0.43038
20230711,EUR,1.0,4.534218
20230711,PLN,0.220545,0.999999
20230711,USD,0.885203,4.013703
20230711,GBP,1.204683,5.462296
20230711,SEK,0.094906,0.430325
20230712,EUR,1.0,4.535876
20230712,PLN,0.220465,1.000002
20230712,USD,0.885289,4.015562
20230712,GBP,1.20471,5.464416
20230712,SEK,0.094858,0.430264
20230713,EUR,1.0,4.537537
20230713,PLN,0.220384,1.0
20230713,USD,0.885388,4.01748
20230713,GBP,1.204735,5.466529
20230713,SEK,0.094811,0.430208
20230714,EUR,1.0,4.539198
20230714,PLN,0.220303,0.999999
20230714,USD,0.885499,4.019455
20230714,GBP,1.204756,5.468626
20230714,SEK,0.094762,0.430144
20230715,EUR,1.0,4.540861
20230715,PLN,0.220223,1.000002
20230715,USD,0.885623,4.021491
20230715,GBP,1.204774,5.470712
20230715,SEK,0.094714,0.430083
20230716,EUR,1.0,4.542525
20230716,PLN,0.220142,1.000001
20230716,USD,0.88576,4.023587
20230716,GBP,1.204789,5.472785
20230716,SEK,0.094665,0.430018
20230717,EUR,1.0,4.54419
20230717,PLN,0.220061,0.999999
20230717,USD,0.885909,4.025739
20230717,GBP,1.204801,5.474845
20230717,SEK,0.094616,0.429953
20230718,EUR,1.0,4.545856
20230718,PLN,0.219981,1.000002
20230718,USD,0.886071,4.027951
20230718,GBP,1.20481,5.476893
20230718,SEK,0.094566,0.429883
20230719,EUR,1.0,4.547522
20230719,PLN,0.2199,1.0
20230719,USD,0.886246,4.030223
20230719,GBP,1.204816,5.478928
20230719,SEK,0.094516,0.429814
20230720,EUR,1.0,4.549189
20230720,PLN,0.219819,0.999998
20230720,USD,0.886434,4.032556
20230720,GBP,1.204819,5.480949
20230720,SEK,0.094466,0.429744
20230721,EUR,1.0,4.550856
20230721,PLN,0.219739,1.0
20230721,USD,0.886634,4.034943
20230721,GBP,1.204819,5.482957
20230721,SEK,0.094416,0.429674
20230722,EUR,1.0,4.552522
20230722,PLN,0.219658,0.999998
20230722,USD,0.886846,4.037386
20230722,GBP,1.204816,5.484951
20230722,SEK,0.094365,0.429599
20230723,EUR,1.0,4.554188
20230723,PLN,0.219578,1.0
20230723,USD,0.887071,4.039888
20230723,GBP,1.20481,5.486932
20230723,SEK,0.094314,0.429524
20230724,EUR,1.0,4.555854
20230724,PLN,0.219498,1.000001
20230724,USD,0.887309,4.04245
20230724,GBP,1.204801,5.488898
20230724,SEK,0.094262,0.429444
20230725,EUR,1.0,4.557519
20230725,PLN,0.219418,1.000002
20230725,USD,0.887559,4.045067
20230725,GBP,1.204788,5.490844
20230725,SEK,0.094211,0.429368
20230726,EUR,1.0,4.559183
20230726,PLN,0.219338,1.000002
20230726,USD,0.887822,4.047743
20230726,GBP,1.204773,5.492781
20230726,SEK,0.094159,0.429288
20230727,EUR,1.0,4.560846
20230727,PLN,0.219258,1.000002
20230727,USD,0.888097,4.050474
20230727,GBP,1.204755,5.494702
20230727,SEK,0.094106,0.429203
20230728,EUR,1.0,4.562508
20230728,PLN,0.219178,1.000001
20230728,USD,0.888385,4.053263
20230728,GBP,1.204734,5.496608
20230728,SEK,0.094054,0.429122
20230729,EUR,1.0,4.564168
20230729,PLN,0.219098,1.0
20230729,USD,0.888685,4.056107
20230729,GBP,1.20471,5.498498
20230729,SEK,0.094001,0.429036
20230730,EUR,1.0,4.565826
20230730,PLN,0.219018,0.999998
20230730,USD,0.888997,4.059006
20230730,GBP,1.204683,5.500373
20230730,SEK,0.093948,0.42895
20230731,EUR,1.0,4.567482
20230731,PLN,0.218939,1.0
20230731,USD,0.889322,4.061963
20230731,GBP,1.204652,5.502227
20230731,SEK,0.093895,0.428864
20230801,EUR,1.0,4.569137
20230801,PLN,0.21886,1.000001
20230801,USD,0.889658,4.064969
20230801,GBP,1.204619,5.504069
20230801,SEK,0.093841,0.428772
20230802,EUR,1.0,4.570788
20230802,PLN,0.218781,1.000002
20230802,USD,0.890008,4.068038
20230802,GBP,1.204583,5.505894
20230802,SEK,0.093787,0.428681
20230803,EUR,1.0,4.572438
20230803,PLN,0.218702,1.000001
20230803,USD,0.890369,4.071157
20230803,GBP,1.204544,5.507702
20230803,SEK,0.093733,0.428588
20230804,EUR,1.0,4.574084
20230804,PLN,0.218623,1.0
20230804,USD,0.890742,4.074329
20230804,GBP,1.204501,5.509489
20230804,SEK,0.093679,0.428496
20230805,EUR,1.0,4.575728
20230805,PLN,0.218544,0.999998
20230805,USD,0.891128,4.077559
20230805,GBP,1.204456,5.511263
20230805,SEK,0.093624,0.428398
20230806,EUR,1.0,4.577368
20230806,PLN,0.218466,0.999999
20230806,USD,0.891525,4.080838
20230806,GBP,1.204408,5.513019
20230806,SEK,0.09357,0.428304
20230807,EUR,1.0,4.579005
20230807,PLN,0.218388,1.0
20230807,USD,0.891935,4.084175
20230807,GBP,1.204357,5.514757
20230807,SEK,0.093515,0.428206
20230808,EUR,1.0,4.580638
20230808,PLN,0.21831,0.999999
20230808,USD,0.892356,4.08756
20230808,GBP,1.204302,5.516472
20230808,SEK,0.093459,0.428102
20230809,EUR,1.0,4.582268
20230809,PLN,0.218233,1.000002
20230809,USD,0.892789,4.090998
20230809,GBP,1.204245,5.518173
20230809,SEK,0.093404,0.428002
20230810,EUR,1.0,4.583894
20230810,PLN,0.218155,0.999999
20230810,USD,0.893235,4.094494
20230810,GBP,1.204185,5.519856
20230810,SEK,0.093349,0.427902
20230811,EUR,1.0,4.585515
20230811,PLN,0.218078,1.0
20230811,USD,0.893691,4.098034
20230811,GBP,1.204122,5.52152
20230811,SEK,0.093293,0.427796
20230812,EUR,1.0,4.587132
20230812,PLN,0.218001,0.999999
20230812,USD,0.89416,4.10163
20230812,GBP,1.204056,5.523164
20230812,SEK,0.093237,0.42769
20230813,EUR,1.0,4.588745
20230813,PLN,0.217925,1.000002
20230813,USD,0.89464,4.105274
20230813,GBP,1.203987,5.524789
20230813,SEK,0.093181,0.427584
20230814,EUR,1.0,4.590352
20230814,PLN,0.217848,0.999999
20230814,USD,0.895132,4.108971
20230814,GBP,1.203915,5.526394
20230814,SEK,0.093125,0.427477
20230815,EUR,1.0,4.591955
20230815,PLN,0.217772,0.999999
20230815,USD,0.895636,4.11272
20230815,GBP,1.20384,5.527979
20230815,SEK,0.093068,0.427364
20230816,EUR,1.0,4.593552
20230816,PLN,0.217696,0.999998
20230816,USD,0.896151,4.116517
20230816,GBP,1.203762,5.529544
20230816,SEK,0.093012,0.427256
20230817,EUR,1.0,4.595145
20230817,PLN,0.217621,1.0
20230817,USD,0.896677,4.120361
20230817,GBP,1.203681,5.531088
20230817,SEK,0.092955,0.427142
20230818,EUR,1.0,4.596731
20230818,PLN,0.217546,1.0
20230818,USD,0.897215,4.124256
20230818,GBP,1.203597,5.532612
20230818,SEK,0.092898,0.427027
20230819,EUR,1.0,4.598312
20230819,PLN,0.217471,1.0
20230819,USD,0.897764,4.128199
20230819,GBP,1.20351,5.534114
20230819,SEK,0.092841,0.426912
20230820,EUR,1.0,4.599887
20230820,PLN,0.217397,1.000002
20230820,USD,0.898324,4.132189
20230820,GBP,1.203421,5.5356
20230820,SEK,0.092784,0.426796
20230821,EUR,1.0,4.601456
20230821,PLN,0.217323,1.000002
20230821,USD,0.898895,4.136225
20230821,GBP,1.203328,5.53706
20230821,SEK,0.092727,0.426679
20230822,EUR,1.0,4.603018
20230822,PLN,0.217249,1.000001
20230822,USD,0.899477,4.140309
20230822,GBP,1.203233,5.538503
20230822,SEK,0.09267,0.426562
20230823,EUR,1.0,4.604574
20230823,PLN,0.217175,0.999998
20230823,USD,0.90007,4.144439
20230823,GBP,1.203134,5.539919
20230823,SEK,0.092612,0.426439
20230824,EUR,1.0,4.606123
20230824,PLN,0.217102,0.999998
20230824,USD,0.900675,4.14862
20230824,GBP,1.203033,5.541318
20230824,SEK,0.092555,0.42632
20230825,EUR,1.0,4.607665
20230825,PLN,0.21703,1.000001
20230825,USD,0.901289,4.152838
20230825,GBP,1.202929,5.542694
20230825,SEK,0.092497,0.426195
20230826,EUR,1.0,4.6092
20230826,PLN,0.216957,0.999998
20230826,USD,0.901915,4.157106
20230826,GBP,1.202822,5.544047
20230826,SEK,0.092439,0.42607
20230827,EUR,1.0,4.610727
20230827,PLN,0.216886,1.000002
20230827,USD,0.902551,4.161417
20230827,GBP,1.202712,5.545377
20230827,SEK,0.092382,0.425948
20230828,EUR,1.0,4.612248
20230828,PLN,0.216814,1.0
20230828,USD,0.903198,4.165773
20230828,GBP,1.2026,5.546689
20230828,SEK,0.092324,0.425821
20230829,EUR,1.0,4.61376
20230829,PLN,0.216743,1.0
20230829,USD,0.903856,4.170175
20230829,GBP,1.202484,5.547973
20230829,SEK,0.092266,0.425693
20230830,EUR,1.0,4.615265
20230830,PLN,0.216672,0.999999
20230830,USD,0.904523,4.174613
20230830,GBP,1.202366,5.549238
20230830,SEK,0.092208,0.425564
20230831,EUR,1.0,4.616761
20230831,PLN,0.216602,1.0
20230831,USD,0.905201,4.179097
20230831,GBP,1.202245,5.550478
20230831,SEK,0.09215,0.425435
20230901,EUR,1.0,4.61825
20230901,PLN,0.216532,0.999999
20230901,USD,0.905889,4.183622
20230901,GBP,1.202121,5.551695
20230901,SEK,0.092092,0.425304
20230902,EUR,1.0,4.61973
20230902,PLN,0.216463,1.000001
20230902,USD,0.906587,4.188187
20230902,GBP,1.201994,5.552887
20230902,SEK,0.092033,0.425168
20230903,EUR,1.0,4.621201
20230903,PLN,0.216394,1.0
20230903,USD,0.907296,4.192797
20230903,GBP,1.201865,5.55406
20230903,SEK,0.091975,0.425035
20230904,EUR,1.0,4.622663
20230904,PLN,0.216326,1.000002
20230904,USD,0.908014,4.197443
20230904,GBP,1.201732,5.555203
20230904,SEK,0.091917,0.424901
20230905,EUR,1.0,4.624117
20230905,PLN,0.216258,1.000002
20230905,USD,0.908742,4.202129
20230905,GBP,1.201597,5.556325
20230905,SEK,0.091859,0.424767
20230906,EUR,1.0,4.625561
20230906,PLN,0.21619,1.0
20230906,USD,0.909479,4.206851
20230906,GBP,1.20146,5.557427
20230906,SEK,0.0918,0.424627
20230907,EUR,1.0,4.626996
20230907,PLN,0.216123,1.0
20230907,USD,0.910226,4.211612
20230907,GBP,1.201319,5.558499
20230907,SEK,0.091742,0.42449
20230908,EUR,1.0,4.628422
20230908,PLN,0.216056,0.999998
20230908,USD,0.910983,4.216414
20230908,GBP,1.201176,5.559549
20230908,SEK,0.091684,0.424352
20230909,EUR,1.0,4.629838
20230909,PLN,0.21599,0.999999
20230909,USD,0.911749,4.22125
20230909,GBP,1.20103,5.560574
20230909,SEK,0.091626,0.424214
20230910,EUR,1.0,4.631244
20230910,PLN,0.215925,1.000001
20230910,USD,0.912524,4.226121
20230910,GBP,1.200881,5.561573
20230910,SEK,0.091567,0.424069
20230911,EUR,1.0,4.63264
20230911,PLN,0.21586,1.000002
20230911,USD,0.913308,4.231027
20230911,GBP,1.20073,5.56255
20230911,SEK,0.091509,0.423928
20230912,EUR,1.0,4.634026
20230912,PLN,0.215795,1.0
20230912,USD,0.914102,4.235972
20230912,GBP,1.200575,5.563495
20230912,SEK,0.091451,0.423786
20230913,EUR,1.0,4.635401
20230913,PLN,0.215731,1.0
20230913,USD,0.914904,4.240947
20230913,GBP,1.200419,5.564424
20230913,SEK,0.091392,0.423639
20230914,EUR,1.0,4.636766
20230914,PLN,0.215668,1.000002
20230914,USD,0.915715,4.245956
20230914,GBP,1.200259,5.56532
20230914,SEK,0.091334,0.423494
20230915,EUR,1.0,4.63812
20230915,PLN,0.215605,1.000002
20230915,USD,0.916534,4.250995
20230915,GBP,1.200097,5.566194
20230915,SEK,0.091276,0.423349
20230916,EUR,1.0,4.639463
20230916,PLN,0.215542,0.999999
20230916,USD,0.917362,4.256067
20230916,GBP,1.199933,5.567045
20230916,SEK,0.091218,0.423203
20230917,EUR,1.0,4.640796
20230917,PLN,0.21548,0.999999
20230917,USD,0.918199,4.261174
20230917,GBP,1.199765,5.567864
20230917,SEK,0.09116,0.423055
20230918,EUR,1.0,4.642117
20230918,PLN,0.215419,1.0
20230918,USD,0.919044,4.266309
20230918,GBP,1.199595,5.56866
20230918,SEK,0.091101,0.422901
20230919,EUR,1.0,4.643426
20230919,PLN,0.215358,0.999999
20230919,USD,0.919897,4.271474
20230919,GBP,1.199423,5.569432
20230919,SEK,0.091043,0.422751
20230920,EUR,1.0,4.644724
20230920,PLN,0.215298,1.0
20230920,USD,0.920758,4.276667
20230920,GBP,1.199248,5.570176
20230920,SEK,0.090985,0.4226
20230921,EUR,1.0,4.646011
20230921,PLN,0.215238,0.999998
20230921,USD,0.921626,4.281884
20230921,GBP,1.19907,5.570892
20230921,SEK,0.090928,0.422452
20230922,EUR,1.0,4.647285
20230922,PLN,0.215179,0.999998
20230922,USD,0.922503,4.287135
20230922,GBP,1.19889,5.571584
20230922,SEK,0.09087,0.422299
20230923,EUR,1.0,4.648548
20230923,PLN,0.215121,1.0
20230923,USD,0.923387,4.292409
20230923,GBP,1.198707,5.572247
20230923,SEK,0.090812,0.422144
20230924,EUR,1.0,4.649798
20230924,PLN,0.215063,1.0
20230924,USD,0.924279,4.297711
20230924,GBP,1.198522,5.572886
20230924,SEK,0.090754,0.421988
20230925,EUR,1.0,4.651036
20230925,PLN,0.215006,1.000001
20230925,USD,0.925177,4.303032
20230925,GBP,1.198334,5.573495
20230925,SEK,0.090697,0.421835
20230926,EUR,1.0,4.652262
20230926,PLN,0.214949,0.999999
20230926,USD,0.926083,4.308381
20230926,GBP,1.198144,5.57408
20230926,SEK,0.090639,0.421676
20230927,EUR,1.0,4.653475
20230927,PLN,0.214893,0.999999
20230927,USD,0.926996,4.313753
20230927,GBP,1.197952,5.57464
20230927,SEK,0.090582,0.421521
20230928,EUR,1.0,4.654675
20230928,PLN,0.214838,1.000001
20230928,USD,0.927916,4.319148
20230928,GBP,1.197756,5.575165
20230928,SEK,0.090524,0.42136
20230929,EUR,1.0,4.655863
20230929,PLN,0.214783,1.0
20230929,USD,0.928843,4.324565
20230929,GBP,1.197559,5.57567
20230929,SEK,0.090467,0.421202
20230930,EUR,1.0,4.657037
20230930,PLN,0.214729,1.000001
20230930,USD,0.929776,4.330001
20230930,GBP,1.197359,5.576145
20230930,SEK,0.09041,0.421043
20231001,EUR,1.0,4.658198
20231001,PLN,0.214675,0.999999
20231001,USD,0.930715,4.335454
20231001,GBP,1.197157,5.576594
20231001,SEK,0.090353,0.420882
20231002,EUR,1.0,4.659345
20231002,PLN,0.214622,0.999998
20231002,USD,0.931661,4.34093
20231002,GBP,1.196952,5.577013
20231002,SEK,0.090296,0.42072
20231003,EUR,1.0,4.660479
20231003,PLN,0.21457,0.999999
20231003,USD,0.932613,4.346424
20231003,GBP,1.196745,5.577406
20231003,SEK,0.09024,0.420562
20231004,EUR,1.0,4.6616
20231004,PLN,0.214519,1.000002
20231004,USD,0.933571,4.351935
20231004,GBP,1.196535,5.577768
20231004,SEK,0.090183,0.420397
20231005,EUR,1.0,4.662707
20231005,PLN,0.214468,1.000001
20231005,USD,0.934534,4.357458
20231005,GBP,1.196323,5.578103
20231005,SEK,0.090127,0.420236
20231006,EUR,1.0,4.6638
20231006,PLN,0.214417,0.999998
20231006,USD,0.935503,4.362998
20231006,GBP,1.196109,5.578413
20231006,SEK,0.090071,0.420073
20231007,EUR,1.0,4.664878
20231007,PLN,0.214368,1.000001
20231007,USD,0.936478,4.368556
20231007,GBP,1.195893,5.578695
20231007,SEK,0.090015,0.419909
20231008,EUR,1.0,4.665943
20231008,PLN,0.214319,1.0
20231008,USD,0.937457,4.374121
20231008,GBP,1.195674,5.578947
20231008,SEK,0.089959,0.419744
20231009,EUR,1.0,4.666993
20231009,PLN,0.214271,1.000001
20231009,USD,0.938442,4.379702
20231009,GBP,1.195453,5.579171
20231009,SEK,0.089903,0.419577
20231010,EUR,1.0,4.668029
20231010,PLN,0.214223,0.999999
20231010,USD,0.939432,4.385296
20231010,GBP,1.19523,5.579368
20231010,SEK,0.089847,0.419408
20231011,EUR,1.0,4.66905
20231011,PLN,0.214176,0.999998
20231011,USD,0.940426,4.390896
20231011,GBP,1.195004,5.579534
20231011,SEK,0.089792,0.419243
20231012,EUR,1.0,4.670057
20231012,PLN,0.21413,0.999999
20231012,USD,0.941425,4.396508
20231012,GBP,1.194777,5.579676
20231012,SEK,0.089736,0.419072
20231013,EUR,1.0,4.671048
20231013,PLN,0.214085,1.000001
20231013,USD,0.942428,4.402127
20231013,GBP,1.194547,5.579787
20231013,SEK,0.089681,0.418904
20231014,EUR,1.0,4.672025
20231014,PLN,0.21404,1.0
20231014,USD,0.943435,4.407752
20231014,GBP,1.194315,5.57987
20231014,SEK,0.089627,0.41874
20231015,EUR,1.0,4.672987
20231015,PLN,0.213996,1.000001
20231015,USD,0.944446,4.413384
20231015,GBP,1.19408,5.57992
20231015,SEK,0.089572,0.418569
20231016,EUR,1.0,4.673933
20231016,PLN,0.213953,1.000002
20231016,USD,0.945461,4.419022
20231016,GBP,1.193844,5.579947
20231016,SEK,0.089517,0.418397
20231017,EUR,1.0,4.674865
20231017,PLN,0.21391,1.0
20231017,USD,0.94648,4.424666
20231017,GBP,1.193606,5.579947
20231017,SEK,0.089463,0.418227
20231018,EUR,1.0,4.675781
20231018,PLN,0.213868,1.0
20231018,USD,0.947502,4.430311
20231018,GBP,1.193365,5.579913
20231018,SEK,0.089409,0.418057
20231019,EUR,1.0,4.676681
20231019,PLN,0.213827,1.000001
20231019,USD,0.948527,4.435958
20231019,GBP,1.193122,5.579851
20231019,SEK,0.089355,0.417885
20231020,EUR,1.0,4.677565
20231020,PLN,0.213786,0.999998
20231020,USD,0.949556,4.44161
20231020,GBP,1.192878,5.579765
20231020,SEK,0.089301,0.417711
20231021,EUR,1.0,4.678434
20231021,PLN,0.213747,1.000001
20231021,USD,0.950587,4.447259
20231021,GBP,1.192631,5.579646
20231021,SEK,0.089248,0.417541
20231022,EUR,1.0,4.679287
20231022,PLN,0.213708,1.000001
20231022,USD,0.95162,4.452904
20231022,GBP,1.192382,5.579498
20231022,SEK,0.089195,0.417369
20231023,EUR,1.0,4.680125
20231023,PLN,0.21367,1.000002
20231023,USD,0.952656,4.458549
20231023,GBP,1.192131,5.579322
20231023,SEK,0.089142,0.417196
20231024,EUR,1.0,4.680946
20231024,PLN,0.213632,1.0
20231024,USD,0.953695,4.464194
20231024,GBP,1.191879,5.579121
20231024,SEK,0.089089,0.417021
20231025,EUR,1.0,4.68175
20231025,PLN,0.213595,0.999998
20231025,USD,0.954735,4.469831
20231025,GBP,1.191624,5.578886
20231025,SEK,0.089037,0.416849
20231026,EUR,1.0,4.682539
20231026,PLN,0.213559,0.999998
20231026,USD,0.955777,4.475463
20231026,GBP,1.191367,5.578622
20231026,SEK,0.088984,0.416671
20231027,EUR,1.0,4.683311
20231027,PLN,0.213524,0.999999
20231027,USD,0.95682,4.481086
20231027,GBP,1.191108,5.578329
20231027,SEK,0.088932,0.416496
20231028,EUR,1.0,4.684067
20231028,PLN,0.21349,1.000001
20231028,USD,0.957865,4.486704
20231028,GBP,1.190848,5.578012
20231028,SEK,0.088881,0.416325
20231029,EUR,1.0,4.684806
20231029,PLN,0.213456,1.0
20231029,USD,0.958912,4.492317
20231029,GBP,1.190586,5.577665
20231029,SEK,0.088829,0.416147
20231030,EUR,1.0,4.685529
20231030,PLN,0.213423,1.0
20231030,USD,0.959959,4.497916
20231030,GBP,1.190321,5.577283
20231030,SEK,0.088778,0.415972
20231031,EUR,1.0,4.686235
20231031,PLN,0.213391,1.0
20231031,USD,0.961007,4.503504
20231031,GBP,1.190055,5.576877
20231031,SEK,0.088727,0.415796
20231101,EUR,1.0,4.686924
20231101,PLN,0.21336,1.000002
20231101,USD,0.962055,4.509078
20231101,GBP,1.189787,5.576441
20231101,SEK,0.088676,0.415618
20231102,EUR,1.0,4.687596
20231102,PLN,0.213329,1.0
20231102,USD,0.963104,4.514642
20231102,GBP,1.189518,5.57598
20231102,SEK,0.088626,0.415443
20231103,EUR,1.0,4.688251
20231103,PLN,0.213299,0.999999
20231103,USD,0.964152,4.520186
20231103,GBP,1.189246,5.575484
20231103,SEK,0.088576,0.415267
20231104,EUR,1.0,4.688889
20231104,PLN,0.21327,0.999999
20231104,USD,0.965201,4.52572
20231104,GBP,1.188973,5.574962
20231104,SEK,0.088526,0.415089
20231105,EUR,1.0,4.68951
20231105,PLN,0.213242,1.0
20231105,USD,0.966249,4.531234
20231105,GBP,1.188698,5.574411
20231105,SEK,0.088476,0.414909
20231106,EUR,1.0,4.690114
20231106,PLN,0.213214,0.999998
20231106,USD,0.967297,4.536733
20231106,GBP,1.188421,5.573829
20231106,SEK,0.088427,0.414733
20231107,EUR,1.0,4.6907
20231107,PLN,0.213188,1.000001
20231107,USD,0.968343,4.542207
20231107,GBP,1.188143,5.573222
20231107,SEK,0.088378,0.414555
20231108,EUR,1.0,4.691269
20231108,PLN,0.213162,1.0
20231108,USD,0.969389,4.547665
20231108,GBP,1.187863,5.572585
20231108,SEK,0.088329,0.414375
20231109,EUR,1.0,4.691821
20231109,PLN,0.213137,1.000001
20231109,USD,0.970433,4.553098
20231109,GBP,1.187581,5.571917
20231109,SEK,0.088281,0.414199
20231110,EUR,1.0,4.692355
20231110,PLN,0.213113,1.000002
20231110,USD,0.971476,4.55851
20231110,GBP,1.187298,5.571223
20231110,SEK,0.088233,0.414021
20231111,EUR,1.0,4.692871
20231111,PLN,0.213089,0.999999
20231111,USD,0.972517,4.563897
20231111,GBP,1.187013,5.570499
20231111,SEK,0.088185,0.413841
20231112,EUR,1.0,4.69337
20231112,PLN,0.213067,1.000002
20231112,USD,0.973557,4.569263
20231112,GBP,1.186727,5.569749
20231112,SEK,0.088138,0.413664
20231113,EUR,1.0,4.693851
20231113,PLN,0.213045,1.000002
20231113,USD,0.974594,4.574599
20231113,GBP,1.186439,5.568968
20231113,SEK,0.088091,0.413486
20231114,EUR,1.0,4.694315
20231114,PLN,0.213024,1.000002
20231114,USD,0.975628,4.579905
20231114,GBP,1.186149,5.568157
20231114,SEK,0.088044,0.413306
20231115,EUR,1.0,4.69476
20231115,PLN,0.213003,0.999998
20231115,USD,0.97666,4.585185
20231115,GBP,1.185858,5.567319
20231115,SEK,0.087997,0.413125
20231116,EUR,1.0,4.695188
20231116,PLN,0.212984,1.0
20231116,USD,0.977689,4.590434
20231116,GBP,1.185565,5.566451
20231116,SEK,0.087951,0.412946
20231117,EUR,1.0,4.695598
20231117,PLN,0.212965,0.999998
20231117,USD,0.978715,4.595652
20231117,GBP,1.185271,5.565556
20231117,SEK,0.087905,0.412767
20231118,EUR,1.0,4.69599
20231118,PLN,0.212948,1.000002
20231118,USD,0.979737,4.600835
20231118,GBP,1.184976,5.564635
20231118,SEK,0.08786,0.41259
20231119,EUR,1.0,4.696363
20231119,PLN,0.212931,1.000001
20231119,USD,0.980756,4.605987
20231119,GBP,1.184679,5.563683
20231119,SEK,0.087815,0.412411
20231120,EUR,1.0,4.696719
20231120,PLN,0.212915,1.000002
20231120,USD,0.981771,4.611103
20231120,GBP,1.184381,5.562705
20231120,SEK,0.08777,0.412231
20231121,EUR,1.0,4.697057
20231121,PLN,0.212899,0.999999
20231121,USD,0.982782,4.616183
20231121,GBP,1.184081,5.561696
20231121,SEK,0.087726,0.412054
20231122,EUR,1.0,4.697376
20231122,PLN,0.212885,1.000001
20231122,USD,0.983789,4.621227
20231122,GBP,1.18378,5.56066
20231122,SEK,0.087682,0.411875
20231123,EUR,1.0,4.697677
20231123,PLN,0.212871,0.999999
20231123,USD,0.984791,4.62623
20231123,GBP,1.183478,5.559598
20231123,SEK,0.087638,0.411695
20231124,EUR,1.0,4.69796
20231124,PLN,0.212858,0.999998
20231124,USD,0.985788,4.631193
20231124,GBP,1.183174,5.558505
20231124,SEK,0.087594,0.411513
20231125,EUR,1.0,4.698225
20231125,PLN,0.212846,0.999998
20231125,USD,0.98678,4.636115
20231125,GBP,1.182869,5.557385
20231125,SEK,0.087551,0.411334
20231126,EUR,1.0,4.698472
20231126,PLN,0.212835,0.999999
20231126,USD,0.987767,4.640995
20231126,GBP,1.182563,5.556239
20231126,SEK,0.087509,0.411159
20231127,EUR,1.0,4.6987
20231127,PLN,0.212825,1.000001
20231127,USD,0.988748,4.64583
20231127,GBP,1.182255,5.555061
20231127,SEK,0.087467,0.410981
20231128,EUR,1.0,4.69891
20231128,PLN,0.212815,0.999998
20231128,USD,0.989724,4.650624
20231128,GBP,1.181947,5.553862
20231128,SEK,0.087425,0.410802
20231129,EUR,1.0,4.699101
20231129,PLN,0.212807,1.000002
20231129,USD,0.990693,4.655366
20231129,GBP,1.181637,5.552632
20231129,SEK,0.087383,0.410622
20231130,EUR,1.0,4.699274
20231130,PLN,0.212799,1.000001
20231130,USD,0.991657,4.660068
20231130,GBP,1.181326,5.551375
20231130,SEK,0.087342,0.410444
20231201,EUR,1.0,4.699429
20231201,PLN,0.212792,1.000001
20231201,USD,0.992613,4.664714
20231201,GBP,1.181014,5.550091
20231201,SEK,0.087301,0.410265
20231202,EUR,1.0,4.699565
20231202,PLN,0.212786,1.000002
20231202,USD,0.993563,4.669314
20231202,GBP,1.1807,5.548776
20231202,SEK,0.087261,0.410089
20231203,EUR,1.0,4.699682
20231203,PLN,0.21278,0.999998
20231203,USD,0.994506,4.673862
20231203,GBP,1.180386,5.547439
20231203,SEK,0.087221,0.409911
20231204,EUR,1.0,4.699782
20231204,PLN,0.212776,1.000001
20231204,USD,0.995442,4.67836
20231204,GBP,1.18007,5.546071
20231204,SEK,0.087181,0.409732
20231205,EUR,1.0,4.699862
20231205,PLN,0.212772,0.999999
20231205,USD,0.996371,4.682806
20231205,GBP,1.179754,5.544681
20231205,SEK,0.087142,0.409555
20231206,EUR,1.0,4.699924
20231206,PLN,0.212769,0.999998
20231206,USD,0.997292,4.687197
20231206,GBP,1.179436,5.54326
20231206,SEK,0.087103,0.409378
20231207,EUR,1.0,4.699968
20231207,PLN,0.212767,0.999998
20231207,USD,0.998205,4.691532
20231207,GBP,1.179118,5.541817
20231207,SEK,0.087065,0.409203
20231208,EUR,1.0,4.699993
20231208,PLN,0.212766,0.999999
20231208,USD,0.999109,4.695805
20231208,GBP,1.178798,5.540343
20231208,SEK,0.087027,0.409026
20231209,EUR,1.0,4.7
20231209,PLN,0.212766,1.0
20231209,USD,1.000006,4.700028
20231209,GBP,1.178478,5.538846
20231209,SEK,0.086989,0.408848
20231210,EUR,1.0,4.699988
20231210,PLN,0.212767,1.000002
20231210,USD,1.000893,4.704185
20231210,GBP,1.178156,5.537319
20231210,SEK,0.086952,0.408673
20231211,EUR,1.0,4.699958
20231211,PLN,0.212768,1.000001
20231211,USD,1.001772,4.708286
20231211,GBP,1.177834,5.53577
20231211,SEK,0.086915,0.408497
20231212,EUR,1.0,4.699909
20231212,PLN,0.21277,1.0
20231212,USD,1.002642,4.712326
20231212,GBP,1.177511,5.534194
20231212,SEK,0.086879,0.408323
20231213,EUR,1.0,4.699841
20231213,PLN,0.212773,0.999999
20231213,USD,1.003503,4.716305
20231213,GBP,1.177187,5.532592
20231213,SEK,0.086843,0.408148
20231214,EUR,1.0,4.699755
20231214,PLN,0.212777,1.0
20231214,USD,1.004354,4.720218
20231214,GBP,1.176862,5.530963
20231214,SEK,0.086807,0.407972
20231215,EUR,1.0,4.699651
20231215,PLN,0.212782,1.000001
20231215,USD,1.005195,4.724066
20231215,GBP,1.176536,5.529308
20231215,SEK,0.086772,0.407798
20231216,EUR,1.0,4.699528
20231216,PLN,0.212787,0.999998
20231216,USD,1.006026,4.727847
20231216,GBP,1.17621,5.527632
20231216,SEK,0.086738,0.407628
20231217,EUR,1.0,4.699387
20231217,PLN,0.212794,1.000001
20231217,USD,1.006847,4.731563
20231217,GBP,1.175883,5.525929
20231217,SEK,0.086703,0.407451
20231218,EUR,1.0,4.699227
20231218,PLN,0.212801,1.0
20231218,USD,1.007658,4.735214
20231218,GBP,1.175555,5.5242
20231218,SEK,0.086669,0.407277
20231219,EUR,1.0,4.699049
20231219,PLN,0.212809,1.0
20231219,USD,1.008458,4.738793
20231219,GBP,1.175226,5.522444
20231219,SEK,0.086636,0.407107
20231220,EUR,1.0,4.698852
20231220,PLN,0.212818,1.0
20231220,USD,1.009247,4.742302
20231220,GBP,1.174897,5.520667
20231220,SEK,0.086603,0.406935
20231221,EUR,1.0,4.698637
20231221,PLN,0.212828,1.000002
20231221,USD,1.010025,4.745741
20231221,GBP,1.174567,5.518864
20231221,SEK,0.08657,0.406761
20231222,EUR,1.0,4.698404
20231222,PLN,0.212838,0.999999
20231222,USD,1.010791,4.749104
20231222,GBP,1.174236,5.517035
20231222,SEK,0.086538,0.40659
20231223,EUR,1.0,4.698152
20231223,PLN,0.21285,1.000002
20231223,USD,1.011547,4.752402
20231223,GBP,1.173905,5.515184
20231223,SEK,0.086507,0.406423
20231224,EUR,1.0,4.697882
20231224,PLN,0.212862,1.000001
20231224,USD,1.01229,4.755619
20231224,GBP,1.173573,5.513308
20231224,SEK,0.086475,0.406249
20231225,EUR,1.0,4.697594
20231225,PLN,0.212875,1.0
20231225,USD,1.013022,4.758766
20231225,GBP,1.17324,5.511405
20231225,SEK,0.086445,0.406084
20231226,EUR,1.0,4.697288
20231226,PLN,0.212889,1.000001
20231226,USD,1.013741,4.761833
20231226,GBP,1.172907,5.509481
20231226,SEK,0.086414,0.405911
20231227,EUR,1.0,4.696963
20231227,PLN,0.212904,1.000002
20231227,USD,1.014448,4.764825
20231227,GBP,1.172574,5.507537
20231227,SEK,0.086384,0.405742
20231228,EUR,1.0,4.69662
20231228,PLN,0.212919,1.0
20231228,USD,1.015143,4.767741
20231228,GBP,1.17224,5.505566
20231228,SEK,0.086355,0.405577
20231229,EUR,1.0,4.696259
20231229,PLN,0.212935,0.999998
20231229,USD,1.015825,4.770578
20231229,GBP,1.171905,5.50357
20231229,SEK,0.086326,0.405409
20231230,EUR,1.0,4.69588
20231230,PLN,0.212953,1.000002
20231230,USD,1.016494,4.773334
20231230,GBP,1.171571,5.501557
20231230,SEK,0.086297,0.40524
20231231,EUR,1.0,4.695483
20231231,PLN,0.212971,1.000002
20231231,USD,1.01715,4.776011
20231231,GBP,1.171235,5.499515
20231231,SEK,0.086269,0.405075
20240101,EUR,1.0,4.695069
20240101,PLN,0.212989,0.999998
20240101,USD,1.017792,4.778603
20240101,GBP,1.170899,5.497451
20240101,SEK,0.086242,0.404912
20240102,EUR,1.0,4.694636
20240102,PLN,0.213009,1.0
20240102,USD,1.018421,4.781116
20240102,GBP,1.170563,5.495367
20240102,SEK,0.086215,0.404748
20240103,EUR,1.0,4.694185
20240103,PLN,0.21303,1.000002
20240103,USD,1.019037,4.783548
20240103,GBP,1.170227,5.493262
20240103,SEK,0.086188,0.404582
20240104,EUR,1.0,4.693717
20240104,PLN,0.213051,1.000001
20240104,USD,1.019638,4.785892
20240104,GBP,1.16989,5.491132
20240104,SEK,0.086162,0.40442
20240105,EUR,1.0,4.693231
20240105,PLN,0.213073,1.000001
20240105,USD,1.020226,4.788156
20240105,GBP,1.169553,5.488982
20240105,SEK,0.086136,0.404256
20240106,EUR,1.0,4.692727
20240106,PLN,0.213096,1.000001
20240106,USD,1.020799,4.790331
20240106,GBP,1.169216,5.486811
20240106,SEK,0.086111,0.404095
20240107,EUR,1.0,4.692205
20240107,PLN,0.213119,0.999998
20240107,USD,1.021359,4.792426
20240107,GBP,1.168878,5.484615
20240107,SEK,0.086086,0.403933
20240108,EUR,1.0,4.691666
20240108,PLN,0.213144,1.0
20240108,USD,1.021903,4.794428
20240108,GBP,1.16854,5.4824
20240108,SEK,0.086061,0.403769
20240109,EUR,1.0,4.69111
20240109,PLN,0.213169,0.999999
20240109,USD,1.022433,4.796345
20240109,GBP,1.168202,5.480164
20240109,SEK,0.086038,0.403614
20240110,EUR,1.0,4.690536
20240110,PLN,0.213195,0.999999
20240110,USD,1.022948,4.798174
20240110,GBP,1.167864,5.477908
20240110,SEK,0.086014,0.403452
20240111,EUR,1.0,4.689944
20240111,PLN,0.213222,0.999999
20240111,USD,1.023448,4.799914
20240111,GBP,1.167525,5.475627
20240111,SEK,0.085991,0.403293
20240112,EUR,1.0,4.689336
20240112,PLN,0.21325,1.000001
20240112,USD,1.023934,4.80157
20240112,GBP,1.167187,5.473332
20240112,SEK,0.085969,0.403138
20240113,EUR,1.0,4.68871
20240113,PLN,0.213278,0.999999
20240113,USD,1.024403,4.803129
20240113,GBP,1.166848,5.471012
20240113,SEK,0.085947,0.402981
20240114,EUR,1.0,4.688067
20240114,PLN,0.213308,1.000002
20240114,USD,1.024858,4.804603
20240114,GBP,1.16651,5.468677
20240114,SEK,0.085925,0.402822
20240115,EUR,1.0,4.687407
20240115,PLN,0.213338,1.000002
20240115,USD,1.025297,4.805984
20240115,GBP,1.166171,5.466318
20240115,SEK,0.085904,0.402667
20240116,EUR,1.0,4.68673
20240116,PLN,0.213368,0.999998
20240116,USD,1.02572,4.807273
20240116,GBP,1.165832,5.46394
20240116,SEK,0.085884,0.402515
20240117,EUR,1.0,4.686036
20240117,PLN,0.2134,1.0
20240117,USD,1.026127,4.808468
20240117,GBP,1.165493,5.461543
20240117,SEK,0.085864,0.402362
20240118,EUR,1.0,4.685326
20240118,PLN,0.213432,0.999998
20240118,USD,1.026519,4.809576
20240118,GBP,1.165154,5.459126
20240118,SEK,0.085844,0.402207
20240119,EUR,1.0,4.684598
20240119,PLN,0.213465,0.999998
20240119,USD,1.026894,4.810586
20240119,GBP,1.164815,5.456691
20240119,SEK,0.085825,0.402056
20240120,EUR,1.0,4.683855
20240120,PLN,0.213499,0.999998
20240120,USD,1.027254,4.811508
20240120,GBP,1.164477,5.454241
20240120,SEK,0.085806,0.401903
20240121,EUR,1.0,4.683094
20240121,PLN,0.213534,1.0
20240121,USD,1.027597,4.812333
20240121,GBP,1.164138,5.451768
20240121,SEK,0.085788,0.401753
20240122,EUR,1.0,4.682317
20240122,PLN,0.213569,0.999998
20240122,USD,1.027924,4.813066
20240122,GBP,1.1638,5.449281
20240122,SEK,0.085771,0.401607
20240123,EUR,1.0,4.681524
20240123,PLN,0.213606,1.000002
20240123,USD,1.028234,4.813702
20240123,GBP,1.163461,5.446771
20240123,SEK,0.085754,0.401459
20240124,EUR,1.0,4.680715
20240124,PLN,0.213643,1.000002
20240124,USD,1.028528,4.814246
20240124,GBP,1.163123,5.444247
20240124,SEK,0.085737,0.40131
20240125,EUR,1.0,4.679889
20240125,PLN,0.21368,0.999999
20240125,USD,1.028805,4.814693
20240125,GBP,1.162785,5.441705
20240125,SEK,0.085721,0.401165
20240126,EUR,1.0,4.679047
20240126,PLN,0.213719,1.000001
20240126,USD,1.029066,4.815049
20240126,GBP,1.162447,5.439145
20240126,SEK,0.085705,0.401018
20240127,EUR,1.0,4.67819
20240127,PLN,0.213758,1.000001
20240127,USD,1.029309,4.815303
20240127,GBP,1.162109,5.436567
20240127,SEK,0.08569,0.400874
20240128,EUR,1.0,4.677316
20240128,PLN,0.213798,1.000001
20240128,USD,1.029536,4.815466
20240128,GBP,1.161772,5.433975
20240128,SEK,0.085675,0.400729
20240129,EUR,1.0,4.676427
20240129,PLN,0.213838,0.999998
20240129,USD,1.029746,4.815532
20240129,GBP,1.161434,5.431362
20240129,SEK,0.085661,0.400587
20240130,EUR,1.0,4.675523
20240130,PLN,0.21388,1.000001
20240130,USD,1.029939,4.815503
20240130,GBP,1.161098,5.42874
20240130,SEK,0.085648,0.400449
20240131,EUR,1.0,4.674602
20240131,PLN,0.213922,1.0
20240131,USD,1.030115,4.815378
20240131,GBP,1.160761,5.426096
20240131,SEK,0.085634,0.400305
20240201,EUR,1.0,4.673667
20240201,PLN,0.213965,1.000001
20240201,USD,1.030274,4.815157
20240201,GBP,1.160425,5.42344
20240201,SEK,0.085622,0.400169
20240202,EUR,1.0,4.672716
20240202,PLN,0.214008,0.999999
20240202,USD,1.030416,4.814841
20240202,GBP,1.160089,5.420766
20240202,SEK,0.08561,0.400031
20240203,EUR,1.0,4.67175
20240203,PLN,0.214053,1.000002
20240203,USD,1.03054,4.814425
20240203,GBP,1.159753,5.418076
20240203,SEK,0.085598,0.399892
20240204,EUR,1.0,4.670769
20240204,PLN,0.214098,1.000002
20240204,USD,1.030647,4.813914
20240204,GBP,1.159418,5.415374
20240204,SEK,0.085587,0.399757
20240205,EUR,1.0,4.669773
20240205,PLN,0.214143,0.999999
20240205,USD,1.030737,4.813308
20240205,GBP,1.159084,5.412659
20240205,SEK,0.085576,0.39962
20240206,EUR,1.0,4.668762
20240206,PLN,0.21419,1.000002
20240206,USD,1.03081,4.812607
20240206,GBP,1.158749,5.409924
20240206,SEK,0.085566,0.399487
20240207,EUR,1.0,4.667737
20240207,PLN,0.214237,1.000002
20240207,USD,1.030865,4.811807
20240207,GBP,1.158416,5.407181
20240207,SEK,0.085556,0.399353
20240208,EUR,1.0,4.666697
20240208,PLN,0.214284,0.999999
20240208,USD,1.030903,4.810912
20240208,GBP,1.158082,5.404418
20240208,SEK,0.085547,0.399222
20240209,EUR,1.0,4.665643
20240209,PLN,0.214333,1.000001
20240209,USD,1.030924,4.809923
20240209,GBP,1.15775,5.401648
20240209,SEK,0.085539,0.399094
20240210,EUR,1.0,4.664574
20240210,PLN,0.214382,1.000001
20240210,USD,1.030927,4.808835
20240210,GBP,1.157417,5.398857
20240210,SEK,0.085531,0.398966
20240211,EUR,1.0,4.663491
20240211,PLN,0.214432,1.000002
20240211,USD,1.030913,4.807654
20240211,GBP,1.157086,5.396061
20240211,SEK,0.085523,0.398836
20240212,EUR,1.0,4.662395
20240212,PLN,0.214482,1.0
20240212,USD,1.030882,4.806379
20240212,GBP,1.156755,5.393248
20240212,SEK,0.085516,0.398709
20240213,EUR,1.0,4.661284
20240213,PLN,0.214533,0.999999
20240213,USD,1.030833,4.805005
20240213,GBP,1.156424,5.390421
20240213,SEK,0.085509,0.398582
20240214,EUR,1.0,4.66016
20240214,PLN,0.214585,1.0
20240214,USD,1.030767,4.803539
20240214,GBP,1.156094,5.387583
20240214,SEK,0.085503,0.398458
20240215,EUR,1.0,4.659022
20240215,PLN,0.214637,0.999998
20240215,USD,1.030683,4.801974
20240215,GBP,1.155765,5.384734
20240215,SEK,0.085498,0.398337
20240216,EUR,1.0,4.65787
20240216,PLN,0.21469,0.999998
20240216,USD,1.030583,4.800322
20240216,GBP,1.155437,5.381876
20240216,SEK,0.085493,0.398215
20240217,EUR,1.0,4.656705
20240217,PLN,0.214744,1.0
20240217,USD,1.030465,4.798572
20240217,GBP,1.155109,5.379002
20240217,SEK,0.085488,0.398092
20240218,EUR,1.0,4.655527
20240218,PLN,0.214798,0.999998
20240218,USD,1.03033,4.79673
20240218,GBP,1.154782,5.376119
20240218,SEK,0.085484,0.397973
20240219,EUR,1.0,4.654337
20240219,PLN,0.214853,0.999998
20240219,USD,1.030178,4.794795
20240219,GBP,1.154455,5.373222
20240219,SEK,0.085481,0.397857
20240220,EUR,1.0,4.653133
20240220,PLN,0.214909,1.0
20240220,USD,1.030008,4.792764
20240220,GBP,1.15413,5.37032
20240220,SEK,0.085478,0.39774
20240221,EUR,1.0,4.651916
20240221,PLN,0.214965,0.999999
20240221,USD,1.029822,4.790646
20240221,GBP,1.153805,5.367404
20240221,SEK,0.085475,0.397623
20240222,EUR,1.0,4.650687
20240222,PLN,0.215022,1.0
20240222,USD,1.029618,4.788431
20240222,GBP,1.153481,5.364479
20240222,SEK,0.085473,0.397508
20240223,EUR,1.0,4.649445
20240223,PLN,0.215079,0.999998
20240223,USD,1.029398,4.78613
20240223,GBP,1.153158,5.361545
20240223,SEK,0.085472,0.397397
20240224,EUR,1.0,4.648192
20240224,PLN,0.215137,0.999998
20240224,USD,1.02916,4.783733
20240224,GBP,1.152836,5.358603
20240224,SEK,0.085471,0.397286
20240225,EUR,1.0,4.646926
20240225,PLN,0.215196,1.0
20240225,USD,1.028906,4.78125
20240225,GBP,1.152514,5.355647
20240225,SEK,0.08547,0.397173
20240226,EUR,1.0,4.645648
20240226,PLN,0.215255,0.999999
20240226,USD,1.028635,4.778676
20240226,GBP,1.152193,5.352683
20240226,SEK,0.08547,0.397064
20240227,EUR,1.0,4.644358
20240227,PLN,0.215315,1.0
20240227,USD,1.028348,4.776016
20240227,GBP,1.151874,5.349715
20240227,SEK,0.085471,0.396958
20240228,EUR,1.0,4.643056
20240228,PLN,0.215375,0.999998
20240228,USD,1.028044,4.773266
20240228,GBP,1.151555,5.346735
20240228,SEK,0.085472,0.396851
20240229,EUR,1.0,4.641744
20240229,PLN,0.215436,0.999999
20240229,USD,1.027723,4.770427
20240229,GBP,1.151237,5.343747
20240229,SEK,0.085473,0.396744
20240301,EUR,1.0,4.640419
20240301,PLN,0.215498,1.000001
20240301,USD,1.027386,4.767502
20240301,GBP,1.15092,5.340751
20240301,SEK,0.085475,0.39664
20240302,EUR,1.0,4.639084
20240302,PLN,0.21556,1.000001
20240302,USD,1.027033,4.764492
20240302,GBP,1.150605,5.337753
20240302,SEK,0.085478,0.39654
20240303,EUR,1.0,4.637738
20240303,PLN,0.215622,0.999998
20240303,USD,1.026664,4.761398
20240303,GBP,1.15029,5.334743
20240303,SEK,0.085481,0.396438
20240304,EUR,1.0,4.63638
20240304,PLN,0.215685,0.999998
20240304,USD,1.026278,4.758215
20240304,GBP,1.149976,5.331726
20240304,SEK,0.085485,0.396341
20240305,EUR,1.0,4.635012
20240305,PLN,0.215749,0.999999
20240305,USD,1.025877,4.754953
20240305,GBP,1.149663,5.328702
20240305,SEK,0.085489,0.396243
20240306,EUR,1.0,4.633634
20240306,PLN,0.215813,0.999998
20240306,USD,1.02546,4.751606
20240306,GBP,1.149351,5.325672
20240306,SEK,0.085494,0.396148
20240307,EUR,1.0,4.632245
20240307,PLN,0.215878,1.0
20240307,USD,1.025027,4.748177
20240307,GBP,1.149041,5.32264
20240307,SEK,0.085499,0.396052
20240308,EUR,1.0,4.630847
20240308,PLN,0.215943,0.999999
20240308,USD,1.024578,4.744664
20240308,GBP,1.148731,5.319597
20240308,SEK,0.085504,0.395956
20240309,EUR,1.0,4.629438
20240309,PLN,0.216009,1.0
20240309,USD,1.024114,4.741072
20240309,GBP,1.148423,5.316553
20240309,SEK,0.085511,0.395868
20240310,EUR,1.0,4.628019
20240310,PLN,0.216075,0.999999
20240310,USD,1.023635,4.737402
20240310,GBP,1.148116,5.313503
20240310,SEK,0.085517,0.395774
20240311,EUR,1.0,4.626591
20240311,PLN,0.216142,1.000001
20240311,USD,1.02314,4.73365
20240311,GBP,1.14781,5.310447
20240311,SEK,0.085525,0.395689
20240312,EUR,1.0,4.625153
20240312,PLN,0.216209,1.0
20240312,USD,1.022631,4.729825
20240312,GBP,1.147505,5.307386
20240312,SEK,0.085532,0.395599
20240313,EUR,1.0,4.623706
20240313,PLN,0.216277,1.000001
20240313,USD,1.022107,4.725922
20240313,GBP,1.147201,5.30432
20240313,SEK,0.08554,0.395512
20240314,EUR,1.0,4.62225
20240314,PLN,0.216345,1.000001
20240314,USD,1.021567,4.721938
20240314,GBP,1.146899,5.301254
20240314,SEK,0.085549,0.395429
20240315,EUR,1.0,4.620785
20240315,PLN,0.216413,0.999998
20240315,USD,1.021014,4.717886
20240315,GBP,1.146598,5.298183
20240315,SEK,0.085558,0.395345
20240316,EUR,1.0,4.619311
20240316,PLN,0.216482,0.999998
20240316,USD,1.020446,4.713758
20240316,GBP,1.146298,5.295107
20240316,SEK,0.085568,0.395265
20240317,EUR,1.0,4.617829
20240317,PLN,0.216552,1.0
20240317,USD,1.019864,4.709557
20240317,GBP,1.145999,5.292027
20240317,SEK,0.085578,0.395185
20240318,EUR,1.0,4.616338
20240318,PLN,0.216622,1.0
20240318,USD,1.019267,4.705281
20240318,GBP,1.145702,5.288948
20240318,SEK,0.085589,0.395108
20240319,EUR,1.0,4.614839
20240319,PLN,0.216692,0.999999
20240319,USD,1.018657,4.700938
20240319,GBP,1.145406,5.285865
20240319,SEK,0.0856,0.39503
20240320,EUR,1.0,4.613332
20240320,PLN,0.216763,1.0
20240320,USD,1.018033,4.696525
20240320,GBP,1.145111,5.282778
20240320,SEK,0.085612,0.394957
20240321,EUR,1.0,4.611818
20240321,PLN,0.216834,0.999999
20240321,USD,1.017396,4.692045
20240321,GBP,1.144818,5.279692
20240321,SEK,0.085624,0.394882
20240322,EUR,1.0,4.610295
20240322,PLN,0.216906,1.000001
20240322,USD,1.016745,4.687495
20240322,GBP,1.144526,5.276603
20240322,SEK,0.085637,0.394812
20240323,EUR,1.0,4.608766
20240323,PLN,0.216978,1.000001
20240323,USD,1.016081,4.682879
20240323,GBP,1.144236,5.273516
20240323,SEK,0.08565,0.394741
20240324,EUR,1.0,4.607229
20240324,PLN,0.21705,0.999999
20240324,USD,1.015404,4.678198
20240324,GBP,1.143946,5.270421
20240324,SEK,0.085664,0.394674
20240325,EUR,1.0,4.605685
20240325,PLN,0.217123,1.0
20240325,USD,1.014714,4.673453
20240325,GBP,1.143659,5.267333
20240325,SEK,0.085678,0.394606
20240326,EUR,1.0,4.604134
20240326,PLN,0.217196,0.999999
20240326,USD,1.014012,4.668647
20240326,GBP,1.143373,5.264242
20240326,SEK,0.085693,0.394542
20240327,EUR,1.0,4.602576
20240327,PLN,0.21727,1.000002
20240327,USD,1.013297,4.663776
20240327,GBP,1.143088,5.261149
20240327,SEK,0.085708,0.394478
20240328,EUR,1.0,4.601012
20240328,PLN,0.217344,1.000002
20240328,USD,1.01257,4.658846
20240328,GBP,1.142805,5.258059
20240328,SEK,0.085724,0.394417
20240329,EUR,1.0,4.599441
20240329,PLN,0.217418,1.000001
20240329,USD,1.011831,4.653857
20240329,GBP,1.142523,5.254967
20240329,SEK,0.08574,0.394356
20240330,EUR,1.0,4.597865
20240330,PLN,0.217492,0.999999
20240330,USD,1.01108,4.648809
20240330,GBP,1.142243,5.251879
20240330,SEK,0.085757,0.394299
20240331,EUR,1.0,4.596282
20240331,PLN,0.217567,0.999999
20240331,USD,1.010318,4.643707
20240331,GBP,1.141964,5.248789
20240331,SEK,0.085774,0.394242
20240401,EUR,1.0,4.594694
20240401,PLN,0.217642,0.999998
20240401,USD,1.009544,4.638546
20240401,GBP,1.141687,5.245703
20240401,SEK,0.085792,0.394188
20240402,EUR,1.0,4.5931
20240402,PLN,0.217718,1.000001
20240402,USD,1.008759,4.633331
20240402,GBP,1.141411,5.242615
20240402,SEK,0.08581,0.394134
20240403,EUR,1.0,4.591501
20240403,PLN,0.217794,1.000001
20240403,USD,1.007963,4.628064
20240403,GBP,1.141137,5.239532
20240403,SEK,0.085829,0.394084
20240404,EUR,1.0,4.589897
20240404,PLN,0.21787,1.000001
20240404,USD,1.007157,4.622747
20240404,GBP,1.140865,5.236453
20240404,SEK,0.085848,0.394034
20240405,EUR,1.0,4.588288
20240405,PLN,0.217946,0.999999
20240405,USD,1.00634,4.617378
20240405,GBP,1.140594,5.233374
20240405,SEK,0.085868,0.393987
20240406,EUR,1.0,4.586674
20240406,PLN,0.218023,1.000001
20240406,USD,1.005512,4.611956
20240406,GBP,1.140325,5.2303
20240406,SEK,0.085888,0.39394
20240407,EUR,1.0,4.585056
20240407,PLN,0.2181,1.000001
20240407,USD,1.004675,4.606491
20240407,GBP,1.140058,5.22723
20240407,SEK,0.085908,0.393893
20240408,EUR,1.0,4.583433
20240408,PLN,0.218177,1.0
20240408,USD,1.003827,4.600974
20240408,GBP,1.139792,5.224161
20240408,SEK,0.08593,0.393854
20240409,EUR,1.0,4.581807
20240409,PLN,0.218255,1.000002
20240409,USD,1.002971,4.595419
20240409,GBP,1.139528,5.221097
20240409,SEK,0.085951,0.393811
20240410,EUR,1.0,4.580176
20240410,PLN,0.218332,0.999999
20240410,USD,1.002104,4.589813
20240410,GBP,1.139265,5.218034
20240410,SEK,0.085973,0.393771
20240411,EUR,1.0,4.578542
20240411,PLN,0.21841,0.999999
20240411,USD,1.001229,4.584169
20240411,GBP,1.139005,5.214982
20240411,SEK,0.085996,0.393736
20240412,EUR,1.0,4.576904
20240412,PLN,0.218488,0.999999
20240412,USD,1.000344,4.578478
20240412,GBP,1.138746,5.211931
20240412,SEK,0.086019,0.393701
20240413,EUR,1.0,4.575262
20240413,PLN,0.218567,1.000001
20240413,USD,0.999451,4.572751
20240413,GBP,1.138489,5.208886
20240413,SEK,0.086042,0.393665
20240414,EUR,1.0,4.573618
20240414,PLN,0.218645,0.999999
20240414,USD,0.99855,4.566986
20240414,GBP,1.138233,5.205843
20240414,SEK,0.086066,0.393633
20240415,EUR,1.0,4.571971
20240415,PLN,0.218724,1.0
20240415,USD,0.99764,4.561181
20240415,GBP,1.13798,5.202811
20240415,SEK,0.086091,0.393606
20240416,EUR,1.0,4.570321
20240416,PLN,0.218803,1.0
20240416,USD,0.996722,4.555339
20240416,GBP,1.137728,5.199782
20240416,SEK,0.086116,0.393578
20240417,EUR,1.0,4.568668
20240417,PLN,0.218882,0.999999
20240417,USD,0.995796,4.549461
20240417,GBP,1.137478,5.19676
20240417,SEK,0.086141,0.39355
20240418,EUR,1.0,4.567013
20240418,PLN,0.218961,0.999998
20240418,USD,0.994863,4.543553
20240418,GBP,1.13723,5.193745
20240418,SEK,0.086167,0.393526
20240419,EUR,1.0,4.565356
20240419,PLN,0.219041,1.0
20240419,USD,0.993923,4.537613
20240419,GBP,1.136983,5.190733
20240419,SEK,0.086193,0.393502
20240420,EUR,1.0,4.563698
20240420,PLN,0.219121,1.000002
20240420,USD,0.992976,4.531642
20240420,GBP,1.136739,5.187733
20240420,SEK,0.08622,0.393482
20240421,EUR,1.0,4.562037
20240421,PLN,0.2192,0.999999
20240421,USD,0.992021,4.525637
20240421,GBP,1.136496,5.184737
20240421,SEK,0.086247,0.393462
20240422,EUR,1.0,4.560375
20240422,PLN,0.21928,0.999999
20240422,USD,0.99106,4.519605
20240422,GBP,1.136255,5.181749
20240422,SEK,0.086275,0.393446
20240423,EUR,1.0,4.558712
20240423,PLN,0.21936,0.999999
20240423,USD,0.990093,4.513549
20240423,GBP,1.136017,5.178774
20240423,SEK,0.086303,0.393431
20240424,EUR,1.0,4.557047
20240424,PLN,0.21944,0.999998
20240424,USD,0.98912,4.507467
20240424,GBP,1.13578,5.175803
20240424,SEK,0.086332,0.393419
20240425,EUR,1.0,4.555382
20240425,PLN,0.219521,1.000002
20240425,USD,0.988141,4.50136
20240425,GBP,1.135545,5.172841
20240425,SEK,0.086361,0.393407
20240426,EUR,1.0,4.553716
20240426,PLN,0.219601,1.000001
20240426,USD,0.987156,4.495228
20240426,GBP,1.135312,5.169889
20240426,SEK,0.086391,0.3934
20240427,EUR,1.0,4.55205
20240427,PLN,0.219681,0.999999
20240427,USD,0.986166,4.489077
20240427,GBP,1.135081,5.166945
20240427,SEK,0.08642,0.393388
20240428,EUR,1.0,4.550383
20240428,PLN,0.219762,1.000001
20240428,USD,0.985171,4.482906
20240428,GBP,1.134852,5.164012
20240428,SEK,0.086451,0.393385
20240429,EUR,1.0,4.548717
20240429,PLN,0.219842,0.999999
20240429,USD,0.98417,4.476711
20240429,GBP,1.134624,5.161083
20240429,SEK,0.086482,0.393382
20240430,EUR,1.0,4.54705
20240430,PLN,0.219923,1.000001
20240430,USD,0.983166,4.470505
20240430,GBP,1.134399,5.158169
20240430,SEK,0.086513,0.393379
20240501,EUR,1.0,4.545384
20240501,PLN,0.220003,0.999998
20240501,USD,0.982156,4.464276
20240501,GBP,1.134176,5.155266
20240501,SEK,0.086545,0.39338
20240502,EUR,1.0,4.543719
20240502,PLN,0.220084,1.0
20240502,USD,0.981143,4.458038
20240502,GBP,1.133955,5.152372
20240502,SEK,0.086577,0.393382
20240503,EUR,1.0,4.542054
20240503,PLN,0.220165,1.000001
20240503,USD,0.980125,4.45178
20240503,GBP,1.133736,5.14949
20240503,SEK,0.08661,0.393387
20240504,EUR,1.0,4.54039
20240504,PLN,0.220245,0.999998
20240504,USD,0.979104,4.445514
20240504,GBP,1.133519,5.146618
20240504,SEK,0.086643,0.393393
20240505,EUR,1.0,4.538727
20240505,PLN,0.220326,1.0
20240505,USD,0.97808,4.439238
20240505,GBP,1.133304,5.143758
20240505,SEK,0.086676,0.393399
20240506,EUR,1.0,4.537066
20240506,PLN,0.220407,1.000001
20240506,USD,0.977052,4.43295
20240506,GBP,1.133091,5.140909
20240506,SEK,0.08671,0.393409
20240507,EUR,1.0,4.535406
20240507,PLN,0.220487,0.999998
20240507,USD,0.976021,4.426652
20240507,GBP,1.132881,5.138076
20240507,SEK,0.086745,0.393424
20240508,EUR,1.0,4.533749
20240508,PLN,0.220568,1.0
20240508,USD,0.974988,4.420351
20240508,GBP,1.132672,5.13525
20240508,SEK,0.086779,0.393434
20240509,EUR,1.0,4.532093
20240509,PLN,0.220649,1.000002
20240509,USD,0.973951,4.414036
20240509,GBP,1.132465,5.132437
20240509,SEK,0.086815,0.393454
20240510,EUR,1.0,4.530439
20240510,PLN,0.220729,0.999999
20240510,USD,0.972913,4.407723
20240510,GBP,1.132261,5.12964
20240510,SEK,0.08685,0.393469
20240511,EUR,1.0,4.528788
20240511,PLN,0.22081,1.000002
20240511,USD,0.971873,4.401407
20240511,GBP,1.132059,5.126855
20240511,SEK,0.086886,0.393488
20240512,EUR,1.0,4.527139
20240512,PLN,0.22089,1.0
20240512,USD,0.97083,4.395083
20240512,GBP,1.131859,5.124084
20240512,SEK,0.086923,0.393513
20240513,EUR,1.0,4.525494
20240513,PLN,0.22097,0.999998
20240513,USD,0.969786,4.38876
20240513,GBP,1.131661,5.121325
20240513,SEK,0.08696,0.393537
20240514,EUR,1.0,4.523851
20240514,PLN,0.221051,1.000002
20240514,USD,0.968741,4.38244
20240514,GBP,1.131465,5.118579
20240514,SEK,0.086997,0.393561
20240515,EUR,1.0,4.522211
20240515,PLN,0.221131,1.000001
20240515,USD,0.967695,4.376121
20240515,GBP,1.131271,5.115847
20240515,SEK,0.087035,0.393591
20240516,EUR,1.0,4.520575
20240516,PLN,0.221211,1.000001
20240516,USD,0.966648,4.369805
20240516,GBP,1.13108,5.113132
20240516,SEK,0.087073,0.39362
20240517,EUR,1.0,4.518943
20240517,PLN,0.221291,1.000001
20240517,USD,0.9656,4.363491
20240517,GBP,1.130891,5.110432
20240517,SEK,0.087111,0.39365
20240518,EUR,1.0,4.517314
20240518,PLN,0.22137,0.999998
20240518,USD,0.964551,4.35718
20240518,GBP,1.130704,5.107745
20240518,SEK,0.08715,0.393684
20240519,EUR,1.0,4.51569
20240519,PLN,0.22145,1.0
20240519,USD,0.963502,4.350876
20240519,GBP,1.130519,5.105073
20240519,SEK,0.087189,0.393718
20240520,EUR,1.0,4.514069
20240520,PLN,0.22153,1.000002
20240520,USD,0.962454,4.344584
20240520,GBP,1.130336,5.102415
20240520,SEK,0.087229,0.393758
20240521,EUR,1.0,4.512454
20240521,PLN,0.221609,1.0
20240521,USD,0.961405,4.338295
20240521,GBP,1.130156,5.099776
20240521,SEK,0.087269,0.393797
20240522,EUR,1.0,4.510842
20240522,PLN,0.221688,1.0
20240522,USD,0.960357,4.332019
20240522,GBP,1.129978,5.097153
20240522,SEK,0.08731,0.393842
20240523,EUR,1.0,4.509236
20240523,PLN,0.221767,1.0
20240523,USD,0.95931,4.325755
20240523,GBP,1.129802,5.094544
20240523,SEK,0.08735,0.393882
20240524,EUR,1.0,4.507635
20240524,PLN,0.221846,1.000001
20240524,USD,0.958263,4.319499
20240524,GBP,1.129629,5.091955
20240524,SEK,0.087392,0.393931
20240525,EUR,1.0,4.506038
20240525,PLN,0.221924,0.999998
20240525,USD,0.957218,4.313261
20240525,GBP,1.129458,5.089381
20240525,SEK,0.087433,0.393976
20240526,EUR,1.0,4.504448
20240526,PLN,0.222003,1.000001
20240526,USD,0.956174,4.307036
20240526,GBP,1.129289,5.086823
20240526,SEK,0.087475,0.394027
20240527,EUR,1.0,4.502863
20240527,PLN,0.222081,1.0
20240527,USD,0.955131,4.300824
20240527,GBP,1.129122,5.084281
20240527,SEK,0.087517,0.394077
20240528,EUR,1.0,4.501283
20240528,PLN,0.222159,1.000001
20240528,USD,0.95409,4.294629
20240528,GBP,1.128958,5.08176
20240528,SEK,0.08756,0.394132
20240529,EUR,1.0,4.49971
20240529,PLN,0.222237,1.000002
20240529,USD,0.953051,4.288453
20240529,GBP,1.128796,5.079255
20240529,SEK,0.087603,0.394188
20240530,EUR,1.0,4.498143
20240530,PLN,0.222314,1.0
20240530,USD,0.952014,4.282295
20240530,GBP,1.128636,5.076766
20240530,SEK,0.087647,0.394249
20240531,EUR,1.0,4.496582
20240531,PLN,0.222391,0.999999
20240531,USD,0.950979,4.276155
20240531,GBP,1.128479,5.074299
20240531,SEK,0.08769,0.394305
20240601,EUR,1.0,4.495028
20240601,PLN,0.222468,1.0
20240601,USD,0.949947,4.270038
20240601,GBP,1.128324,5.071848
20240601,SEK,0.087735,0.394371
20240602,EUR,1.0,4.493481
20240602,PLN,0.222545,1.000002
20240602,USD,0.948918,4.263945
20240602,GBP,1.128172,5.069419
20240602,SEK,0.087779,0.394433
20240603,EUR,1.0,4.491941
20240603,PLN,0.222621,1.0
20240603,USD,0.947892,4.257875
20240603,GBP,1.128022,5.067008
20240603,SEK,0.087824,0.3945
20240604,EUR,1.0,4.490407
20240604,PLN,0.222697,1.0
20240604,USD,0.946868,4.251823
20240604,GBP,1.127874,5.064614
20240604,SEK,0.087869,0.394568
20240605,EUR,1.0,4.488882
20240605,PLN,0.222773,1.000002
20240605,USD,0.945848,4.2458
20240605,GBP,1.127729,5.062242
20240605,SEK,0.087915,0.39464
20240606,EUR,1.0,4.487363
20240606,PLN,0.222848,1.0
20240606,USD,0.944832,4.239805
20240606,GBP,1.127586,5.059888
20240606,SEK,0.087961,0.394713
20240607,EUR,1.0,4.485853
20240607,PLN,0.222923,1.0
20240607,USD,0.943819,4.233833
20240607,GBP,1.127445,5.057552
20240607,SEK,0.088007,0.394786
20240608,EUR,1.0,4.48435
20240608,PLN,0.222998,1.000001
20240608,USD,0.94281,4.22789
20240608,GBP,1.127307,5.055239
20240608,SEK,0.088053,0.39486
20240609,EUR,1.0,4.482856
20240609,PLN,0.223072,1.0
20240609,USD,0.941806,4.22198
20240609,GBP,1.127171,5.052945
20240609,SEK,0.0881,0.39494
20240610,EUR,1.0,4.48137
20240610,PLN,0.223146,1.0
20240610,USD,0.940805,4.216095
20240610,GBP,1.127038,5.050674
20240610,SEK,0.088147,0.395019
20240611,EUR,1.0,4.479892
20240611,PLN,0.22322,1.000001
20240611,USD,0.939809,4.210243
20240611,GBP,1.126907,5.048422
20240611,SEK,0.088195,0.395104
20240612,EUR,1.0,4.478423
20240612,PLN,0.223293,1.0
20240612,USD,0.938818,4.204424
20240612,GBP,1.126779,5.046193
20240612,SEK,0.088243,0.395189
20240613,EUR,1.0,4.476963
20240613,PLN,0.223366,1.000001
20240613,USD,0.937831,4.198634
20240613,GBP,1.126653,5.043983
20240613,SEK,0.088291,0.395276
20240614,EUR,1.0,4.475511
20240614,PLN,0.223438,0.999999
20240614,USD,0.93685,4.192883
20240614,GBP,1.126529,5.041793
20240614,SEK,0.088339,0.395362
20240615,EUR,1.0,4.474069
20240615,PLN,0.22351,0.999999
20240615,USD,0.935873,4.187161
20240615,GBP,1.126408,5.039628
20240615,SEK,0.088388,0.395454
20240616,EUR,1.0,4.472637
20240616,PLN,0.223582,1.000001
20240616,USD,0.934902,4.181477
20240616,GBP,1.126289,5.037482
20240616,SEK,0.088437,0.395547
20240617,EUR,1.0,4.471214
20240617,PLN,0.223653,1.0
20240617,USD,0.933937,4.175832
20240617,GBP,1.126173,5.03536
20240617,SEK,0.088486,0.39564
20240618,EUR,1.0,4.4698
20240618,PLN,0.223724,1.000002
20240618,USD,0.932977,4.170221
20240618,GBP,1.12606,5.033263
20240618,SEK,0.088536,0.395738
20240619,EUR,1.0,4.468397
20240619,PLN,0.223794,1.0
20240619,USD,0.932023,4.164649
20240619,GBP,1.125949,5.031187
20240619,SEK,0.088586,0.395837
20240620,EUR,1.0,4.467003
20240620,PLN,0.223864,1.000001
20240620,USD,0.931075,4.159115
20240620,GBP,1.12584,5.029131
20240620,SEK,0.088636,0.395937
20240621,EUR,1.0,4.46562
20240621,PLN,0.223933,1.0
20240621,USD,0.930133,4.153621
20240621,GBP,1.125734,5.027101
20240621,SEK,0.088687,0.396042
20240622,EUR,1.0,4.464248
20240622,PLN,0.224002,1.0
20240622,USD,0.929197,4.148165
20240622,GBP,1.12563,5.025091
20240622,SEK,0.088737,0.396144
20240623,EUR,1.0,4.462885
20240623,PLN,0.22407,0.999999
20240623,USD,0.928268,4.142754
20240623,GBP,1.125529,5.023107
20240623,SEK,0.088788,0.396251
20240624,EUR,1.0,4.461534
20240624,PLN,0.224138,0.999999
20240624,USD,0.927346,4.137386
20240624,GBP,1.125431,5.021149
20240624,SEK,0.08884,0.396363
20240625,EUR,1.0,4.460194
20240625,PLN,0.224206,1.000002
20240625,USD,0.92643,4.132057
20240625,GBP,1.125335,5.019212
20240625,SEK,0.088891,0.396471
20240626,EUR,1.0,4.458864
20240626,PLN,0.224272,0.999998
20240626,USD,0.925521,4.126772
20240626,GBP,1.125241,5.017297
20240626,SEK,0.088943,0.396585
20240627,EUR,1.0,4.457546
20240627,PLN,0.224339,1.000001
20240627,USD,0.92462,4.121536
20240627,GBP,1.12515,5.015408
20240627,SEK,0.088995,0.396699
20240628,EUR,1.0,4.456239
20240628,PLN,0.224404,0.999998
20240628,USD,0.923725,4.11634
20240628,GBP,1.125062,5.013546
20240628,SEK,0.089047,0.396815
20240629,EUR,1.0,4.454944
20240629,PLN,0.22447,1.000001
20240629,USD,0.922838,4.111192
20240629,GBP,1.124976,5.011705
20240629,SEK,0.0891,0.396936
20240630,EUR,1.0,4.453661
20240630,PLN,0.224534,0.999998
20240630,USD,0.921959,4.106093
20240630,GBP,1.124893,5.009892
20240630,SEK,0.089153,0.397057
20240701,EUR,1.0,4.452389
20240701,PLN,0.224599,1.000002
20240701,USD,0.921087,4.101038
20240701,GBP,1.124812,5.008101
20240701,SEK,0.089206,0.39718
20240702,EUR,1.0,4.45113
20240702,PLN,0.224662,1.0
20240702,USD,0.920223,4.096032
20240702,GBP,1.124734,5.006337
20240702,SEK,0.089259,0.397303
20240703,EUR,1.0,4.449883
20240703,PLN,0.224725,1.0
20240703,USD,0.919367,4.091075
20240703,GBP,1.124658,5.004596
20240703,SEK,0.089312,0.397428
20240704,EUR,1.0,4.448648
20240704,PLN,0.224787,0.999998
20240704,USD,0.918519,4.086168
20240704,GBP,1.124585,5.002883
20240704,SEK,0.089366,0.397558
20240705,EUR,1.0,4.447425
20240705,PLN,0.224849,0.999999
20240705,USD,0.91768,4.081313
20240705,GBP,1.124514,5.001192
20240705,SEK,0.08942,0.397689
20240706,EUR,1.0,4.446216
20240706,PLN,0.22491,0.999998
20240706,USD,0.916848,4.076504
20240706,GBP,1.124447,4.999534
20240706,SEK,0.089474,0.397821
20240707,EUR,1.0,4.445019
20240707,PLN,0.224971,1.0
20240707,USD,0.916025,4.071748
20240707,GBP,1.124381,4.997895
20240707,SEK,0.089528,0.397954
20240708,EUR,1.0,4.443835
20240708,PLN,0.225031,1.000001
20240708,USD,0.915211,4.067047
20240708,GBP,1.124319,4.996288
20240708,SEK,0.089583,0.398092
20240709,EUR,1.0,4.442664
20240709,PLN,0.22509,0.999999
20240709,USD,0.914406,4.062399
20240709,GBP,1.124258,4.994701
20240709,SEK,0.089638,0.398232
20240710,EUR,1.0,4.441506
20240710,PLN,0.225149,1.000001
20240710,USD,0.913609,4.0578
20240710,GBP,1.124201,4.993146
20240710,SEK,0.089693,0.398372
20240711,EUR,1.0,4.440362
20240711,PLN,0.225207,1.000001
20240711,USD,0.912821,4.053256
20240711,GBP,1.124146,4.991615
20240711,SEK,0.089748,0.398514
20240712,EUR,1.0,4.439232
20240712,PLN,0.225264,0.999999
20240712,USD,0.912043,4.04877
20240712,GBP,1.124094,4.990114
20240712,SEK,0.089803,0.398656
20240713,EUR,1.0,4.438115
20240713,PLN,0.225321,1.0
20240713,USD,0.911273,4.044334
20240713,GBP,1.124044,4.988636
20240713,SEK,0.089858,0.3988
20240714,EUR,1.0,4.437011
20240714,PLN,0.225377,1.0
20240714,USD,0.910513,4.039957
20240714,GBP,1.123997,4.987188
20240714,SEK,0.089914,0.398949
20240715,EUR,1.0,4.435922
20240715,PLN,0.225432,0.999999
20240715,USD,0.909762,4.035634
20240715,GBP,1.123952,4.985764
20240715,SEK,0.08997,0.3991
20240716,EUR,1.0,4.434847
20240716,PLN,0.225487,1.0
20240716,USD,0.909021,4.031369
20240716,GBP,1.12391,4.984369
20240716,SEK,0.090026,0.399252
20240717,EUR,1.0,4.433786
20240717,PLN,0.225541,1.000001
20240717,USD,0.908289,4.027159
20240717,GBP,1.123871,4.983004
20240717,SEK,0.090082,0.399404
20240718,EUR,1.0,4.43274
20240718,PLN,0.225594,0.999999
20240718,USD,0.907568,4.023013
20240718,GBP,1.123834,4.981664
20240718,SEK,0.090138,0.399558
20240719,EUR,1.0,4.431708
20240719,PLN,0.225647,1.000002
20240719,USD,0.906856,4.018921
20240719,GBP,1.1238,4.980353
20240719,SEK,0.090195,0.399718
20240720,EUR,1.0,4.43069
20240720,PLN,0.225698,0.999998
20240720,USD,0.906154,4.014888
20240720,GBP,1.123769,4.979072
20240720,SEK,0.090251,0.399874
20240721,EUR,1.0,4.429687
20240721,PLN,0.22575,1.000002
20240721,USD,0.905462,4.010914
20240721,GBP,1.12374,4.977817
20240721,SEK,0.090308,0.400036
20240722,EUR,1.0,4.428699
20240722,PLN,0.2258,1.0
20240722,USD,0.90478,4.006999
20240722,GBP,1.123714,4.976592
20240722,SEK,0.090365,0.400199
20240723,EUR,1.0,4.427726
20240723,PLN,0.22585,1.000002
20240723,USD,0.904108,4.003143
20240723,GBP,1.12369,4.975392
20240723,SEK,0.090422,0.400364
20240724,EUR,1.0,4.426769
20240724,PLN,0.225898,0.999998
20240724,USD,0.903447,3.999351
20240724,GBP,1.123669,4.974223
20240724,SEK,0.090479,0.40053
20240725,EUR,1.0,4.425826
20240725,PLN,0.225947,1.000002
20240725,USD,0.902796,3.995618
20240725,GBP,1.123651,4.973084
20240725,SEK,0.090536,0.400697
20240726,EUR,1.0,4.424899
20240726,PLN,0.225994,1.000001
20240726,USD,0.902156,3.991949
20240726,GBP,1.123635,4.971971
20240726,SEK,0.090593,0.400865
20240727,EUR,1.0,4.423987
20240727,PLN,0.22604,0.999998
20240727,USD,0.901526,3.988339
20240727,GBP,1.123622,4.970889
20240727,SEK,0.090651,0.401039
20240728,EUR,1.0,4.423091
20240728,PLN,0.226086,0.999999
20240728,USD,0.900907,3.984793
20240728,GBP,1.123611,4.969833
20240728,SEK,0.090708,0.40121
20240729,EUR,1.0,4.42221
20240729,PLN,0.226131,0.999999
20240729,USD,0.900299,3.981311
20240729,GBP,1.123604,4.968813
20240729,SEK,0.090766,0.401386
20240730,EUR,1.0,4.421345
20240730,PLN,0.226176,1.000002
20240730,USD,0.899702,3.977893
20240730,GBP,1.123598,4.967815
20240730,SEK,0.090824,0.401564
20240731,EUR,1.0,4.420496
20240731,PLN,0.226219,1.0
20240731,USD,0.899115,3.974534
20240731,GBP,1.123596,4.966852
20240731,SEK,0.090881,0.401739
20240801,EUR,1.0,4.419663
20240801,PLN,0.226262,1.000002
20240801,USD,0.89854,3.971244
20240801,GBP,1.123596,4.965916
20240801,SEK,0.090939,0.40192
20240802,EUR,1.0,4.418846
20240802,PLN,0.226303,0.999998
20240802,USD,0.897975,3.968014
20240802,GBP,1.123599,4.965011
20240802,SEK,0.090997,0.402102
20240803,EUR,1.0,4.418046
20240803,PLN,0.226344,0.999998
20240803,USD,0.897422,3.964851
20240803,GBP,1.123604,4.964134
20240803,SEK,0.091055,0.402285
20240804,EUR,1.0,4.417261
20240804,PLN,0.226385,1.000002
20240804,USD,0.89688,3.961753
20240804,GBP,1.123612,4.963288
20240804,SEK,0.091113,0.40247
20240805,EUR,1.0,4.416493
20240805,PLN,0.226424,1.0
20240805,USD,0.89635,3.958724
20240805,GBP,1.123622,4.962469
20240805,SEK,0.091171,0.402656
20240806,EUR,1.0,4.415742
20240806,PLN,0.226463,1.000002
20240806,USD,0.89583,3.955754
20240806,GBP,1.123636,4.961686
20240806,SEK,0.09123,0.402848
20240807,EUR,1.0,4.415007
20240807,PLN,0.2265,0.999999
20240807,USD,0.895323,3.952857
20240807,GBP,1.123651,4.960927
20240807,SEK,0.091288,0.403037
20240808,EUR,1.0,4.414288
20240808,PLN,0.226537,1.0
20240808,USD,0.894826,3.95002
20240808,GBP,1.12367,4.960203
20240808,SEK,0.091346,0.403228
20240809,EUR,1.0,4.413587
20240809,PLN,0.226573,1.0
20240809,USD,0.894341,3.947252
20240809,GBP,1.123691,4.959508
20240809,SEK,0.091404,0.403419
20240810,EUR,1.0,4.412902
20240810,PLN,0.226608,0.999999
20240810,USD,0.893868,3.944552
20240810,GBP,1.123715,4.958844
20240810,SEK,0.091462,0.403613
20240811,EUR,1.0,4.412234
20240811,PLN,0.226643,1.000002
20240811,USD,0.893407,3.941921
20240811,GBP,1.123741,4.958209
20240811,SEK,0.091521,0.403812
20240812,EUR,1.0,4.411584
20240812,PLN,0.226676,1.0
20240812,USD,0.892957,3.939355
20240812,GBP,1.12377,4.957605
20240812,SEK,0.091579,0.404008
20240813,EUR,1.0,4.41095
20240813,PLN,0.226709,1.000002
20240813,USD,0.892519,3.936857
20240813,GBP,1.123802,4.957034
20240813,SEK,0.091637,0.404206
20240814,EUR,1.0,4.410334
20240814,PLN,0.22674,0.999999
20240814,USD,0.892094,3.934432
20240814,GBP,1.123836,4.956492
20240814,SEK,0.091696,0.40441
20240815,EUR,1.0,4.409734
20240815,PLN,0.226771,1.0
20240815,USD,0.891679,3.932067
20240815,GBP,1.123873,4.955981
20240815,SEK,0.091754,0.404611
20240816,EUR,1.0,4.409152
20240816,PLN,0.226801,1.0
20240816,USD,0.891277,3.929776
20240816,GBP,1.123912,4.955499
20240816,SEK,0.091812,0.404813
20240817,EUR,1.0,4.408588
20240817,PLN,0.22683,1.0
20240817,USD,0.890887,3.927554
20240817,GBP,1.123954,4.95505
20240817,SEK,0.091871,0.405021
20240818,EUR,1.0,4.408041
20240818,PLN,0.226858,0.999999
20240818,USD,0.890509,3.9254
20240818,GBP,1.123999,4.954633
20240818,SEK,0.091929,0.405227
20240819,EUR,1.0,4.407511
20240819,PLN,0.226885,0.999998
20240819,USD,0.890143,3.923315
20240819,GBP,1.124046,4.954245
20240819,SEK,0.091987,0.405434
20240820,EUR,1.0,4.406999
20240820,PLN,0.226912,1.000001
20240820,USD,0.88979,3.921304
20240820,GBP,1.124096,4.95389
20240820,SEK,0.092045,0.405642
20240821,EUR,1.0,4.406505
20240821,PLN,0.226937,0.999999
20240821,USD,0.889448,3.919357
20240821,GBP,1.124148,4.953563
20240821,SEK,0.092103,0.405852
20240822,EUR,1.0,4.406028
20240822,PLN,0.226962,1.000001
20240822,USD,0.889119,3.917483
20240822,GBP,1.124203,4.95327
20240822,SEK,0.092162,0.406068
20240823,EUR,1.0,4.405569
20240823,PLN,0.226985,0.999998
20240823,USD,0.888802,3.915679
20240823,GBP,1.124261,4.95301
20240823,SEK,0.09222,0.406282
20240824,EUR,1.0,4.405128
20240824,PLN,0.227008,0.999999
20240824,USD,0.888497,3.913943
20240824,GBP,1.124321,4.952778
20240824,SEK,0.092278,0.406496
20240825,EUR,1.0,4.404705
20240825,PLN,0.22703,1.0
20240825,USD,0.888205,3.912281
20240825,GBP,1.124384,4.95258
20240825,SEK,0.092336,0.406713
20240826,EUR,1.0,4.4043
20240826,PLN,0.227051,1.000001
20240826,USD,0.887925,3.910688
20240826,GBP,1.12445,4.952415
20240826,SEK,0.092393,0.406926
20240827,EUR,1.0,4.403913
20240827,PLN,0.227071,1.000001
20240827,USD,0.887658,3.909168
20240827,GBP,1.124518,4.952279
20240827,SEK,0.092451,0.407146
20240828,EUR,1.0,4.403544
20240828,PLN,0.22709,1.000001
20240828,USD,0.887403,3.907718
20240828,GBP,1.124588,4.952172
20240828,SEK,0.092509,0.407367
20240829,EUR,1.0,4.403193
20240829,PLN,0.227108,1.0
20240829,USD,0.88716,3.906336
20240829,GBP,1.124661,4.952099
20240829,SEK,0.092567,0.40759
20240830,EUR,1.0,4.40286
20240830,PLN,0.227125,0.999999
20240830,USD,0.88693,3.905028
20240830,GBP,1.124737,4.952059
20240830,SEK,0.092624,0.40781
20240831,EUR,1.0,4.402545
20240831,PLN,0.227141,0.999998
20240831,USD,0.886713,3.903794
20240831,GBP,1.124815,4.952048
20240831,SEK,0.092681,0.408032
20240901,EUR,1.0,4.402248
20240901,PLN,0.227157,1.000001
20240901,USD,0.886508,3.902628
20240901,GBP,1.124896,4.952071
20240901,SEK,0.092739,0.40826
20240902,EUR,1.0,4.40197
20240902,PLN,0.227171,1.0
20240902,USD,0.886316,3.901536
20240902,GBP,1.12498,4.952128
20240902,SEK,0.092796,0.408485
20240903,EUR,1.0,4.40171
20240903,PLN,0.227184,0.999998
20240903,USD,0.886136,3.900513
20240903,GBP,1.125066,4.952214
20240903,SEK,0.092853,0.408712
20240904,EUR,1.0,4.401468
20240904,PLN,0.227197,1.0
20240904,USD,0.885969,3.899564
20240904,GBP,1.125154,4.952329
20240904,SEK,0.09291,0.40894
20240905,EUR,1.0,4.401245
20240905,PLN,0.227208,0.999998
20240905,USD,0.885815,3.898688
20240905,GBP,1.125245,4.952478
20240905,SEK,0.092967,0.409171
20240906,EUR,1.0,4.401039
20240906,PLN,0.227219,1.0
20240906,USD,0.885674,3.897886
20240906,GBP,1.125339,4.952661
20240906,SEK,0.093023,0.409398
20240907,EUR,1.0,4.400853
20240907,PLN,0.227229,1.000001
20240907,USD,0.885545,3.897153
20240907,GBP,1.125435,4.952874
20240907,SEK,0.09308,0.409631
20240908,EUR,1.0,4.400685
20240908,PLN,0.227237,0.999998
20240908,USD,0.885428,3.896489
20240908,GBP,1.125534,4.95312
20240908,SEK,0.093136,0.409862
20240909,EUR,1.0,4.400535
20240909,PLN,0.227245,1.0
20240909,USD,0.885325,3.895903
20240909,GBP,1.125635,4.953396
20240909,SEK,0.093192,0.410095
20240910,EUR,1.0,4.400403
20240910,PLN,0.227252,1.0
20240910,USD,0.885234,3.895387
20240910,GBP,1.125739,4.953706
20240910,SEK,0.093248,0.410329
20240911,EUR,1.0,4.40029
20240911,PLN,0.227258,1.000001
20240911,USD,0.885156,3.894943
20240911,GBP,1.125845,4.954045
20240911,SEK,0.093304,0.410565
20240912,EUR,1.0,4.400196
20240912,PLN,0.227263,1.000002
20240912,USD,0.885091,3.894574
20240912,GBP,1.125953,4.954414
20240912,SEK,0.09336,0.410802
20240913,EUR,1.0,4.40012
20240913,PLN,0.227267,1.000002
20240913,USD,0.885039,3.894278
20240913,GBP,1.126065,4.954821
20240913,SEK,0.093415,0.411037
20240914,EUR,1.0,4.400063
20240914,PLN,0.227269,0.999998
20240914,USD,0.884999,3.894051
20240914,GBP,1.126178,4.955254
20240914,SEK,0.093471,0.411278
20240915,EUR,1.0,4.400024
20240915,PLN,0.227272,1.000002
20240915,USD,0.884972,3.893898
20240915,GBP,1.126295,4.955725
20240915,SEK,0.093526,0.411517
20240916,EUR,1.0,4.400003
20240916,PLN,0.227273,1.000002
20240916,USD,0.884958,3.893818
20240916,GBP,1.126413,4.956221
20240916,SEK,0.093581,0.411757
20240917,EUR,1.0,4.400001
20240917,PLN,0.227273,1.000002
20240917,USD,0.884957,3.893812
20240917,GBP,1.126534,4.956751
20240917,SEK,0.093635,0.411994
20240918,EUR,1.0,4.400018
20240918,PLN,0.227272,1.000001
20240918,USD,0.884968,3.893875
20240918,GBP,1.126658,4.957316
20240918,SEK,0.09369,0.412238
20240919,EUR,1.0,4.400053
20240919,PLN,0.22727,1.0
20240919,USD,0.884993,3.894016
20240919,GBP,1.126784,4.95791
20240919,SEK,0.093744,0.412479
20240920,EUR,1.0,4.400107
20240920,PLN,0.227267,0.999999
20240920,USD,0.88503,3.894227
20240920,GBP,1.126913,4.958538
20240920,SEK,0.093798,0.412721
20240921,EUR,1.0,4.400179
20240921,PLN,0.227263,0.999998
20240921,USD,0.885079,3.894506
20240921,GBP,1.127044,4.959195
20240921,SEK,0.093852,0.412966
20240922,EUR,1.0,4.40027
20240922,PLN,0.227259,1.000001
20240922,USD,0.885142,3.894864
20240922,GBP,1.127177,4.959883
20240922,SEK,0.093905,0.413207
20240923,EUR,1.0,4.400379
20240923,PLN,0.227253,0.999999
20240923,USD,0.885217,3.89529
20240923,GBP,1.127313,4.960604
20240923,SEK,0.093959,0.413455
20240924,EUR,1.0,4.400507
20240924,PLN,0.227247,1.000002
20240924,USD,0.885305,3.89579
20240924,GBP,1.127451,4.961355
20240924,SEK,0.094012,0.4137
20240925,EUR,1.0,4.400653
20240925,PLN,0.227239,1.0
20240925,USD,0.885406,3.896364
20240925,GBP,1.127592,4.962141
20240925,SEK,0.094064,0.413943
20240926,EUR,1.0,4.400817
20240926,PLN,0.227231,1.000002
20240926,USD,0.88552,3.897012
20240926,GBP,1.127735,4.962955
20240926,SEK,0.094117,0.414192
20240927,EUR,1.0,4.401
20240927,PLN,0.227221,1.0
20240927,USD,0.885646,3.897728
20240927,GBP,1.12788,4.9638
20240927,SEK,0.094169,0.414438
20240928,EUR,1.0,4.401201
20240928,PLN,0.227211,1.000001
20240928,USD,0.885785,3.898518
20240928,GBP,1.128028,4.964678
20240928,SEK,0.094221,0.414686
20240929,EUR,1.0,4.401421
20240929,PLN,0.227199,0.999998
20240929,USD,0.885937,3.899382
20240929,GBP,1.128179,4.965591
20240929,SEK,0.094273,0.414935
20240930,EUR,1.0,4.401659
20240930,PLN,0.227187,1.0
20240930,USD,0.886101,3.900315
20240930,GBP,1.128331,4.966528
20240930,SEK,0.094324,0.415182
20241001,EUR,1.0,4.401915
20241001,PLN,0.227174,1.000001
20241001,USD,0.886278,3.901321
20241001,GBP,1.128486,4.9675
20241001,SEK,0.094375,0.415431
20241002,EUR,1.0,4.40219
20241002,PLN,0.22716,1.000002
20241002,USD,0.886468,3.902401
20241002,GBP,1.128643,4.968501
20241002,SEK,0.094426,0.415681
20241003,EUR,1.0,4.402483
20241003,PLN,0.227145,1.000002
20241003,USD,0.88667,3.90355
20241003,GBP,1.128803,4.969536
20241003,SEK,0.094476,0.415929
20241004,EUR,1.0,4.402794
20241004,PLN,0.227128,0.999998
20241004,USD,0.886885,3.904772
20241004,GBP,1.128965,4.9706
20241004,SEK,0.094527,0.416183
20241005,EUR,1.0,4.403123
20241005,PLN,0.227112,1.000002
20241005,USD,0.887113,3.906068
20241005,GBP,1.12913,4.971699
20241005,SEK,0.094576,0.41643
20241006,EUR,1.0,4.403471
20241006,PLN,0.227094,1.000002
20241006,USD,0.887353,3.907433
20241006,GBP,1.129296,4.972822
20241006,SEK,0.094626,0.416683
20241007,EUR,1.0,4.403836
20241007,PLN,0.227075,1.000001
20241007,USD,0.887605,3.908867
20241007,GBP,1.129465,4.973979
20241007,SEK,0.094675,0.416933
20241008,EUR,1.0,4.40422
20241008,PLN,0.227055,1.0
20241008,USD,0.88787,3.910375
20241008,GBP,1.129636,4.975165
20241008,SEK,0.094724,0.417185
20241009,EUR,1.0,4.404621
20241009,PLN,0.227034,0.999999
20241009,USD,0.888147,3.911951
20241009,GBP,1.12981,4.976385
20241009,SEK,0.094772,0.417435
20241010,EUR,1.0,4.405041
20241010,PLN,0.227013,1.000002
20241010,USD,0.888437,3.913601
20241010,GBP,1.129986,4.977634
20241010,SEK,0.09482,0.417686
20241011,EUR,1.0,4.405478
20241011,PLN,0.22699,0.999999
20241011,USD,0.888739,3.91532
20241011,GBP,1.130164,4.978913
20241011,SEK,0.094868,0.417939
20241012,EUR,1.0,4.405933
20241012,PLN,0.226967,1.000001
20241012,USD,0.889054,3.917113
20241012,GBP,1.130344,4.98022
20241012,SEK,0.094915,0.418189
20241013,EUR,1.0,4.406406
20241013,PLN,0.226942,0.999999
20241013,USD,0.88938,3.91897
20241013,GBP,1.130527,4.981561
20241013,SEK,0.094962,0.418441
20241014,EUR,1.0,4.406897
20241014,PLN,0.226917,1.0
20241014,USD,0.889719,3.9209
20241014,GBP,1.130712,4.982931
20241014,SEK,0.095009,0.418695
20241015,EUR,1.0,4.407406
20241015,PLN,0.226891,1.000001
20241015,USD,0.890071,3.922904
20241015,GBP,1.130899,4.98433
20241015,SEK,0.095055,0.418946
20241016,EUR,1.0,4.407932
20241016,PLN,0.226864,1.000001
20241016,USD,0.890434,3.924972
20241016,GBP,1.131088,4.985758
20241016,SEK,0.095101,0.419199
20241017,EUR,1.0,4.408475
20241017,PLN,0.226836,1.000001
20241017,USD,0.890809,3.927109
20241017,GBP,1.13128,4.98722
20241017,SEK,0.095147,0.419453
20241018,EUR,1.0,4.409036
20241018,PLN,0.226807,1.0
20241018,USD,0.891197,3.92932
20241018,GBP,1.131474,4.98871
20241018,SEK,0.095192,0.419705
20241019,EUR,1.0,4.409614
20241019,PLN,0.226777,0.999999
20241019,USD,0.891597,3.931599
20241019,GBP,1.131669,4.990224
20241019,SEK,0.095236,0.419954
20241020,EUR,1.0,4.41021
20241020,PLN,0.226747,1.000002
20241020,USD,0.892008,3.933943
20241020,GBP,1.131867,4.991771
20241020,SEK,0.095281,0.420209
20241021,EUR,1.0,4.410823
20241021,PLN,0.226715,1.0
20241021,USD,0.892432,3.93636
20241021,GBP,1.132068,4.993352
20241021,SEK,0.095324,0.420457
20241022,EUR,1.0,4.411453
20241022,PLN,0.226683,1.000001
20241022,USD,0.892867,3.938841
20241022,GBP,1.13227,4.994956
20241022,SEK,0.095368,0.420711
20241023,EUR,1.0,4.412101
20241023,PLN,0.226649,0.999998
20241023,USD,0.893315,3.941396
20241023,GBP,1.132475,4.996594
20241023,SEK,0.095411,0.420963
20241024,EUR,1.0,4.412765
20241024,PLN,0.226615,0.999999
20241024,USD,0.893774,3.944015
20241024,GBP,1.132681,4.998255
20241024,SEK,0.095453,0.421212
20241025,EUR,1.0,4.413446
20241025,PLN,0.22658,0.999999
20241025,USD,0.894244,3.946698
20241025,GBP,1.13289,4.999949
20241025,SEK,0.095495,0.421462
20241026,EUR,1.0,4.414144
20241026,PLN,0.226544,0.999998
20241026,USD,0.894727,3.949454
20241026,GBP,1.133101,5.001671
20241026,SEK,0.095537,0.421714
20241027,EUR,1.0,4.414859
20241027,PLN,0.226508,1.000001
20241027,USD,0.895221,3.952275
20241027,GBP,1.133314,5.003422
20241027,SEK,0.095578,0.421963
20241028,EUR,1.0,4.415591
20241028,PLN,0.22647,0.999999
20241028,USD,0.895726,3.95516
20241028,GBP,1.133529,5.0052
20241028,SEK,0.095619,0.422214
20241029,EUR,1.0,4.416339
20241029,PLN,0.226432,1.0
20241029,USD,0.896243,3.958113
20241029,GBP,1.133746,5.007007
20241029,SEK,0.095659,0.422463
20241030,EUR,1.0,4.417104
20241030,PLN,0.226393,1.000001
20241030,USD,0.896771,3.961131
20241030,GBP,1.133965,5.008841
20241030,SEK,0.095699,0.422712
20241031,EUR,1.0,4.417885
20241031,PLN,0.226353,1.000001
20241031,USD,0.897311,3.964217
20241031,GBP,1.134186,5.010703
20241031,SEK,0.095739,0.422964
20241101,EUR,1.0,4.418682
20241101,PLN,0.226312,1.000001
20241101,USD,0.897862,3.967367
20241101,GBP,1.134409,5.012593
20241101,SEK,0.095777,0.423208
20241102,EUR,1.0,4.419496
20241102,PLN,0.22627,0.999999
20241102,USD,0.898424,3.970581
20241102,GBP,1.134635,5.014515
20241102,SEK,0.095816,0.423458
20241103,EUR,1.0,4.420325
20241103,PLN,0.226228,1.000001
20241103,USD,0.898997,3.973859
20241103,GBP,1.134862,5.016459
20241103,SEK,0.095854,0.423706
20241104,EUR,1.0,4.421171
20241104,PLN,0.226184,0.999998
20241104,USD,0.899581,3.977202
20241104,GBP,1.135091,5.018432
20241104,SEK,0.095891,0.423951
20241105,EUR,1.0,4.422033
20241105,PLN,0.22614,0.999999
20241105,USD,0.900177,3.980612
20241105,GBP,1.135322,5.020431
20241105,SEK,0.095928,0.424197
20241106,EUR,1.0,4.42291
20241106,PLN,0.226095,0.999998
20241106,USD,0.900783,3.984082
20241106,GBP,1.135555,5.022458
20241106,SEK,0.095964,0.42444
20241107,EUR,1.0,4.423803
20241107,PLN,0.22605,1.000001
20241107,USD,0.901399,3.987612
20241107,GBP,1.13579,5.024512
20241107,SEK,0.096,0.424685
20241108,EUR,1.0,4.424712
20241108,PLN,0.226003,0.999998
20241108,USD,0.902027,3.99121
20241108,GBP,1.136027,5.026592
20241108,SEK,0.096036,0.424932
20241109,EUR,1.0,4.425636
20241109,PLN,0.225956,0.999999
20241109,USD,0.902665,3.994867
20241109,GBP,1.136266,5.0287
20241109,SEK,0.096071,0.425175
20241110,EUR,1.0,4.426576
20241110,PLN,0.225908,0.999999
20241110,USD,0.903314,3.998588
20241110,GBP,1.136507,5.030834
20241110,SEK,0.096105,0.425416
20241111,EUR,1.0,4.42753
20241111,PLN,0.22586,1.000002
20241111,USD,0.903973,4.002368
20241111,GBP,1.13675,5.032995
20241111,SEK,0.096139,0.425658
20241112,EUR,1.0,4.4285
20241112,PLN,0.22581,1.0
20241112,USD,0.904642,4.006207
20241112,GBP,1.136994,5.035178
20241112,SEK,0.096172,0.425898
20241113,EUR,1.0,4.429485
20241113,PLN,0.22576,1.000001
20241113,USD,0.905322,4.01011
20241113,GBP,1.137241,5.037392
20241113,SEK,0.096205,0.426139
20241114,EUR,1.0,4.430485
20241114,PLN,0.225709,1.0
20241114,USD,0.906012,4.014073
20241114,GBP,1.137489,5.039628
20241114,SEK,0.096237,0.426377
20241115,EUR,1.0,4.431499
20241115,PLN,0.225657,0.999999
20241115,USD,0.906712,4.018094
20241115,GBP,1.137739,5.04189
20241115,SEK,0.096269,0.426616
20241116,EUR,1.0,4.432529
20241116,PLN,0.225605,1.000001
20241116,USD,0.907422,4.022174
20241116,GBP,1.137991,5.044178
20241116,SEK,0.0963,0.426853
20241117,EUR,1.0,4.433572
20241117,PLN,0.225552,1.000001
20241117,USD,0.908142,4.026313
20241117,GBP,1.138245,5.046491
20241117,SEK,0.096331,0.42709
20241118,EUR,1.0,4.43463
20241118,PLN,0.225498,1.0
20241118,USD,0.908871,4.030507
20241118,GBP,1.1385,5.048826
20241118,SEK,0.096361,0.427325
20241119,EUR,1.0,4.435702
20241119,PLN,0.225443,0.999998
20241119,USD,0.909611,4.034764
20241119,GBP,1.138757,5.051187
20241119,SEK,0.09639,0.427557
20241120,EUR,1.0,4.436789
20241120,PLN,0.225388,0.999999
20241120,USD,0.910359,4.039071
20241120,GBP,1.139016,5.053573
20241120,SEK,0.096419,0.427791
20241121,EUR,1.0,4.437889
20241121,PLN,0.225332,0.999998
20241121,USD,0.911118,4.043441
20241121,GBP,1.139277,5.055985
20241121,SEK,0.096447,0.428021
20241122,EUR,1.0,4.439003
20241122,PLN,0.225276,1.000001
20241122,USD,0.911885,4.047861
20241122,GBP,1.139539,5.058417
20241122,SEK,0.096475,0.428253
20241123,EUR,1.0,4.440131
20241123,PLN,0.225219,1.000002
20241123,USD,0.912662,4.052339
20241123,GBP,1.139804,5.060879
20241123,SEK,0.096502,0.428482
20241124,EUR,1.0,4.441273
20241124,PLN,0.225161,1.000001
20241124,USD,0.913448,4.056872
20241124,GBP,1.140069,5.063357
20241124,SEK,0.096529,0.428712
20241125,EUR,1.0,4.442428
20241125,PLN,0.225102,0.999999
20241125,USD,0.914243,4.061458
20241125,GBP,1.140337,5.065864
20241125,SEK,0.096555,0.428939
20241126,EUR,1.0,4.443596
20241126,PLN,0.225043,1.0
20241126,USD,0.915047,4.066099
20241126,GBP,1.140606,5.068392
20241126,SEK,0.09658,0.429162
20241127,EUR,1.0,4.444777
20241127,PLN,0.224983,0.999999
20241127,USD,0.915859,4.070789
20241127,GBP,1.140877,5.070944
20241127,SEK,0.096605,0.429388
20241128,EUR,1.0,4.445971
20241128,PLN,0.224923,1.000001
20241128,USD,0.91668,4.075533
20241128,GBP,1.141149,5.073516
20241128,SEK,0.09663,0.429614
20241129,EUR,1.0,4.447178
20241129,PLN,0.224862,1.000001
20241129,USD,0.91751,4.080331
20241129,GBP,1.141423,5.076112
20241129,SEK,0.096653,0.429833
20241130,EUR,1.0,4.448398
20241130,PLN,0.2248,1.0
20241130,USD,0.918348,4.085178
20241130,GBP,1.141699,5.078732
20241130,SEK,0.096676,0.430053
20241201,EUR,1.0,4.449631
20241201,PLN,0.224738,1.000001
20241201,USD,0.919194,4.090074
20241201,GBP,1.141976,5.081371
20241201,SEK,0.096699,0.430275
20241202,EUR,1.0,4.450875
20241202,PLN,0.224675,1.0
20241202,USD,0.920049,4.095023
20241202,GBP,1.142255,5.084035
20241202,SEK,0.096721,0.430493
20241203,EUR,1.0,4.452132
20241203,PLN,0.224611,0.999998
20241203,USD,0.920911,4.100018
20241203,GBP,1.142535,5.086717
20241203,SEK,0.096742,0.430708
20241204,EUR,1.0,4.453401
20241204,PLN,0.224547,0.999998
20241204,USD,0.921781,4.105061
20241204,GBP,1.142817,5.089423
20241204,SEK,0.096763,0.430924
20241205,EUR,1.0,4.454682
20241205,PLN,0.224483,1.0
20241205,USD,0.922659,4.110153
20241205,GBP,1.1431,5.092147
20241205,SEK,0.096783,0.431138
20241206,EUR,1.0,4.455975
20241206,PLN,0.224418,1.000001
20241206,USD,0.923544,4.115289
20241206,GBP,1.143385,5.094895
20241206,SEK,0.096802,0.431347
20241207,EUR,1.0,4.457279
20241207,PLN,0.224352,1.0
20241207,USD,0.924437,4.120474
20241207,GBP,1.143672,5.097666
20241207,SEK,0.096821,0.431558
20241208,EUR,1.0,4.458595
20241208,PLN,0.224286,1.0
20241208,USD,0.925337,4.125703
20241208,GBP,1.143959,5.10045
20241208,SEK,0.096839,0.431766
20241209,EUR,1.0,4.459922
20241209,PLN,0.224219,0.999999
20241209,USD,0.926245,4.130981
20241209,GBP,1.144248,5.103257
20241209,SEK,0.096857,0.431975
20241210,EUR,1.0,4.461261
20241210,PLN,0.224152,1.0
20241210,USD,0.927159,4.136298
20241210,GBP,1.144539,5.106087
20241210,SEK,0.096874,0.43218
20241211,EUR,1.0,4.46261
20241211,PLN,0.224084,0.999999
20241211,USD,0.92808,4.141659
20241211,GBP,1.144831,5.108934
20241211,SEK,0.09689,0.432382
20241212,EUR,1.0,4.46397
20241212,PLN,0.224016,1.000001
20241212,USD,0.929008,4.147064
20241212,GBP,1.145124,5.111799
20241212,SEK,0.096905,0.432581
20241213,EUR,1.0,4.46534
20241213,PLN,0.223947,1.0
20241213,USD,0.929942,4.152507
20241213,GBP,1.145419,5.114686
20241213,SEK,0.096921,0.432785
20241214,EUR,1.0,4.466721
20241214,PLN,0.223878,1.000001
20241214,USD,0.930882,4.15799
20241214,GBP,1.145715,5.11759
20241214,SEK,0.096935,0.432982
20241215,EUR,1.0,4.468113
20241215,PLN,0.223808,0.999999
20241215,USD,0.931829,4.163517
20241215,GBP,1.146012,5.120511
20241215,SEK,0.096949,0.433179
20241216,EUR,1.0,4.469514
20241216,PLN,0.223738,1.0
20241216,USD,0.932782,4.169082
20241216,GBP,1.146311,5.123453
20241216,SEK,0.096962,0.433373
20241217,EUR,1.0,4.470925
20241217,PLN,0.223667,0.999998
20241217,USD,0.933741,4.174686
20241217,GBP,1.146611,5.126412
20241217,SEK,0.096974,0.433564
20241218,EUR,1.0,4.472347
20241218,PLN,0.223596,0.999999
20241218,USD,0.934705,4.180325
20241218,GBP,1.146912,5.129388
20241218,SEK,0.096986,0.433755
20241219,EUR,1.0,4.473777
20241219,PLN,0.223525,1.000001
20241219,USD,0.935675,4.186002
20241219,GBP,1.147215,5.132384
20241219,SEK,0.096997,0.433943
20241220,EUR,1.0,4.475217
20241220,PLN,0.223453,1.000001
20241220,USD,0.936651,4.191717
20241220,GBP,1.147518,5.135393
20241220,SEK,0.097008,0.434132
20241221,EUR,1.0,4.476667
20241221,PLN,0.22338,0.999998
20241221,USD,0.937631,4.197462
20241221,GBP,1.147823,5.138421
20241221,SEK,0.097018,0.434317
20241222,EUR,1.0,4.478125
20241222,PLN,0.223308,1.000001
20241222,USD,0.938617,4.203244
20241222,GBP,1.148129,5.141465
20241222,SEK,0.097027,0.434499
20241223,EUR,1.0,4.479592
20241223,PLN,0.223235,1.000002
20241223,USD,0.939607,4.209056
20241223,GBP,1.148437,5.14453
20241223,SEK,0.097035,0.434677
20241224,EUR,1.0,4.481068
20241224,PLN,0.223161,1.0
20241224,USD,0.940602,4.214902
20241224,GBP,1.148745,5.147605
20241224,SEK,0.097043,0.434856
20241225,EUR,1.0,4.482553
20241225,PLN,0.223087,0.999999
20241225,USD,0.941602,4.220781
20241225,GBP,1.149055,5.1507
20241225,SEK,0.097051,0.435036
20241226,EUR,1.0,4.484046
20241226,PLN,0.223013,1.0
20241226,USD,0.942606,4.226688
20241226,GBP,1.149365,5.153805
20241226,SEK,0.097057,0.435208
20241227,EUR,1.0,4.485547
20241227,PLN,0.222938,0.999999
20241227,USD,0.943614,4.232625
20241227,GBP,1.149677,5.15693
20241227,SEK,0.097063,0.435381
20241228,EUR,1.0,4.487056
20241228,PLN,0.222863,0.999999
20241228,USD,0.944626,4.238589
20241228,GBP,1.14999,5.160069
20241228,SEK,0.097069,0.435554
20241229,EUR,1.0,4.488572
20241229,PLN,0.222788,1.0
20241229,USD,0.945641,4.244578
20241229,GBP,1.150304,5.163223
20241229,SEK,0.097073,0.435719
20241230,EUR,1.0,4.490096
20241230,PLN,0.222712,0.999998
20241230,USD,0.946661,4.250599
20241230,GBP,1.150619,5.16639
20241230,SEK,0.097077,0.435885
20241231,EUR,1.0,4.491628
20241231,PLN,0.222636,0.999998
20241231,USD,0.947683,4.25664
20241231,GBP,1.150934,5.169568
20241231,SEK,0.097081,0.436052
20250101,EUR,1.0,4.493167
20250101,PLN,0.22256,0.999999
20250101,USD,0.948709,4.262708
20250101,GBP,1.151251,5.172763
20250101,SEK,0.097083,0.43621
20250102,EUR,1.0,4.494713
20250102,PLN,0.222484,1.000002
20250102,USD,0.949738,4.2688
20250102,GBP,1.151569,5.175972
20250102,SEK,0.097085,0.436369
20250103,EUR,1.0,4.496266
20250103,PLN,0.222407,1.000001
20250103,USD,0.950769,4.27491
20250103,GBP,1.151888,5.179194
20250103,SEK,0.097087,0.436529
20250104,EUR,1.0,4.497825
20250104,PLN,0.22233,1.000001
20250104,USD,0.951803,4.281043
20250104,GBP,1.152208,5.18243
20250104,SEK,0.097087,0.43668
20250105,EUR,1.0,4.499391
20250105,PLN,0.222252,0.999999
20250105,USD,0.95284,4.287199
20250105,GBP,1.152528,5.185674
20250105,SEK,0.097087,0.436832
20250106,EUR,1.0,4.500963
20250106,PLN,0.222175,1.000001
20250106,USD,0.953879,4.293374
20250106,GBP,1.15285,5.188935
20250106,SEK,0.097087,0.436985
20250107,EUR,1.0,4.502541
20250107,PLN,0.222097,1.000001
20250107,USD,0.954919,4.299562
20250107,GBP,1.153172,5.192204
20250107,SEK,0.097085,0.437129
20250108,EUR,1.0,4.504125
20250108,PLN,0.222019,1.000001
20250108,USD,0.955962,4.305772
20250108,GBP,1.153495,5.195485
20250108,SEK,0.097083,0.437274
20250109,EUR,1.0,4.505714
20250109,PLN,0.22194,0.999998
20250109,USD,0.957005,4.311991
20250109,GBP,1.153819,5.198779
20250109,SEK,0.097081,0.437419
20250110,EUR,1.0,4.507309
20250110,PLN,0.221862,1.000001
20250110,USD,0.958051,4.318232
20250110,GBP,1.154144,5.202084
20250110,SEK,0.097078,0.437561
20250111,EUR,1.0,4.50891
20250111,PLN,0.221783,1.0
20250111,USD,0.959097,4.324482
20250111,GBP,1.15447,5.205401
20250111,SEK,0.097074,0.437698
20250112,EUR,1.0,4.510515
20250112,PLN,0.221704,0.999999
20250112,USD,0.960144,4.330744
20250112,GBP,1.154796,5.208725
20250112,SEK,0.097069,0.437831
20250113,EUR,1.0,4.512126
20250113,PLN,0.221625,1.0
20250113,USD,0.961192,4.337019
20250113,GBP,1.155123,5.21206
20250113,SEK,0.097064,0.437965
20250114,EUR,1.0,4.51374
20250114,PLN,0.221546,1.000001
20250114,USD,0.962241,4.343306
20250114,GBP,1.155451,5.215406
20250114,SEK,0.097058,0.438095
20250115,EUR,1.0,4.51536
20250115,PLN,0.221466,0.999999
20250115,USD,0.963289,4.349597
20250115,GBP,1.15578,5.218763
20250115,SEK,0.097051,0.43822
20250116,EUR,1.0,4.516984
20250116,PLN,0.221387,1.000001
20250116,USD,0.964338,4.355899
20250116,GBP,1.156109,5.222125
20250116,SEK,0.097044,0.438346
20250117,EUR,1.0,4.518611
20250117,PLN,0.221307,1.0
20250117,USD,0.965386,4.362204
20250117,GBP,1.156439,5.225499
20250117,SEK,0.097036,0.438468
20250118,EUR,1.0,4.520243
20250118,PLN,0.221227,1.0
20250118,USD,0.966434,4.368517
20250118,GBP,1.156769,5.228877
20250118,SEK,0.097028,0.43859
20250119,EUR,1.0,4.521878
20250119,PLN,0.221147,1.0
20250119,USD,0.967482,4.374836
20250119,GBP,1.1571,5.232266
20250119,SEK,0.097019,0.438708
20250120,EUR,1.0,4.523517
20250120,PLN,0.221067,1.0
20250120,USD,0.968528,4.381153
20250120,GBP,1.157432,5.235664
20250120,SEK,0.097009,0.438822
20250121,EUR,1.0,4.525159
20250121,PLN,0.220987,1.000001
20250121,USD,0.969574,4.387477
20250121,GBP,1.157764,5.239067
20250121,SEK,0.096998,0.438931
20250122,EUR,1.0,4.526805
20250122,PLN,0.220906,0.999998
20250122,USD,0.970618,4.393798
20250122,GBP,1.158097,5.242479
20250122,SEK,0.096987,0.439041
20250123,EUR,1.0,4.528453
20250123,PLN,0.220826,1.0
20250123,USD,0.971661,4.400121
20250123,GBP,1.15843,5.245895
20250123,SEK,0.096976,0.439151
20250124,EUR,1.0,4.530103
20250124,PLN,0.220746,1.000002
20250124,USD,0.972702,4.40644
20250124,GBP,1.158764,5.249321
20250124,SEK,0.096963,0.439252
20250125,EUR,1.0,4.531756
20250125,PLN,0.220665,1.0
20250125,USD,0.97374,4.412752
20250125,GBP,1.159098,5.25275
20250125,SEK,0.09695,0.439354
20250126,EUR,1.0,4.533412
20250126,PLN,0.220584,0.999998
20250126,USD,0.974777,4.419065
20250126,GBP,1.159433,5.256187
20250126,SEK,0.096937,0.439455
20250127,EUR,1.0,4.535069
20250127,PLN,0.220504,1.000001
20250127,USD,0.975811,4.42537
20250127,GBP,1.159768,5.259628
20250127,SEK,0.096922,0.439548
20250128,EUR,1.0,4.536728
20250128,PLN,0.220423,0.999999
20250128,USD,0.976842,4.431667
20250128,GBP,1.160104,5.263077
20250128,SEK,0.096907,0.439641
20250129,EUR,1.0,4.538389
20250129,PLN,0.220342,0.999998
20250129,USD,0.977871,4.437959
20250129,GBP,1.16044,5.266529
20250129,SEK,0.096892,0.439734
20250130,EUR,1.0,4.540052
20250130,PLN,0.220262,1.000001
20250130,USD,0.978896,4.444238
20250130,GBP,1.160776,5.269983
20250130,SEK,0.096875,0.439818
20250131,EUR,1.0,4.541715
20250131,PLN,0.220181,0.999999
20250131,USD,0.979918,4.450509
20250131,GBP,1.161113,5.273445
20250131,SEK,0.096859,0.439906
20250201,EUR,1.0,4.54338
20250201,PLN,0.2201,0.999998
20250201,USD,0.980936,4.456765
20250201,GBP,1.161449,5.276904
20250201,SEK,0.096841,0.439985
20250202,EUR,1.0,4.545045
20250202,PLN,0.22002,1.000001
20250202,USD,0.98195,4.463007
20250202,GBP,1.161787,5.280375
20250202,SEK,0.096823,0.440065
20250203,EUR,1.0,4.546711
20250203,PLN,0.219939,0.999999
20250203,USD,0.982961,4.46924
20250203,GBP,1.162124,5.283842
20250203,SEK,0.096804,0.44014
20250204,EUR,1.0,4.548378
20250204,PLN,0.219859,1.000002
20250204,USD,0.983966,4.475449
20250204,GBP,1.162462,5.287316
20250204,SEK,0.096785,0.440215
20250205,EUR,1.0,4.550044
20250205,PLN,0.219778,1.0
20250205,USD,0.984968,4.481648
20250205,GBP,1.1628,5.290792
20250205,SEK,0.096765,0.440285
20250206,EUR,1.0,4.551711
20250206,PLN,0.219698,1.000002
20250206,USD,0.985964,4.487823
20250206,GBP,1.163138,5.294268
20250206,SEK,0.096744,0.440351
20250207,EUR,1.0,4.553377
20250207,PLN,0.219617,0.999999
20250207,USD,0.986955,4.493979
20250207,GBP,1.163476,5.297745
20250207,SEK,0.096723,0.440416
20250208,EUR,1.0,4.555043
20250208,PLN,0.219537,1.000001
20250208,USD,0.987941,4.500114
20250208,GBP,1.163815,5.301228
20250208,SEK,0.096701,0.440477
20250209,EUR,1.0,4.556709
20250209,PLN,0.219457,1.000002
20250209,USD,0.988921,4.506225
20250209,GBP,1.164153,5.304706
20250209,SEK,0.096679,0.440538
20250210,EUR,1.0,4.558373
20250210,PLN,0.219377,1.000002
20250210,USD,0.989896,4.512316
20250210,GBP,1.164492,5.308189
20250210,SEK,0.096656,0.440594
20250211,EUR,1.0,4.560037
20250211,PLN,0.219296,0.999998
20250211,USD,0.990864,4.518376
20250211,GBP,1.164831,5.311672
20250211,SEK,0.096632,0.440645
20250212,EUR,1.0,4.561699
20250212,PLN,0.219217,1.000002
20250212,USD,0.991826,4.524412
20250212,GBP,1.165169,5.31515
20250212,SEK,0.096608,0.440697
20250213,EUR,1.0,4.56336
20250213,PLN,0.219137,1.000001
20250213,USD,0.992782,4.530422
20250213,GBP,1.165508,5.318633
20250213,SEK,0.096583,0.440743
20250214,EUR,1.0,4.565019
20250214,PLN,0.219057,0.999999
20250214,USD,0.993731,4.536401
20250214,GBP,1.165847,5.322114
20250214,SEK,0.096558,0.440789
20250215,EUR,1.0,4.566677
20250215,PLN,0.218978,1.000002
20250215,USD,0.994673,4.54235
20250215,GBP,1.166186,5.325594
20250215,SEK,0.096532,0.44083
20250216,EUR,1.0,4.568332
20250216,PLN,0.218898,0.999999
20250216,USD,0.995607,4.548263
20250216,GBP,1.166525,5.329073
20250216,SEK,0.096505,0.440867
20250217,EUR,1.0,4.569985
20250217,PLN,0.218819,1.0
20250217,USD,0.996534,4.554145
20250217,GBP,1.166863,5.332546
20250217,SEK,0.096478,0.440903
20250218,EUR,1.0,4.571635
20250218,PLN,0.21874,1.0
20250218,USD,0.997454,4.559996
20250218,GBP,1.167202,5.336022
20250218,SEK,0.096451,0.440939
20250219,EUR,1.0,4.573283
20250219,PLN,0.218661,0.999999
20250219,USD,0.998365,4.565806
20250219,GBP,1.167541,5.339496
20250219,SEK,0.096422,0.440965
20250220,EUR,1.0,4.574928
20250220,PLN,0.218583,1.000002
20250220,USD,0.999269,4.571584
20250220,GBP,1.167879,5.342963
20250220,SEK,0.096393,0.440991
20250221,EUR,1.0,4.57657
20250221,PLN,0.218504,0.999999
20250221,USD,1.000163,4.577316
20250221,GBP,1.168217,5.346427
20250221,SEK,0.096364,0.441017
20250222,EUR,1.0,4.578209
20250222,PLN,0.218426,1.0
20250222,USD,1.00105,4.583016
20250222,GBP,1.168555,5.349889
20250222,SEK,0.096334,0.441037
20250223,EUR,1.0,4.579844
20250223,PLN,0.218348,1.0
20250223,USD,1.001927,4.588669
20250223,GBP,1.168893,5.353348
20250223,SEK,0.096304,0.441057
20250224,EUR,1.0,4.581475
20250224,PLN,0.21827,0.999999
20250224,USD,1.002795,4.594281
20250224,GBP,1.169231,5.356803
20250224,SEK,0.096272,0.441068
20250225,EUR,1.0,4.583103
20250225,PLN,0.218193,1.000001
20250225,USD,1.003654,4.59985
20250225,GBP,1.169568,5.360251
20250225,SEK,0.096241,0.441082
20250226,EUR,1.0,4.584726
20250226,PLN,0.218116,1.000002
20250226,USD,1.004503,4.605371
20250226,GBP,1.169905,5.363694
20250226,SEK,0.096209,0.441092
20250227,EUR,1.0,4.586346
20250227,PLN,0.218039,1.000002
20250227,USD,1.005343,4.610851
20250227,GBP,1.170242,5.367134
20250227,SEK,0.096176,0.441096
20250228,EUR,1.0,4.58796
20250228,PLN,0.217962,1.000001
20250228,USD,1.006172,4.616277
20250228,GBP,1.170578,5.370566
20250228,SEK,0.096143,0.4411
20250301,EUR,1.0,4.58957
20250301,PLN,0.217885,0.999999
20250301,USD,1.006991,4.621656
20250301,GBP,1.170914,5.373992
20250301,SEK,0.096109,0.441099
20250302,EUR,1.0,4.591176
20250302,PLN,0.217809,0.999999
20250302,USD,1.0078,4.626987
20250302,GBP,1.17125,5.377414
20250302,SEK,0.096075,0.441097
20250303,EUR,1.0,4.592776
20250303,PLN,0.217733,0.999999
20250303,USD,1.008598,4.632264
20250303,GBP,1.171585,5.380827
20250303,SEK,0.09604,0.44109
20250304,EUR,1.0,4.59437
20250304,PLN,0.217658,1.000001
20250304,USD,1.009385,4.637489
20250304,GBP,1.17192,5.384235
20250304,SEK,0.096004,0.441078
20250305,EUR,1.0,4.59596
20250305,PLN,0.217582,0.999998
20250305,USD,1.010161,4.642659
20250305,GBP,1.172255,5.387637
20250305,SEK,0.095969,0.44107
20250306,EUR,1.0,4.597543
20250306,PLN,0.217507,0.999998
20250306,USD,1.010926,4.647776
20250306,GBP,1.172589,5.391029
20250306,SEK,0.095932,0.441052
20250307,EUR,1.0,4.599121
20250307,PLN,0.217433,1.000001
20250307,USD,1.011679,4.652834
20250307,GBP,1.172922,5.39441
20250307,SEK,0.095895,0.441033
20250308,EUR,1.0,4.600693
20250308,PLN,0.217359,1.000002
20250308,USD,1.012421,4.657838
20250308,GBP,1.173255,5.397786
20250308,SEK,0.095858,0.441013
20250309,EUR,1.0,4.602258
20250309,PLN,0.217285,1.000002
20250309,USD,1.01315,4.662778
20250309,GBP,1.173588,5.401155
20250309,SEK,0.09582,0.440988
20250310,EUR,1.0,4.603817
20250310,PLN,0.217211,1.0
20250310,USD,1.013867,4.667658
20250310,GBP,1.173919,5.404509
20250310,SEK,0.095782,0.440963
20250311,EUR,1.0,4.60537
20250311,PLN,0.217138,1.000001
20250311,USD,1.014572,4.672479
20250311,GBP,1.174251,5.40786
20250311,SEK,0.095743,0.440932
20250312,EUR,1.0,4.606915
20250312,PLN,0.217065,1.0
20250312,USD,1.015265,4.67724
20250312,GBP,1.174581,5.411195
20250312,SEK,0.095704,0.4409
20250313,EUR,1.0,4.608454
20250313,PLN,0.216993,1.000002
20250313,USD,1.015944,4.681931
20250313,GBP,1.174911,5.414523
20250313,SEK,0.095664,0.440863
20250314,EUR,1.0,4.609985
20250314,PLN,0.21692,0.999998
20250314,USD,1.016611,4.686561
20250314,GBP,1.175241,5.417843
20250314,SEK,0.095624,0.440825
20250315,EUR,1.0,4.611509
20250315,PLN,0.216849,1.000001
20250315,USD,1.017264,4.691122
20250315,GBP,1.175569,5.421147
20250315,SEK,0.095583,0.440782
20250316,EUR,1.0,4.613025
20250316,PLN,0.216777,0.999998
20250316,USD,1.017905,4.695621
20250316,GBP,1.175897,5.424442
20250316,SEK,0.095542,0.440738
20250317,EUR,1.0,4.614534
20250317,PLN,0.216707,1.000002
20250317,USD,1.018531,4.700045
20250317,GBP,1.176224,5.427725
20250317,SEK,0.0955,0.440688
20250318,EUR,1.0,4.616034
20250318,PLN,0.216636,0.999999
20250318,USD,1.019144,4.704403
20250318,GBP,1.176551,5.430999
20250318,SEK,0.095458,0.440637
20250319,EUR,1.0,4.617526
20250319,PLN,0.216566,0.999999
20250319,USD,1.019743,4.70869
20250319,GBP,1.176877,5.434261
20250319,SEK,0.095416,0.440586
20250320,EUR,1.0,4.61901
20250320,PLN,0.216497,1.000002
20250320,USD,1.020329,4.71291
20250320,GBP,1.177201,5.437504
20250320,SEK,0.095373,0.440529
20250321,EUR,1.0,4.620486
20250321,PLN,0.216427,0.999998
20250321,USD,1.020899,4.71705
20250321,GBP,1.177525,5.440738
20250321,SEK,0.095329,0.440466
20250322,EUR,1.0,4.621953
20250322,PLN,0.216359,1.000001
20250322,USD,1.021456,4.721121
20250322,GBP,1.177848,5.443958
20250322,SEK,0.095286,0.440407
20250323,EUR,1.0,4.623411
20250323,PLN,0.216291,1.000002
20250323,USD,1.021998,4.725117
20250323,GBP,1.178171,5.447168
20250323,SEK,0.095242,0.440343
20250324,EUR,1.0,4.62486
20250324,PLN,0.216223,1.000001
20250324,USD,1.022525,4.729035
20250324,GBP,1.178492,5.45036
20250324,SEK,0.095197,0.440273
20250325,EUR,1.0,4.626299
20250325,PLN,0.216155,0.999998
20250325,USD,1.023038,4.73288
20250325,GBP,1.178813,5.453542
20250325,SEK,0.095152,0.440202
20250326,EUR,1.0,4.627729
20250326,PLN,0.216089,1.000001
20250326,USD,1.023535,4.736643
20250326,GBP,1.179132,5.456704
20250326,SEK,0.095106,0.440125
20250327,EUR,1.0,4.62915
20250327,PLN,0.216022,0.999998
20250327,USD,1.024018,4.740333
20250327,GBP,1.17945,5.459851
20250327,SEK,0.095061,0.440052
20250328,EUR,1.0,4.630561
20250328,PLN,0.215957,1.000002
20250328,USD,1.024485,4.74394
20250328,GBP,1.179768,5.462988
20250328,SEK,0.095014,0.439968
20250329,EUR,1.0,4.631962
20250329,PLN,0.215891,0.999999
20250329,USD,1.024937,4.747469
20250329,GBP,1.180084,5.466104
20250329,SEK,0.094968,0.439888
20250330,EUR,1.0,4.633353
20250330,PLN,0.215826,0.999998
20250330,USD,1.025373,4.750915
20250330,GBP,1.1804,5.469209
20250330,SEK,0.094921,0.439802
20250331,EUR,1.0,4.634733
20250331,PLN,0.215762,0.999999
20250331,USD,1.025793,4.754277
20250331,GBP,1.180714,5.472294
20250331,SEK,0.094874,0.439716
20250401,EUR,1.0,4.636103
20250401,PLN,0.215698,0.999998
20250401,USD,1.026198,4.75756
20250401,GBP,1.181027,5.475363
20250401,SEK,0.094826,0.439623
20250402,EUR,1.0,4.637462
20250402,PLN,0.215635,0.999999
20250402,USD,1.026587,4.760759
20250402,GBP,1.18134,5.47842
20250402,SEK,0.094778,0.439529
20250403,EUR,1.0,4.638811
20250403,PLN,0.215572,0.999998
20250403,USD,1.026959,4.763869
20250403,GBP,1.18165,5.481451
20250403,SEK,0.094729,0.43943
20250404,EUR,1.0,4.640149
20250404,PLN,0.21551,0.999998
20250404,USD,1.027316,4.766899
20250404,GBP,1.18196,5.48447
20250404,SEK,0.094681,0.439334
20250405,EUR,1.0,4.641475
20250405,PLN,0.215449,1.000001
20250405,USD,1.027656,4.76984
20250405,GBP,1.182269,5.487472
20250405,SEK,0.094632,0.439232
20250406,EUR,1.0,4.64279
20250406,PLN,0.215388,1.000001
20250406,USD,1.02798,4.772696
20250406,GBP,1.182576,5.490452
20250406,SEK,0.094582,0.439124
20250407,EUR,1.0,4.644094
20250407,PLN,0.215327,0.999999
20250407,USD,1.028287,4.775462
20250407,GBP,1.182882,5.493415
20250407,SEK,0.094532,0.439016
20250408,EUR,1.0,4.645386
20250408,PLN,0.215267,0.999998
20250408,USD,1.028578,4.778142
20250408,GBP,1.183187,5.496361
20250408,SEK,0.094482,0.438905
20250409,EUR,1.0,4.646667
20250409,PLN,0.215208,1.0
20250409,USD,1.028853,4.780737
20250409,GBP,1.183491,5.499288
20250409,SEK,0.094432,0.438794
20250410,EUR,1.0,4.647935
20250410,PLN,0.215149,0.999999
20250410,USD,1.02911,4.783236
20250410,GBP,1.183793,5.502193
20250410,SEK,0.094381,0.438677
20250411,EUR,1.0,4.649191
20250411,PLN,0.215091,0.999999
20250411,USD,1.029351,4.78565
20250411,GBP,1.184094,5.50508
20250411,SEK,0.09433,0.438558
20250412,EUR,1.0,4.650435
20250412,PLN,0.215034,1.000002
20250412,USD,1.029575,4.787972
20250412,GBP,1.184394,5.507948
20250412,SEK,0.094279,0.438438
20250413,EUR,1.0,4.651667
20250413,PLN,0.214977,1.000001
20250413,USD,1.029782,4.790203
20250413,GBP,1.184692,5.510793
20250413,SEK,0.094227,0.438313
20250414,EUR,1.0,4.652886
20250414,PLN,0.21492,0.999998
20250414,USD,1.029972,4.792343
20250414,GBP,1.184989,5.513619
20250414,SEK,0.094175,0.438186
20250415,EUR,1.0,4.654093
20250415,PLN,0.214865,1.000002
20250415,USD,1.030144,4.794386
20250415,GBP,1.185284,5.516422
20250415,SEK,0.094123,0.438057
20250416,EUR,1.0,4.655286
20250416,PLN,0.21481,1.000002
20250416,USD,1.0303,4.796341
20250416,GBP,1.185578,5.519205
20250416,SEK,0.094071,0.437927
20250417,EUR,1.0,4.656467
20250417,PLN,0.214755,1.0
20250417,USD,1.030439,4.798205
20250417,GBP,1.185871,5.521969
20250417,SEK,0.094018,0.437792
20250418,EUR,1.0,4.657634
20250418,PLN,0.214701,0.999999
20250418,USD,1.03056,4.799972
20250418,GBP,1.186162,5.524709
20250418,SEK,0.093965,0.437655
20250419,EUR,1.0,4.658789
20250419,PLN,0.214648,1.0
20250419,USD,1.030664,4.801646
20250419,GBP,1.186451,5.527424
20250419,SEK,0.093912,0.437516
20250420,EUR,1.0,4.659929
20250420,PLN,0.214596,1.000002
20250420,USD,1.030751,4.803227
20250420,GBP,1.186739,5.53012
20250420,SEK,0.093858,0.437372
20250421,EUR,1.0,4.661056
20250421,PLN,0.214544,1.000002
20250421,USD,1.030821,4.804715
20250421,GBP,1.187026,5.532795
20250421,SEK,0.093804,0.437226
20250422,EUR,1.0,4.66217
20250422,PLN,0.214492,0.999998
20250422,USD,1.030873,4.806105
20250422,GBP,1.187311,5.535446
20250422,SEK,0.09375,0.437078
20250423,EUR,1.0,4.663269
20250423,PLN,0.214442,1.000001
20250423,USD,1.030908,4.807402
20250423,GBP,1.187594,5.538071
20250423,SEK,0.093696,0.43693
20250424,EUR,1.0,4.664355
20250424,PLN,0.214392,1.0
20250424,USD,1.030926,4.808605
20250424,GBP,1.187875,5.540671
20250424,SEK,0.093642,0.43678
20250425,EUR,1.0,4.665427
20250425,PLN,0.214343,1.000002
20250425,USD,1.030926,4.80971
20250425,GBP,1.188155,5.54325
20250425,SEK,0.093587,0.436623
20250426,EUR,1.0,4.666484
20250426,PLN,0.214294,0.999999
20250426,USD,1.030909,4.81072
20250426,GBP,1.188434,5.545808
20250426,SEK,0.093532,0.436466
20250427,EUR,1.0,4.667527
20250427,PLN,0.214246,0.999999
20250427,USD,1.030874,4.811632
20250427,GBP,1.18871,5.548336
20250427,SEK,0.093477,0.436306
20250428,EUR,1.0,4.668555
20250428,PLN,0.214199,1.0
20250428,USD,1.030822,4.812449
20250428,GBP,1.188985,5.550842
20250428,SEK,0.093422,0.436146
20250429,EUR,1.0,4.669569
20250429,PLN,0.214153,1.000002
20250429,USD,1.030753,4.813172
20250429,GBP,1.189258,5.553322
20250429,SEK,0.093366,0.435979
20250430,EUR,1.0,4.670568
20250430,PLN,0.214107,1.000001
20250430,USD,1.030667,4.8138
20250430,GBP,1.18953,5.55578
20250430,SEK,0.093311,0.435815
20250501,EUR,1.0,4.671552
20250501,PLN,0.214062,1.000002
20250501,USD,1.030563,4.814328
20250501,GBP,1.189799,5.558208
20250501,SEK,0.093255,0.435646
20250502,EUR,1.0,4.672521
20250502,PLN,0.214017,0.999999
20250502,USD,1.030442,4.814762
20250502,GBP,1.190067,5.560613
20250502,SEK,0.093199,0.435474
20250503,EUR,1.0,4.673475
20250503,PLN,0.213974,1.000002
20250503,USD,1.030304,4.8151
20250503,GBP,1.190333,5.562991
20250503,SEK,0.093143,0.435301
20250504,EUR,1.0,4.674413
20250504,PLN,0.213931,1.000002
20250504,USD,1.030149,4.815342
20250504,GBP,1.190597,5.565343
20250504,SEK,0.093086,0.435122
20250505,EUR,1.0,4.675337
20250505,PLN,0.213888,0.999998
20250505,USD,1.029976,4.815485
20250505,GBP,1.19086,5.567672
20250505,SEK,0.09303,0.434947
20250506,EUR,1.0,4.676245
20250506,PLN,0.213847,1.000001
20250506,USD,1.029787,4.815536
20250506,GBP,1.19112,5.569969
20250506,SEK,0.092973,0.434764
20250507,EUR,1.0,4.677137
20250507,PLN,0.213806,1.0
20250507,USD,1.02958,4.815487
20250507,GBP,1.191379,5.572243
20250507,SEK,0.092916,0.434581
20250508,EUR,1.0,4.678013
20250508,PLN,0.213766,1.0
20250508,USD,1.029357,4.815346
20250508,GBP,1.191635,5.574485
20250508,SEK,0.09286,0.4344
20250509,EUR,1.0,4.678874
20250509,PLN,0.213727,1.000002
20250509,USD,1.029117,4.815109
20250509,GBP,1.19189,5.576703
20250509,SEK,0.092802,0.434209
20250510,EUR,1.0,4.679719
20250510,PLN,0.213688,1.0
20250510,USD,1.02886,4.814776
20250510,GBP,1.192142,5.57889
20250510,SEK,0.092745,0.434021
20250511,EUR,1.0,4.680548
20250511,PLN,0.21365,0.999999
20250511,USD,1.028586,4.814346
20250511,GBP,1.192393,5.581053
20250511,SEK,0.092688,0.433831
20250512,EUR,1.0,4.681361
20250512,PLN,0.213613,1.0
20250512,USD,1.028295,4.81382
20250512,GBP,1.192642,5.583187
20250512,SEK,0.092631,0.433639
20250513,EUR,1.0,4.682157
20250513,PLN,0.213577,1.000001
20250513,USD,1.027988,4.813201
20250513,GBP,1.192889,5.585294
20250513,SEK,0.092573,0.433441
20250514,EUR,1.0,4.682937
20250514,PLN,0.213541,0.999999
20250514,USD,1.027665,4.812491
20250514,GBP,1.193133,5.587367
20250514,SEK,0.092516,0.433247
20250515,EUR,1.0,4.683701
20250515,PLN,0.213506,0.999998
20250515,USD,1.027325,4.811683
20250515,GBP,1.193376,5.589417
20250515,SEK,0.092458,0.433046
20250516,EUR,1.0,4.684449
20250516,PLN,0.213472,0.999999
20250516,USD,1.026969,4.810783
20250516,GBP,1.193616,5.591433
20250516,SEK,0.0924,0.432843
20250517,EUR,1.0,4.685179
20250517,PLN,0.213439,1.0
20250517,USD,1.026597,4.809791
20250517,GBP,1.193855,5.593425
20250517,SEK,0.092342,0.432639
20250518,EUR,1.0,4.685893
20250518,PLN,0.213406,0.999998
20250518,USD,1.026208,4.808701
20250518,GBP,1.194091,5.595383
20250518,SEK,0.092284,0.432433
20250519,EUR,1.0,4.68659
20250519,PLN,0.213375,1.000001
20250519,USD,1.025804,4.807523
20250519,GBP,1.194325,5.597312
20250519,SEK,0.092226,0.432225
20250520,EUR,1.0,4.687271
20250520,PLN,0.213344,1.000001
20250520,USD,1.025384,4.806252
20250520,GBP,1.194557,5.599212
20250520,SEK,0.092168,0.432016
20250521,EUR,1.0,4.687934
20250521,PLN,0.213314,1.000002
20250521,USD,1.024948,4.804889
20250521,GBP,1.194787,5.601083
20250521,SEK,0.09211,0.431806
20250522,EUR,1.0,4.688581
20250522,PLN,0.213284,0.999999
20250522,USD,1.024497,4.803437
20250522,GBP,1.195014,5.602919
20250522,SEK,0.092052,0.431593
20250523,EUR,1.0,4.68921
20250523,PLN,0.213256,1.000002
20250523,USD,1.02403,4.801892
20250523,GBP,1.19524,5.604731
20250523,SEK,0.091994,0.431379
20250524,EUR,1.0,4.689822
20250524,PLN,0.213228,1.000001
20250524,USD,1.023548,4.800258
20250524,GBP,1.195463,5.606509
20250524,SEK,0.091936,0.431163
20250525,EUR,1.0,4.690417
20250525,PLN,0.213201,1.000002
20250525,USD,1.023051,4.798536
20250525,GBP,1.195684,5.608256
20250525,SEK,0.091877,0.430941
20250526,EUR,1.0,4.690994
20250526,PLN,0.213174,0.999998
20250526,USD,1.022539,4.796725
20250526,GBP,1.195902,5.609969
20250526,SEK,0.091819,0.430722
20250527,EUR,1.0,4.691554
20250527,PLN,0.213149,1.0
20250527,USD,1.022012,4.794825
20250527,GBP,1.196119,5.611657
20250527,SEK,0.091761,0.430502
20250528,EUR,1.0,4.692097
20250528,PLN,0.213124,0.999998
20250528,USD,1.021471,4.792841
20250528,GBP,1.196333,5.61331
20250528,SEK,0.091702,0.430275
20250529,EUR,1.0,4.692622
20250529,PLN,0.2131,0.999998
20250529,USD,1.020914,4.790764
20250529,GBP,1.196545,5.614933
20250529,SEK,0.091644,0.430051
20250530,EUR,1.0,4.693129
20250530,PLN,0.213077,0.999998
20250530,USD,1.020344,4.788607
20250530,GBP,1.196754,5.616521
20250530,SEK,0.091586,0.429825
20250531,EUR,1.0,4.693619
20250531,PLN,0.213055,0.999999
20250531,USD,1.019759,4.78636
20250531,GBP,1.196961,5.618079
20250531,SEK,0.091527,0.429593
20250601,EUR,1.0,4.694091
20250601,PLN,0.213034,1.000001
20250601,USD,1.01916,4.78403
20250601,GBP,1.197166,5.619607
20250601,SEK,0.091469,0.429364
20250602,EUR,1.0,4.694546
20250602,PLN,0.213013,0.999999
20250602,USD,1.018548,4.78162
20250602,GBP,1.197368,5.621099
20250602,SEK,0.091411,0.429133
20250603,EUR,1.0,4.694982
20250603,PLN,0.212993,0.999998
20250603,USD,1.017921,4.779121
20250603,GBP,1.197568,5.62256
20250603,SEK,0.091353,0.428901
20250604,EUR,1.0,4.695401
20250604,PLN,0.212974,0.999998
20250604,USD,1.017281,4.776542
20250604,GBP,1.197765,5.623986
20250604,SEK,0.091294,0.428662
20250605,EUR,1.0,4.695801
20250605,PLN,0.212956,0.999999
20250605,USD,1.016628,4.773883
20250605,GBP,1.19796,5.625382
20250605,SEK,0.091236,0.428426
20250606,EUR,1.0,4.696184
20250606,PLN,0.212939,1.000001
20250606,USD,1.015962,4.771144
20250606,GBP,1.198153,5.626747
20250606,SEK,0.091178,0.428189
20250607,EUR,1.0,4.696548
20250607,PLN,0.212922,0.999998
20250607,USD,1.015283,4.768326
20250607,GBP,1.198343,5.628076
20250607,SEK,0.09112,0.427949
20250608,EUR,1.0,4.696895
20250608,PLN,0.212907,1.000002
20250608,USD,1.014591,4.765427
20250608,GBP,1.19853,5.629369
20250608,SEK,0.091062,0.427709
20250609,EUR,1.0,4.697223
20250609,PLN,0.212892,1.000001
20250609,USD,1.013886,4.762449
20250609,GBP,1.198716,5.630636
20250609,SEK,0.091004,0.427466
20250610,EUR,1.0,4.697533
20250610,PLN,0.212878,1.000001
20250610,USD,1.013169,4.759395
20250610,GBP,1.198898,5.631863
20250610,SEK,0.090946,0.427222
20250611,EUR,1.0,4.697825
20250611,PLN,0.212864,0.999998
20250611,USD,1.01244,4.756266
20250611,GBP,1.199078,5.633059
20250611,SEK,0.090888,0.426976
20250612,EUR,1.0,4.698099
20250612,PLN,0.212852,1.0
20250612,USD,1.011699,4.753062
20250612,GBP,1.199256,5.634223
20250612,SEK,0.09083,0.426728
20250613,EUR,1.0,4.698354
20250613,PLN,0.21284,0.999998
20250613,USD,1.010946,4.749782
20250613,GBP,1.199431,5.635351
20250613,SEK,0.090773,0.426484
20250614,EUR,1.0,4.698591
20250614,PLN,0.21283,1.000001
20250614,USD,1.010182,4.746432
20250614,GBP,1.199603,5.636444
20250614,SEK,0.090715,0.426233
20250615,EUR,1.0,4.69881
20250615,PLN,0.21282,1.000001
20250615,USD,1.009406,4.743007
20250615,GBP,1.199773,5.637505
20250615,SEK,0.090657,0.42598
20250616,EUR,1.0,4.69901
20250616,PLN,0.212811,1.000001
20250616,USD,1.008619,4.739511
20250616,GBP,1.19994,5.63853
20250616,SEK,0.0906,0.42573
20250617,EUR,1.0,4.699192
20250617,PLN,0.212803,1.000002
20250617,USD,1.007821,4.735945
20250617,GBP,1.200105,5.639524
20250617,SEK,0.090543,0.425479
20250618,EUR,1.0,4.699356
20250618,PLN,0.212795,0.999999
20250618,USD,1.007013,4.732312
20250618,GBP,1.200266,5.640477
20250618,SEK,0.090486,0.425226
20250619,EUR,1.0,4.699501
20250619,PLN,0.212789,1.000002
20250619,USD,1.006194,4.728609
20250619,GBP,1.200426,5.641403
20250619,SEK,0.090428,0.424966
20250620,EUR,1.0,4.699627
20250620,PLN,0.212783,1.000001
20250620,USD,1.005365,4.724841
20250620,GBP,1.200582,5.642288
20250620,SEK,0.090371,0.42471
20250621,EUR,1.0,4.699736
20250621,PLN,0.212778,1.0
20250621,USD,1.004525,4.721002
20250621,GBP,1.200736,5.643142
20250621,SEK,0.090315,0.424457
20250622,EUR,1.0,4.699825
20250622,PLN,0.212774,1.000001
20250622,USD,1.003676,4.717102
20250622,GBP,1.200888,5.643964
20250622,SEK,0.090258,0.424197
20250623,EUR,1.0,4.699896
20250623,PLN,0.212771,1.000002
20250623,USD,1.002818,4.713141
20250623,GBP,1.201036,5.644745
20250623,SEK,0.090201,0.423935
20250624,EUR,1.0,4.699949
20250624,PLN,0.212768,0.999999
20250624,USD,1.00195,4.709114
20250624,GBP,1.201182,5.645494
20250624,SEK,0.090145,0.423677
20250625,EUR,1.0,4.699983
20250625,PLN,0.212767,1.000001
20250625,USD,1.001073,4.705026
20250625,GBP,1.201325,5.646207
20250625,SEK,0.090089,0.423417
20250626,EUR,1.0,4.699999
20250626,PLN,0.212766,1.0
20250626,USD,1.000187,4.700878
20250626,GBP,1.201466,5.646889
20250626,SEK,0.090032,0.42315
20250627,EUR,1.0,4.699996
20250627,PLN,0.212766,0.999999
20250627,USD,0.999292,4.696668
20250627,GBP,1.201603,5.647529
20250627,SEK,0.089976,0.422887
20250628,EUR,1.0,4.699975
20250628,PLN,0.212767,1.0
20250628,USD,0.998389,4.692403
20250628,GBP,1.201738,5.648138
20250628,SEK,0.089921,0.422626
20250629,EUR,1.0,4.699935
20250629,PLN,0.212769,1.0
20250629,USD,0.997478,4.688082
20250629,GBP,1.20187,5.648711
20250629,SEK,0.089865,0.42236
20250630,EUR,1.0,4.699876
20250630,PLN,0.212772,1.000002
20250630,USD,0.996559,4.683704
20250630,GBP,1.202,5.649251
20250630,SEK,0.089809,0.422091
20250701,EUR,1.0,4.699799
20250701,PLN,0.212775,1.0
20250701,USD,0.995632,4.679271
20250701,GBP,1.202126,5.649751
20250701,SEK,0.089754,0.421826
20250702,EUR,1.0,4.699704
20250702,PLN,0.212779,0.999998
20250702,USD,0.994697,4.674781
20250702,GBP,1.20225,5.650219
20250702,SEK,0.089699,0.421559
20250703,EUR,1.0,4.69959
20250703,PLN,0.212785,1.000002
20250703,USD,0.993756,4.670246
20250703,GBP,1.202371,5.650651
20250703,SEK,0.089644,0.42129
20250704,EUR,1.0,4.699458
20250704,PLN,0.212791,1.000002
20250704,USD,0.992807,4.665655
20250704,GBP,1.202489,5.651046
20250704,SEK,0.089589,0.42102
20250705,EUR,1.0,4.699307
20250705,PLN,0.212797,0.999998
20250705,USD,0.991852,4.661017
20250705,GBP,1.202605,5.65141
20250705,SEK,0.089535,0.420752
20250706,EUR,1.0,4.699138
20250706,PLN,0.212805,1.0
20250706,USD,0.99089,4.656329
20250706,GBP,1.202717,5.651733
20250706,SEK,0.08948,0.420479
20250707,EUR,1.0,4.69895
20250707,PLN,0.212813,0.999998
20250707,USD,0.989921,4.651589
20250707,GBP,1.202827,5.652024
20250707,SEK,0.089426,0.420208
20250708,EUR,1.0,4.698744
20250708,PLN,0.212823,1.000001
20250708,USD,0.988947,4.646809
20250708,GBP,1.202934,5.652279
20250708,SEK,0.089372,0.419936
20250709,EUR,1.0,4.69852
20250709,PLN,0.212833,1.0
20250709,USD,0.987967,4.641982
20250709,GBP,1.203038,5.652498
20250709,SEK,0.089318,0.419662
20250710,EUR,1.0,4.698277
20250710,PLN,0.212844,1.0
20250710,USD,0.986981,4.63711
20250710,GBP,1.203139,5.65268
20250710,SEK,0.089265,0.419392
20250711,EUR,1.0,4.698016
20250711,PLN,0.212856,1.000001
20250711,USD,0.98599,4.632197
20250711,GBP,1.203237,5.652826
20250711,SEK,0.089212,0.419119
20250712,EUR,1.0,4.697736
20250712,PLN,0.212868,0.999998
20250712,USD,0.984994,4.627242
20250712,GBP,1.203332,5.652937
20250712,SEK,0.089159,0.418845
20250713,EUR,1.0,4.697439
20250713,PLN,0.212882,1.0
20250713,USD,0.983993,4.622247
20250713,GBP,1.203425,5.653015
20250713,SEK,0.089106,0.41857
20250714,EUR,1.0,4.697123
20250714,PLN,0.212896,0.999999
20250714,USD,0.982987,4.617211
20250714,GBP,1.203514,5.653053
20250714,SEK,0.089053,0.418293
20250715,EUR,1.0,4.696789
20250715,PLN,0.212911,0.999998
20250715,USD,0.981977,4.612139
20250715,GBP,1.203601,5.65306
20250715,SEK,0.089001,0.418019
20250716,EUR,1.0,4.696437
20250716,PLN,0.212927,0.999998
20250716,USD,0.980963,4.607031
20250716,GBP,1.203684,5.653026
20250716,SEK,0.088949,0.417743
20250717,EUR,1.0,4.696067
20250717,PLN,0.212944,0.999999
20250717,USD,0.979945,4.601887
20250717,GBP,1.203765,5.652961
20250717,SEK,0.088897,0.417466
20250718,EUR,1.0,4.695679
20250718,PLN,0.212962,1.000001
20250718,USD,0.978923,4.596708
20250718,GBP,1.203843,5.65286
20250718,SEK,0.088845,0.417188
20250719,EUR,1.0,4.695273
20250719,PLN,0.21298,0.999999
20250719,USD,0.977898,4.591498
20250719,GBP,1.203918,5.652723
20250719,SEK,0.088794,0.416912
20250720,EUR,1.0,4.694849
20250720,PLN,0.212999,0.999998
20250720,USD,0.97687,4.586257
20250720,GBP,1.20399,5.652551
20250720,SEK,0.088743,0.416635
20250721,EUR,1.0,4.694407
20250721,PLN,0.213019,0.999998
20250721,USD,0.975838,4.58098
20250721,GBP,1.204059,5.652343
20250721,SEK,0.088692,0.416356
20250722,EUR,1.0,4.693947
20250722,PLN,0.21304,0.999998
20250722,USD,0.974804,4.575678
20250722,GBP,1.204125,5.652099
20250722,SEK,0.088642,0.416081
20250723,EUR,1.0,4.693469
20250723,PLN,0.213062,1.0
20250723,USD,0.973768,4.57035
20250723,GBP,1.204188,5.651819
20250723,SEK,0.088592,0.415804
20250724,EUR,1.0,4.692974
20250724,PLN,0.213084,0.999998
20250724,USD,0.972729,4.564992
20250724,GBP,1.204248,5.651505
20250724,SEK,0.088542,0.415525
20250725,EUR,1.0,4.692461
20250725,PLN,0.213108,1.000001
20250725,USD,0.971688,4.559608
20250725,GBP,1.204305,5.651154
20250725,SEK,0.088492,0.415245
20250726,EUR,1.0,4.691931
20250726,PLN,0.213132,1.000001
20250726,USD,0.970646,4.554204
20250726,GBP,1.204359,5.650769
20250726,SEK,0.088443,0.414968
20250727,EUR,1.0,4.691383
20250727,PLN,0.213157,1.000001
20250727,USD,0.969602,4.548774
20250727,GBP,1.20441,5.650348
20250727,SEK,0.088394,0.41469
20250728,EUR,1.0,4.690817
20250728,PLN,0.213182,0.999998
20250728,USD,0.968556,4.543319
20250728,GBP,1.204458,5.649892
20250728,SEK,0.088345,0.41441
20250729,EUR,1.0,4.690234
20250729,PLN,0.213209,1.0
20250729,USD,0.967509,4.537844
20250729,GBP,1.204503,5.649401
20250729,SEK,0.088296,0.414129
20250730,EUR,1.0,4.689634
20250730,PLN,0.213236,0.999999
20250730,USD,0.966462,4.532353
20250730,GBP,1.204545,5.648875
20250730,SEK,0.088248,0.413851
20250731,EUR,1.0,4.689017
20250731,PLN,0.213264,0.999998
20250731,USD,0.965414,4.526842
20250731,GBP,1.204584,5.648314
20250731,SEK,0.0882,0.413571
20250801,EUR,1.0,4.688382
20250801,PLN,0.213293,0.999999
20250801,USD,0.964366,4.521316
20250801,GBP,1.204621,5.647723
20250801,SEK,0.088153,0.413295
20250802,EUR,1.0,4.68773
20250802,PLN,0.213323,1.000001
20250802,USD,0.963317,4.51577
20250802,GBP,1.204654,5.647093
20250802,SEK,0.088106,0.413017
20250803,EUR,1.0,4.687062
20250803,PLN,0.213353,0.999999
20250803,USD,0.962268,4.51021
20250803,GBP,1.204684,5.646428
20250803,SEK,0.088059,0.412738
20250804,EUR,1.0,4.686376
20250804,PLN,0.213384,0.999998
20250804,USD,0.96122,4.504638
20250804,GBP,1.204711,5.645729
20250804,SEK,0.088012,0.412457
20250805,EUR,1.0,4.685674
20250805,PLN,0.213416,0.999998
20250805,USD,0.960172,4.499053
20250805,GBP,1.204735,5.644995
20250805,SEK,0.087966,0.41218
20250806,EUR,1.0,4.684955
20250806,PLN,0.213449,0.999999
20250806,USD,0.959125,4.493457
20250806,GBP,1.204756,5.644227
20250806,SEK,0.08792,0.411901
20250807,EUR,1.0,4.684219
20250807,PLN,0.213483,1.000001
20250807,USD,0.958078,4.487847
20250807,GBP,1.204774,5.643425
20250807,SEK,0.087874,0.411621
20250808,EUR,1.0,4.683466
20250808,PLN,0.213517,1.0
20250808,USD,0.957033,4.482232
20250808,GBP,1.204789,5.642589
20250808,SEK,0.087829,0.411344
20250809,EUR,1.0,4.682697
20250809,PLN,0.213552,0.999999
20250809,USD,0.955989,4.476607
20250809,GBP,1.204801,5.641718
20250809,SEK,0.087784,0.411066
20250810,EUR,1.0,4.681912
20250810,PLN,0.213588,1.0
20250810,USD,0.954947,4.470978
20250810,GBP,1.20481,5.640815
20250810,SEK,0.08774,0.410791
20250811,EUR,1.0,4.681111
20250811,PLN,0.213625,1.000002
20250811,USD,0.953906,4.465339
20250811,GBP,1.204816,5.639877
20250811,SEK,0.087696,0.410515
20250812,EUR,1.0,4.680293
20250812,PLN,0.213662,1.000001
20250812,USD,0.952867,4.459697
20250812,GBP,1.204819,5.638906
20250812,SEK,0.087652,0.410237
20250813,EUR,1.0,4.679459
20250813,PLN,0.2137,1.0
20250813,USD,0.951831,4.454054
20250813,GBP,1.204819,5.637901
20250813,SEK,0.087608,0.409958
20250814,EUR,1.0,4.678609
20250814,PLN,0.213739,1.000001
20250814,USD,0.950797,4.448408
20250814,GBP,1.204816,5.636863
20250814,SEK,0.087565,0.409682
20250815,EUR,1.0,4.677743
20250815,PLN,0.213778,0.999999
20250815,USD,0.949765,4.442757
20250815,GBP,1.20481,5.635792
20250815,SEK,0.087522,0.409405
20250816,EUR,1.0,4.676862
20250816,PLN,0.213819,1.000002
20250816,USD,0.948736,4.437107
20250816,GBP,1.2048,5.634683
20250816,SEK,0.08748,0.409132
20250817,EUR,1.0,4.675965
20250817,PLN,0.21386,1.000002
20250817,USD,0.94771,4.431459
20250817,GBP,1.204788,5.633546
20250817,SEK,0.087438,0.408857
20250818,EUR,1.0,4.675052
20250818,PLN,0.213901,0.999998
20250818,USD,0.946688,4.425816
20250818,GBP,1.204773,5.632377
20250818,SEK,0.087396,0.408581
20250819,EUR,1.0,4.674124
20250819,PLN,0.213944,1.000001
20250819,USD,0.945668,4.42017
20250819,GBP,1.204755,5.631174
20250819,SEK,0.087355,0.408308
20250820,EUR,1.0,4.673181
20250820,PLN,0.213987,1.0
20250820,USD,0.944652,4.414529
20250820,GBP,1.204734,5.62994
20250820,SEK,0.087314,0.408034
20250821,EUR,1.0,4.672222
20250821,PLN,0.214031,1.0
20250821,USD,0.94364,4.408896
20250821,GBP,1.204709,5.628668
20250821,SEK,0.087274,0.407764
20250822,EUR,1.0,4.671248
20250822,PLN,0.214076,1.000002
20250822,USD,0.942632,4.403268
20250822,GBP,1.204682,5.627369
20250822,SEK,0.087234,0.407492
20250823,EUR,1.0,4.67026
20250823,PLN,0.214121,1.000001
20250823,USD,0.941628,4.397647
20250823,GBP,1.204652,5.626038
20250823,SEK,0.087194,0.407219
20250824,EUR,1.0,4.669256
20250824,PLN,0.214167,1.000001
20250824,USD,0.940629,4.392038
20250824,GBP,1.204618,5.62467
20250824,SEK,0.087155,0.406949
20250825,EUR,1.0,4.668238
20250825,PLN,0.214214,1.000002
20250825,USD,0.939633,4.38643
20250825,GBP,1.204582,5.623275
20250825,SEK,0.087116,0.406678
20250826,EUR,1.0,4.667205
20250826,PLN,0.214261,1.0
20250826,USD,0.938643,4.380839
20250826,GBP,1.204543,5.621849
20250826,SEK,0.087077,0.406406
20250827,EUR,1.0,4.666158
20250827,PLN,0.214309,1.0
20250827,USD,0.937657,4.375255
20250827,GBP,1.2045,5.620387
20250827,SEK,0.087039,0.406138
20250828,EUR,1.0,4.665096
20250828,PLN,0.214358,1.000001
20250828,USD,0.936676,4.369683
20250828,GBP,1.204455,5.618898
20250828,SEK,0.087001,0.405868
20250829,EUR,1.0,4.66402
20250829,PLN,0.214407,0.999999
20250829,USD,0.935701,4.364128
20250829,GBP,1.204407,5.617378
20250829,SEK,0.086964,0.405602
20250830,EUR,1.0,4.66293
20250830,PLN,0.214457,0.999998
20250830,USD,0.934731,4.358585
20250830,GBP,1.204356,5.615828
20250830,SEK,0.086927,0.405335
20250831,EUR,1.0,4.661826
20250831,PLN,0.214508,0.999999
20250831,USD,0.933766,4.353055
20250831,GBP,1.204301,5.614242
20250831,SEK,0.08689,0.405066
20250901,EUR,1.0,4.660708
20250901,PLN,0.21456,1.000002
20250901,USD,0.932807,4.347541
20250901,GBP,1.204244,5.61263
20250901,SEK,0.086854,0.404801
20250902,EUR,1.0,4.659577
20250902,PLN,0.214612,1.000001
20250902,USD,0.931854,4.342046
20250902,GBP,1.204184,5.610988
20250902,SEK,0.086819,0.40454
20250903,EUR,1.0,4.658432
20250903,PLN,0.214664,0.999998
20250903,USD,0.930907,4.336567
20250903,GBP,1.204121,5.609316
20250903,SEK,0.086783,0.404273
20250904,EUR,1.0,4.657274
20250904,PLN,0.214718,1.000001
20250904,USD,0.929967,4.331111
20250904,GBP,1.204054,5.607609
20250904,SEK,0.086749,0.404014
20250905,EUR,1.0,4.656102
20250905,PLN,0.214772,1.0
20250905,USD,0.929032,4.325668
20250905,GBP,1.203985,5.605877
20250905,SEK,0.086714,0.403749
20250906,EUR,1.0,4.654918
20250906,PLN,0.214827,1.000002
20250906,USD,0.928104,4.320248
20250906,GBP,1.203913,5.604116
20250906,SEK,0.08668,0.403488
20250907,EUR,1.0,4.65372
20250907,PLN,0.214882,1.000001
20250907,USD,0.927183,4.31485
20250907,GBP,1.203838,5.602325
20250907,SEK,0.086647,0.403231
20250908,EUR,1.0,4.65251
20250908,PLN,0.214938,1.000001
20250908,USD,0.926269,4.309476
20250908,GBP,1.20376,5.600505
20250908,SEK,0.086613,0.402968
20250909,EUR,1.0,4.651287
20250909,PLN,0.214994,0.999999
20250909,USD,0.925361,4.304119
20250909,GBP,1.203679,5.598656
20250909,SEK,0.086581,0.402713
20250910,EUR,1.0,4.650051
20250910,PLN,0.215051,0.999998
20250910,USD,0.924461,4.298791
20250910,GBP,1.203595,5.596778
20250910,SEK,0.086549,0.402457
20250911,EUR,1.0,4.648803
20250911,PLN,0.215109,0.999999
20250911,USD,0.923568,4.293486
20250911,GBP,1.203509,5.594877
20250911,SEK,0.086517,0.402201
20250912,EUR,1.0,4.647543
20250912,PLN,0.215167,0.999998
20250912,USD,0.922682,4.288204
20250912,GBP,1.203419,5.592942
20250912,SEK,0.086485,0.401943
20250913,EUR,1.0,4.646271
20250913,PLN,0.215226,0.999998
20250913,USD,0.921804,4.282951
20250913,GBP,1.203326,5.590979
20250913,SEK,0.086454,0.401689
20250914,EUR,1.0,4.644987
20250914,PLN,0.215286,1.000001
20250914,USD,0.920934,4.277726
20250914,GBP,1.203231,5.588992
20250914,SEK,0.086424,0.401438
20250915,EUR,1.0,4.643691
20250915,PLN,0.215346,1.0
20250915,USD,0.920071,4.272526
20250915,GBP,1.203133,5.586978
20250915,SEK,0.086394,0.401187
20250916,EUR,1.0,4.642384
20250916,PLN,0.215407,1.000002
20250916,USD,0.919217,4.267358
20250916,GBP,1.203031,5.584932
20250916,SEK,0.086364,0.400935
20250917,EUR,1.0,4.641065
20250917,PLN,0.215468,1.000001
20250917,USD,0.91837,4.262215
20250917,GBP,1.202927,5.582863
20250917,SEK,0.086335,0.400686
20250918,EUR,1.0,4.639735
20250918,PLN,0.21553,1.000002
20250918,USD,0.917532,4.257106
20250918,GBP,1.20282,5.580766
20250918,SEK,0.086307,0.400442
20250919,EUR,1.0,4.638394
20250919,PLN,0.215592,1.000001
20250919,USD,0.916702,4.252025
20250919,GBP,1.20271,5.578643
20250919,SEK,0.086278,0.400191
20250920,EUR,1.0,4.637042
20250920,PLN,0.215655,1.000001
20250920,USD,0.915881,4.246979
20250920,GBP,1.202598,5.576498
20250920,SEK,0.086251,0.39995
20250921,EUR,1.0,4.63568
20250921,PLN,0.215718,1.0
20250921,USD,0.915068,4.241962
20250921,GBP,1.202482,5.574321
20250921,SEK,0.086223,0.399702
20250922,EUR,1.0,4.634306
20250922,PLN,0.215782,1.0
20250922,USD,0.914264,4.236979
20250922,GBP,1.202364,5.572123
20250922,SEK,0.086196,0.399459
20250923,EUR,1.0,4.632923
20250923,PLN,0.215846,0.999998
20250923,USD,0.913469,4.232031
20250923,GBP,1.202243,5.569899
20250923,SEK,0.08617,0.399219
20250924,EUR,1.0,4.631529
20250924,PLN,0.215911,0.999998
20250924,USD,0.912683,4.227117
20250924,GBP,1.202119,5.567649
20250924,SEK,0.086144,0.398978
20250925,EUR,1.0,4.630125
20250925,PLN,0.215977,1.0
20250925,USD,0.911906,4.222238
20250925,GBP,1.201992,5.565373
20250925,SEK,0.086119,0.398742
20250926,EUR,1.0,4.628711
20250926,PLN,0.216043,1.000001
20250926,USD,0.911138,4.217394
20250926,GBP,1.201862,5.563072
20250926,SEK,0.086094,0.398504
20250927,EUR,1.0,4.627287
20250927,PLN,0.216109,0.999998
20250927,USD,0.910379,4.212585
20250927,GBP,1.20173,5.56075
20250927,SEK,0.086069,0.398266
20250928,EUR,1.0,4.625854
20250928,PLN,0.216176,0.999999
20250928,USD,0.90963,4.207816
20250928,GBP,1.201595,5.558403
20250928,SEK,0.086045,0.398032
20250929,EUR,1.0,4.624411
20250929,PLN,0.216244,1.000001
20250929,USD,0.908891,4.203086
20250929,GBP,1.201457,5.556032
20250929,SEK,0.086022,0.397801
20250930,EUR,1.0,4.62296
20250930,PLN,0.216312,1.000002
20250930,USD,0.908161,4.198392
20250930,GBP,1.201316,5.553636
20250930,SEK,0.085998,0.397565
20251001,EUR,1.0,4.621499
20251001,PLN,0.21638,1.0
20251001,USD,0.907441,4.193738
20251001,GBP,1.201173,5.55122
20251001,SEK,0.085976,0.397338
20251002,EUR,1.0,4.62003
20251002,PLN,0.216449,1.000001
20251002,USD,0.906731,4.189124
20251002,GBP,1.201027,5.54878
20251002,SEK,0.085954,0.39711
20251003,EUR,1.0,4.618551
20251003,PLN,0.216518,1.0
20251003,USD,0.90603,4.184546
20251003,GBP,1.200878,5.546317
20251003,SEK,0.085932,0.396881
20251004,EUR,1.0,4.617065
20251004,PLN,0.216588,1.000001
20251004,USD,0.90534,4.180013
20251004,GBP,1.200727,5.543834
20251004,SEK,0.085911,0.396657
20251005,EUR,1.0,4.61557
20251005,PLN,0.216658,1.0
20251005,USD,0.90466,4.175521
20251005,GBP,1.200573,5.541329
20251005,SEK,0.08589,0.396431
20251006,EUR,1.0,4.614067
20251006,PLN,0.216729,1.000002
20251006,USD,0.90399,4.17107
20251006,GBP,1.200416,5.5388
20251006,SEK,0.08587,0.39621
20251007,EUR,1.0,4.612556
20251007,PLN,0.2168,1.000002
20251007,USD,0.903331,4.166665
20251007,GBP,1.200256,5.536248
20251007,SEK,0.08585,0.395988
20251008,EUR,1.0,4.611037
20251008,PLN,0.216871,1.0
20251008,USD,0.902682,4.1623
20251008,GBP,1.200094,5.533678
20251008,SEK,0.085831,0.39577
20251009,EUR,1.0,4.609511
20251009,PLN,0.216943,1.000001
20251009,USD,0.902044,4.157982
20251009,GBP,1.19993,5.531091
20251009,SEK,0.085812,0.395551
20251010,EUR,1.0,4.607978
20251010,PLN,0.217015,1.0
20251010,USD,0.901416,4.153705
20251010,GBP,1.199762,5.528476
20251010,SEK,0.085794,0.395337
20251011,EUR,1.0,4.606437
20251011,PLN,0.217088,1.000002
20251011,USD,0.900799,4.149474
20251011,GBP,1.199592,5.525845
20251011,SEK,0.085776,0.395122
20251012,EUR,1.0,4.604889
20251012,PLN,0.21716,0.999998
20251012,USD,0.900192,4.145284
20251012,GBP,1.19942,5.523196
20251012,SEK,0.085759,0.394911
20251013,EUR,1.0,4.603335
20251013,PLN,0.217234,1.000001
20251013,USD,0.899597,4.141146
20251013,GBP,1.199245,5.520526
20251013,SEK,0.085742,0.394699
20251014,EUR,1.0,4.601774
20251014,PLN,0.217308,1.000002
20251014,USD,0.899012,4.13705
20251014,GBP,1.199067,5.517835
20251014,SEK,0.085726,0.394492
20251015,EUR,1.0,4.600206
20251015,PLN,0.217382,1.000002
20251015,USD,0.898439,4.133005
20251015,GBP,1.198887,5.515128
20251015,SEK,0.08571,0.394284
20251016,EUR,1.0,4.598633
20251016,PLN,0.217456,1.0
20251016,USD,0.897877,4.129007
20251016,GBP,1.198704,5.5124
20251016,SEK,0.085695,0.39408
20251017,EUR,1.0,4.597053
20251017,PLN,0.217531,1.000002
20251017,USD,0.897325,4.125051
20251017,GBP,1.198519,5.509656
20251017,SEK,0.08568,0.393876
20251018,EUR,1.0,4.595468
20251018,PLN,0.217606,1.000001
20251018,USD,0.896785,4.121147
20251018,GBP,1.198331,5.506891
20251018,SEK,0.085666,0.393675
20251019,EUR,1.0,4.593877
20251019,PLN,0.217681,1.0
20251019,USD,0.896257,4.117294
20251019,GBP,1.198141,5.504112
20251019,SEK,0.085652,0.393475
20251020,EUR,1.0,4.59228
20251020,PLN,0.217757,1.000001
20251020,USD,0.89574,4.113489
20251020,GBP,1.197948,5.501313
20251020,SEK,0.085639,0.393278
20251021,EUR,1.0,4.590679
20251021,PLN,0.217833,1.000001
20251021,USD,0.895234,4.109732
20251021,GBP,1.197753,5.498499
20251021,SEK,0.085626,0.393081
20251022,EUR,1.0,4.589072
20251022,PLN,0.217909,1.0
20251022,USD,0.89474,4.106026
20251022,GBP,1.197555,5.495666
20251022,SEK,0.085613,0.392884
20251023,EUR,1.0,4.58746
20251023,PLN,0.217986,1.000002
20251023,USD,0.894257,4.102369
20251023,GBP,1.197355,5.492819
20251023,SEK,0.085602,0.392696
20251024,EUR,1.0,4.585844
20251024,PLN,0.218062,0.999998
20251024,USD,0.893786,4.098763
20251024,GBP,1.197153,5.489957
20251024,SEK,0.08559,0.392502
20251025,EUR,1.0,4.584224
20251025,PLN,0.218139,0.999998
20251025,USD,0.893327,4.095211
20251025,GBP,1.196948,5.487077
20251025,SEK,0.08558,0.392318
20251026,EUR,1.0,4.582599
20251026,PLN,0.218217,1.000001
20251026,USD,0.892879,4.091706
20251026,GBP,1.196741,5.484184
20251026,SEK,0.085569,0.392128
20251027,EUR,1.0,4.58097
20251027,PLN,0.218294,0.999998
20251027,USD,0.892443,4.088255
20251027,GBP,1.196531,5.481273
20251027,SEK,0.085559,0.391943
20251028,EUR,1.0,4.579337
20251028,PLN,0.218372,0.999999
20251028,USD,0.892019,4.084856
20251028,GBP,1.19632,5.478353
20251028,SEK,0.08555,0.391762
20251029,EUR,1.0,4.577701
20251029,PLN,0.21845,0.999999
20251029,USD,0.891607,4.08151
20251029,GBP,1.196105,5.475411
20251029,SEK,0.085541,0.391581
20251030,EUR,1.0,4.576062
20251030,PLN,0.218529,1.000002
20251030,USD,0.891207,4.078218
20251030,GBP,1.195889,5.472462
20251030,SEK,0.085533,0.391404
20251031,EUR,1.0,4.574419
20251031,PLN,0.218607,1.0
20251031,USD,0.89082,4.074984
20251031,GBP,1.19567,5.469495
20251031,SEK,0.085525,0.391227
20251101,EUR,1.0,4.572773
20251101,PLN,0.218686,1.000001
20251101,USD,0.890444,4.071798
20251101,GBP,1.195449,5.466517
20251101,SEK,0.085518,0.391054
20251102,EUR,1.0,4.571124
20251102,PLN,0.218765,1.000002
20251102,USD,0.89008,4.068666
20251102,GBP,1.195226,5.463526
20251102,SEK,0.085511,0.390881
20251103,EUR,1.0,4.569473
20251103,PLN,0.218844,1.000002
20251103,USD,0.889728,4.065588
20251103,GBP,1.195,5.46052
20251103,SEK,0.085505,0.390713
20251104,EUR,1.0,4.567819
20251104,PLN,0.218923,1.000001
20251104,USD,0.889389,4.062568
20251104,GBP,1.194773,5.457507
20251104,SEK,0.085499,0.390544
20251105,EUR,1.0,4.566163
20251105,PLN,0.219002,0.999999
20251105,USD,0.889062,4.059602
20251105,GBP,1.194543,5.454478
20251105,SEK,0.085494,0.39038
20251106,EUR,1.0,4.564505
20251106,PLN,0.219082,1.000001
20251106,USD,0.888747,4.05669
20251106,GBP,1.194311,5.451439
20251106,SEK,0.08549,0.39022
20251107,EUR,1.0,4.562845
20251107,PLN,0.219161,0.999998
20251107,USD,0.888445,4.053837
20251107,GBP,1.194076,5.448384
20251107,SEK,0.085485,0.390055
20251108,EUR,1.0,4.561184
20251108,PLN,0.219241,0.999999
20251108,USD,0.888155,4.051038
20251108,GBP,1.19384,5.445324
20251108,SEK,0.085482,0.389899
20251109,EUR,1.0,4.559521
20251109,PLN,0.219321,0.999999
20251109,USD,0.887877,4.048294
20251109,GBP,1.193601,5.442249
20251109,SEK,0.085478,0.389739
20251110,EUR,1.0,4.557858
20251110,PLN,0.219401,0.999999
20251110,USD,0.887612,4.045609
20251110,GBP,1.193361,5.439169
20251110,SEK,0.085476,0.389587
20251111,EUR,1.0,4.556193
20251111,PLN,0.219481,0.999998
20251111,USD,0.887359,4.042979
20251111,GBP,1.193118,5.436076
20251111,SEK,0.085474,0.389436
20251112,EUR,1.0,4.554527
20251112,PLN,0.219562,1.000001
20251112,USD,0.887119,4.040408
20251112,GBP,1.192873,5.432972
20251112,SEK,0.085472,0.389285
20251113,EUR,1.0,4.552861
20251113,PLN,0.219642,0.999999
20251113,USD,0.886891,4.037891
20251113,GBP,1.192626,5.42986
20251113,SEK,0.085471,0.389138
20251114,EUR,1.0,4.551194
20251114,PLN,0.219723,1.000002
20251114,USD,0.886676,4.035435
20251114,GBP,1.192378,5.426744
20251114,SEK,0.08547,0.388991
20251115,EUR,1.0,4.549528
20251115,PLN,0.219803,1.0
20251115,USD,0.886473,4.033034
20251115,GBP,1.192127,5.423615
20251115,SEK,0.08547,0.388848
20251116,EUR,1.0,4.547861
20251116,PLN,0.219884,1.000002
20251116,USD,0.886283,4.030692
20251116,GBP,1.191874,5.420478
20251116,SEK,0.085471,0.38871
20251117,EUR,1.0,4.546195
20251117,PLN,0.219964,0.999999
20251117,USD,0.886106,4.028411
20251117,GBP,1.191619,5.417332
20251117,SEK,0.085471,0.388568
20251118,EUR,1.0,4.544529
20251118,PLN,0.220045,1.000001
20251118,USD,0.885941,4.026185
20251118,GBP,1.191363,5.414184
20251118,SEK,0.085473,0.388435
20251119,EUR,1.0,4.542864
20251119,PLN,0.220125,0.999998
20251119,USD,0.885789,4.024019
20251119,GBP,1.191104,5.411023
20251119,SEK,0.085475,0.388301
20251120,EUR,1.0,4.5412
20251120,PLN,0.220206,0.999999
20251120,USD,0.88565,4.021913
20251120,GBP,1.190843,5.407856
20251120,SEK,0.085477,0.388168
20251121,EUR,1.0,4.539536
20251121,PLN,0.220287,1.000001
20251121,USD,0.885523,4.019864
20251121,GBP,1.190581,5.404686
20251121,SEK,0.08548,0.38804
20251122,EUR,1.0,4.537874
20251122,PLN,0.220367,0.999998
20251122,USD,0.885409,4.017875
20251122,GBP,1.190317,5.401509
20251122,SEK,0.085484,0.387916
20251123,EUR,1.0,4.536214
20251123,PLN,0.220448,0.999999
20251123,USD,0.885308,4.015947
20251123,GBP,1.190051,5.398326
20251123,SEK,0.085488,0.387792
20251124,EUR,1.0,4.534555
20251124,PLN,0.220529,1.000001
20251124,USD,0.88522,4.014079
20251124,GBP,1.189783,5.395137
20251124,SEK,0.085492,0.387668
20251125,EUR,1.0,4.532898
20251125,PLN,0.220609,0.999998
20251125,USD,0.885144,4.012268
20251125,GBP,1.189513,5.391942
20251125,SEK,0.085497,0.387549
20251126,EUR,1.0,4.531244
20251126,PLN,0.22069,1.0
20251126,USD,0.885081,4.010518
20251126,GBP,1.189241,5.388741
20251126,SEK,0.085503,0.387435
20251127,EUR,1.0,4.529591
20251127,PLN,0.22077,0.999998
20251127,USD,0.885031,4.008829
20251127,GBP,1.188968,5.385539
20251127,SEK,0.085509,0.387321
20251128,EUR,1.0,4.527941
20251128,PLN,0.220851,1.0
20251128,USD,0.884993,4.007196
20251128,GBP,1.188693,5.382332
20251128,SEK,0.085515,0.387207
20251129,EUR,1.0,4.526294
20251129,PLN,0.220931,0.999999
20251129,USD,0.884969,4.00563
20251129,GBP,1.188416,5.379121
20251129,SEK,0.085522,0.387098
20251130,EUR,1.0,4.52465
20251130,PLN,0.221012,1.000002
20251130,USD,0.884957,4.004121
20251130,GBP,1.188138,5.375909
20251130,SEK,0.08553,0.386993
20251201,EUR,1.0,4.523009
20251201,PLN,0.221092,1.000001
20251201,USD,0.884958,4.002673
20251201,GBP,1.187858,5.372692
20251201,SEK,0.085538,0.386889
20251202,EUR,1.0,4.521371
20251202,PLN,0.221172,1.000001
20251202,USD,0.884972,4.001287
20251202,GBP,1.187576,5.369472
20251202,SEK,0.085546,0.386785
20251203,EUR,1.0,4.519737
20251203,PLN,0.221252,1.000001
20251203,USD,0.884998,3.999958
20251203,GBP,1.187293,5.366252
20251203,SEK,0.085555,0.386686
20251204,EUR,1.0,4.518106
20251204,PLN,0.221332,1.000002
20251204,USD,0.885037,3.998691
20251204,GBP,1.187008,5.363029
20251204,SEK,0.085565,0.386592
20251205,EUR,1.0,4.51648
20251205,PLN,0.221411,0.999998
20251205,USD,0.88509,3.997491
20251205,GBP,1.186722,5.359806
20251205,SEK,0.085575,0.386498
20251206,EUR,1.0,4.514858
20251206,PLN,0.221491,1.0
20251206,USD,0.885154,3.996344
20251206,GBP,1.186433,5.356576
20251206,SEK,0.085586,0.386409
20251207,EUR,1.0,4.513239
20251207,PLN,0.22157,0.999998
20251207,USD,0.885232,3.995264
20251207,GBP,1.186144,5.353352
20251207,SEK,0.085597,0.38632
20251208,EUR,1.0,4.511626
20251208,PLN,0.22165,1.000002
20251208,USD,0.885322,3.994242
20251208,GBP,1.185853,5.350125
20251208,SEK,0.085608,0.386231
20251209,EUR,1.0,4.510017
20251209,PLN,0.221729,1.000002
20251209,USD,0.885426,3.993286
20251209,GBP,1.18556,5.346896
20251209,SEK,0.08562,0.386148
20251210,EUR,1.0,4.508413
20251210,PLN,0.221808,1.000002
20251210,USD,0.885541,3.992385
20251210,GBP,1.185266,5.343669
20251210,SEK,0.085633,0.386069
20251211,EUR,1.0,4.506815
20251211,PLN,0.221886,0.999999
20251211,USD,0.88567,3.99155
20251211,GBP,1.184971,5.340444
20251211,SEK,0.085646,0.385991
20251212,EUR,1.0,4.505221
20251212,PLN,0.221965,1.000001
20251212,USD,0.885811,3.990774
20251212,GBP,1.184674,5.337218
20251212,SEK,0.08566,0.385917
20251213,EUR,1.0,4.503633
20251213,PLN,0.222043,1.0
20251213,USD,0.885965,3.990061
20251213,GBP,1.184375,5.333991
20251213,SEK,0.085674,0.385844
20251214,EUR,1.0,4.502051
20251214,PLN,0.222121,1.0
20251214,USD,0.886132,3.989412
20251214,GBP,1.184076,5.330771
20251214,SEK,0.085688,0.385772
20251215,EUR,1.0,4.500475
20251215,PLN,0.222199,1.000001
20251215,USD,0.886311,3.98882
20251215,GBP,1.183775,5.32755
20251215,SEK,0.085703,0.385704
20251216,EUR,1.0,4.498905
20251216,PLN,0.222276,0.999999
20251216,USD,0.886503,3.988293
20251216,GBP,1.183472,5.324328
20251216,SEK,0.085719,0.385642
20251217,EUR,1.0,4.497341
20251217,PLN,0.222354,1.000002
20251217,USD,0.886707,3.987824
20251217,GBP,1.183168,5.32111
20251217,SEK,0.085735,0.38558
20251218,EUR,1.0,4.495784
20251218,PLN,0.222431,1.000002
20251218,USD,0.886925,3.987423
20251218,GBP,1.182863,5.317896
20251218,SEK,0.085752,0.385522
20251219,EUR,1.0,4.494233
20251219,PLN,0.222507,0.999998
20251219,USD,0.887154,3.987077
20251219,GBP,1.182557,5.314687
20251219,SEK,0.085769,0.385466
20251220,EUR,1.0,4.492689
20251220,PLN,0.222584,1.000001
20251220,USD,0.887396,3.986795
20251220,GBP,1.18225,5.311482
20251220,SEK,0.085786,0.38541
20251221,EUR,1.0,4.491153
20251221,PLN,0.22266,1.0
20251221,USD,0.887651,3.986576
20251221,GBP,1.181941,5.308277
20251221,SEK,0.085804,0.385359
20251222,EUR,1.0,4.489623
20251222,PLN,0.222736,1.000001
20251222,USD,0.887918,3.986417
20251222,GBP,1.181631,5.305078
20251222,SEK,0.085823,0.385313
20251223,EUR,1.0,4.488101
20251223,PLN,0.222811,0.999998
20251223,USD,0.888198,3.986323
20251223,GBP,1.18132,5.301884
20251223,SEK,0.085842,0.385268
20251224,EUR,1.0,4.486587
20251224,PLN,0.222887,1.000002
20251224,USD,0.88849,3.986288
20251224,GBP,1.181008,5.298695
20251224,SEK,0.085861,0.385223
20251225,EUR,1.0,4.485081
20251225,PLN,0.222961,0.999998
20251225,USD,0.888794,3.986313
20251225,GBP,1.180695,5.295512
20251225,SEK,0.085881,0.385183
20251226,EUR,1.0,4.483582
20251226,PLN,0.223036,1.0
20251226,USD,0.889111,3.986402
20251226,GBP,1.18038,5.292331
20251226,SEK,0.085902,0.385149
20251227,EUR,1.0,4.482092
20251227,PLN,0.22311,1.0
20251227,USD,0.889439,3.986547
20251227,GBP,1.180065,5.28916
20251227,SEK,0.085923,0.385115
20251228,EUR,1.0,4.48061
20251228,PLN,0.223184,1.0
20251228,USD,0.889781,3.986762
20251228,GBP,1.179748,5.285991
20251228,SEK,0.085944,0.385082
20251229,EUR,1.0,4.479137
20251229,PLN,0.223257,0.999999
20251229,USD,0.890134,3.987032
20251229,GBP,1.179431,5.282833
20251229,SEK,0.085966,0.385053
20251230,EUR,1.0,4.477672
20251230,PLN,0.22333,0.999999
20251230,USD,0.8905,3.987367
20251230,GBP,1.179112,5.279677
20251230,SEK,0.085989,0.385031
20251231,EUR,1.0,4.476217
20251231,PLN,0.223403,1.0
20251231,USD,0.890877,3.987758
20251231,GBP,1.178793,5.276533
20251231,SEK,0.086011,0.385004
