LedgerID,PostingDateKey,AccountKey,StoreKey,CurrencyCode,Amount,Scenario,DocumentNumberHighCardinality
1,20250211,4000,9,PLN,5938.89,Actual,DOC-2025-0000001
2,20231016,1100,11,USD,3209.34,Forecast,DOC-2023-0000002
3,20220726,5100,1,USD,-8692.05,Actual,DOC-2022-0000003
4,20230903,4300,2,EUR,-3829.45,Actual,DOC-2023-0000004
5,20241120,5200,3,EUR,-1897.33,Forecast,DOC-2024-0000005
6,20220517,5400,6,GBP,-8021.62,Actual,DOC-2022-0000006
7,20220104,4100,1,PLN,3293.29,Actual,DOC-2022-0000007
8,20220628,4100,5,PLN,2959.74,Actual,DOC-2022-0000008
9,20221110,1000,7,USD,4448.27,Actual,DOC-2022-0000009
10,20240304,4200,10,USD,6843.57,Actual,DOC-2024-0000010
11,20250512,2100,12,PLN,-1367.86,Actual,DOC-2025-0000011
12,20251221,4300,2,USD,-3704.22,Actual,DOC-2025-0000012
13,20220707,5300,1,PLN,-5530.32,Budget,DOC-2022-0000013
14,20220725,1300,7,PLN,7534.61,Actual,DOC-2022-0000014
15,20250705,5200,5,PLN,-8143.4,Actual,DOC-2025-0000015
16,20240930,2200,10,PLN,-2902.29,Actual,DOC-2024-0000016
17,20240925,1200,2,USD,2766.28,Forecast,DOC-2024-0000017
18,20250913,1100,7,GBP,7460.87,Actual,DOC-2025-0000018
19,20220802,1300,10,EUR,5162.4,Actual,DOC-2022-0000019
20,20240125,4100,12,USD,7283.34,Actual,DOC-2024-0000020
21,20220109,4100,4,EUR,670.11,Actual,DOC-2022-0000021
22,20251026,5100,2,PLN,-8917.82,Actual,DOC-2025-0000022
23,20230720,1000,11,PLN,3273.36,Actual,DOC-2023-0000023
24,20240721,2000,6,PLN,7248.2,Actual,DOC-2024-0000024
25,20250328,5400,9,PLN,-6681.03,Actual,DOC-2025-0000025
26,20250725,4100,8,EUR,4481.08,Actual,DOC-2025-0000026
27,20230323,1100,3,PLN,8454.27,Actual,DOC-2023-0000027
28,20220613,2200,10,USD,-7983.19,Actual,DOC-2022-0000028
29,20230115,1200,12,PLN,5263.82,Actual,DOC-2023-0000029
30,20230818,5100,11,PLN,-4218.38,Budget,DOC-2023-0000030
31,20240831,1200,12,GBP,2158.47,Actual,DOC-2024-0000031
32,20240513,5400,9,PLN,-8982.46,Actual,DOC-2024-0000032
33,20250728,2200,9,EUR,-6741.81,Actual,DOC-2025-0000033
34,20221005,5100,9,PLN,-7204.94,Forecast,DOC-2022-0000034
35,20250904,4000,6,USD,6357.34,Actual,DOC-2025-0000035
36,20241104,2100,1,PLN,-2431.21,Actual,DOC-2024-0000036
37,20240415,1000,10,USD,2745.96,Actual,DOC-2024-0000037
38,20240126,2100,6,GBP,-2697.84,Actual,DOC-2024-0000038
39,20240328,5100,5,USD,-1118.3,Actual,DOC-2024-0000039
40,20220831,2100,6,EUR,-1503.41,Actual,DOC-2022-0000040
41,20230411,5300,2,GBP,-4332.77,Actual,DOC-2023-0000041
42,20220818,1300,2,PLN,101.07,Actual,DOC-2022-0000042
43,20251022,4100,5,EUR,8420.81,Actual,DOC-2025-0000043
44,20240921,2000,4,EUR,8454.89,Actual,DOC-2024-0000044
45,20241228,1200,8,PLN,3093.53,Actual,DOC-2024-0000045
46,20250224,5200,5,GBP,-99.04,Actual,DOC-2025-0000046
47,20220104,4300,2,EUR,-8378.62,Budget,DOC-2022-0000047
48,20241102,5000,7,EUR,7327.06,Actual,DOC-2024-0000048
49,20251105,5200,6,USD,-8111.85,Actual,DOC-2025-0000049
50,20250609,3100,5,PLN,1161.84,Forecast,DOC-2025-0000050
51,20230713,1200,6,USD,5231.67,Forecast,DOC-2023-0000051
52,20220923,2000,10,PLN,1758.3,Actual,DOC-2022-0000052
53,20231013,2100,12,EUR,-6162.26,Actual,DOC-2023-0000053
54,20231101,2200,7,EUR,-937.04,Actual,DOC-2023-0000054
55,20241023,5000,4,PLN,6732.27,Actual,DOC-2024-0000055
56,20240524,3100,7,PLN,4993.35,Actual,DOC-2024-0000056
57,20251015,4100,8,USD,90.23,Actual,DOC-2025-0000057
58,20240130,5300,8,PLN,-1994.41,Actual,DOC-2024-0000058
59,20250328,4300,4,USD,-4442.4,Forecast,DOC-2025-0000059
60,20230909,5300,11,USD,-6729.91,Actual,DOC-2023-0000060
61,20220728,5400,5,PLN,-3518.01,Actual,DOC-2022-0000061
62,20250429,2000,9,GBP,6282.93,Actual,DOC-2025-0000062
63,20220922,3000,10,GBP,227.83,Actual,DOC-2022-0000063
64,20250131,5400,9,USD,-6535.08,Actual,DOC-2025-0000064
65,20250916,5100,5,PLN,-5919.83,Actual,DOC-2025-0000065
66,20240523,2100,7,USD,-2373.11,Budget,DOC-2024-0000066
67,20220910,2100,7,USD,-4769.87,Budget,DOC-2022-0000067
68,20250927,4200,6,EUR,2623.97,Actual,DOC-2025-0000068
69,20251008,1200,8,USD,5264.82,Actual,DOC-2025-0000069
70,20250327,1100,1,PLN,5832.33,Actual,DOC-2025-0000070
71,20240201,4200,3,PLN,1683.91,Actual,DOC-2024-0000071
72,20240404,1000,6,GBP,3663.55,Actual,DOC-2024-0000072
73,20230622,5000,3,GBP,832.44,Actual,DOC-2023-0000073
74,20240220,4300,12,PLN,-2554.96,Actual,DOC-2024-0000074
75,20220706,3000,4,EUR,6458.36,Actual,DOC-2022-0000075
76,20240330,1300,4,GBP,4899.82,Budget,DOC-2024-0000076
77,20221010,1300,10,PLN,2689.97,Actual,DOC-2022-0000077
78,20250818,4100,10,USD,3452.08,Budget,DOC-2025-0000078
79,20240909,5200,8,USD,-381.19,Actual,DOC-2024-0000079
80,20240419,4100,7,GBP,4642.89,Actual,DOC-2024-0000080
81,20240424,5300,8,EUR,-5288.61,Actual,DOC-2024-0000081
82,20220612,4300,8,PLN,-411.12,Actual,DOC-2022-0000082
83,20230207,3000,12,USD,2994.25,Actual,DOC-2023-0000083
84,20241117,1100,4,EUR,6887.84,Actual,DOC-2024-0000084
85,20230810,5400,5,GBP,-7386.39,Actual,DOC-2023-0000085
86,20240609,1100,1,EUR,3925.29,Forecast,DOC-2024-0000086
87,20220514,2200,4,USD,-7660.92,Actual,DOC-2022-0000087
88,20241103,1000,9,USD,7542.23,Actual,DOC-2024-0000088
89,20230510,5300,4,EUR,-1993.04,Actual,DOC-2023-0000089
90,20241201,1300,7,EUR,8758.52,Actual,DOC-2024-0000090
91,20241011,1000,6,PLN,1736.18,Forecast,DOC-2024-0000091
92,20240426,3100,3,EUR,7090.97,Budget,DOC-2024-0000092
93,20250629,4100,4,EUR,4600.31,Actual,DOC-2025-0000093
94,20250125,3000,9,EUR,1088.22,Actual,DOC-2025-0000094
95,20220717,3100,11,EUR,8496.51,Forecast,DOC-2022-0000095
96,20250927,4300,5,GBP,-4850.87,Actual,DOC-2025-0000096
97,20230318,2200,4,USD,-3092.24,Budget,DOC-2023-0000097
98,20240918,4000,5,PLN,3885.72,Actual,DOC-2024-0000098
99,20220213,2200,5,USD,-5906.84,Budget,DOC-2022-0000099
100,20241212,2100,7,EUR,-2862.49,Actual,DOC-2024-0000100
101,20251022,3100,11,EUR,966.26,Actual,DOC-2025-0000101
102,20250124,1200,3,EUR,445.64,Forecast,DOC-2025-0000102
103,20220813,4200,12,GBP,8557.9,Actual,DOC-2022-0000103
104,20250406,3000,1,PLN,3490.13,Actual,DOC-2025-0000104
105,20230806,1200,5,USD,5163.42,Actual,DOC-2023-0000105
106,20220907,4100,7,EUR,5090.49,Budget,DOC-2022-0000106
107,20231105,4200,9,USD,102.69,Actual,DOC-2023-0000107
108,20241015,2000,9,PLN,7661.97,Actual,DOC-2024-0000108
109,20230711,2100,9,USD,-8203.29,Actual,DOC-2023-0000109
110,20221216,4300,5,PLN,-2368.35,Actual,DOC-2022-0000110
111,20220429,1000,4,GBP,4930.33,Actual,DOC-2022-0000111
112,20240905,1300,6,USD,7105.71,Actual,DOC-2024-0000112
113,20240308,5300,11,GBP,-112.16,Actual,DOC-2024-0000113
114,20230629,5400,6,USD,-5811.14,Actual,DOC-2023-0000114
115,20240512,1100,10,EUR,3794.88,Budget,DOC-2024-0000115
116,20240726,5400,6,USD,-6050.8,Actual,DOC-2024-0000116
117,20240309,5000,12,USD,4495.09,Actual,DOC-2024-0000117
118,20221001,5200,10,EUR,-8669.61,Actual,DOC-2022-0000118
119,20250826,5400,12,EUR,-8072.6,Actual,DOC-2025-0000119
120,20220816,3100,3,PLN,2543.36,Actual,DOC-2022-0000120
121,20250901,5000,10,USD,7978.99,Actual,DOC-2025-0000121
122,20250916,3100,10,GBP,3818.37,Forecast,DOC-2025-0000122
123,20230408,5400,1,GBP,-3004.95,Budget,DOC-2023-0000123
124,20230607,2100,7,USD,-4123.29,Actual,DOC-2023-0000124
125,20250511,5200,5,GBP,-7023.73,Forecast,DOC-2025-0000125
126,20251113,2200,9,GBP,-831.38,Actual,DOC-2025-0000126
127,20230512,5400,7,EUR,-7022.35,Actual,DOC-2023-0000127
128,20230915,1100,8,PLN,7404.7,Budget,DOC-2023-0000128
129,20230101,5100,6,USD,-5669.22,Actual,DOC-2023-0000129
130,20230315,4100,2,GBP,7805.24,Actual,DOC-2023-0000130
131,20240430,5000,11,PLN,8609.75,Actual,DOC-2024-0000131
132,20231126,5100,4,EUR,-7944.45,Forecast,DOC-2023-0000132
133,20220116,1300,8,EUR,3706.19,Actual,DOC-2022-0000133
134,20240105,2200,11,GBP,-4936.4,Actual,DOC-2024-0000134
135,20240313,2100,11,PLN,-550.71,Forecast,DOC-2024-0000135
136,20250710,5400,7,PLN,-6625.69,Actual,DOC-2025-0000136
137,20230111,5000,2,GBP,2098.66,Budget,DOC-2023-0000137
138,20230328,4000,4,EUR,6902.8,Actual,DOC-2023-0000138
139,20230331,4200,12,USD,1262.31,Actual,DOC-2023-0000139
140,20240403,4000,1,EUR,2626.76,Actual,DOC-2024-0000140
141,20220407,2100,6,EUR,-4940.47,Actual,DOC-2022-0000141
142,20230726,1000,8,PLN,4380.44,Forecast,DOC-2023-0000142
143,20230412,2000,8,GBP,6119.2,Actual,DOC-2023-0000143
144,20221225,5400,11,GBP,-6594.62,Actual,DOC-2022-0000144
145,20250228,1000,3,EUR,8663.29,Actual,DOC-2025-0000145
146,20250907,1200,2,USD,2064.44,Actual,DOC-2025-0000146
147,20221122,5000,6,EUR,535.07,Actual,DOC-2022-0000147
148,20240705,1100,7,PLN,1673.56,Actual,DOC-2024-0000148
149,20240718,2100,1,PLN,-5944.8,Actual,DOC-2024-0000149
150,20251128,1300,5,GBP,1239.49,Actual,DOC-2025-0000150
151,20220322,2100,2,USD,-297.19,Actual,DOC-2022-0000151
152,20240113,5100,4,GBP,-2015.92,Actual,DOC-2024-0000152
153,20250612,4300,3,PLN,-2622.96,Actual,DOC-2025-0000153
154,20220615,4000,11,PLN,4581.84,Actual,DOC-2022-0000154
155,20251117,5100,5,USD,-6864.96,Budget,DOC-2025-0000155
156,20230806,4300,4,PLN,-7797.96,Actual,DOC-2023-0000156
157,20250127,3100,12,EUR,7990.01,Actual,DOC-2025-0000157
158,20220608,5100,11,USD,-1690.97,Actual,DOC-2022-0000158
159,20230120,5400,6,GBP,-6461.78,Actual,DOC-2023-0000159
160,20230403,4100,1,EUR,3942.49,Actual,DOC-2023-0000160
161,20240904,1100,12,GBP,8618.3,Actual,DOC-2024-0000161
162,20241202,5400,5,PLN,-1801.99,Forecast,DOC-2024-0000162
163,20220706,4100,2,USD,3891.12,Actual,DOC-2022-0000163
164,20250308,1200,1,EUR,1025.91,Forecast,DOC-2025-0000164
165,20240717,5300,2,PLN,-5554.11,Actual,DOC-2024-0000165
166,20231224,5000,3,USD,2790.74,Budget,DOC-2023-0000166
167,20230309,5200,1,EUR,-4145.3,Actual,DOC-2023-0000167
168,20221228,3000,11,USD,1418.06,Actual,DOC-2022-0000168
169,20220521,2000,9,EUR,1474.87,Actual,DOC-2022-0000169
170,20231026,4100,2,PLN,1225.08,Forecast,DOC-2023-0000170
171,20241121,5300,12,USD,-4953.86,Actual,DOC-2024-0000171
172,20240729,2100,11,GBP,-6069.68,Actual,DOC-2024-0000172
173,20230618,1300,11,EUR,8699.73,Actual,DOC-2023-0000173
174,20230525,2000,1,EUR,7689.21,Actual,DOC-2023-0000174
175,20221201,4100,11,GBP,6427.6,Actual,DOC-2022-0000175
176,20230702,2000,6,PLN,1649.98,Budget,DOC-2023-0000176
177,20231018,4100,1,GBP,845.44,Budget,DOC-2023-0000177
178,20230704,1200,4,PLN,8832.41,Forecast,DOC-2023-0000178
179,20250410,1100,3,EUR,1618.64,Actual,DOC-2025-0000179
180,20241025,1200,10,EUR,1066.8,Actual,DOC-2024-0000180
181,20221020,1100,7,PLN,676.51,Actual,DOC-2022-0000181
182,20220113,3100,11,USD,6590.94,Actual,DOC-2022-0000182
183,20241119,5400,2,EUR,-4709.69,Actual,DOC-2024-0000183
184,20250728,4000,6,PLN,5201.99,Budget,DOC-2025-0000184
185,20250721,1200,1,EUR,7838.45,Actual,DOC-2025-0000185
186,20221122,2200,11,USD,-968.99,Actual,DOC-2022-0000186
187,20230918,5300,7,GBP,-7882.39,Actual,DOC-2023-0000187
188,20220916,4300,12,USD,-7059.2,Actual,DOC-2022-0000188
189,20240525,5400,2,USD,-2720.98,Budget,DOC-2024-0000189
190,20230815,4300,1,EUR,-2587.93,Actual,DOC-2023-0000190
191,20220825,5200,2,USD,-3611.8,Actual,DOC-2022-0000191
192,20220519,2200,1,EUR,-3492.75,Actual,DOC-2022-0000192
193,20230815,2000,12,PLN,4421.17,Actual,DOC-2023-0000193
194,20250805,1300,4,USD,2155.09,Actual,DOC-2025-0000194
195,20250719,1300,8,EUR,2219.73,Budget,DOC-2025-0000195
196,20250211,5100,7,GBP,-989.43,Forecast,DOC-2025-0000196
197,20220223,4200,5,GBP,4642.85,Actual,DOC-2022-0000197
198,20240201,1200,2,EUR,4721.39,Actual,DOC-2024-0000198
199,20250417,5400,8,GBP,-3140.25,Actual,DOC-2025-0000199
200,20240731,1200,2,EUR,6026.58,Actual,DOC-2024-0000200
201,20220516,2200,7,USD,-7708.42,Actual,DOC-2022-0000201
202,20230729,2100,6,GBP,-6157.01,Budget,DOC-2023-0000202
203,20231025,4000,12,EUR,2383.28,Actual,DOC-2023-0000203
204,20221216,5400,3,GBP,-5718.69,Actual,DOC-2022-0000204
205,20250304,5100,1,USD,-4532.26,Actual,DOC-2025-0000205
206,20230425,5300,8,EUR,-3712.15,Actual,DOC-2023-0000206
207,20220612,5200,6,GBP,-468.58,Actual,DOC-2022-0000207
208,20240216,1300,3,USD,6818.99,Budget,DOC-2024-0000208
209,20230720,4000,8,USD,1845.61,Actual,DOC-2023-0000209
210,20230310,5100,9,PLN,-8230.51,Actual,DOC-2023-0000210
211,20220906,5000,8,PLN,7409.21,Actual,DOC-2022-0000211
212,20231229,5400,8,PLN,-7916.18,Actual,DOC-2023-0000212
213,20220408,4200,7,USD,4114.18,Budget,DOC-2022-0000213
214,20240904,5000,10,USD,4751.35,Actual,DOC-2024-0000214
215,20221017,4000,5,GBP,377.63,Actual,DOC-2022-0000215
216,20240405,1000,2,EUR,8666.84,Actual,DOC-2024-0000216
217,20220205,1000,8,USD,8787.3,Budget,DOC-2022-0000217
218,20240709,4100,8,EUR,3810.92,Budget,DOC-2024-0000218
219,20240919,5200,12,USD,-6973.65,Actual,DOC-2024-0000219
220,20251011,1100,7,EUR,2130.23,Actual,DOC-2025-0000220
221,20230907,3100,1,EUR,6617.23,Actual,DOC-2023-0000221
222,20220108,5300,9,EUR,-2143.79,Forecast,DOC-2022-0000222
223,20220424,5300,4,EUR,-4200.47,Actual,DOC-2022-0000223
224,20250206,4100,12,GBP,3004.3,Budget,DOC-2025-0000224
225,20231011,2000,4,GBP,3259.01,Budget,DOC-2023-0000225
226,20251113,1000,11,EUR,1524.48,Actual,DOC-2025-0000226
227,20240131,4000,9,GBP,4470.25,Actual,DOC-2024-0000227
228,20250104,5100,10,GBP,-3811.92,Forecast,DOC-2025-0000228
229,20240413,5400,5,GBP,-7644.88,Actual,DOC-2024-0000229
230,20231028,3100,8,EUR,4965.36,Actual,DOC-2023-0000230
231,20220914,2200,5,USD,-6168.29,Budget,DOC-2022-0000231
232,20230804,5400,4,PLN,-5222.95,Actual,DOC-2023-0000232
233,20250303,1300,10,USD,3629.22,Actual,DOC-2025-0000233
234,20240905,3000,4,EUR,8301.17,Actual,DOC-2024-0000234
235,20230908,3000,10,EUR,802.37,Actual,DOC-2023-0000235
236,20221114,4000,6,PLN,2139.62,Budget,DOC-2022-0000236
237,20230320,1000,3,PLN,1596.75,Budget,DOC-2023-0000237
238,20250222,1100,7,USD,7057.79,Actual,DOC-2025-0000238
239,20240107,5000,10,USD,7869.0,Actual,DOC-2024-0000239
240,20250418,3000,10,EUR,4138.54,Actual,DOC-2025-0000240
241,20240516,5100,12,USD,-8417.68,Actual,DOC-2024-0000241
242,20241018,5200,6,PLN,-1873.84,Actual,DOC-2024-0000242
243,20221109,5000,7,PLN,161.92,Actual,DOC-2022-0000243
244,20250604,1100,2,GBP,4068.9,Forecast,DOC-2025-0000244
245,20231006,4000,7,PLN,4490.58,Actual,DOC-2023-0000245
246,20230208,2000,10,USD,1460.29,Actual,DOC-2023-0000246
247,20230507,4300,8,EUR,-5579.35,Actual,DOC-2023-0000247
248,20250729,4000,8,EUR,7723.64,Actual,DOC-2025-0000248
249,20221101,2200,12,EUR,-5190.9,Budget,DOC-2022-0000249
250,20230821,1200,7,EUR,3517.38,Actual,DOC-2023-0000250
251,20240704,4000,7,USD,1805.5,Actual,DOC-2024-0000251
252,20251127,2200,11,USD,-6927.74,Actual,DOC-2025-0000252
253,20220220,5400,8,EUR,-2041.97,Actual,DOC-2022-0000253
254,20250125,4100,12,PLN,6231.57,Actual,DOC-2025-0000254
255,20240118,1200,5,GBP,824.15,Actual,DOC-2024-0000255
256,20230224,5300,10,GBP,-7252.97,Budget,DOC-2023-0000256
257,20230420,4000,7,USD,4495.34,Budget,DOC-2023-0000257
258,20230423,4000,10,PLN,8821.93,Actual,DOC-2023-0000258
259,20241215,1000,7,USD,8489.25,Actual,DOC-2024-0000259
260,20230810,3100,7,GBP,3774.93,Actual,DOC-2023-0000260
261,20251231,3000,1,USD,7357.65,Actual,DOC-2025-0000261
262,20240531,3100,11,EUR,7191.76,Actual,DOC-2024-0000262
263,20250313,3100,12,GBP,5149.61,Budget,DOC-2025-0000263
264,20221120,4100,7,USD,1127.53,Actual,DOC-2022-0000264
265,20230108,3000,12,EUR,5468.81,Actual,DOC-2023-0000265
266,20240902,4200,2,GBP,8736.79,Forecast,DOC-2024-0000266
267,20240221,3100,12,GBP,5375.36,Actual,DOC-2024-0000267
268,20230719,1300,5,GBP,3895.08,Budget,DOC-2023-0000268
269,20221125,2000,5,PLN,2418.47,Actual,DOC-2022-0000269
270,20240518,2000,7,USD,436.09,Actual,DOC-2024-0000270
271,20250814,5100,6,PLN,-8948.28,Actual,DOC-2025-0000271
272,20220804,4000,8,PLN,7412.39,Actual,DOC-2022-0000272
273,20221217,5100,5,PLN,-3222.92,Forecast,DOC-2022-0000273
274,20220918,3000,11,PLN,3490.5,Actual,DOC-2022-0000274
275,20250407,2000,7,EUR,4717.23,Actual,DOC-2025-0000275
276,20221008,1100,9,EUR,5877.47,Forecast,DOC-2022-0000276
277,20240809,5400,3,PLN,-754.92,Actual,DOC-2024-0000277
278,20220908,4200,1,EUR,7897.81,Actual,DOC-2022-0000278
279,20231201,3100,1,PLN,1294.9,Actual,DOC-2023-0000279
280,20241221,4300,10,USD,-6431.07,Forecast,DOC-2024-0000280
281,20220714,4300,11,PLN,-6486.45,Budget,DOC-2022-0000281
282,20250816,5400,8,USD,-6749.49,Actual,DOC-2025-0000282
283,20240726,3000,8,PLN,6725.3,Actual,DOC-2024-0000283
284,20251015,1000,8,GBP,7299.21,Forecast,DOC-2025-0000284
285,20220121,4100,7,USD,4487.55,Budget,DOC-2022-0000285
286,20230224,5000,12,USD,3362.06,Budget,DOC-2023-0000286
287,20220805,1100,8,GBP,5196.22,Actual,DOC-2022-0000287
288,20241201,2000,2,USD,4407.07,Actual,DOC-2024-0000288
289,20220323,5000,8,EUR,3752.75,Budget,DOC-2022-0000289
290,20221211,2000,8,GBP,8973.2,Actual,DOC-2022-0000290
291,20230612,1200,4,USD,5594.39,Actual,DOC-2023-0000291
292,20220425,2100,11,PLN,-5620.4,Actual,DOC-2022-0000292
293,20251221,4300,7,GBP,-3777.61,Actual,DOC-2025-0000293
294,20240906,2200,10,GBP,-2268.09,Actual,DOC-2024-0000294
295,20230822,4300,10,USD,-5024.78,Actual,DOC-2023-0000295
296,20250531,4200,9,PLN,4723.85,Actual,DOC-2025-0000296
297,20241001,1000,6,USD,4354.52,Actual,DOC-2024-0000297
298,20220425,5200,10,USD,-8499.5,Actual,DOC-2022-0000298
299,20240217,4100,5,USD,2200.76,Actual,DOC-2024-0000299
300,20230717,4200,1,USD,1776.81,Actual,DOC-2023-0000300
301,20230423,2100,3,PLN,-5926.25,Actual,DOC-2023-0000301
302,20230126,1100,10,USD,5128.13,Actual,DOC-2023-0000302
303,20230830,1100,3,PLN,1333.26,Budget,DOC-2023-0000303
304,20250208,1000,6,USD,4329.16,Forecast,DOC-2025-0000304
305,20250130,3100,12,GBP,4634.64,Actual,DOC-2025-0000305
306,20220407,4200,5,EUR,2278.26,Forecast,DOC-2022-0000306
307,20221220,3000,5,GBP,8948.62,Budget,DOC-2022-0000307
308,20230503,4200,8,GBP,4499.92,Actual,DOC-2023-0000308
309,20250306,3000,8,GBP,2600.86,Actual,DOC-2025-0000309
310,20230404,3000,8,USD,590.11,Actual,DOC-2023-0000310
311,20231027,1100,1,PLN,2119.27,Actual,DOC-2023-0000311
312,20240802,4200,9,USD,2644.56,Actual,DOC-2024-0000312
313,20250121,4100,12,GBP,2584.99,Actual,DOC-2025-0000313
314,20220723,4100,8,PLN,8557.25,Actual,DOC-2022-0000314
315,20240601,4100,11,PLN,8572.92,Budget,DOC-2024-0000315
316,20220709,4200,8,GBP,3023.5,Forecast,DOC-2022-0000316
317,20220901,4100,10,PLN,7091.37,Actual,DOC-2022-0000317
318,20250706,2000,8,PLN,7106.55,Actual,DOC-2025-0000318
319,20230427,2000,11,EUR,1708.21,Actual,DOC-2023-0000319
320,20220315,5300,6,PLN,-1848.24,Actual,DOC-2022-0000320
321,20240817,1300,8,USD,374.14,Actual,DOC-2024-0000321
322,20220419,4300,10,PLN,-171.66,Actual,DOC-2022-0000322
323,20240123,1100,3,EUR,8900.7,Actual,DOC-2024-0000323
324,20250117,5100,2,USD,-4186.75,Budget,DOC-2025-0000324
325,20250213,5400,11,PLN,-2287.86,Budget,DOC-2025-0000325
326,20231202,4200,12,PLN,395.36,Forecast,DOC-2023-0000326
327,20250426,5200,3,USD,-3592.05,Actual,DOC-2025-0000327
328,20230627,1000,12,GBP,6914.41,Actual,DOC-2023-0000328
329,20221117,3100,10,GBP,2251.14,Forecast,DOC-2022-0000329
330,20240511,4100,2,GBP,2914.08,Forecast,DOC-2024-0000330
331,20240509,4000,10,USD,1060.12,Actual,DOC-2024-0000331
332,20220202,2000,10,EUR,6477.77,Forecast,DOC-2022-0000332
333,20240802,1100,6,EUR,8867.36,Actual,DOC-2024-0000333
334,20220508,2100,10,PLN,-7934.65,Actual,DOC-2022-0000334
335,20250829,4200,7,USD,7808.32,Actual,DOC-2025-0000335
336,20240814,4000,4,EUR,5227.1,Actual,DOC-2024-0000336
337,20221010,2200,7,USD,-4860.75,Actual,DOC-2022-0000337
338,20231225,2100,4,USD,-7772.52,Actual,DOC-2023-0000338
339,20231029,1300,7,GBP,2270.72,Actual,DOC-2023-0000339
340,20220121,2000,5,USD,7986.66,Actual,DOC-2022-0000340
341,20220124,1000,10,EUR,5975.39,Actual,DOC-2022-0000341
342,20230424,4000,1,USD,2271.08,Actual,DOC-2023-0000342
343,20230225,2100,8,GBP,-8141.54,Actual,DOC-2023-0000343
344,20241016,1000,6,PLN,5983.48,Forecast,DOC-2024-0000344
345,20241114,1000,2,EUR,3750.28,Actual,DOC-2024-0000345
346,20240513,2200,12,USD,-4833.15,Actual,DOC-2024-0000346
347,20250706,2000,8,USD,4072.23,Budget,DOC-2025-0000347
348,20250312,1100,1,GBP,4623.12,Forecast,DOC-2025-0000348
349,20240725,1200,4,USD,1322.06,Actual,DOC-2024-0000349
350,20230825,5100,9,PLN,-5551.84,Actual,DOC-2023-0000350
351,20230906,5300,3,GBP,-1451.88,Forecast,DOC-2023-0000351
352,20231201,2200,10,EUR,-7301.25,Actual,DOC-2023-0000352
353,20251022,2200,8,GBP,-8219.73,Actual,DOC-2025-0000353
354,20220424,5100,3,EUR,-8506.64,Actual,DOC-2022-0000354
355,20251208,5200,12,GBP,-6507.62,Actual,DOC-2025-0000355
356,20250514,4000,2,USD,7386.57,Actual,DOC-2025-0000356
357,20240501,2000,7,USD,6944.19,Actual,DOC-2024-0000357
358,20250521,5200,9,GBP,-8128.91,Actual,DOC-2025-0000358
359,20221001,1000,3,USD,8755.78,Actual,DOC-2022-0000359
360,20230824,3100,10,USD,7285.69,Actual,DOC-2023-0000360
361,20250114,5100,8,EUR,-6134.01,Actual,DOC-2025-0000361
362,20220503,3100,9,PLN,5331.56,Budget,DOC-2022-0000362
363,20230927,1000,10,GBP,2681.79,Actual,DOC-2023-0000363
364,20250215,4000,5,PLN,6483.0,Actual,DOC-2025-0000364
365,20220704,1200,12,USD,2981.94,Actual,DOC-2022-0000365
366,20221218,2100,10,PLN,-7645.11,Actual,DOC-2022-0000366
367,20230425,4100,4,USD,3740.17,Actual,DOC-2023-0000367
368,20221223,2200,12,USD,-6171.68,Actual,DOC-2022-0000368
369,20230330,5100,9,GBP,-2164.04,Actual,DOC-2023-0000369
370,20250211,5200,1,GBP,-6543.23,Forecast,DOC-2025-0000370
371,20250530,2200,4,EUR,-2061.45,Actual,DOC-2025-0000371
372,20230313,1000,6,USD,2761.11,Budget,DOC-2023-0000372
373,20250728,1100,11,EUR,8152.25,Actual,DOC-2025-0000373
374,20220111,5400,7,GBP,-1756.92,Actual,DOC-2022-0000374
375,20250607,5300,10,PLN,-2655.97,Actual,DOC-2025-0000375
376,20250607,4000,11,PLN,5919.1,Actual,DOC-2025-0000376
377,20230707,1100,4,PLN,4996.87,Actual,DOC-2023-0000377
378,20251008,4200,1,EUR,6974.25,Actual,DOC-2025-0000378
379,20231015,4300,8,USD,-263.47,Forecast,DOC-2023-0000379
380,20221003,1200,5,GBP,5979.17,Forecast,DOC-2022-0000380
381,20240105,5400,9,PLN,-801.65,Actual,DOC-2024-0000381
382,20231105,2000,7,GBP,7610.52,Forecast,DOC-2023-0000382
383,20250530,4200,4,PLN,6049.75,Actual,DOC-2025-0000383
384,20230430,2200,11,EUR,-593.1,Forecast,DOC-2023-0000384
385,20250713,4300,2,GBP,-1280.07,Actual,DOC-2025-0000385
386,20220701,2000,12,EUR,3469.7,Actual,DOC-2022-0000386
387,20251021,3000,10,USD,2265.29,Actual,DOC-2025-0000387
388,20250425,1100,11,PLN,4488.42,Forecast,DOC-2025-0000388
389,20240107,4200,9,USD,1493.96,Actual,DOC-2024-0000389
390,20231220,4200,10,GBP,5480.05,Budget,DOC-2023-0000390
391,20230308,1000,5,USD,4634.71,Actual,DOC-2023-0000391
392,20220926,1000,2,PLN,6688.46,Actual,DOC-2022-0000392
393,20231010,2200,5,GBP,-4306.87,Actual,DOC-2023-0000393
394,20240102,4000,6,USD,3793.96,Actual,DOC-2024-0000394
395,20250322,1100,5,USD,2544.9,Actual,DOC-2025-0000395
396,20220307,1000,5,EUR,7308.17,Budget,DOC-2022-0000396
397,20250828,3100,4,USD,4256.87,Actual,DOC-2025-0000397
398,20230107,5100,11,USD,-1753.64,Actual,DOC-2023-0000398
399,20240529,4200,2,EUR,6643.8,Actual,DOC-2024-0000399
400,20220124,5400,9,USD,-4491.38,Actual,DOC-2022-0000400
401,20240518,3000,10,EUR,3198.21,Actual,DOC-2024-0000401
402,20250814,4100,11,USD,4799.4,Actual,DOC-2025-0000402
403,20220522,5400,12,EUR,-5236.14,Actual,DOC-2022-0000403
404,20220904,2200,3,USD,-8033.84,Budget,DOC-2022-0000404
405,20230720,4200,10,GBP,4673.09,Forecast,DOC-2023-0000405
406,20230729,5000,1,GBP,5370.37,Actual,DOC-2023-0000406
407,20251208,1300,9,GBP,478.97,Actual,DOC-2025-0000407
408,20240620,5200,6,PLN,-1993.74,Actual,DOC-2024-0000408
409,20250730,5400,9,USD,-5114.34,Actual,DOC-2025-0000409
410,20230109,4300,12,GBP,-52.72,Budget,DOC-2023-0000410
411,20250911,5000,1,EUR,3789.56,Actual,DOC-2025-0000411
412,20220806,2100,1,USD,-7850.35,Actual,DOC-2022-0000412
413,20231106,1100,6,PLN,2379.4,Actual,DOC-2023-0000413
414,20220925,2100,6,USD,-4666.07,Actual,DOC-2022-0000414
415,20241228,5000,1,EUR,6792.68,Actual,DOC-2024-0000415
416,20220104,2100,3,PLN,-3253.46,Actual,DOC-2022-0000416
417,20250318,1100,9,GBP,8017.1,Actual,DOC-2025-0000417
418,20250605,5200,6,EUR,-4388.77,Actual,DOC-2025-0000418
419,20231031,1100,11,EUR,4803.07,Actual,DOC-2023-0000419
420,20240108,2200,7,PLN,-1971.26,Actual,DOC-2024-0000420
421,20220908,1100,5,EUR,4241.24,Actual,DOC-2022-0000421
422,20240528,5300,3,PLN,-6494.42,Actual,DOC-2024-0000422
423,20220320,1100,3,PLN,1865.23,Actual,DOC-2022-0000423
424,20220526,4300,6,GBP,-8304.2,Budget,DOC-2022-0000424
425,20220205,1100,8,USD,7715.44,Actual,DOC-2022-0000425
426,20220131,5000,3,USD,3241.04,Forecast,DOC-2022-0000426
427,20220422,4300,4,USD,-8351.17,Actual,DOC-2022-0000427
428,20251022,5400,7,PLN,-7803.82,Forecast,DOC-2025-0000428
429,20230504,3000,7,GBP,7892.85,Budget,DOC-2023-0000429
430,20231111,2200,5,PLN,-160.21,Actual,DOC-2023-0000430
431,20250926,2200,8,GBP,-2294.4,Actual,DOC-2025-0000431
432,20250812,5100,2,PLN,-7603.19,Actual,DOC-2025-0000432
433,20250227,2200,11,EUR,-5346.8,Actual,DOC-2025-0000433
434,20250417,1000,3,GBP,2780.59,Budget,DOC-2025-0000434
435,20240212,5000,2,GBP,1773.1,Actual,DOC-2024-0000435
436,20221226,2200,2,PLN,-1085.64,Actual,DOC-2022-0000436
437,20230704,3000,12,PLN,4715.49,Actual,DOC-2023-0000437
438,20230626,2100,1,EUR,-4029.64,Actual,DOC-2023-0000438
439,20220127,5000,4,PLN,4210.01,Actual,DOC-2022-0000439
440,20221115,1300,5,PLN,383.9,Actual,DOC-2022-0000440
441,20240703,3100,12,USD,6607.91,Budget,DOC-2024-0000441
442,20250908,4200,4,USD,4442.64,Forecast,DOC-2025-0000442
443,20250607,4100,3,EUR,5768.66,Actual,DOC-2025-0000443
444,20250129,5300,7,GBP,-4554.21,Actual,DOC-2025-0000444
445,20230707,2200,3,USD,-5857.25,Actual,DOC-2023-0000445
446,20231107,5200,7,EUR,-7036.2,Actual,DOC-2023-0000446
447,20230419,5100,11,PLN,-2840.21,Actual,DOC-2023-0000447
448,20231230,1300,8,EUR,1763.73,Forecast,DOC-2023-0000448
449,20240818,2200,7,PLN,-7714.49,Actual,DOC-2024-0000449
450,20241026,1100,4,GBP,3623.68,Budget,DOC-2024-0000450
451,20231016,5000,2,USD,7935.83,Actual,DOC-2023-0000451
452,20220828,1200,2,PLN,3672.25,Budget,DOC-2022-0000452
453,20241223,3000,7,USD,4096.38,Budget,DOC-2024-0000453
454,20231121,5000,4,PLN,1227.14,Actual,DOC-2023-0000454
455,20240305,4200,1,PLN,5266.48,Actual,DOC-2024-0000455
456,20220606,5000,5,GBP,6622.33,Actual,DOC-2022-0000456
457,20240205,4000,10,EUR,7666.23,Actual,DOC-2024-0000457
458,20220830,2200,1,EUR,-8708.66,Actual,DOC-2022-0000458
459,20231116,1100,4,PLN,5579.71,Budget,DOC-2023-0000459
460,20250807,1300,9,GBP,6913.65,Actual,DOC-2025-0000460
461,20230113,1000,7,PLN,1460.34,Actual,DOC-2023-0000461
462,20241127,2200,3,PLN,-7751.97,Actual,DOC-2024-0000462
463,20230123,2100,5,USD,-7775.13,Forecast,DOC-2023-0000463
464,20230222,5200,2,EUR,-68.62,Actual,DOC-2023-0000464
465,20221109,2100,3,EUR,-1094.95,Actual,DOC-2022-0000465
466,20240401,1100,3,EUR,6616.32,Budget,DOC-2024-0000466
467,20251025,5200,4,USD,-7072.46,Actual,DOC-2025-0000467
468,20220820,4300,10,PLN,-6361.4,Actual,DOC-2022-0000468
469,20250327,4200,8,USD,4807.1,Actual,DOC-2025-0000469
470,20231117,1300,7,PLN,4247.37,Actual,DOC-2023-0000470
471,20240715,1100,12,PLN,4770.12,Budget,DOC-2024-0000471
472,20230314,1300,7,EUR,6653.68,Actual,DOC-2023-0000472
473,20231106,2200,2,EUR,-5565.85,Actual,DOC-2023-0000473
474,20251129,1100,7,EUR,632.94,Actual,DOC-2025-0000474
475,20220924,1200,11,PLN,3314.3,Actual,DOC-2022-0000475
476,20250706,2200,8,PLN,-2179.24,Actual,DOC-2025-0000476
477,20220223,2200,9,USD,-4662.65,Forecast,DOC-2022-0000477
478,20240620,5300,5,GBP,-8403.18,Actual,DOC-2024-0000478
479,20240225,4300,8,PLN,-7810.25,Forecast,DOC-2024-0000479
480,20220508,4000,3,EUR,6549.71,Actual,DOC-2022-0000480
481,20241024,5100,4,EUR,-131.74,Actual,DOC-2024-0000481
482,20220414,1000,8,PLN,3227.75,Actual,DOC-2022-0000482
483,20230915,2100,8,EUR,-4747.16,Actual,DOC-2023-0000483
484,20220719,4300,4,EUR,-2834.44,Forecast,DOC-2022-0000484
485,20230305,5400,1,USD,-7166.93,Actual,DOC-2023-0000485
486,20250923,4300,5,USD,-3789.1,Actual,DOC-2025-0000486
487,20240505,1000,1,EUR,6901.37,Actual,DOC-2024-0000487
488,20240106,5300,6,GBP,-3419.89,Actual,DOC-2024-0000488
489,20250623,4200,9,GBP,2941.46,Actual,DOC-2025-0000489
490,20240206,2000,5,USD,6810.15,Actual,DOC-2024-0000490
491,20241225,5000,10,GBP,2275.36,Actual,DOC-2024-0000491
492,20240215,5200,9,GBP,-1629.56,Budget,DOC-2024-0000492
493,20241030,5100,4,PLN,-408.24,Actual,DOC-2024-0000493
494,20231129,4300,5,EUR,-8878.05,Budget,DOC-2023-0000494
495,20251207,5000,3,USD,7687.99,Actual,DOC-2025-0000495
496,20230714,5000,10,USD,5278.89,Budget,DOC-2023-0000496
497,20230101,1200,9,PLN,7284.23,Actual,DOC-2023-0000497
498,20221206,5100,5,PLN,-4888.84,Actual,DOC-2022-0000498
499,20251213,1300,5,EUR,1249.73,Actual,DOC-2025-0000499
500,20240924,4300,6,EUR,-185.69,Actual,DOC-2024-0000500
501,20230512,1300,10,GBP,2157.04,Actual,DOC-2023-0000501
502,20240225,5300,6,PLN,-5396.75,Actual,DOC-2024-0000502
503,20230726,2000,4,EUR,3517.18,Actual,DOC-2023-0000503
504,20220522,2200,4,PLN,-4712.03,Budget,DOC-2022-0000504
505,20240606,3000,4,GBP,5387.62,Actual,DOC-2024-0000505
506,20221203,1300,3,GBP,6671.41,Actual,DOC-2022-0000506
507,20250912,2000,4,PLN,6262.63,Actual,DOC-2025-0000507
508,20250201,5000,11,USD,3481.94,Actual,DOC-2025-0000508
509,20230708,2100,4,GBP,-5812.51,Budget,DOC-2023-0000509
510,20220510,2200,10,EUR,-3324.12,Actual,DOC-2022-0000510
511,20250915,1200,10,PLN,1684.25,Actual,DOC-2025-0000511
512,20220610,2200,5,USD,-8127.21,Actual,DOC-2022-0000512
513,20250408,5400,1,GBP,-7478.22,Actual,DOC-2025-0000513
514,20221013,1100,6,GBP,8788.07,Actual,DOC-2022-0000514
515,20220810,3100,6,PLN,6795.14,Actual,DOC-2022-0000515
516,20250407,1300,12,PLN,1469.45,Actual,DOC-2025-0000516
517,20230511,3000,8,PLN,5176.07,Actual,DOC-2023-0000517
518,20231004,5300,10,GBP,-1675.72,Actual,DOC-2023-0000518
519,20230510,4100,7,EUR,7456.31,Actual,DOC-2023-0000519
520,20240826,1000,3,EUR,880.16,Actual,DOC-2024-0000520
521,20250829,5100,6,EUR,-7064.13,Actual,DOC-2025-0000521
522,20250714,1100,12,EUR,8013.0,Actual,DOC-2025-0000522
523,20250131,5000,9,USD,4681.77,Actual,DOC-2025-0000523
524,20230927,4300,2,EUR,-5005.1,Actual,DOC-2023-0000524
525,20220702,2200,8,PLN,-4545.65,Actual,DOC-2022-0000525
526,20240916,5200,3,EUR,-4466.88,Budget,DOC-2024-0000526
527,20240105,4300,5,PLN,-8482.3,Actual,DOC-2024-0000527
528,20241116,5200,4,GBP,-4670.14,Actual,DOC-2024-0000528
529,20221116,1100,4,USD,6580.08,Actual,DOC-2022-0000529
530,20250212,4000,7,GBP,2548.35,Actual,DOC-2025-0000530
531,20241117,3100,1,EUR,716.81,Forecast,DOC-2024-0000531
532,20230429,5300,2,GBP,-4206.81,Actual,DOC-2023-0000532
533,20240323,1100,4,EUR,8624.02,Actual,DOC-2024-0000533
534,20241207,5200,2,PLN,-7752.64,Actual,DOC-2024-0000534
535,20221216,5400,3,PLN,-6352.27,Actual,DOC-2022-0000535
536,20220430,1000,7,USD,1056.37,Forecast,DOC-2022-0000536
537,20250611,1100,3,GBP,3377.45,Actual,DOC-2025-0000537
538,20241125,5300,10,EUR,-5283.8,Actual,DOC-2024-0000538
539,20241219,5300,6,USD,-7034.81,Actual,DOC-2024-0000539
540,20230313,5200,7,GBP,-7521.81,Actual,DOC-2023-0000540
541,20230213,5100,4,GBP,-3011.76,Actual,DOC-2023-0000541
542,20221108,2200,2,GBP,-2933.0,Actual,DOC-2022-0000542
543,20220426,1300,3,EUR,8500.81,Budget,DOC-2022-0000543
544,20251116,1200,12,GBP,7660.36,Budget,DOC-2025-0000544
545,20220327,4100,12,PLN,2250.33,Actual,DOC-2022-0000545
546,20240723,3100,8,GBP,2041.17,Actual,DOC-2024-0000546
547,20230430,2200,2,GBP,-4361.03,Budget,DOC-2023-0000547
548,20220928,2100,8,EUR,-8268.28,Actual,DOC-2022-0000548
549,20230702,5400,11,EUR,-7238.42,Actual,DOC-2023-0000549
550,20231225,4200,11,GBP,123.83,Actual,DOC-2023-0000550
551,20220122,3100,6,USD,5604.39,Actual,DOC-2022-0000551
552,20220705,5200,9,PLN,-886.49,Actual,DOC-2022-0000552
553,20251028,5200,7,GBP,-1350.14,Actual,DOC-2025-0000553
554,20250809,2100,8,PLN,-3798.95,Actual,DOC-2025-0000554
555,20220715,5100,12,EUR,-701.74,Actual,DOC-2022-0000555
556,20241230,4100,1,PLN,6687.19,Budget,DOC-2024-0000556
557,20230919,5000,12,PLN,1921.86,Actual,DOC-2023-0000557
558,20220607,4000,5,EUR,5893.67,Actual,DOC-2022-0000558
559,20250605,1200,12,EUR,5073.08,Actual,DOC-2025-0000559
560,20250422,1200,5,USD,6956.92,Actual,DOC-2025-0000560
561,20240728,5200,12,USD,-1646.27,Actual,DOC-2024-0000561
562,20220902,2100,4,PLN,-3465.43,Actual,DOC-2022-0000562
563,20230909,1000,1,GBP,128.47,Actual,DOC-2023-0000563
564,20230228,5100,9,PLN,-7224.52,Forecast,DOC-2023-0000564
565,20230316,5300,9,PLN,-8766.0,Actual,DOC-2023-0000565
566,20240917,1000,2,EUR,5961.38,Actual,DOC-2024-0000566
567,20250108,4200,7,EUR,7904.78,Budget,DOC-2025-0000567
568,20240923,5100,8,PLN,-8872.06,Actual,DOC-2024-0000568
569,20240217,2200,10,GBP,-334.42,Actual,DOC-2024-0000569
570,20230120,5000,12,GBP,2022.75,Actual,DOC-2023-0000570
571,20251002,4000,3,PLN,6201.25,Actual,DOC-2025-0000571
572,20220118,3100,2,USD,7770.97,Actual,DOC-2022-0000572
573,20240206,2000,3,PLN,8433.93,Actual,DOC-2024-0000573
574,20240414,1300,11,GBP,1326.61,Actual,DOC-2024-0000574
575,20220722,5100,6,EUR,-8727.04,Budget,DOC-2022-0000575
576,20220603,1200,9,USD,2885.91,Actual,DOC-2022-0000576
577,20230805,1200,4,GBP,4848.56,Actual,DOC-2023-0000577
578,20230727,4300,4,EUR,-4857.97,Actual,DOC-2023-0000578
579,20241115,4000,6,USD,2449.65,Actual,DOC-2024-0000579
580,20231228,2200,3,EUR,-3313.63,Budget,DOC-2023-0000580
581,20231014,1200,8,EUR,106.34,Actual,DOC-2023-0000581
582,20220326,5100,6,GBP,-8923.2,Actual,DOC-2022-0000582
583,20240906,2200,8,USD,-7825.76,Actual,DOC-2024-0000583
584,20230903,2100,3,EUR,-8855.84,Actual,DOC-2023-0000584
585,20250710,2200,4,GBP,-8110.1,Actual,DOC-2025-0000585
586,20240521,1100,5,GBP,5446.94,Actual,DOC-2024-0000586
587,20230728,2200,3,EUR,-8725.04,Actual,DOC-2023-0000587
588,20231117,1000,1,GBP,5870.68,Forecast,DOC-2023-0000588
589,20231205,4100,5,GBP,163.81,Forecast,DOC-2023-0000589
590,20250524,1000,2,GBP,4978.9,Actual,DOC-2025-0000590
591,20240912,2200,8,EUR,-3190.76,Actual,DOC-2024-0000591
592,20240124,5400,1,GBP,-2039.46,Actual,DOC-2024-0000592
593,20241128,2000,12,EUR,5888.34,Actual,DOC-2024-0000593
594,20240220,2200,11,GBP,-237.84,Actual,DOC-2024-0000594
595,20241128,1100,11,GBP,8200.43,Actual,DOC-2024-0000595
596,20250901,3100,8,GBP,8896.84,Actual,DOC-2025-0000596
597,20241221,5300,12,EUR,-6565.05,Actual,DOC-2024-0000597
598,20250113,2000,9,EUR,628.37,Actual,DOC-2025-0000598
599,20230506,4300,6,GBP,-200.37,Actual,DOC-2023-0000599
600,20240606,4300,9,EUR,-7592.51,Budget,DOC-2024-0000600
601,20250910,4200,10,EUR,6826.35,Actual,DOC-2025-0000601
602,20240629,3100,3,USD,176.4,Actual,DOC-2024-0000602
603,20240815,5000,11,USD,6812.86,Actual,DOC-2024-0000603
604,20230616,5000,11,PLN,4615.49,Budget,DOC-2023-0000604
605,20221009,1100,11,EUR,4427.05,Forecast,DOC-2022-0000605
606,20250118,1300,8,USD,707.68,Actual,DOC-2025-0000606
607,20240109,5200,3,PLN,-2331.89,Actual,DOC-2024-0000607
608,20241030,5300,9,EUR,-445.76,Actual,DOC-2024-0000608
609,20240507,2000,1,PLN,8090.07,Actual,DOC-2024-0000609
610,20220602,2000,2,EUR,909.87,Actual,DOC-2022-0000610
611,20250101,4200,9,EUR,4197.46,Actual,DOC-2025-0000611
612,20230821,3000,12,USD,6719.81,Actual,DOC-2023-0000612
613,20251205,4100,8,EUR,1435.68,Actual,DOC-2025-0000613
614,20230820,2100,6,USD,-3093.2,Actual,DOC-2023-0000614
615,20240901,5300,2,PLN,-7351.5,Budget,DOC-2024-0000615
616,20241018,5200,2,PLN,-8533.52,Actual,DOC-2024-0000616
617,20221101,3100,5,GBP,950.44,Actual,DOC-2022-0000617
618,20250713,2200,10,EUR,-5398.41,Actual,DOC-2025-0000618
619,20250507,1200,5,USD,3483.24,Actual,DOC-2025-0000619
620,20230927,3000,3,USD,1769.2,Actual,DOC-2023-0000620
621,20251121,3100,11,PLN,5054.85,Actual,DOC-2025-0000621
622,20240123,5300,5,EUR,-5618.88,Budget,DOC-2024-0000622
623,20241119,1200,9,GBP,4364.71,Actual,DOC-2024-0000623
624,20240614,4300,6,GBP,-1006.29,Actual,DOC-2024-0000624
625,20221022,1000,7,PLN,7085.35,Actual,DOC-2022-0000625
626,20230215,1300,2,GBP,4099.79,Budget,DOC-2023-0000626
627,20250701,1200,12,PLN,458.03,Actual,DOC-2025-0000627
628,20250701,1000,1,EUR,6357.72,Actual,DOC-2025-0000628
629,20230627,1300,4,GBP,3942.49,Actual,DOC-2023-0000629
630,20250219,4000,5,GBP,5729.61,Actual,DOC-2025-0000630
631,20250716,5200,9,USD,-8254.57,Actual,DOC-2025-0000631
632,20220618,5000,7,PLN,3090.47,Forecast,DOC-2022-0000632
633,20251027,1200,10,PLN,8444.33,Actual,DOC-2025-0000633
634,20250116,1200,4,EUR,5322.96,Actual,DOC-2025-0000634
635,20221028,3100,8,GBP,5814.3,Actual,DOC-2022-0000635
636,20251209,4100,4,USD,6812.1,Budget,DOC-2025-0000636
637,20220901,3000,5,EUR,8510.7,Actual,DOC-2022-0000637
638,20251020,5000,3,GBP,4139.44,Actual,DOC-2025-0000638
639,20241104,5100,5,GBP,-2747.24,Actual,DOC-2024-0000639
640,20241120,5200,11,GBP,-1997.87,Actual,DOC-2024-0000640
641,20251030,1100,11,GBP,7787.37,Actual,DOC-2025-0000641
642,20221005,5000,12,PLN,800.33,Actual,DOC-2022-0000642
643,20220618,3000,8,PLN,1071.35,Budget,DOC-2022-0000643
644,20221118,4300,2,USD,-7149.32,Forecast,DOC-2022-0000644
645,20240919,5000,9,GBP,871.61,Budget,DOC-2024-0000645
646,20230311,4200,3,EUR,7257.89,Actual,DOC-2023-0000646
647,20251031,3000,3,USD,6637.78,Actual,DOC-2025-0000647
648,20220801,5400,10,GBP,-168.61,Budget,DOC-2022-0000648
649,20220829,2200,1,USD,-8122.91,Actual,DOC-2022-0000649
650,20250220,5300,1,USD,-525.22,Forecast,DOC-2025-0000650
651,20241213,5400,8,EUR,-2196.11,Actual,DOC-2024-0000651
652,20250620,5000,6,USD,8388.7,Actual,DOC-2025-0000652
653,20250428,4300,12,USD,-5617.74,Actual,DOC-2025-0000653
654,20240526,1100,12,USD,7535.05,Actual,DOC-2024-0000654
655,20230213,5000,5,USD,5306.2,Actual,DOC-2023-0000655
656,20251213,3100,1,USD,6049.88,Actual,DOC-2025-0000656
657,20240420,1000,4,USD,8188.51,Actual,DOC-2024-0000657
658,20221005,1000,9,USD,2852.36,Actual,DOC-2022-0000658
659,20220621,1000,2,EUR,1073.54,Forecast,DOC-2022-0000659
660,20220730,1000,4,PLN,6960.08,Actual,DOC-2022-0000660
661,20231231,2100,8,USD,-7134.94,Actual,DOC-2023-0000661
662,20220811,3100,9,GBP,4805.61,Forecast,DOC-2022-0000662
663,20230102,3000,5,USD,7135.0,Actual,DOC-2023-0000663
664,20231206,5000,10,PLN,7222.08,Actual,DOC-2023-0000664
665,20240204,5300,2,EUR,-3511.44,Actual,DOC-2024-0000665
666,20241005,2200,3,GBP,-2805.06,Actual,DOC-2024-0000666
667,20250413,2000,9,PLN,5469.31,Actual,DOC-2025-0000667
668,20230605,4300,6,PLN,-7463.34,Actual,DOC-2023-0000668
669,20230201,5200,4,GBP,-5575.19,Budget,DOC-2023-0000669
670,20230223,5000,4,GBP,7587.95,Actual,DOC-2023-0000670
671,20241225,2000,6,EUR,2018.07,Actual,DOC-2024-0000671
672,20220618,1300,3,PLN,3362.39,Actual,DOC-2022-0000672
673,20250716,5200,1,USD,-4084.69,Forecast,DOC-2025-0000673
674,20250320,1000,12,EUR,2378.87,Actual,DOC-2025-0000674
675,20220909,4000,7,PLN,6712.55,Actual,DOC-2022-0000675
676,20240327,1200,8,EUR,5906.46,Actual,DOC-2024-0000676
677,20230922,5000,6,PLN,3018.57,Actual,DOC-2023-0000677
678,20220317,1000,6,GBP,6772.17,Actual,DOC-2022-0000678
679,20240513,5100,11,GBP,-1614.72,Actual,DOC-2024-0000679
680,20241212,1100,12,EUR,5405.1,Actual,DOC-2024-0000680
681,20220414,4100,4,EUR,3608.44,Actual,DOC-2022-0000681
682,20221108,5000,9,GBP,8624.17,Budget,DOC-2022-0000682
683,20240106,5400,11,PLN,-6417.18,Forecast,DOC-2024-0000683
684,20251220,5400,12,PLN,-3421.71,Forecast,DOC-2025-0000684
685,20240306,1300,10,PLN,4432.86,Actual,DOC-2024-0000685
686,20231116,4100,7,EUR,5872.93,Budget,DOC-2023-0000686
687,20251015,1200,8,PLN,7853.68,Actual,DOC-2025-0000687
688,20221101,4200,10,GBP,1270.46,Budget,DOC-2022-0000688
689,20250817,1000,1,GBP,2391.81,Budget,DOC-2025-0000689
690,20230825,3000,7,GBP,5227.04,Forecast,DOC-2023-0000690
691,20230204,1100,6,PLN,429.15,Forecast,DOC-2023-0000691
692,20230625,2100,7,GBP,-2119.04,Actual,DOC-2023-0000692
693,20230611,1000,2,USD,8026.29,Actual,DOC-2023-0000693
694,20240407,5400,1,GBP,-3381.83,Budget,DOC-2024-0000694
695,20220826,1300,10,PLN,6548.25,Actual,DOC-2022-0000695
696,20241201,1200,2,USD,4127.68,Actual,DOC-2024-0000696
697,20240323,3100,1,PLN,5584.87,Actual,DOC-2024-0000697
698,20230824,1000,9,USD,3687.79,Budget,DOC-2023-0000698
699,20220701,1300,3,GBP,3981.58,Actual,DOC-2022-0000699
700,20221016,5100,7,EUR,-880.58,Actual,DOC-2022-0000700
701,20250516,1300,11,EUR,2593.24,Actual,DOC-2025-0000701
702,20220716,2200,6,USD,-4851.25,Forecast,DOC-2022-0000702
703,20240815,1300,7,USD,3580.83,Actual,DOC-2024-0000703
704,20240727,4000,3,EUR,7469.9,Actual,DOC-2024-0000704
705,20250103,5400,5,EUR,-3677.25,Actual,DOC-2025-0000705
706,20250806,1100,2,GBP,8668.82,Actual,DOC-2025-0000706
707,20220223,5000,1,PLN,491.17,Budget,DOC-2022-0000707
708,20240407,2100,2,PLN,-1060.49,Budget,DOC-2024-0000708
709,20240616,3100,1,PLN,2156.15,Forecast,DOC-2024-0000709
710,20230520,3100,1,EUR,3350.24,Actual,DOC-2023-0000710
711,20250816,3100,6,GBP,6952.81,Forecast,DOC-2025-0000711
712,20220703,5400,5,PLN,-2637.8,Budget,DOC-2022-0000712
713,20220709,4100,12,GBP,7166.47,Actual,DOC-2022-0000713
714,20220301,4300,6,PLN,-156.32,Actual,DOC-2022-0000714
715,20220210,5300,10,GBP,-6070.9,Actual,DOC-2022-0000715
716,20250306,2200,11,PLN,-6637.03,Actual,DOC-2025-0000716
717,20240720,1000,1,GBP,8166.29,Budget,DOC-2024-0000717
718,20240304,1300,8,USD,4508.5,Actual,DOC-2024-0000718
719,20240229,2000,6,USD,1047.03,Budget,DOC-2024-0000719
720,20220416,5300,9,GBP,-8294.64,Actual,DOC-2022-0000720
721,20241014,2200,1,GBP,-1201.99,Actual,DOC-2024-0000721
722,20250311,4100,12,GBP,3057.79,Actual,DOC-2025-0000722
723,20221001,5100,8,PLN,-6003.27,Actual,DOC-2022-0000723
724,20250705,4100,5,EUR,4963.01,Actual,DOC-2025-0000724
725,20220204,5000,8,PLN,8752.91,Actual,DOC-2022-0000725
726,20220720,3000,2,EUR,7325.94,Actual,DOC-2022-0000726
727,20250827,5100,1,PLN,-5415.89,Actual,DOC-2025-0000727
728,20251214,3000,10,GBP,204.91,Actual,DOC-2025-0000728
729,20230527,3100,4,GBP,7006.68,Actual,DOC-2023-0000729
730,20220503,4100,8,USD,6285.69,Actual,DOC-2022-0000730
731,20250515,5300,6,PLN,-4387.88,Actual,DOC-2025-0000731
732,20231118,2000,4,USD,8450.75,Budget,DOC-2023-0000732
733,20221003,1100,12,PLN,373.05,Forecast,DOC-2022-0000733
734,20240525,3000,8,PLN,2643.4,Actual,DOC-2024-0000734
735,20251220,5400,2,EUR,-2006.74,Actual,DOC-2025-0000735
736,20241024,2200,6,PLN,-7565.6,Actual,DOC-2024-0000736
737,20250828,4200,1,PLN,5776.88,Actual,DOC-2025-0000737
738,20240327,4000,2,GBP,7276.12,Budget,DOC-2024-0000738
739,20250806,4200,8,GBP,4511.96,Actual,DOC-2025-0000739
740,20230804,3000,8,EUR,2083.43,Actual,DOC-2023-0000740
741,20241208,1100,10,USD,4157.95,Actual,DOC-2024-0000741
742,20250910,4200,8,PLN,2321.03,Actual,DOC-2025-0000742
743,20231029,4300,3,PLN,-5557.91,Actual,DOC-2023-0000743
744,20220331,3000,8,PLN,8409.99,Actual,DOC-2022-0000744
745,20230204,1300,2,GBP,8088.91,Forecast,DOC-2023-0000745
746,20251016,2100,6,EUR,-8233.8,Actual,DOC-2025-0000746
747,20241214,1300,11,GBP,2457.77,Forecast,DOC-2024-0000747
748,20250609,3000,10,PLN,1272.15,Actual,DOC-2025-0000748
749,20251106,4100,1,GBP,472.86,Actual,DOC-2025-0000749
750,20251006,5200,1,EUR,-990.5,Actual,DOC-2025-0000750
751,20230825,4200,2,GBP,7334.55,Actual,DOC-2023-0000751
752,20250922,5300,2,PLN,-8263.47,Actual,DOC-2025-0000752
753,20230314,3100,7,PLN,250.65,Actual,DOC-2023-0000753
754,20230110,2100,5,PLN,-5289.94,Forecast,DOC-2023-0000754
755,20240707,1100,9,GBP,5127.08,Actual,DOC-2024-0000755
756,20230415,5300,3,USD,-8349.05,Budget,DOC-2023-0000756
757,20220711,3000,6,PLN,7504.57,Actual,DOC-2022-0000757
758,20220210,2100,4,GBP,-7863.31,Budget,DOC-2022-0000758
759,20220511,1200,8,USD,6860.57,Actual,DOC-2022-0000759
760,20220503,5000,2,GBP,2570.9,Actual,DOC-2022-0000760
761,20221017,4100,9,USD,4412.66,Actual,DOC-2022-0000761
762,20250504,5200,7,PLN,-791.64,Actual,DOC-2025-0000762
763,20250121,1300,7,GBP,4169.56,Actual,DOC-2025-0000763
764,20220419,4300,9,EUR,-8825.93,Actual,DOC-2022-0000764
765,20241001,1000,8,GBP,7313.48,Actual,DOC-2024-0000765
766,20240805,4100,3,PLN,4551.46,Actual,DOC-2024-0000766
767,20250329,2200,1,EUR,-2834.05,Actual,DOC-2025-0000767
768,20240429,2100,11,PLN,-8137.49,Forecast,DOC-2024-0000768
769,20231028,4100,10,EUR,8419.17,Actual,DOC-2023-0000769
770,20231022,2100,8,USD,-2561.69,Actual,DOC-2023-0000770
771,20240604,5300,1,USD,-7504.43,Forecast,DOC-2024-0000771
772,20220428,5200,3,EUR,-188.19,Actual,DOC-2022-0000772
773,20220104,4100,7,USD,3637.0,Actual,DOC-2022-0000773
774,20240828,5400,1,GBP,-6826.62,Actual,DOC-2024-0000774
775,20220619,2000,7,PLN,5988.36,Budget,DOC-2022-0000775
776,20251231,5100,8,EUR,-7103.81,Actual,DOC-2025-0000776
777,20240304,5400,9,USD,-4465.43,Budget,DOC-2024-0000777
778,20231105,3100,9,PLN,7689.79,Actual,DOC-2023-0000778
779,20251107,5100,12,GBP,-4840.56,Forecast,DOC-2025-0000779
780,20250717,5000,3,EUR,403.09,Budget,DOC-2025-0000780
781,20251120,5200,4,USD,-7453.58,Actual,DOC-2025-0000781
782,20221214,5300,8,EUR,-922.46,Forecast,DOC-2022-0000782
783,20230107,5400,3,GBP,-2764.31,Actual,DOC-2023-0000783
784,20230106,4200,8,USD,7242.39,Actual,DOC-2023-0000784
785,20231228,4000,7,USD,5836.6,Actual,DOC-2023-0000785
786,20251214,1100,9,PLN,4761.06,Actual,DOC-2025-0000786
787,20230709,1200,2,GBP,4839.82,Actual,DOC-2023-0000787
788,20220124,5100,10,PLN,-1141.5,Actual,DOC-2022-0000788
789,20250106,5300,7,PLN,-4865.52,Actual,DOC-2025-0000789
790,20231227,4300,12,EUR,-3418.2,Actual,DOC-2023-0000790
791,20250704,1000,1,PLN,6504.81,Actual,DOC-2025-0000791
792,20251223,2100,12,PLN,-4436.34,Actual,DOC-2025-0000792
793,20220807,2100,8,USD,-607.86,Actual,DOC-2022-0000793
794,20220408,4100,12,GBP,7979.02,Actual,DOC-2022-0000794
795,20230529,1300,10,PLN,8992.58,Budget,DOC-2023-0000795
796,20220205,4300,10,PLN,-8425.7,Actual,DOC-2022-0000796
797,20230825,1300,9,USD,8260.99,Forecast,DOC-2023-0000797
798,20230910,4000,3,PLN,3146.72,Actual,DOC-2023-0000798
799,20220630,5300,11,USD,-5940.91,Actual,DOC-2022-0000799
800,20230315,4300,1,GBP,-3088.29,Actual,DOC-2023-0000800
801,20220405,4000,2,PLN,3622.54,Actual,DOC-2022-0000801
802,20240320,1300,6,PLN,5562.48,Budget,DOC-2024-0000802
803,20230402,5300,2,EUR,-8448.25,Actual,DOC-2023-0000803
804,20220930,5000,10,PLN,6357.52,Budget,DOC-2022-0000804
805,20230911,5000,4,PLN,6410.3,Actual,DOC-2023-0000805
806,20230225,5400,9,EUR,-3898.88,Forecast,DOC-2023-0000806
807,20250415,1300,11,EUR,5700.79,Actual,DOC-2025-0000807
808,20230208,2200,2,EUR,-7847.73,Actual,DOC-2023-0000808
809,20240517,3000,7,EUR,2793.3,Actual,DOC-2024-0000809
810,20230206,5400,3,GBP,-8076.4,Actual,DOC-2023-0000810
811,20250527,5300,6,PLN,-529.5,Actual,DOC-2025-0000811
812,20240731,2000,2,PLN,6577.51,Actual,DOC-2024-0000812
813,20240303,1000,10,PLN,1181.0,Actual,DOC-2024-0000813
814,20241109,1200,7,PLN,5366.32,Actual,DOC-2024-0000814
815,20230416,5400,1,PLN,-8824.51,Actual,DOC-2023-0000815
816,20250628,3100,8,EUR,1141.44,Actual,DOC-2025-0000816
817,20220628,1000,11,PLN,4105.39,Actual,DOC-2022-0000817
818,20220109,2100,2,PLN,-4078.81,Actual,DOC-2022-0000818
819,20240824,1100,10,EUR,7557.71,Forecast,DOC-2024-0000819
820,20220804,5000,10,GBP,230.01,Actual,DOC-2022-0000820
821,20231221,5300,9,GBP,-3750.59,Actual,DOC-2023-0000821
822,20221113,5100,9,EUR,-2157.14,Actual,DOC-2022-0000822
823,20220319,5200,12,GBP,-4578.04,Forecast,DOC-2022-0000823
824,20250619,5400,10,PLN,-3865.2,Actual,DOC-2025-0000824
825,20240107,3100,5,EUR,4330.77,Actual,DOC-2024-0000825
826,20240611,5000,8,EUR,6601.09,Actual,DOC-2024-0000826
827,20241012,5300,3,EUR,-975.67,Actual,DOC-2024-0000827
828,20221103,2000,1,USD,2748.08,Actual,DOC-2022-0000828
829,20221017,1000,11,PLN,5076.45,Actual,DOC-2022-0000829
830,20250903,5100,2,USD,-201.71,Actual,DOC-2025-0000830
831,20240404,3100,10,PLN,6583.01,Actual,DOC-2024-0000831
832,20240826,2200,1,GBP,-2104.11,Actual,DOC-2024-0000832
833,20240614,5400,1,USD,-2830.31,Actual,DOC-2024-0000833
834,20250329,4200,5,GBP,7291.07,Actual,DOC-2025-0000834
835,20230623,5200,7,PLN,-3198.32,Actual,DOC-2023-0000835
836,20240120,2100,3,USD,-6563.52,Actual,DOC-2024-0000836
837,20251108,2100,10,EUR,-7346.83,Actual,DOC-2025-0000837
838,20250901,4200,2,USD,5397.95,Actual,DOC-2025-0000838
839,20230328,4100,7,PLN,505.6,Actual,DOC-2023-0000839
840,20230530,2000,2,GBP,6596.0,Actual,DOC-2023-0000840
841,20240713,5300,8,GBP,-3883.15,Actual,DOC-2024-0000841
842,20221003,4300,4,GBP,-4920.72,Forecast,DOC-2022-0000842
843,20230819,1100,9,GBP,8336.8,Forecast,DOC-2023-0000843
844,20250704,4000,7,USD,4165.32,Forecast,DOC-2025-0000844
845,20220228,3000,5,PLN,7375.7,Budget,DOC-2022-0000845
846,20240110,1200,6,GBP,3088.32,Actual,DOC-2024-0000846
847,20220221,3100,9,GBP,8799.36,Budget,DOC-2022-0000847
848,20230810,2100,11,USD,-4234.99,Actual,DOC-2023-0000848
849,20250511,1200,9,USD,8397.8,Actual,DOC-2025-0000849
850,20230803,2200,7,EUR,-447.61,Actual,DOC-2023-0000850
851,20250227,2000,10,PLN,3258.09,Actual,DOC-2025-0000851
852,20241211,4200,3,PLN,1403.16,Actual,DOC-2024-0000852
853,20220302,1200,1,PLN,2796.87,Forecast,DOC-2022-0000853
854,20251112,5400,9,USD,-3210.79,Actual,DOC-2025-0000854
855,20240330,1000,8,USD,1894.7,Actual,DOC-2024-0000855
856,20220813,2200,8,EUR,-2952.59,Actual,DOC-2022-0000856
857,20231017,5100,4,GBP,-1577.73,Actual,DOC-2023-0000857
858,20250615,5100,3,EUR,-6375.16,Actual,DOC-2025-0000858
859,20220127,1000,11,EUR,4276.61,Actual,DOC-2022-0000859
860,20251111,3100,4,GBP,5186.62,Actual,DOC-2025-0000860
861,20241019,2200,12,PLN,-5569.06,Actual,DOC-2024-0000861
862,20241221,5200,5,PLN,-100.95,Budget,DOC-2024-0000862
863,20220924,1000,12,PLN,7564.1,Actual,DOC-2022-0000863
864,20221002,2000,7,PLN,6111.05,Actual,DOC-2022-0000864
865,20250625,4300,8,EUR,-311.71,Actual,DOC-2025-0000865
866,20231004,4200,5,EUR,6849.2,Forecast,DOC-2023-0000866
867,20221108,1100,1,USD,2397.76,Actual,DOC-2022-0000867
868,20251103,2000,6,PLN,3586.34,Actual,DOC-2025-0000868
869,20251123,4300,2,GBP,-6538.82,Actual,DOC-2025-0000869
870,20221009,1300,11,USD,8473.52,Actual,DOC-2022-0000870
871,20250327,2100,4,GBP,-568.98,Budget,DOC-2025-0000871
872,20230909,5400,4,EUR,-5893.08,Budget,DOC-2023-0000872
873,20230331,1000,2,EUR,3030.32,Actual,DOC-2023-0000873
874,20240417,4300,1,USD,-4417.6,Actual,DOC-2024-0000874
875,20250805,1300,10,PLN,8771.23,Forecast,DOC-2025-0000875
876,20220124,4300,10,EUR,-460.08,Actual,DOC-2022-0000876
877,20220201,4100,4,GBP,1507.64,Actual,DOC-2022-0000877
878,20220617,2000,6,USD,8518.41,Actual,DOC-2022-0000878
879,20230523,5400,5,EUR,-4844.29,Actual,DOC-2023-0000879
880,20230205,4100,5,PLN,4666.5,Actual,DOC-2023-0000880
881,20230613,5400,1,PLN,-2436.67,Actual,DOC-2023-0000881
882,20240418,3000,5,EUR,5091.78,Actual,DOC-2024-0000882
883,20240831,3100,1,PLN,3059.98,Actual,DOC-2024-0000883
884,20220816,3000,11,EUR,299.83,Actual,DOC-2022-0000884
885,20250910,2200,11,USD,-342.97,Budget,DOC-2025-0000885
886,20231111,4000,4,EUR,8361.6,Actual,DOC-2023-0000886
887,20230208,5300,2,USD,-1483.46,Budget,DOC-2023-0000887
888,20230214,4100,3,GBP,6521.87,Actual,DOC-2023-0000888
889,20221024,1000,7,PLN,380.33,Budget,DOC-2022-0000889
890,20230729,2000,3,PLN,1745.29,Budget,DOC-2023-0000890
891,20220704,3100,3,GBP,8172.68,Actual,DOC-2022-0000891
892,20240910,5400,5,USD,-5048.33,Actual,DOC-2024-0000892
893,20240820,5100,6,EUR,-4474.63,Actual,DOC-2024-0000893
894,20220619,3100,1,EUR,7179.61,Actual,DOC-2022-0000894
895,20240106,5100,7,GBP,-2546.91,Actual,DOC-2024-0000895
896,20230306,2200,9,PLN,-2009.35,Actual,DOC-2023-0000896
897,20240727,4200,12,EUR,4213.02,Budget,DOC-2024-0000897
898,20220526,5000,2,PLN,5138.67,Actual,DOC-2022-0000898
899,20240627,2100,7,GBP,-8166.71,Actual,DOC-2024-0000899
900,20251221,5100,8,GBP,-7532.44,Budget,DOC-2025-0000900
901,20220921,5300,11,GBP,-8357.55,Actual,DOC-2022-0000901
902,20241227,5300,2,PLN,-7963.22,Forecast,DOC-2024-0000902
903,20231213,5200,7,EUR,-7535.22,Actual,DOC-2023-0000903
904,20230609,5000,1,PLN,7545.74,Actual,DOC-2023-0000904
905,20221208,1200,4,GBP,528.27,Actual,DOC-2022-0000905
906,20250812,1000,1,USD,4344.92,Actual,DOC-2025-0000906
907,20220509,4000,4,EUR,1389.52,Actual,DOC-2022-0000907
908,20250619,5200,3,EUR,-5455.27,Actual,DOC-2025-0000908
909,20250727,4300,8,PLN,-7880.24,Actual,DOC-2025-0000909
910,20241223,5100,7,USD,-1748.72,Actual,DOC-2024-0000910
911,20220122,3000,4,EUR,8994.75,Actual,DOC-2022-0000911
912,20230317,5300,8,EUR,-6838.96,Budget,DOC-2023-0000912
913,20240220,5100,12,GBP,-4934.94,Actual,DOC-2024-0000913
914,20231027,4300,1,EUR,-8584.15,Actual,DOC-2023-0000914
915,20220825,2000,5,GBP,8120.64,Actual,DOC-2022-0000915
916,20230309,2200,6,USD,-5466.81,Budget,DOC-2023-0000916
917,20221115,2100,12,GBP,-1139.21,Actual,DOC-2022-0000917
918,20221022,1100,7,EUR,855.69,Actual,DOC-2022-0000918
919,20220624,2200,1,GBP,-4768.35,Budget,DOC-2022-0000919
920,20251026,2100,10,GBP,-4952.57,Actual,DOC-2025-0000920
921,20230915,3000,1,GBP,5997.34,Actual,DOC-2023-0000921
922,20231226,4100,10,PLN,314.82,Actual,DOC-2023-0000922
923,20230331,3100,8,USD,3105.53,Budget,DOC-2023-0000923
924,20231121,2000,4,GBP,8359.72,Actual,DOC-2023-0000924
925,20220430,2000,7,GBP,5889.57,Actual,DOC-2022-0000925
926,20220827,3100,10,USD,2367.62,Forecast,DOC-2022-0000926
927,20241111,2000,2,GBP,4964.78,Actual,DOC-2024-0000927
928,20241009,3100,2,PLN,6192.67,Actual,DOC-2024-0000928
929,20251216,5200,12,USD,-439.4,Actual,DOC-2025-0000929
930,20230703,5300,10,GBP,-5822.25,Actual,DOC-2023-0000930
931,20240922,4300,3,GBP,-5046.24,Actual,DOC-2024-0000931
932,20230924,4100,3,PLN,3564.35,Forecast,DOC-2023-0000932
933,20240509,5200,10,EUR,-3297.63,Actual,DOC-2024-0000933
934,20241006,4200,4,PLN,1378.07,Actual,DOC-2024-0000934
935,20241018,5100,10,USD,-685.96,Actual,DOC-2024-0000935
936,20251008,1200,1,USD,7985.9,Actual,DOC-2025-0000936
937,20220728,5000,4,EUR,3442.49,Actual,DOC-2022-0000937
938,20241003,2200,4,GBP,-6987.92,Forecast,DOC-2024-0000938
939,20240531,5300,6,USD,-1278.46,Budget,DOC-2024-0000939
940,20250207,5000,9,GBP,92.71,Actual,DOC-2025-0000940
941,20250218,5000,7,PLN,3326.04,Actual,DOC-2025-0000941
942,20251216,5400,2,EUR,-2927.76,Actual,DOC-2025-0000942
943,20251009,4300,11,EUR,-1924.53,Budget,DOC-2025-0000943
944,20241127,5200,9,USD,-3672.03,Actual,DOC-2024-0000944
945,20220520,4200,4,EUR,3219.12,Budget,DOC-2022-0000945
946,20221126,1300,2,PLN,8023.14,Actual,DOC-2022-0000946
947,20240229,3000,1,GBP,4955.68,Actual,DOC-2024-0000947
948,20240416,4200,5,GBP,7027.97,Budget,DOC-2024-0000948
949,20240109,1000,6,USD,1681.57,Forecast,DOC-2024-0000949
950,20221020,1200,6,EUR,3673.59,Forecast,DOC-2022-0000950
951,20221020,3100,7,USD,7441.75,Actual,DOC-2022-0000951
952,20240125,2100,10,EUR,-2739.5,Actual,DOC-2024-0000952
953,20230430,1200,5,USD,7876.86,Budget,DOC-2023-0000953
954,20240410,5300,2,USD,-8505.46,Actual,DOC-2024-0000954
955,20230105,3100,7,GBP,5546.53,Actual,DOC-2023-0000955
956,20240422,2200,2,USD,-5631.61,Actual,DOC-2024-0000956
957,20221113,2000,12,PLN,1967.66,Actual,DOC-2022-0000957
958,20240804,3000,12,USD,7560.54,Actual,DOC-2024-0000958
959,20241130,4100,9,USD,5734.82,Budget,DOC-2024-0000959
960,20220901,3000,9,PLN,4537.28,Actual,DOC-2022-0000960
961,20240831,1000,10,EUR,276.16,Actual,DOC-2024-0000961
962,20240606,5300,6,PLN,-6394.12,Actual,DOC-2024-0000962
963,20240627,1100,12,EUR,4397.73,Actual,DOC-2024-0000963
964,20240407,4000,2,GBP,8692.68,Actual,DOC-2024-0000964
965,20240104,5100,1,EUR,-4790.69,Budget,DOC-2024-0000965
966,20240201,5300,2,GBP,-3892.6,Actual,DOC-2024-0000966
967,20240331,2200,5,GBP,-3263.21,Actual,DOC-2024-0000967
968,20220301,5400,2,GBP,-2462.93,Budget,DOC-2022-0000968
969,20240419,5100,10,PLN,-8744.42,Forecast,DOC-2024-0000969
970,20250420,5000,4,EUR,8883.25,Actual,DOC-2025-0000970
971,20221029,2200,11,USD,-6861.44,Actual,DOC-2022-0000971
972,20230801,2100,1,EUR,-3908.39,Actual,DOC-2023-0000972
973,20230827,4200,5,EUR,3392.61,Budget,DOC-2023-0000973
974,20251006,1300,9,PLN,5955.04,Actual,DOC-2025-0000974
975,20230711,4300,9,USD,-7879.02,Forecast,DOC-2023-0000975
976,20221110,4000,5,USD,2104.99,Budget,DOC-2022-0000976
977,20230902,3000,4,USD,3755.19,Forecast,DOC-2023-0000977
978,20230102,1200,12,GBP,1867.68,Forecast,DOC-2023-0000978
979,20220122,5000,8,EUR,6196.63,Forecast,DOC-2022-0000979
980,20250204,2200,4,EUR,-3854.16,Actual,DOC-2025-0000980
981,20230208,5400,4,GBP,-2025.89,Actual,DOC-2023-0000981
982,20220507,3000,6,PLN,4687.4,Actual,DOC-2022-0000982
983,20221209,3100,3,EUR,973.98,Budget,DOC-2022-0000983
984,20240428,4000,2,EUR,1373.95,Actual,DOC-2024-0000984
985,20230521,4300,8,PLN,-8424.82,Actual,DOC-2023-0000985
986,20230905,5300,8,EUR,-8942.21,Actual,DOC-2023-0000986
987,20240301,2100,9,EUR,-8499.45,Actual,DOC-2024-0000987
988,20251128,3100,5,GBP,2711.65,Actual,DOC-2025-0000988
989,20240510,5000,6,EUR,7078.07,Actual,DOC-2024-0000989
990,20250805,5100,6,GBP,-2719.1,Actual,DOC-2025-0000990
991,20231210,3100,7,PLN,304.3,Actual,DOC-2023-0000991
992,20241008,3000,3,USD,6488.08,Actual,DOC-2024-0000992
993,20251103,4000,5,PLN,5462.78,Actual,DOC-2025-0000993
994,20240730,1300,7,PLN,6466.69,Budget,DOC-2024-0000994
995,20240420,2100,2,GBP,-2520.4,Actual,DOC-2024-0000995
996,20230607,4200,9,EUR,1081.25,Actual,DOC-2023-0000996
997,20250810,3000,7,USD,5913.18,Actual,DOC-2025-0000997
998,20240615,5300,6,GBP,-8869.98,Actual,DOC-2024-0000998
999,20220212,4100,5,PLN,2391.8,Forecast,DOC-2022-0000999
1000,20240429,5200,7,GBP,-6810.14,Budget,DOC-2024-0001000
1001,20230624,2100,8,USD,-1467.79,Actual,DOC-2023-0001001
1002,20250401,1300,2,USD,5878.31,Actual,DOC-2025-0001002
1003,20230923,2100,7,EUR,-7614.62,Actual,DOC-2023-0001003
1004,20220130,2000,3,PLN,8655.3,Budget,DOC-2022-0001004
1005,20250211,4000,11,GBP,152.38,Actual,DOC-2025-0001005
1006,20240118,2000,6,USD,5922.52,Actual,DOC-2024-0001006
1007,20230413,2100,2,USD,-3756.2,Budget,DOC-2023-0001007
1008,20220504,3100,4,GBP,7980.05,Actual,DOC-2022-0001008
1009,20221218,2200,6,EUR,-6782.48,Forecast,DOC-2022-0001009
1010,20250414,5100,11,EUR,-4620.52,Actual,DOC-2025-0001010
1011,20250301,4200,5,GBP,2476.87,Actual,DOC-2025-0001011
1012,20230128,5000,10,PLN,3528.65,Forecast,DOC-2023-0001012
1013,20240215,2000,2,USD,8247.03,Actual,DOC-2024-0001013
1014,20250925,5200,6,USD,-3432.1,Budget,DOC-2025-0001014
1015,20220522,1300,7,PLN,3566.9,Actual,DOC-2022-0001015
1016,20240809,4100,10,PLN,7150.72,Budget,DOC-2024-0001016
1017,20241001,1300,3,GBP,2486.56,Actual,DOC-2024-0001017
1018,20250513,5000,6,USD,1019.08,Forecast,DOC-2025-0001018
1019,20250701,5300,5,PLN,-6759.87,Actual,DOC-2025-0001019
1020,20250212,1200,9,PLN,4018.57,Actual,DOC-2025-0001020
1021,20240929,3100,9,USD,7956.6,Actual,DOC-2024-0001021
1022,20240727,3000,4,USD,5477.67,Forecast,DOC-2024-0001022
1023,20230211,2100,2,EUR,-3220.39,Actual,DOC-2023-0001023
1024,20230412,5400,9,USD,-7495.9,Budget,DOC-2023-0001024
1025,20230509,3100,11,EUR,871.95,Actual,DOC-2023-0001025
1026,20220708,2000,10,GBP,2705.94,Actual,DOC-2022-0001026
1027,20240113,1300,8,USD,684.98,Actual,DOC-2024-0001027
1028,20250112,4000,8,USD,7112.38,Actual,DOC-2025-0001028
1029,20221127,4300,2,PLN,-7909.74,Actual,DOC-2022-0001029
1030,20230703,3100,9,GBP,1801.1,Actual,DOC-2023-0001030
1031,20220606,5200,6,EUR,-401.79,Budget,DOC-2022-0001031
1032,20250623,2100,11,GBP,-7167.98,Budget,DOC-2025-0001032
1033,20250718,1200,8,PLN,2579.38,Actual,DOC-2025-0001033
1034,20220823,1300,2,EUR,4215.65,Actual,DOC-2022-0001034
1035,20250817,1100,3,EUR,5442.35,Budget,DOC-2025-0001035
1036,20230220,5000,5,PLN,7790.83,Actual,DOC-2023-0001036
1037,20230222,5200,12,USD,-3999.26,Budget,DOC-2023-0001037
1038,20230304,1200,4,PLN,5236.63,Forecast,DOC-2023-0001038
1039,20230921,5200,7,GBP,-2329.95,Budget,DOC-2023-0001039
1040,20250330,5000,5,GBP,8097.02,Actual,DOC-2025-0001040
1041,20220327,2100,11,PLN,-6060.09,Actual,DOC-2022-0001041
1042,20220511,4300,12,EUR,-4308.56,Forecast,DOC-2022-0001042
1043,20230503,1100,3,USD,5692.86,Actual,DOC-2023-0001043
1044,20240905,5300,5,USD,-4263.2,Actual,DOC-2024-0001044
1045,20241003,1100,1,USD,562.85,Actual,DOC-2024-0001045
1046,20220709,4100,7,EUR,248.71,Forecast,DOC-2022-0001046
1047,20231112,2000,7,USD,5621.51,Actual,DOC-2023-0001047
1048,20220402,4300,8,GBP,-4008.76,Actual,DOC-2022-0001048
1049,20220127,1000,6,GBP,2302.89,Actual,DOC-2022-0001049
1050,20230509,2100,5,USD,-3516.86,Forecast,DOC-2023-0001050
1051,20251210,1000,11,EUR,2175.83,Actual,DOC-2025-0001051
1052,20220704,1100,1,GBP,5954.56,Actual,DOC-2022-0001052
1053,20241214,4100,5,PLN,2225.86,Budget,DOC-2024-0001053
1054,20230321,1000,6,PLN,535.31,Budget,DOC-2023-0001054
1055,20250211,4300,8,EUR,-2651.73,Actual,DOC-2025-0001055
1056,20230804,4100,10,PLN,3807.65,Budget,DOC-2023-0001056
1057,20240212,4000,10,GBP,2023.62,Forecast,DOC-2024-0001057
1058,20230308,3100,5,EUR,6598.52,Actual,DOC-2023-0001058
1059,20241029,1300,2,PLN,7555.75,Actual,DOC-2024-0001059
1060,20220811,3100,5,USD,6322.75,Actual,DOC-2022-0001060
1061,20230327,4200,9,GBP,5180.75,Actual,DOC-2023-0001061
1062,20241126,5100,12,USD,-1903.62,Actual,DOC-2024-0001062
1063,20221104,3000,11,EUR,1395.0,Actual,DOC-2022-0001063
1064,20220717,5400,1,USD,-8382.01,Actual,DOC-2022-0001064
1065,20240411,5300,5,EUR,-5754.01,Forecast,DOC-2024-0001065
1066,20241225,1100,4,USD,8491.91,Actual,DOC-2024-0001066
1067,20250105,5300,6,USD,-4993.08,Actual,DOC-2025-0001067
1068,20230727,5400,8,GBP,-3034.87,Actual,DOC-2023-0001068
1069,20240921,5300,9,EUR,-158.26,Actual,DOC-2024-0001069
1070,20230814,5000,6,GBP,515.36,Actual,DOC-2023-0001070
1071,20250220,1200,1,EUR,1834.88,Actual,DOC-2025-0001071
1072,20220220,4200,4,GBP,6580.99,Actual,DOC-2022-0001072
1073,20240518,4000,1,GBP,6203.73,Actual,DOC-2024-0001073
1074,20220426,1200,7,PLN,5170.75,Actual,DOC-2022-0001074
1075,20220106,2000,6,EUR,6351.68,Actual,DOC-2022-0001075
1076,20220425,1000,3,PLN,208.24,Actual,DOC-2022-0001076
1077,20220608,4300,3,USD,-7707.54,Actual,DOC-2022-0001077
1078,20251129,5000,7,USD,4630.45,Actual,DOC-2025-0001078
1079,20240205,1100,12,PLN,2952.92,Actual,DOC-2024-0001079
1080,20240623,5300,6,EUR,-4745.0,Actual,DOC-2024-0001080
1081,20251229,3000,7,GBP,187.64,Actual,DOC-2025-0001081
1082,20250103,5100,8,EUR,-7723.32,Actual,DOC-2025-0001082
1083,20250829,4200,10,EUR,201.01,Actual,DOC-2025-0001083
1084,20220212,1100,9,GBP,6657.18,Forecast,DOC-2022-0001084
1085,20230711,4200,8,USD,2906.63,Actual,DOC-2023-0001085
1086,20220211,1100,3,EUR,4148.86,Actual,DOC-2022-0001086
1087,20220315,2000,9,USD,1873.02,Actual,DOC-2022-0001087
1088,20250225,5000,2,EUR,5319.36,Actual,DOC-2025-0001088
1089,20220106,2100,4,PLN,-8649.61,Forecast,DOC-2022-0001089
1090,20230216,1300,10,EUR,6549.38,Actual,DOC-2023-0001090
1091,20250407,2000,4,GBP,1711.77,Forecast,DOC-2025-0001091
1092,20230418,2000,4,GBP,2787.9,Budget,DOC-2023-0001092
1093,20221109,5300,2,EUR,-4374.42,Actual,DOC-2022-0001093
1094,20221105,5300,11,EUR,-2104.1,Actual,DOC-2022-0001094
1095,20230410,1300,3,PLN,3472.66,Forecast,DOC-2023-0001095
1096,20220701,1100,9,USD,2829.13,Actual,DOC-2022-0001096
1097,20240903,5300,11,EUR,-2825.03,Actual,DOC-2024-0001097
1098,20240629,3000,4,USD,6801.32,Actual,DOC-2024-0001098
1099,20250707,3100,3,EUR,2508.36,Actual,DOC-2025-0001099
1100,20230224,5300,8,USD,-4759.09,Actual,DOC-2023-0001100
1101,20250416,4000,5,USD,3887.36,Actual,DOC-2025-0001101
1102,20220126,5000,2,EUR,8826.86,Actual,DOC-2022-0001102
1103,20250611,3000,4,EUR,7664.86,Actual,DOC-2025-0001103
1104,20220901,5200,6,GBP,-4749.86,Actual,DOC-2022-0001104
1105,20250318,4200,1,USD,8617.36,Budget,DOC-2025-0001105
1106,20250615,3000,11,USD,4318.88,Actual,DOC-2025-0001106
1107,20221002,1000,7,EUR,513.77,Actual,DOC-2022-0001107
1108,20240311,1300,1,EUR,1947.1,Actual,DOC-2024-0001108
1109,20230112,5000,2,GBP,6796.64,Actual,DOC-2023-0001109
1110,20221010,4000,3,USD,7424.28,Actual,DOC-2022-0001110
1111,20250607,4000,1,GBP,5412.03,Actual,DOC-2025-0001111
1112,20240708,5200,10,GBP,-3275.58,Actual,DOC-2024-0001112
1113,20250220,4100,8,USD,447.07,Budget,DOC-2025-0001113
1114,20221002,4000,4,USD,3785.06,Actual,DOC-2022-0001114
1115,20220722,5400,8,USD,-1464.45,Actual,DOC-2022-0001115
1116,20220717,5000,2,PLN,7658.42,Actual,DOC-2022-0001116
1117,20230108,2100,6,EUR,-828.7,Budget,DOC-2023-0001117
1118,20220811,5100,5,EUR,-6356.41,Actual,DOC-2022-0001118
1119,20241019,1200,4,USD,5863.86,Forecast,DOC-2024-0001119
1120,20231026,4000,8,EUR,5922.07,Actual,DOC-2023-0001120
1121,20220716,5200,10,GBP,-454.93,Actual,DOC-2022-0001121
1122,20250123,5400,1,USD,-7653.03,Budget,DOC-2025-0001122
1123,20220324,5400,7,USD,-8807.41,Actual,DOC-2022-0001123
1124,20240803,5300,8,PLN,-653.44,Actual,DOC-2024-0001124
1125,20241016,4000,4,USD,5513.54,Actual,DOC-2024-0001125
1126,20230214,1100,5,PLN,2609.46,Actual,DOC-2023-0001126
1127,20250626,4100,5,EUR,8084.86,Budget,DOC-2025-0001127
1128,20220129,4000,5,GBP,2192.35,Actual,DOC-2022-0001128
1129,20250819,4200,10,GBP,7520.73,Actual,DOC-2025-0001129
1130,20230522,2200,2,PLN,-81.12,Actual,DOC-2023-0001130
1131,20220808,1000,3,EUR,3716.88,Forecast,DOC-2022-0001131
1132,20230701,2200,2,PLN,-4111.67,Actual,DOC-2023-0001132
1133,20251122,1200,10,EUR,2467.28,Actual,DOC-2025-0001133
1134,20220419,1000,10,EUR,6053.24,Budget,DOC-2022-0001134
1135,20220729,4200,3,PLN,1601.45,Actual,DOC-2022-0001135
1136,20231015,5000,1,PLN,6564.79,Actual,DOC-2023-0001136
1137,20250922,1200,4,PLN,5259.88,Actual,DOC-2025-0001137
1138,20221202,2200,3,GBP,-4533.76,Budget,DOC-2022-0001138
1139,20231219,2000,4,PLN,8649.22,Actual,DOC-2023-0001139
1140,20221230,1300,9,EUR,4046.39,Actual,DOC-2022-0001140
1141,20221203,5200,9,PLN,-2554.11,Actual,DOC-2022-0001141
1142,20250809,5100,6,PLN,-788.79,Actual,DOC-2025-0001142
1143,20221023,1000,8,PLN,3706.94,Forecast,DOC-2022-0001143
1144,20230415,4100,2,USD,8527.34,Actual,DOC-2023-0001144
1145,20220405,5000,2,USD,7110.92,Actual,DOC-2022-0001145
1146,20230627,1200,1,GBP,8936.51,Actual,DOC-2023-0001146
1147,20230901,1300,6,EUR,4136.61,Actual,DOC-2023-0001147
1148,20250704,3100,10,USD,8168.75,Budget,DOC-2025-0001148
1149,20251001,2200,4,GBP,-1111.86,Actual,DOC-2025-0001149
1150,20230506,4100,1,PLN,8421.99,Actual,DOC-2023-0001150
1151,20240101,5100,8,GBP,-8018.24,Forecast,DOC-2024-0001151
1152,20220121,1200,10,EUR,1599.92,Budget,DOC-2022-0001152
1153,20250617,1100,10,EUR,7826.69,Actual,DOC-2025-0001153
1154,20231102,1200,4,GBP,6466.02,Budget,DOC-2023-0001154
1155,20231106,5200,9,EUR,-2198.86,Budget,DOC-2023-0001155
1156,20221201,2200,8,EUR,-2893.19,Actual,DOC-2022-0001156
1157,20250112,3000,7,USD,714.33,Actual,DOC-2025-0001157
1158,20240130,4200,12,USD,2355.89,Actual,DOC-2024-0001158
1159,20231020,5400,11,USD,-378.51,Actual,DOC-2023-0001159
1160,20250719,5200,3,EUR,-8596.86,Actual,DOC-2025-0001160
1161,20251107,2200,7,PLN,-7203.57,Forecast,DOC-2025-0001161
1162,20240103,1200,7,USD,2102.96,Actual,DOC-2024-0001162
1163,20230102,2200,10,USD,-5686.87,Budget,DOC-2023-0001163
1164,20240520,2000,8,GBP,2126.97,Forecast,DOC-2024-0001164
1165,20240719,3000,7,GBP,4671.83,Actual,DOC-2024-0001165
1166,20220428,3100,1,GBP,2754.55,Actual,DOC-2022-0001166
1167,20251217,4200,5,GBP,7745.85,Actual,DOC-2025-0001167
1168,20240531,4200,7,PLN,425.14,Actual,DOC-2024-0001168
1169,20241026,4100,11,PLN,413.65,Actual,DOC-2024-0001169
1170,20240319,1100,10,EUR,8271.07,Actual,DOC-2024-0001170
1171,20220415,5100,7,EUR,-3206.44,Actual,DOC-2022-0001171
1172,20250315,3100,10,EUR,6701.02,Actual,DOC-2025-0001172
1173,20230104,3000,4,EUR,1911.81,Actual,DOC-2023-0001173
1174,20231027,2000,10,EUR,7578.36,Actual,DOC-2023-0001174
1175,20251213,5000,10,USD,8724.57,Actual,DOC-2025-0001175
1176,20251115,5300,3,GBP,-119.79,Actual,DOC-2025-0001176
1177,20250708,2200,1,USD,-7340.34,Actual,DOC-2025-0001177
1178,20230908,4100,10,EUR,2301.35,Actual,DOC-2023-0001178
1179,20251216,1300,12,EUR,2342.67,Actual,DOC-2025-0001179
1180,20230813,2100,2,EUR,-7467.13,Actual,DOC-2023-0001180
1181,20220730,3000,11,GBP,2506.46,Actual,DOC-2022-0001181
1182,20220826,5200,4,EUR,-5819.22,Forecast,DOC-2022-0001182
1183,20250515,4200,12,PLN,1409.54,Actual,DOC-2025-0001183
1184,20250418,1000,8,USD,6502.66,Actual,DOC-2025-0001184
1185,20241205,5000,9,PLN,3805.24,Actual,DOC-2024-0001185
1186,20251029,3000,3,USD,2695.56,Actual,DOC-2025-0001186
1187,20230808,2000,9,EUR,2343.7,Actual,DOC-2023-0001187
1188,20221202,4200,1,EUR,8332.61,Actual,DOC-2022-0001188
1189,20240920,5300,1,PLN,-2138.78,Forecast,DOC-2024-0001189
1190,20230702,5000,7,USD,4578.51,Actual,DOC-2023-0001190
1191,20250108,4200,12,EUR,1447.9,Budget,DOC-2025-0001191
1192,20240105,5400,8,PLN,-2743.17,Forecast,DOC-2024-0001192
1193,20240602,1300,10,EUR,570.35,Actual,DOC-2024-0001193
1194,20251226,5300,11,GBP,-3856.38,Budget,DOC-2025-0001194
1195,20240210,5100,4,GBP,-2059.17,Forecast,DOC-2024-0001195
1196,20220519,5000,7,USD,7250.51,Budget,DOC-2022-0001196
1197,20221005,2200,1,PLN,-224.76,Actual,DOC-2022-0001197
1198,20250805,3000,9,PLN,7678.74,Actual,DOC-2025-0001198
1199,20231226,5100,1,EUR,-3379.89,Actual,DOC-2023-0001199
1200,20251119,5000,8,EUR,1987.92,Forecast,DOC-2025-0001200
1201,20240321,1300,1,PLN,6838.77,Forecast,DOC-2024-0001201
1202,20230714,1000,8,GBP,7972.44,Actual,DOC-2023-0001202
1203,20240807,4100,9,USD,7894.9,Budget,DOC-2024-0001203
1204,20250428,1300,9,GBP,5220.39,Actual,DOC-2025-0001204
1205,20220530,1200,1,GBP,2471.66,Actual,DOC-2022-0001205
1206,20240203,4000,12,USD,8874.74,Actual,DOC-2024-0001206
1207,20240218,1100,4,EUR,113.49,Actual,DOC-2024-0001207
1208,20230828,4300,9,EUR,-2146.37,Forecast,DOC-2023-0001208
1209,20240508,1000,6,GBP,8659.91,Budget,DOC-2024-0001209
1210,20250923,3000,4,USD,6393.07,Actual,DOC-2025-0001210
1211,20230702,2000,4,USD,4006.4,Actual,DOC-2023-0001211
1212,20230919,4200,1,EUR,1853.6,Actual,DOC-2023-0001212
1213,20240328,1300,12,PLN,2515.93,Actual,DOC-2024-0001213
1214,20220307,3000,1,USD,3918.88,Actual,DOC-2022-0001214
1215,20230524,3000,10,GBP,3129.6,Actual,DOC-2023-0001215
1216,20250907,1300,6,PLN,4943.49,Actual,DOC-2025-0001216
1217,20250223,2100,5,GBP,-3956.28,Actual,DOC-2025-0001217
1218,20220907,2000,11,PLN,4730.86,Actual,DOC-2022-0001218
1219,20240809,2000,4,EUR,4731.76,Actual,DOC-2024-0001219
1220,20250417,2000,6,GBP,4036.05,Actual,DOC-2025-0001220
1221,20240911,5200,7,GBP,-7485.92,Forecast,DOC-2024-0001221
1222,20250215,1300,11,EUR,4401.9,Forecast,DOC-2025-0001222
1223,20250615,4000,11,PLN,1573.88,Actual,DOC-2025-0001223
1224,20251121,3100,12,USD,4037.72,Budget,DOC-2025-0001224
1225,20230903,1300,2,PLN,2449.41,Actual,DOC-2023-0001225
1226,20220228,5400,2,PLN,-1560.6,Actual,DOC-2022-0001226
1227,20241219,5000,8,PLN,3307.47,Actual,DOC-2024-0001227
1228,20230513,5000,6,EUR,3902.83,Actual,DOC-2023-0001228
1229,20220614,1300,7,GBP,8097.2,Actual,DOC-2022-0001229
1230,20220425,5400,3,GBP,-4067.94,Actual,DOC-2022-0001230
1231,20230425,2200,12,PLN,-7401.81,Actual,DOC-2023-0001231
1232,20240514,3000,2,PLN,8353.02,Actual,DOC-2024-0001232
1233,20240718,1000,2,USD,1305.93,Actual,DOC-2024-0001233
1234,20251021,1000,1,USD,95.91,Actual,DOC-2025-0001234
1235,20250616,2000,11,EUR,6343.11,Actual,DOC-2025-0001235
1236,20220521,4100,9,PLN,7120.35,Actual,DOC-2022-0001236
1237,20240109,2000,8,EUR,868.9,Budget,DOC-2024-0001237
1238,20230130,2000,12,PLN,1674.23,Forecast,DOC-2023-0001238
1239,20220412,2000,12,PLN,4647.13,Actual,DOC-2022-0001239
1240,20230926,5400,1,EUR,-4019.38,Actual,DOC-2023-0001240
1241,20220706,4100,7,PLN,6312.83,Forecast,DOC-2022-0001241
1242,20220816,5100,12,PLN,-2864.37,Actual,DOC-2022-0001242
1243,20231031,3100,10,GBP,730.44,Budget,DOC-2023-0001243
1244,20240601,4200,8,PLN,3285.03,Actual,DOC-2024-0001244
1245,20240929,5200,4,GBP,-4067.36,Actual,DOC-2024-0001245
1246,20221117,2200,3,USD,-8277.22,Budget,DOC-2022-0001246
1247,20220303,4200,1,GBP,5939.8,Actual,DOC-2022-0001247
1248,20240519,4100,6,USD,7298.88,Forecast,DOC-2024-0001248
1249,20220227,5100,2,PLN,-1836.85,Actual,DOC-2022-0001249
1250,20230205,5100,1,EUR,-6261.13,Forecast,DOC-2023-0001250
1251,20220624,4000,12,PLN,355.62,Actual,DOC-2022-0001251
1252,20251117,2100,11,USD,-7825.46,Actual,DOC-2025-0001252
1253,20240718,1000,10,GBP,431.09,Actual,DOC-2024-0001253
1254,20230219,1300,3,PLN,722.34,Actual,DOC-2023-0001254
1255,20231105,1200,10,PLN,5306.43,Actual,DOC-2023-0001255
1256,20230723,4100,1,PLN,4020.04,Actual,DOC-2023-0001256
1257,20240710,3000,5,USD,1191.88,Actual,DOC-2024-0001257
1258,20220118,3100,1,PLN,2642.93,Actual,DOC-2022-0001258
1259,20240902,1200,8,GBP,5307.43,Actual,DOC-2024-0001259
1260,20231120,1200,5,EUR,7449.93,Actual,DOC-2023-0001260
1261,20240223,4000,2,PLN,7732.26,Actual,DOC-2024-0001261
1262,20220923,1300,10,USD,4462.54,Actual,DOC-2022-0001262
1263,20241203,5200,8,EUR,-4255.63,Forecast,DOC-2024-0001263
1264,20230504,5200,4,PLN,-8980.48,Actual,DOC-2023-0001264
1265,20230113,4300,10,GBP,-1053.49,Forecast,DOC-2023-0001265
1266,20251024,2000,7,EUR,224.85,Actual,DOC-2025-0001266
1267,20250911,1000,2,PLN,560.68,Forecast,DOC-2025-0001267
1268,20240626,2200,10,USD,-8579.63,Actual,DOC-2024-0001268
1269,20251231,4300,2,GBP,-4489.35,Actual,DOC-2025-0001269
1270,20231125,4000,8,PLN,5696.61,Actual,DOC-2023-0001270
1271,20250101,1200,6,GBP,6598.05,Actual,DOC-2025-0001271
1272,20220426,2000,7,EUR,8325.25,Actual,DOC-2022-0001272
1273,20220712,4000,10,USD,5570.88,Forecast,DOC-2022-0001273
1274,20220927,1100,9,PLN,3329.55,Actual,DOC-2022-0001274
1275,20230827,3100,5,USD,5243.39,Actual,DOC-2023-0001275
1276,20230608,4100,6,GBP,5549.27,Actual,DOC-2023-0001276
1277,20240627,1200,7,USD,6737.39,Forecast,DOC-2024-0001277
1278,20220917,5300,6,EUR,-6948.15,Actual,DOC-2022-0001278
1279,20250721,4200,3,GBP,5845.74,Actual,DOC-2025-0001279
1280,20251031,2200,1,GBP,-2524.37,Budget,DOC-2025-0001280
1281,20221010,4100,5,GBP,3028.45,Forecast,DOC-2022-0001281
1282,20250409,2200,10,EUR,-6262.64,Actual,DOC-2025-0001282
1283,20230602,5100,6,PLN,-3874.2,Actual,DOC-2023-0001283
1284,20251212,4100,1,PLN,2888.24,Actual,DOC-2025-0001284
1285,20240314,1100,1,EUR,1538.26,Actual,DOC-2024-0001285
1286,20241111,3100,5,PLN,6114.57,Actual,DOC-2024-0001286
1287,20251022,1200,2,USD,2139.61,Actual,DOC-2025-0001287
1288,20220908,2000,12,USD,1122.55,Actual,DOC-2022-0001288
1289,20250512,4300,8,PLN,-4910.37,Budget,DOC-2025-0001289
1290,20240424,4000,1,USD,1093.93,Forecast,DOC-2024-0001290
1291,20250315,2100,6,PLN,-4697.04,Forecast,DOC-2025-0001291
1292,20221210,2200,10,GBP,-7820.07,Actual,DOC-2022-0001292
1293,20240918,5100,10,GBP,-7673.5,Budget,DOC-2024-0001293
1294,20250824,1100,1,USD,4146.01,Actual,DOC-2025-0001294
1295,20241102,4200,7,PLN,3697.25,Actual,DOC-2024-0001295
1296,20251203,2200,8,GBP,-3265.91,Actual,DOC-2025-0001296
1297,20240223,4200,8,USD,5637.92,Actual,DOC-2024-0001297
1298,20251019,2100,5,GBP,-3005.93,Actual,DOC-2025-0001298
1299,20220514,5000,8,PLN,6344.67,Actual,DOC-2022-0001299
1300,20220127,5400,12,USD,-2745.5,Forecast,DOC-2022-0001300
1301,20240718,4000,1,GBP,3484.38,Actual,DOC-2024-0001301
1302,20230130,5200,5,PLN,-1203.37,Forecast,DOC-2023-0001302
1303,20230308,1200,10,EUR,6893.5,Forecast,DOC-2023-0001303
1304,20240917,3100,3,GBP,8789.37,Actual,DOC-2024-0001304
1305,20250310,5100,8,EUR,-5030.84,Actual,DOC-2025-0001305
1306,20251106,2100,3,EUR,-8056.79,Actual,DOC-2025-0001306
1307,20250112,1000,5,PLN,2199.68,Actual,DOC-2025-0001307
1308,20230831,3100,3,EUR,3454.71,Forecast,DOC-2023-0001308
1309,20231126,5100,9,PLN,-8615.34,Actual,DOC-2023-0001309
1310,20250511,5400,9,PLN,-3408.09,Budget,DOC-2025-0001310
1311,20231112,4200,10,EUR,4904.32,Actual,DOC-2023-0001311
1312,20220302,4300,8,EUR,-3717.38,Actual,DOC-2022-0001312
1313,20250715,1000,12,GBP,5479.52,Actual,DOC-2025-0001313
1314,20240925,3000,5,GBP,3410.76,Actual,DOC-2024-0001314
1315,20230828,5000,3,GBP,7382.23,Actual,DOC-2023-0001315
1316,20221226,2000,4,USD,617.46,Budget,DOC-2022-0001316
1317,20250104,5200,3,EUR,-8552.79,Forecast,DOC-2025-0001317
1318,20250403,1000,2,EUR,4273.87,Actual,DOC-2025-0001318
1319,20230320,1200,5,USD,5590.15,Actual,DOC-2023-0001319
1320,20240223,2000,10,GBP,1624.35,Budget,DOC-2024-0001320
1321,20220807,5000,8,USD,8875.91,Actual,DOC-2022-0001321
1322,20241003,5000,1,EUR,5649.99,Forecast,DOC-2024-0001322
1323,20250427,3100,4,EUR,1345.59,Actual,DOC-2025-0001323
1324,20240820,3000,3,PLN,713.62,Actual,DOC-2024-0001324
1325,20250311,5400,10,EUR,-4472.64,Actual,DOC-2025-0001325
1326,20250410,4000,12,PLN,5655.98,Actual,DOC-2025-0001326
1327,20220708,2200,12,GBP,-4375.09,Budget,DOC-2022-0001327
1328,20220423,2000,12,USD,6064.44,Actual,DOC-2022-0001328
1329,20251117,3000,11,GBP,3671.62,Actual,DOC-2025-0001329
1330,20250106,1200,4,EUR,8061.81,Forecast,DOC-2025-0001330
1331,20241229,4300,8,EUR,-434.34,Actual,DOC-2024-0001331
1332,20250803,1200,7,EUR,7243.23,Actual,DOC-2025-0001332
1333,20220308,1300,12,GBP,2559.64,Actual,DOC-2022-0001333
1334,20220217,2000,10,EUR,736.51,Actual,DOC-2022-0001334
1335,20240519,4000,2,USD,7607.98,Forecast,DOC-2024-0001335
1336,20250718,1100,10,PLN,2485.1,Actual,DOC-2025-0001336
1337,20230628,2100,9,PLN,-7903.05,Actual,DOC-2023-0001337
1338,20250207,5400,9,PLN,-5590.15,Actual,DOC-2025-0001338
1339,20230924,1100,5,USD,1745.47,Forecast,DOC-2023-0001339
1340,20230527,5000,11,PLN,4652.08,Budget,DOC-2023-0001340
1341,20240829,4100,8,EUR,825.26,Actual,DOC-2024-0001341
1342,20230707,4300,2,USD,-822.6,Actual,DOC-2023-0001342
1343,20220117,3100,6,PLN,6639.51,Forecast,DOC-2022-0001343
1344,20250415,4000,8,EUR,1652.81,Actual,DOC-2025-0001344
1345,20240620,2100,5,PLN,-606.44,Forecast,DOC-2024-0001345
1346,20241128,5100,10,USD,-4596.38,Actual,DOC-2024-0001346
1347,20220425,2200,3,PLN,-2446.76,Actual,DOC-2022-0001347
1348,20230106,4000,1,PLN,1971.29,Actual,DOC-2023-0001348
1349,20231224,1100,3,GBP,1019.67,Actual,DOC-2023-0001349
1350,20250811,3100,8,USD,3450.95,Actual,DOC-2025-0001350
1351,20221125,3100,8,USD,85.2,Actual,DOC-2022-0001351
1352,20230917,3100,5,GBP,4635.15,Actual,DOC-2023-0001352
1353,20230929,4100,10,PLN,2508.1,Budget,DOC-2023-0001353
1354,20230221,3100,1,PLN,8085.66,Actual,DOC-2023-0001354
1355,20230410,5000,5,USD,2054.61,Actual,DOC-2023-0001355
1356,20250101,4300,9,EUR,-8694.77,Actual,DOC-2025-0001356
1357,20221028,4100,4,GBP,6313.46,Actual,DOC-2022-0001357
1358,20241010,2200,12,EUR,-2618.39,Actual,DOC-2024-0001358
1359,20241102,1000,10,GBP,8394.92,Actual,DOC-2024-0001359
1360,20240226,5100,10,USD,-7547.44,Actual,DOC-2024-0001360
1361,20230613,4100,4,GBP,3445.56,Actual,DOC-2023-0001361
1362,20220108,4300,2,USD,-8867.98,Actual,DOC-2022-0001362
1363,20220227,5200,9,PLN,-8570.08,Actual,DOC-2022-0001363
1364,20240204,1200,2,EUR,6665.53,Actual,DOC-2024-0001364
1365,20240323,5100,6,USD,-8426.42,Actual,DOC-2024-0001365
1366,20251007,4300,8,GBP,-2316.27,Actual,DOC-2025-0001366
1367,20250527,3100,7,GBP,4941.15,Actual,DOC-2025-0001367
1368,20230420,4300,5,USD,-3090.77,Actual,DOC-2023-0001368
1369,20251014,2100,8,PLN,-1509.7,Actual,DOC-2025-0001369
1370,20250204,2200,7,EUR,-7616.44,Actual,DOC-2025-0001370
1371,20250511,1000,7,EUR,7164.52,Actual,DOC-2025-0001371
1372,20230114,4300,1,GBP,-5670.01,Actual,DOC-2023-0001372
1373,20220827,3000,9,EUR,208.74,Actual,DOC-2022-0001373
1374,20230406,2200,2,GBP,-6413.16,Actual,DOC-2023-0001374
1375,20250331,4300,5,PLN,-3514.21,Actual,DOC-2025-0001375
1376,20221211,4200,5,PLN,5676.11,Actual,DOC-2022-0001376
1377,20240606,4200,4,PLN,2034.99,Actual,DOC-2024-0001377
1378,20231212,5200,2,USD,-2637.05,Forecast,DOC-2023-0001378
1379,20241015,3000,8,GBP,8600.62,Actual,DOC-2024-0001379
1380,20250604,4100,7,GBP,7360.24,Actual,DOC-2025-0001380
1381,20240529,5000,6,USD,6633.06,Actual,DOC-2024-0001381
1382,20231203,2200,10,PLN,-8702.93,Actual,DOC-2023-0001382
1383,20240413,4100,2,EUR,7351.99,Actual,DOC-2024-0001383
1384,20240103,2200,2,GBP,-1315.29,Actual,DOC-2024-0001384
1385,20251022,1200,1,GBP,834.05,Budget,DOC-2025-0001385
1386,20230301,4200,8,EUR,6806.77,Forecast,DOC-2023-0001386
1387,20250415,2000,9,PLN,809.84,Actual,DOC-2025-0001387
1388,20220702,3100,8,PLN,461.96,Actual,DOC-2022-0001388
1389,20221205,2000,10,USD,4334.79,Actual,DOC-2022-0001389
1390,20230305,5000,4,GBP,3679.08,Actual,DOC-2023-0001390
1391,20240319,4100,9,EUR,4221.5,Actual,DOC-2024-0001391
1392,20220514,4300,5,EUR,-7931.34,Actual,DOC-2022-0001392
1393,20240523,2200,9,EUR,-5344.89,Actual,DOC-2024-0001393
1394,20220425,5000,3,EUR,2766.58,Actual,DOC-2022-0001394
1395,20230829,4100,8,PLN,8382.06,Actual,DOC-2023-0001395
1396,20230326,5000,8,USD,7516.14,Actual,DOC-2023-0001396
1397,20241202,5200,5,GBP,-8864.89,Actual,DOC-2024-0001397
1398,20250919,2100,5,EUR,-8536.93,Actual,DOC-2025-0001398
1399,20231205,1300,8,USD,577.06,Actual,DOC-2023-0001399
1400,20231120,1200,6,EUR,681.08,Actual,DOC-2023-0001400
1401,20221017,3000,7,USD,8891.34,Actual,DOC-2022-0001401
1402,20231116,5300,10,GBP,-981.52,Actual,DOC-2023-0001402
1403,20221026,4100,8,EUR,6753.66,Actual,DOC-2022-0001403
1404,20240310,3000,4,EUR,7117.22,Budget,DOC-2024-0001404
1405,20221118,4000,4,PLN,8683.1,Actual,DOC-2022-0001405
1406,20230618,2200,5,USD,-8051.67,Actual,DOC-2023-0001406
1407,20220721,5400,1,GBP,-5533.7,Actual,DOC-2022-0001407
1408,20230227,1200,9,EUR,3237.21,Actual,DOC-2023-0001408
1409,20231216,4200,9,EUR,5979.94,Actual,DOC-2023-0001409
1410,20250602,4000,12,EUR,7587.68,Forecast,DOC-2025-0001410
1411,20250103,1100,3,PLN,1765.85,Actual,DOC-2025-0001411
1412,20240321,1100,2,GBP,8343.16,Forecast,DOC-2024-0001412
1413,20250413,1100,5,GBP,1508.94,Actual,DOC-2025-0001413
1414,20250406,3000,11,EUR,4091.75,Forecast,DOC-2025-0001414
1415,20230520,5300,12,EUR,-7658.37,Actual,DOC-2023-0001415
1416,20250113,5200,12,USD,-1301.26,Actual,DOC-2025-0001416
1417,20241007,1300,8,EUR,7621.37,Actual,DOC-2024-0001417
1418,20240717,2200,1,USD,-4114.95,Actual,DOC-2024-0001418
1419,20220916,4300,3,USD,-1718.12,Actual,DOC-2022-0001419
1420,20240120,2000,4,EUR,7453.22,Actual,DOC-2024-0001420
1421,20250912,1000,4,EUR,6856.6,Actual,DOC-2025-0001421
1422,20231014,2000,2,USD,4270.24,Actual,DOC-2023-0001422
1423,20220824,5400,7,PLN,-8799.53,Actual,DOC-2022-0001423
1424,20230911,3000,1,EUR,6621.4,Forecast,DOC-2023-0001424
1425,20240501,5000,6,USD,6086.99,Forecast,DOC-2024-0001425
1426,20250516,4300,6,GBP,-1040.89,Budget,DOC-2025-0001426
1427,20220131,5300,11,USD,-3853.67,Actual,DOC-2022-0001427
1428,20231225,2100,9,USD,-447.82,Actual,DOC-2023-0001428
1429,20230524,1100,2,GBP,527.45,Actual,DOC-2023-0001429
1430,20230908,3100,7,GBP,2909.42,Actual,DOC-2023-0001430
1431,20230214,1100,1,EUR,2383.18,Actual,DOC-2023-0001431
1432,20230721,2100,3,EUR,-3679.35,Actual,DOC-2023-0001432
1433,20240511,4300,11,EUR,-7862.61,Actual,DOC-2024-0001433
1434,20240623,3000,3,USD,4796.94,Actual,DOC-2024-0001434
1435,20250821,3100,6,USD,1518.78,Actual,DOC-2025-0001435
1436,20250615,5100,5,EUR,-3840.1,Actual,DOC-2025-0001436
1437,20241103,2100,2,USD,-8990.17,Actual,DOC-2024-0001437
1438,20250427,1000,1,GBP,2082.73,Budget,DOC-2025-0001438
1439,20220426,5300,4,PLN,-8866.58,Actual,DOC-2022-0001439
1440,20220614,4200,2,EUR,8407.77,Actual,DOC-2022-0001440
1441,20221222,4100,2,GBP,6432.63,Actual,DOC-2022-0001441
1442,20251207,2100,11,PLN,-634.18,Actual,DOC-2025-0001442
1443,20240325,1000,12,EUR,3798.14,Actual,DOC-2024-0001443
1444,20240512,4300,8,EUR,-1328.1,Actual,DOC-2024-0001444
1445,20220506,2200,6,PLN,-79.49,Actual,DOC-2022-0001445
1446,20220120,3100,7,GBP,8082.3,Actual,DOC-2022-0001446
1447,20251217,3100,1,USD,5410.83,Actual,DOC-2025-0001447
1448,20241125,5400,10,EUR,-2512.73,Actual,DOC-2024-0001448
1449,20240218,2000,6,EUR,3076.18,Actual,DOC-2024-0001449
1450,20240624,1200,11,EUR,8830.51,Actual,DOC-2024-0001450
1451,20220622,5100,7,EUR,-1530.76,Actual,DOC-2022-0001451
1452,20220403,4300,11,USD,-3714.93,Forecast,DOC-2022-0001452
1453,20240410,3000,12,EUR,7218.09,Actual,DOC-2024-0001453
1454,20220309,5400,4,USD,-8388.46,Actual,DOC-2022-0001454
1455,20250410,4300,6,EUR,-8775.3,Actual,DOC-2025-0001455
1456,20231007,4100,1,EUR,4616.07,Forecast,DOC-2023-0001456
1457,20221213,4300,4,EUR,-2409.79,Actual,DOC-2022-0001457
1458,20230925,1000,3,EUR,463.48,Actual,DOC-2023-0001458
1459,20230311,1100,10,PLN,363.18,Actual,DOC-2023-0001459
1460,20220818,4100,2,USD,6276.39,Actual,DOC-2022-0001460
1461,20221012,2000,2,GBP,1548.63,Actual,DOC-2022-0001461
1462,20240223,1100,8,PLN,3692.75,Actual,DOC-2024-0001462
1463,20221223,5300,3,USD,-8816.5,Actual,DOC-2022-0001463
1464,20250422,4200,8,USD,4122.52,Actual,DOC-2025-0001464
1465,20231228,1300,3,USD,7871.78,Actual,DOC-2023-0001465
1466,20250619,4200,11,EUR,7337.37,Actual,DOC-2025-0001466
1467,20240810,3100,8,GBP,3942.06,Actual,DOC-2024-0001467
1468,20221020,1200,11,USD,6549.98,Actual,DOC-2022-0001468
1469,20230807,3000,2,GBP,4842.75,Actual,DOC-2023-0001469
1470,20231105,2100,1,PLN,-430.35,Actual,DOC-2023-0001470
1471,20230130,1000,5,GBP,5397.0,Actual,DOC-2023-0001471
1472,20240523,4000,1,EUR,7427.88,Forecast,DOC-2024-0001472
1473,20241002,1100,4,USD,4356.8,Actual,DOC-2024-0001473
1474,20230207,5200,11,EUR,-1558.77,Actual,DOC-2023-0001474
1475,20220306,5300,4,PLN,-1677.75,Actual,DOC-2022-0001475
1476,20231109,2200,4,PLN,-2362.24,Actual,DOC-2023-0001476
1477,20231027,5300,11,EUR,-7171.77,Actual,DOC-2023-0001477
1478,20220106,4100,7,GBP,1818.58,Actual,DOC-2022-0001478
1479,20220816,3000,12,EUR,4100.9,Actual,DOC-2022-0001479
1480,20221220,3100,6,USD,5907.52,Actual,DOC-2022-0001480
1481,20220216,1100,7,GBP,2483.24,Actual,DOC-2022-0001481
1482,20220922,4100,10,PLN,7185.1,Actual,DOC-2022-0001482
1483,20221116,1000,10,USD,2641.28,Actual,DOC-2022-0001483
1484,20240221,5100,1,GBP,-4671.54,Actual,DOC-2024-0001484
1485,20221014,4300,7,USD,-4959.29,Actual,DOC-2022-0001485
1486,20220212,4300,3,USD,-3931.19,Actual,DOC-2022-0001486
1487,20230924,4300,7,EUR,-8833.81,Budget,DOC-2023-0001487
1488,20220124,3000,8,PLN,7461.65,Actual,DOC-2022-0001488
1489,20230928,1100,11,USD,7375.96,Actual,DOC-2023-0001489
1490,20230721,5300,11,GBP,-681.79,Forecast,DOC-2023-0001490
1491,20251111,5300,3,GBP,-6174.21,Actual,DOC-2025-0001491
1492,20251029,1300,6,GBP,3207.41,Actual,DOC-2025-0001492
1493,20250814,1100,12,GBP,1674.62,Actual,DOC-2025-0001493
1494,20250623,1100,7,GBP,6740.63,Forecast,DOC-2025-0001494
1495,20250929,2100,10,PLN,-1916.88,Budget,DOC-2025-0001495
1496,20230118,5200,8,EUR,-6325.13,Actual,DOC-2023-0001496
1497,20230211,2200,10,PLN,-4000.24,Forecast,DOC-2023-0001497
1498,20220424,5100,3,EUR,-1132.04,Forecast,DOC-2022-0001498
1499,20230914,5400,5,USD,-7882.05,Actual,DOC-2023-0001499
1500,20250524,2200,2,PLN,-7166.65,Actual,DOC-2025-0001500
1501,20220428,4300,3,GBP,-656.19,Actual,DOC-2022-0001501
1502,20250708,4200,6,PLN,7321.04,Budget,DOC-2025-0001502
1503,20240504,5300,1,USD,-3300.68,Actual,DOC-2024-0001503
1504,20250715,4000,6,EUR,6312.12,Actual,DOC-2025-0001504
1505,20240725,4000,11,EUR,1480.27,Actual,DOC-2024-0001505
1506,20220820,5100,5,PLN,-2305.71,Actual,DOC-2022-0001506
1507,20250707,2100,1,PLN,-4827.85,Actual,DOC-2025-0001507
1508,20230421,2100,12,EUR,-7191.47,Budget,DOC-2023-0001508
1509,20240928,4200,10,GBP,3639.28,Actual,DOC-2024-0001509
1510,20240218,1300,12,GBP,5127.33,Actual,DOC-2024-0001510
1511,20231118,5000,3,EUR,6905.86,Budget,DOC-2023-0001511
1512,20230502,3100,10,GBP,3490.79,Actual,DOC-2023-0001512
1513,20230809,4100,3,EUR,3510.8,Actual,DOC-2023-0001513
1514,20250227,5300,11,USD,-4609.99,Budget,DOC-2025-0001514
1515,20240618,4100,5,EUR,3769.07,Actual,DOC-2024-0001515
1516,20231223,4000,3,USD,3013.15,Actual,DOC-2023-0001516
1517,20250609,3100,8,EUR,7997.78,Actual,DOC-2025-0001517
1518,20220503,3000,8,USD,1155.0,Budget,DOC-2022-0001518
1519,20240314,2200,3,USD,-6962.25,Actual,DOC-2024-0001519
1520,20251207,4300,3,GBP,-5265.16,Actual,DOC-2025-0001520
1521,20250811,5000,5,EUR,3070.55,Actual,DOC-2025-0001521
1522,20240524,4100,11,GBP,2535.42,Actual,DOC-2024-0001522
1523,20250527,3000,2,EUR,1810.84,Actual,DOC-2025-0001523
1524,20241123,2000,7,USD,4323.16,Actual,DOC-2024-0001524
1525,20230414,1000,10,PLN,2193.18,Forecast,DOC-2023-0001525
1526,20251102,5100,1,EUR,-7036.7,Actual,DOC-2025-0001526
1527,20240121,1100,9,GBP,1870.72,Forecast,DOC-2024-0001527
1528,20251213,1100,6,USD,1535.1,Actual,DOC-2025-0001528
1529,20220819,3000,12,PLN,3579.03,Actual,DOC-2022-0001529
1530,20240710,1300,11,EUR,2692.54,Actual,DOC-2024-0001530
1531,20221225,2200,10,GBP,-239.26,Actual,DOC-2022-0001531
1532,20230924,4300,11,EUR,-3682.57,Actual,DOC-2023-0001532
1533,20220719,5100,4,EUR,-836.41,Actual,DOC-2022-0001533
1534,20220625,4200,12,EUR,4228.26,Actual,DOC-2022-0001534
1535,20220701,4000,11,EUR,2301.29,Actual,DOC-2022-0001535
1536,20221018,5100,6,EUR,-5171.09,Forecast,DOC-2022-0001536
1537,20230307,4200,6,GBP,5593.28,Actual,DOC-2023-0001537
1538,20220328,4300,10,PLN,-8013.58,Actual,DOC-2022-0001538
1539,20250415,4200,1,USD,2125.19,Actual,DOC-2025-0001539
1540,20251018,5000,6,EUR,4924.2,Budget,DOC-2025-0001540
1541,20230518,5300,2,GBP,-6041.68,Actual,DOC-2023-0001541
1542,20240702,5300,6,EUR,-4558.87,Actual,DOC-2024-0001542
1543,20220529,2200,5,PLN,-4712.03,Forecast,DOC-2022-0001543
1544,20221229,4300,6,GBP,-3616.63,Actual,DOC-2022-0001544
1545,20251209,3000,7,PLN,6445.77,Forecast,DOC-2025-0001545
1546,20250227,1000,10,GBP,5392.16,Budget,DOC-2025-0001546
1547,20231103,4100,9,EUR,5550.11,Actual,DOC-2023-0001547
1548,20230308,4100,6,PLN,1567.95,Actual,DOC-2023-0001548
1549,20240827,2200,6,GBP,-559.62,Budget,DOC-2024-0001549
1550,20230126,4100,7,PLN,2328.58,Actual,DOC-2023-0001550
1551,20240114,5300,3,EUR,-4418.47,Actual,DOC-2024-0001551
1552,20240328,5200,4,PLN,-7687.15,Forecast,DOC-2024-0001552
1553,20230607,1300,9,USD,210.71,Forecast,DOC-2023-0001553
1554,20241002,4200,9,EUR,1187.72,Actual,DOC-2024-0001554
1555,20240511,5000,1,PLN,4839.88,Forecast,DOC-2024-0001555
1556,20231024,4000,11,GBP,459.91,Actual,DOC-2023-0001556
1557,20250127,1200,6,GBP,5368.51,Actual,DOC-2025-0001557
1558,20241231,4300,10,USD,-4408.85,Actual,DOC-2024-0001558
1559,20230625,1200,8,GBP,7474.7,Actual,DOC-2023-0001559
1560,20250918,3000,3,PLN,2772.73,Budget,DOC-2025-0001560
1561,20220824,4200,4,GBP,1451.84,Actual,DOC-2022-0001561
1562,20230924,4300,2,USD,-3024.68,Actual,DOC-2023-0001562
1563,20250403,4300,1,PLN,-730.65,Actual,DOC-2025-0001563
1564,20230628,5400,10,USD,-7487.16,Forecast,DOC-2023-0001564
1565,20231024,2100,12,EUR,-8369.04,Actual,DOC-2023-0001565
1566,20241231,5300,12,EUR,-4050.87,Actual,DOC-2024-0001566
1567,20221113,4300,10,GBP,-1152.69,Actual,DOC-2022-0001567
1568,20220310,3000,8,EUR,274.86,Actual,DOC-2022-0001568
1569,20220526,2200,9,EUR,-1915.2,Actual,DOC-2022-0001569
1570,20240809,5000,5,PLN,2847.59,Actual,DOC-2024-0001570
1571,20231109,2100,7,GBP,-6753.62,Actual,DOC-2023-0001571
1572,20240717,5000,3,EUR,1592.46,Actual,DOC-2024-0001572
1573,20240331,3100,4,PLN,1757.08,Actual,DOC-2024-0001573
1574,20250107,5300,2,USD,-4304.61,Forecast,DOC-2025-0001574
1575,20230813,1000,4,EUR,5734.87,Actual,DOC-2023-0001575
1576,20220403,2100,9,PLN,-8072.07,Actual,DOC-2022-0001576
1577,20250210,3100,5,EUR,3129.1,Budget,DOC-2025-0001577
1578,20220412,5300,9,USD,-3097.13,Forecast,DOC-2022-0001578
1579,20230605,4000,11,EUR,4395.24,Actual,DOC-2023-0001579
1580,20220824,5300,7,PLN,-5299.32,Actual,DOC-2022-0001580
1581,20231019,5200,2,PLN,-7888.53,Budget,DOC-2023-0001581
1582,20241207,2200,4,EUR,-8134.66,Actual,DOC-2024-0001582
1583,20230316,2000,7,EUR,8325.84,Actual,DOC-2023-0001583
1584,20251031,5400,1,GBP,-7412.24,Budget,DOC-2025-0001584
1585,20220622,4300,5,GBP,-5787.8,Actual,DOC-2022-0001585
1586,20240904,3100,10,EUR,726.99,Budget,DOC-2024-0001586
1587,20220326,1300,12,GBP,2973.4,Actual,DOC-2022-0001587
1588,20250709,1100,10,PLN,4040.21,Actual,DOC-2025-0001588
1589,20230731,4100,1,PLN,2852.91,Actual,DOC-2023-0001589
1590,20240930,4200,8,GBP,7272.32,Actual,DOC-2024-0001590
1591,20230430,1100,11,GBP,6008.39,Actual,DOC-2023-0001591
1592,20240108,2200,6,GBP,-5084.86,Actual,DOC-2024-0001592
1593,20240711,5000,5,PLN,279.2,Actual,DOC-2024-0001593
1594,20220420,2000,7,GBP,2729.39,Actual,DOC-2022-0001594
1595,20220715,5200,8,GBP,-6970.87,Actual,DOC-2022-0001595
1596,20221212,5000,9,EUR,1171.87,Actual,DOC-2022-0001596
1597,20250429,1200,3,PLN,1674.0,Actual,DOC-2025-0001597
1598,20241204,5400,4,EUR,-3897.37,Actual,DOC-2024-0001598
1599,20251105,5100,4,USD,-4684.18,Budget,DOC-2025-0001599
1600,20230131,1200,10,PLN,1675.79,Budget,DOC-2023-0001600
1601,20250717,3100,7,GBP,2828.86,Budget,DOC-2025-0001601
1602,20241120,3000,7,EUR,5148.87,Budget,DOC-2024-0001602
1603,20220918,4300,1,GBP,-734.74,Budget,DOC-2022-0001603
1604,20250915,1300,8,EUR,130.18,Actual,DOC-2025-0001604
1605,20250904,1000,12,PLN,4021.86,Actual,DOC-2025-0001605
1606,20250510,2200,10,PLN,-7063.33,Actual,DOC-2025-0001606
1607,20230531,1000,4,PLN,2161.16,Budget,DOC-2023-0001607
1608,20251219,5100,10,PLN,-2680.4,Actual,DOC-2025-0001608
1609,20220607,5300,5,USD,-5650.98,Actual,DOC-2022-0001609
1610,20220624,1100,12,GBP,4710.87,Actual,DOC-2022-0001610
1611,20251112,2200,9,EUR,-6870.4,Actual,DOC-2025-0001611
1612,20250305,4200,11,USD,3372.72,Actual,DOC-2025-0001612
1613,20240327,2100,10,PLN,-4594.62,Forecast,DOC-2024-0001613
1614,20250809,3000,4,PLN,1021.25,Actual,DOC-2025-0001614
1615,20250106,1100,5,USD,3209.31,Actual,DOC-2025-0001615
1616,20240511,3100,5,USD,5095.87,Forecast,DOC-2024-0001616
1617,20240302,4200,8,GBP,6077.69,Actual,DOC-2024-0001617
1618,20221027,4200,6,GBP,1498.37,Actual,DOC-2022-0001618
1619,20240518,4000,7,GBP,263.73,Actual,DOC-2024-0001619
1620,20240911,5200,12,GBP,-8418.92,Forecast,DOC-2024-0001620
1621,20230619,3000,8,PLN,3664.33,Budget,DOC-2023-0001621
1622,20240210,1100,2,EUR,3973.94,Actual,DOC-2024-0001622
1623,20251207,5100,6,PLN,-1535.85,Actual,DOC-2025-0001623
1624,20230307,5000,9,EUR,850.18,Actual,DOC-2023-0001624
1625,20240112,5400,9,PLN,-2602.24,Actual,DOC-2024-0001625
1626,20240102,1100,5,GBP,3776.79,Actual,DOC-2024-0001626
1627,20221121,4200,12,EUR,8117.76,Actual,DOC-2022-0001627
1628,20230525,4300,12,PLN,-8854.38,Actual,DOC-2023-0001628
1629,20240604,5300,7,EUR,-6980.52,Actual,DOC-2024-0001629
1630,20240519,2000,2,GBP,2740.19,Actual,DOC-2024-0001630
1631,20230314,1200,9,PLN,740.65,Actual,DOC-2023-0001631
1632,20250302,2200,5,GBP,-6751.56,Actual,DOC-2025-0001632
1633,20250324,4300,8,PLN,-3476.92,Actual,DOC-2025-0001633
1634,20240104,1000,5,GBP,2282.28,Actual,DOC-2024-0001634
1635,20241001,4100,2,PLN,5225.25,Actual,DOC-2024-0001635
1636,20220408,1300,3,EUR,1864.74,Actual,DOC-2022-0001636
1637,20230604,5400,3,USD,-653.97,Actual,DOC-2023-0001637
1638,20220502,2200,3,EUR,-1241.3,Actual,DOC-2022-0001638
1639,20220906,5400,4,GBP,-1632.8,Actual,DOC-2022-0001639
1640,20230314,4300,2,PLN,-157.81,Actual,DOC-2023-0001640
1641,20240210,4100,12,GBP,8352.71,Actual,DOC-2024-0001641
1642,20251020,1300,1,EUR,8241.34,Budget,DOC-2025-0001642
1643,20231204,4300,9,USD,-8766.67,Actual,DOC-2023-0001643
1644,20240420,1300,8,GBP,3248.31,Forecast,DOC-2024-0001644
1645,20230914,4300,11,PLN,-4478.78,Actual,DOC-2023-0001645
1646,20250716,5100,6,EUR,-5974.32,Actual,DOC-2025-0001646
1647,20251015,4100,4,PLN,430.69,Actual,DOC-2025-0001647
1648,20221203,2200,12,USD,-5642.73,Actual,DOC-2022-0001648
1649,20241211,4000,12,GBP,2821.58,Actual,DOC-2024-0001649
1650,20221005,2000,8,GBP,3924.82,Forecast,DOC-2022-0001650
1651,20230830,5200,6,USD,-8470.38,Actual,DOC-2023-0001651
1652,20221221,2000,10,GBP,262.09,Actual,DOC-2022-0001652
1653,20230413,5200,5,PLN,-5930.26,Forecast,DOC-2023-0001653
1654,20240820,2200,4,PLN,-5479.87,Actual,DOC-2024-0001654
1655,20250615,2100,11,PLN,-5155.14,Actual,DOC-2025-0001655
1656,20241201,1300,8,USD,5983.59,Forecast,DOC-2024-0001656
1657,20251116,4200,2,EUR,4143.48,Actual,DOC-2025-0001657
1658,20250206,1200,4,EUR,905.17,Actual,DOC-2025-0001658
1659,20250727,4100,11,USD,2301.13,Actual,DOC-2025-0001659
1660,20220804,5400,8,PLN,-3229.3,Actual,DOC-2022-0001660
1661,20230320,1200,3,USD,3716.26,Actual,DOC-2023-0001661
1662,20220213,4300,10,PLN,-6699.4,Actual,DOC-2022-0001662
1663,20240329,4000,5,GBP,2708.03,Forecast,DOC-2024-0001663
1664,20250819,1100,2,PLN,4917.36,Forecast,DOC-2025-0001664
1665,20221025,5100,12,USD,-5571.72,Budget,DOC-2022-0001665
1666,20230331,3100,10,USD,8713.26,Actual,DOC-2023-0001666
1667,20250313,5100,9,EUR,-7565.07,Forecast,DOC-2025-0001667
1668,20221210,3000,2,GBP,2731.84,Actual,DOC-2022-0001668
1669,20240329,5400,8,USD,-708.5,Actual,DOC-2024-0001669
1670,20230101,1100,7,EUR,7806.97,Actual,DOC-2023-0001670
1671,20240620,1100,12,GBP,1287.95,Budget,DOC-2024-0001671
1672,20231211,1300,2,GBP,1334.57,Actual,DOC-2023-0001672
1673,20250525,4100,7,USD,3269.01,Actual,DOC-2025-0001673
1674,20250201,2200,10,PLN,-6292.42,Budget,DOC-2025-0001674
1675,20221028,5200,1,GBP,-2606.96,Actual,DOC-2022-0001675
1676,20240412,2100,7,GBP,-7609.8,Actual,DOC-2024-0001676
1677,20220116,5300,12,GBP,-3262.13,Actual,DOC-2022-0001677
1678,20220724,2000,1,EUR,7442.08,Actual,DOC-2022-0001678
1679,20241019,5200,1,GBP,-4860.37,Forecast,DOC-2024-0001679
1680,20220714,2200,3,PLN,-8016.51,Actual,DOC-2022-0001680
1681,20240713,5200,11,GBP,-2465.14,Forecast,DOC-2024-0001681
1682,20231202,4300,6,USD,-4219.71,Actual,DOC-2023-0001682
1683,20250105,5000,10,PLN,6461.39,Actual,DOC-2025-0001683
1684,20230928,5400,11,PLN,-7637.85,Actual,DOC-2023-0001684
1685,20250503,2100,9,PLN,-5892.96,Actual,DOC-2025-0001685
1686,20251023,5300,6,EUR,-3805.3,Actual,DOC-2025-0001686
1687,20220520,5100,1,PLN,-2076.13,Actual,DOC-2022-0001687
1688,20230825,5400,8,EUR,-3876.71,Actual,DOC-2023-0001688
1689,20240223,5300,10,GBP,-4150.09,Actual,DOC-2024-0001689
1690,20220918,1200,9,GBP,1013.24,Actual,DOC-2022-0001690
1691,20220712,2200,9,GBP,-2610.26,Actual,DOC-2022-0001691
1692,20240720,2100,3,GBP,-1524.01,Actual,DOC-2024-0001692
1693,20221118,1100,9,GBP,1382.65,Actual,DOC-2022-0001693
1694,20230720,2200,7,EUR,-7723.74,Budget,DOC-2023-0001694
1695,20231005,4200,2,PLN,188.61,Budget,DOC-2023-0001695
1696,20250827,4000,11,USD,6874.65,Actual,DOC-2025-0001696
1697,20220831,3000,8,PLN,2089.45,Budget,DOC-2022-0001697
1698,20221008,3100,10,PLN,203.53,Actual,DOC-2022-0001698
1699,20240324,5200,4,EUR,-3206.05,Actual,DOC-2024-0001699
1700,20230515,1200,2,GBP,1785.68,Actual,DOC-2023-0001700
1701,20220509,3000,3,GBP,8280.4,Actual,DOC-2022-0001701
1702,20230727,3000,6,EUR,2260.34,Actual,DOC-2023-0001702
1703,20230904,5400,7,USD,-4762.75,Forecast,DOC-2023-0001703
1704,20220128,4000,1,PLN,8731.14,Actual,DOC-2022-0001704
1705,20240402,2200,11,PLN,-5734.54,Actual,DOC-2024-0001705
1706,20250817,1100,9,USD,6226.7,Forecast,DOC-2025-0001706
1707,20221211,4300,1,PLN,-404.63,Actual,DOC-2022-0001707
1708,20241025,5300,4,GBP,-6427.77,Actual,DOC-2024-0001708
1709,20220109,4100,2,GBP,5281.97,Actual,DOC-2022-0001709
1710,20230901,4100,3,GBP,6375.55,Actual,DOC-2023-0001710
1711,20230118,4000,5,EUR,657.07,Budget,DOC-2023-0001711
1712,20220730,2000,7,EUR,4685.86,Actual,DOC-2022-0001712
1713,20240502,3000,11,USD,501.8,Forecast,DOC-2024-0001713
1714,20230201,1000,10,GBP,737.64,Actual,DOC-2023-0001714
1715,20230306,5400,3,USD,-3448.84,Actual,DOC-2023-0001715
1716,20230710,5000,2,PLN,7051.26,Actual,DOC-2023-0001716
1717,20240826,5000,7,PLN,2264.07,Actual,DOC-2024-0001717
1718,20240122,4100,10,EUR,4899.21,Actual,DOC-2024-0001718
1719,20230628,5400,1,PLN,-2416.51,Actual,DOC-2023-0001719
1720,20250915,1300,11,GBP,4778.57,Actual,DOC-2025-0001720
1721,20230613,3000,12,USD,603.56,Actual,DOC-2023-0001721
1722,20220121,2200,12,EUR,-7087.12,Actual,DOC-2022-0001722
1723,20251016,5400,6,PLN,-550.27,Actual,DOC-2025-0001723
1724,20220907,4300,1,PLN,-256.08,Actual,DOC-2022-0001724
1725,20230916,5300,4,GBP,-7821.44,Forecast,DOC-2023-0001725
1726,20220729,4100,7,EUR,6917.17,Actual,DOC-2022-0001726
1727,20230323,4300,9,PLN,-2496.75,Budget,DOC-2023-0001727
1728,20220525,1300,7,EUR,4879.74,Actual,DOC-2022-0001728
1729,20250517,5000,7,PLN,313.51,Budget,DOC-2025-0001729
1730,20241206,4300,7,USD,-4853.19,Actual,DOC-2024-0001730
1731,20240706,4000,6,GBP,5322.06,Forecast,DOC-2024-0001731
1732,20230831,4200,7,EUR,4404.34,Budget,DOC-2023-0001732
1733,20230528,1200,8,USD,3673.95,Actual,DOC-2023-0001733
1734,20240418,3100,7,EUR,3747.99,Actual,DOC-2024-0001734
1735,20231109,1200,3,PLN,3202.63,Budget,DOC-2023-0001735
1736,20251111,3000,3,EUR,661.21,Actual,DOC-2025-0001736
1737,20230619,3100,10,EUR,4389.1,Actual,DOC-2023-0001737
1738,20220318,5100,1,PLN,-627.35,Actual,DOC-2022-0001738
1739,20230725,4100,9,USD,5876.76,Actual,DOC-2023-0001739
1740,20230905,2200,5,PLN,-7937.29,Actual,DOC-2023-0001740
1741,20230822,5000,3,EUR,1123.69,Budget,DOC-2023-0001741
1742,20250723,3000,3,USD,2954.13,Budget,DOC-2025-0001742
1743,20220406,1100,2,EUR,1155.57,Actual,DOC-2022-0001743
1744,20240112,5000,12,USD,2788.27,Actual,DOC-2024-0001744
1745,20230409,2000,1,GBP,2761.01,Actual,DOC-2023-0001745
1746,20221111,1300,9,USD,1437.53,Actual,DOC-2022-0001746
1747,20241127,5000,1,USD,5858.64,Actual,DOC-2024-0001747
1748,20240610,2100,1,PLN,-119.36,Actual,DOC-2024-0001748
1749,20220110,4100,2,GBP,5443.33,Budget,DOC-2022-0001749
1750,20220520,2200,7,EUR,-5653.06,Actual,DOC-2022-0001750
1751,20240320,4300,3,EUR,-4200.1,Actual,DOC-2024-0001751
1752,20250712,4100,5,GBP,7864.75,Actual,DOC-2025-0001752
1753,20240307,3000,7,USD,4933.18,Forecast,DOC-2024-0001753
1754,20241111,5100,7,GBP,-376.82,Actual,DOC-2024-0001754
1755,20230329,1000,3,USD,4181.05,Forecast,DOC-2023-0001755
1756,20230817,5200,10,USD,-6580.35,Actual,DOC-2023-0001756
1757,20250424,4000,9,EUR,3522.15,Actual,DOC-2025-0001757
1758,20221120,4100,12,EUR,5342.84,Budget,DOC-2022-0001758
1759,20250716,2200,12,USD,-1851.33,Actual,DOC-2025-0001759
1760,20240528,1100,7,GBP,8356.02,Forecast,DOC-2024-0001760
1761,20230804,4200,8,EUR,6400.63,Actual,DOC-2023-0001761
1762,20220829,3000,1,GBP,1797.07,Actual,DOC-2022-0001762
1763,20250707,1200,11,USD,3735.34,Actual,DOC-2025-0001763
1764,20230501,3100,12,PLN,3564.38,Forecast,DOC-2023-0001764
1765,20220319,5100,12,EUR,-4543.28,Actual,DOC-2022-0001765
1766,20241118,4200,2,USD,5325.78,Actual,DOC-2024-0001766
1767,20220305,1300,3,EUR,2035.25,Actual,DOC-2022-0001767
1768,20230621,4200,11,GBP,8706.74,Actual,DOC-2023-0001768
1769,20250408,4100,3,USD,3340.79,Forecast,DOC-2025-0001769
1770,20231012,3100,8,GBP,4192.78,Actual,DOC-2023-0001770
1771,20230319,1000,5,EUR,8426.61,Actual,DOC-2023-0001771
1772,20250104,2000,6,PLN,3896.93,Forecast,DOC-2025-0001772
1773,20230626,5100,11,GBP,-5837.3,Actual,DOC-2023-0001773
1774,20241224,4300,12,EUR,-7166.43,Actual,DOC-2024-0001774
1775,20250727,4000,4,USD,2677.27,Actual,DOC-2025-0001775
1776,20241211,2000,10,PLN,5733.93,Actual,DOC-2024-0001776
1777,20250318,1000,6,USD,7638.73,Actual,DOC-2025-0001777
1778,20220605,4100,5,EUR,1852.89,Actual,DOC-2022-0001778
1779,20251223,4000,9,PLN,371.5,Actual,DOC-2025-0001779
1780,20221201,4000,2,GBP,6563.03,Actual,DOC-2022-0001780
1781,20230706,5300,6,USD,-6827.21,Actual,DOC-2023-0001781
1782,20250803,5100,7,GBP,-8690.15,Actual,DOC-2025-0001782
1783,20251007,5200,6,GBP,-892.99,Actual,DOC-2025-0001783
1784,20251029,3000,5,GBP,1596.84,Actual,DOC-2025-0001784
1785,20250613,4000,9,EUR,2002.97,Actual,DOC-2025-0001785
1786,20220816,3100,4,PLN,5192.98,Actual,DOC-2022-0001786
1787,20240609,2100,6,GBP,-8528.6,Actual,DOC-2024-0001787
1788,20230819,5100,11,GBP,-6448.35,Actual,DOC-2023-0001788
1789,20241107,5300,5,PLN,-926.56,Actual,DOC-2024-0001789
1790,20230222,4300,4,USD,-479.56,Actual,DOC-2023-0001790
1791,20240102,2100,7,GBP,-7708.76,Forecast,DOC-2024-0001791
1792,20221022,1000,3,USD,8259.13,Actual,DOC-2022-0001792
1793,20251019,1100,2,GBP,6866.3,Budget,DOC-2025-0001793
1794,20250924,2100,1,PLN,-2956.12,Actual,DOC-2025-0001794
1795,20240826,2100,6,EUR,-8211.42,Actual,DOC-2024-0001795
1796,20230522,1000,3,GBP,1838.7,Actual,DOC-2023-0001796
1797,20251125,4100,3,USD,6286.11,Actual,DOC-2025-0001797
1798,20231001,1100,2,PLN,531.54,Actual,DOC-2023-0001798
1799,20240114,3000,12,USD,6549.26,Actual,DOC-2024-0001799
1800,20230411,1200,5,USD,3634.69,Forecast,DOC-2023-0001800
1801,20250519,4100,9,GBP,8227.4,Actual,DOC-2025-0001801
1802,20230805,5300,2,GBP,-8713.14,Actual,DOC-2023-0001802
1803,20221127,4100,2,PLN,1956.13,Actual,DOC-2022-0001803
1804,20250919,1200,7,USD,3475.02,Budget,DOC-2025-0001804
1805,20230428,2100,2,PLN,-1170.64,Actual,DOC-2023-0001805
1806,20220430,2100,3,EUR,-1173.61,Actual,DOC-2022-0001806
1807,20251023,5300,5,PLN,-5077.68,Actual,DOC-2025-0001807
1808,20230524,1100,8,GBP,5200.17,Forecast,DOC-2023-0001808
1809,20231013,1100,5,GBP,2201.48,Actual,DOC-2023-0001809
1810,20250324,4300,6,USD,-8953.25,Actual,DOC-2025-0001810
1811,20230320,5300,5,GBP,-7844.85,Actual,DOC-2023-0001811
1812,20220519,2100,8,PLN,-4706.94,Actual,DOC-2022-0001812
1813,20241020,1100,6,PLN,972.73,Budget,DOC-2024-0001813
1814,20250419,4200,3,GBP,324.06,Forecast,DOC-2025-0001814
1815,20231126,4100,3,PLN,3512.12,Actual,DOC-2023-0001815
1816,20220722,2000,9,USD,450.37,Actual,DOC-2022-0001816
1817,20231214,4300,12,USD,-1231.06,Actual,DOC-2023-0001817
1818,20230331,4000,11,PLN,2389.44,Forecast,DOC-2023-0001818
1819,20240731,3000,5,PLN,80.37,Budget,DOC-2024-0001819
1820,20221022,3000,10,EUR,2799.72,Actual,DOC-2022-0001820
1821,20250223,4100,7,EUR,3544.74,Actual,DOC-2025-0001821
1822,20220420,5100,2,GBP,-4418.13,Forecast,DOC-2022-0001822
1823,20231224,5400,3,GBP,-6946.8,Actual,DOC-2023-0001823
1824,20241005,4000,12,PLN,6507.08,Actual,DOC-2024-0001824
1825,20230802,1000,6,USD,827.62,Actual,DOC-2023-0001825
1826,20240527,5400,7,PLN,-8979.1,Budget,DOC-2024-0001826
1827,20220216,1200,11,USD,6424.41,Forecast,DOC-2022-0001827
1828,20230831,1200,8,GBP,549.56,Forecast,DOC-2023-0001828
1829,20230521,2000,9,EUR,6999.57,Budget,DOC-2023-0001829
1830,20240318,2100,10,PLN,-4262.21,Forecast,DOC-2024-0001830
1831,20220123,4100,2,EUR,6534.5,Actual,DOC-2022-0001831
1832,20231004,5400,12,USD,-189.74,Actual,DOC-2023-0001832
1833,20251220,3100,8,EUR,1367.04,Actual,DOC-2025-0001833
1834,20221116,2100,9,GBP,-885.18,Actual,DOC-2022-0001834
1835,20230921,1300,7,EUR,4606.93,Actual,DOC-2023-0001835
1836,20231103,5400,3,EUR,-2310.42,Actual,DOC-2023-0001836
1837,20220610,2200,4,EUR,-3719.17,Actual,DOC-2022-0001837
1838,20241019,5400,2,GBP,-5717.84,Actual,DOC-2024-0001838
1839,20250210,2000,2,GBP,5540.85,Actual,DOC-2025-0001839
1840,20230205,2100,2,GBP,-4397.15,Forecast,DOC-2023-0001840
1841,20240622,2200,9,GBP,-5174.98,Actual,DOC-2024-0001841
1842,20250301,3000,4,PLN,5673.13,Actual,DOC-2025-0001842
1843,20250822,4100,11,GBP,4133.53,Actual,DOC-2025-0001843
1844,20230906,1000,2,USD,4532.67,Actual,DOC-2023-0001844
1845,20251130,4000,8,PLN,1925.77,Actual,DOC-2025-0001845
1846,20241101,2200,9,GBP,-5477.04,Actual,DOC-2024-0001846
1847,20220925,4300,7,PLN,-1999.19,Actual,DOC-2022-0001847
1848,20251230,5400,2,GBP,-6160.21,Actual,DOC-2025-0001848
1849,20220104,1200,7,GBP,6720.38,Forecast,DOC-2022-0001849
1850,20250320,1300,12,USD,6832.73,Actual,DOC-2025-0001850
1851,20220525,2200,10,PLN,-7521.52,Budget,DOC-2022-0001851
1852,20220519,5300,1,EUR,-1359.71,Actual,DOC-2022-0001852
1853,20240216,5000,3,PLN,5243.15,Actual,DOC-2024-0001853
1854,20220209,4100,3,GBP,6819.94,Actual,DOC-2022-0001854
1855,20250629,1300,7,GBP,7545.18,Actual,DOC-2025-0001855
1856,20240513,2200,12,GBP,-6248.91,Actual,DOC-2024-0001856
1857,20240308,4100,3,PLN,6157.72,Actual,DOC-2024-0001857
1858,20251127,5200,5,PLN,-7307.81,Budget,DOC-2025-0001858
1859,20240105,4100,6,PLN,89.97,Actual,DOC-2024-0001859
1860,20240410,5400,1,EUR,-2211.49,Actual,DOC-2024-0001860
1861,20240202,4200,6,GBP,5219.8,Actual,DOC-2024-0001861
1862,20250610,5400,11,USD,-628.47,Actual,DOC-2025-0001862
1863,20220702,2000,10,GBP,3100.33,Actual,DOC-2022-0001863
1864,20220217,5300,2,PLN,-1024.13,Actual,DOC-2022-0001864
1865,20240531,5100,7,USD,-2268.95,Actual,DOC-2024-0001865
1866,20221117,5000,12,GBP,812.17,Forecast,DOC-2022-0001866
1867,20251125,1300,9,USD,675.21,Actual,DOC-2025-0001867
1868,20241123,5400,2,USD,-7606.94,Actual,DOC-2024-0001868
1869,20231221,3000,5,EUR,3173.29,Actual,DOC-2023-0001869
1870,20230501,3000,7,EUR,5169.22,Actual,DOC-2023-0001870
1871,20250619,1100,6,GBP,3079.93,Actual,DOC-2025-0001871
1872,20250205,4200,1,PLN,2164.77,Actual,DOC-2025-0001872
1873,20250122,3000,1,GBP,3992.05,Actual,DOC-2025-0001873
1874,20240613,3000,2,GBP,6756.31,Forecast,DOC-2024-0001874
1875,20241212,1200,6,USD,8464.91,Actual,DOC-2024-0001875
1876,20220726,1100,6,USD,2919.22,Actual,DOC-2022-0001876
1877,20250601,5300,6,GBP,-4459.77,Actual,DOC-2025-0001877
1878,20220513,5100,10,GBP,-1415.98,Forecast,DOC-2022-0001878
1879,20230425,1000,2,USD,7541.57,Forecast,DOC-2023-0001879
1880,20230827,4200,5,PLN,5782.95,Actual,DOC-2023-0001880
1881,20240716,3000,9,EUR,4022.64,Actual,DOC-2024-0001881
1882,20230526,2100,4,PLN,-8350.15,Actual,DOC-2023-0001882
1883,20230415,1300,11,PLN,8468.8,Budget,DOC-2023-0001883
1884,20240318,4200,10,GBP,6510.59,Budget,DOC-2024-0001884
1885,20240625,5200,11,GBP,-4697.4,Actual,DOC-2024-0001885
1886,20241203,5300,2,GBP,-4673.46,Actual,DOC-2024-0001886
1887,20240801,3100,6,PLN,6991.81,Actual,DOC-2024-0001887
1888,20230709,2100,5,EUR,-2797.1,Actual,DOC-2023-0001888
1889,20250213,4200,2,USD,8111.55,Actual,DOC-2025-0001889
1890,20240629,5100,10,GBP,-3079.2,Actual,DOC-2024-0001890
1891,20250521,4000,3,PLN,2382.36,Actual,DOC-2025-0001891
1892,20221121,4100,11,PLN,8175.45,Actual,DOC-2022-0001892
1893,20231010,4300,3,EUR,-4140.4,Budget,DOC-2023-0001893
1894,20230907,1100,5,GBP,857.43,Actual,DOC-2023-0001894
1895,20240221,5300,12,EUR,-6616.31,Forecast,DOC-2024-0001895
1896,20220317,5200,4,PLN,-4461.76,Actual,DOC-2022-0001896
1897,20230116,5000,10,USD,448.3,Budget,DOC-2023-0001897
1898,20250331,3100,9,GBP,585.37,Budget,DOC-2025-0001898
1899,20240221,4300,9,EUR,-2043.43,Forecast,DOC-2024-0001899
1900,20230808,4200,6,EUR,1095.9,Actual,DOC-2023-0001900
1901,20240919,3000,5,PLN,5438.88,Actual,DOC-2024-0001901
1902,20250601,1000,4,USD,6983.74,Budget,DOC-2025-0001902
1903,20230103,1100,3,EUR,7833.97,Actual,DOC-2023-0001903
1904,20221120,1100,7,GBP,5502.23,Actual,DOC-2022-0001904
1905,20220531,4100,5,EUR,4154.63,Actual,DOC-2022-0001905
1906,20240817,4200,9,EUR,1321.65,Actual,DOC-2024-0001906
1907,20240526,1300,8,PLN,6445.12,Actual,DOC-2024-0001907
1908,20220621,3100,7,GBP,1216.78,Actual,DOC-2022-0001908
1909,20230926,2200,12,PLN,-7439.9,Actual,DOC-2023-0001909
1910,20250415,1300,2,GBP,1500.2,Actual,DOC-2025-0001910
1911,20220518,4100,3,PLN,7748.67,Actual,DOC-2022-0001911
1912,20230306,3100,10,GBP,2336.05,Actual,DOC-2023-0001912
1913,20230718,4200,3,EUR,4020.34,Actual,DOC-2023-0001913
1914,20230904,5300,3,EUR,-2943.66,Actual,DOC-2023-0001914
1915,20251114,5400,1,PLN,-6511.67,Actual,DOC-2025-0001915
1916,20250904,5100,5,USD,-278.1,Actual,DOC-2025-0001916
1917,20240824,1300,9,GBP,3980.28,Actual,DOC-2024-0001917
1918,20250106,3000,11,PLN,8061.1,Budget,DOC-2025-0001918
1919,20220706,1300,7,PLN,4242.82,Forecast,DOC-2022-0001919
1920,20240620,4000,7,GBP,7575.55,Actual,DOC-2024-0001920
1921,20251201,4200,5,PLN,5076.68,Actual,DOC-2025-0001921
1922,20250213,3000,3,EUR,6094.75,Actual,DOC-2025-0001922
1923,20241123,1200,11,EUR,721.18,Actual,DOC-2024-0001923
1924,20240413,1000,2,PLN,4416.18,Forecast,DOC-2024-0001924
1925,20221120,5000,2,EUR,7672.94,Actual,DOC-2022-0001925
1926,20220622,5300,4,EUR,-396.09,Actual,DOC-2022-0001926
1927,20250424,1100,11,GBP,3976.21,Actual,DOC-2025-0001927
1928,20221022,5000,10,EUR,8522.54,Actual,DOC-2022-0001928
1929,20240701,2000,5,EUR,4973.04,Actual,DOC-2024-0001929
1930,20220311,3100,4,PLN,4759.12,Actual,DOC-2022-0001930
1931,20220608,5200,12,EUR,-2497.02,Actual,DOC-2022-0001931
1932,20230810,5300,6,GBP,-7116.28,Actual,DOC-2023-0001932
1933,20230801,1000,7,USD,2248.66,Budget,DOC-2023-0001933
1934,20250612,1300,2,USD,3737.74,Actual,DOC-2025-0001934
1935,20220615,4100,2,PLN,8992.52,Actual,DOC-2022-0001935
1936,20220324,2100,1,GBP,-5143.18,Actual,DOC-2022-0001936
1937,20250504,1300,5,USD,7417.14,Actual,DOC-2025-0001937
1938,20221012,2000,11,PLN,3455.12,Forecast,DOC-2022-0001938
1939,20231108,2200,4,PLN,-5232.48,Actual,DOC-2023-0001939
1940,20250206,5300,4,USD,-1265.71,Actual,DOC-2025-0001940
1941,20250610,2200,8,GBP,-2819.91,Actual,DOC-2025-0001941
1942,20240614,1000,12,GBP,7692.54,Budget,DOC-2024-0001942
1943,20250405,2100,6,EUR,-2209.45,Actual,DOC-2025-0001943
1944,20250816,3100,9,PLN,269.4,Budget,DOC-2025-0001944
1945,20250120,5200,2,PLN,-7273.79,Actual,DOC-2025-0001945
1946,20240429,2100,8,GBP,-475.34,Actual,DOC-2024-0001946
1947,20250422,1200,7,EUR,7748.46,Actual,DOC-2025-0001947
1948,20240225,5300,6,GBP,-2118.94,Actual,DOC-2024-0001948
1949,20230819,5000,5,EUR,7086.35,Actual,DOC-2023-0001949
1950,20240815,4200,2,USD,4771.23,Actual,DOC-2024-0001950
1951,20250421,4300,1,GBP,-2949.58,Actual,DOC-2025-0001951
1952,20231221,1100,5,EUR,392.4,Actual,DOC-2023-0001952
1953,20250729,5300,1,GBP,-1288.24,Actual,DOC-2025-0001953
1954,20240727,1100,3,PLN,2160.72,Actual,DOC-2024-0001954
1955,20250222,1200,5,GBP,8197.08,Budget,DOC-2025-0001955
1956,20250301,1200,1,PLN,2792.73,Actual,DOC-2025-0001956
1957,20221013,4200,11,USD,8067.27,Actual,DOC-2022-0001957
1958,20250204,5100,1,USD,-7823.27,Actual,DOC-2025-0001958
1959,20241023,5200,7,PLN,-6535.88,Forecast,DOC-2024-0001959
1960,20230610,1300,1,EUR,7781.51,Actual,DOC-2023-0001960
1961,20220208,2100,6,EUR,-5842.41,Actual,DOC-2022-0001961
1962,20250516,4200,4,USD,398.42,Actual,DOC-2025-0001962
1963,20220225,1000,8,GBP,8972.73,Actual,DOC-2022-0001963
1964,20231027,2000,5,PLN,7604.94,Budget,DOC-2023-0001964
1965,20220505,1200,11,EUR,8760.65,Forecast,DOC-2022-0001965
1966,20220615,5200,10,EUR,-2396.31,Actual,DOC-2022-0001966
1967,20231207,5400,8,PLN,-6583.38,Actual,DOC-2023-0001967
1968,20251201,5000,5,USD,945.46,Actual,DOC-2025-0001968
1969,20250523,3000,1,PLN,3001.57,Actual,DOC-2025-0001969
1970,20250102,4000,11,GBP,3461.6,Actual,DOC-2025-0001970
1971,20230721,1000,9,EUR,8044.24,Actual,DOC-2023-0001971
1972,20220531,5400,11,EUR,-3448.94,Actual,DOC-2022-0001972
1973,20250407,2100,7,GBP,-2164.83,Forecast,DOC-2025-0001973
1974,20231030,3100,7,EUR,8593.8,Actual,DOC-2023-0001974
1975,20231119,5100,7,GBP,-8031.17,Actual,DOC-2023-0001975
1976,20240923,2100,8,PLN,-6795.02,Actual,DOC-2024-0001976
1977,20240320,5100,2,EUR,-5515.88,Actual,DOC-2024-0001977
1978,20231227,5200,5,PLN,-2204.14,Actual,DOC-2023-0001978
1979,20231026,3100,11,PLN,1243.09,Forecast,DOC-2023-0001979
1980,20250618,2200,12,PLN,-4298.59,Actual,DOC-2025-0001980
1981,20240313,3100,6,USD,7837.41,Budget,DOC-2024-0001981
1982,20240920,4000,12,PLN,1710.6,Actual,DOC-2024-0001982
1983,20221225,5000,1,USD,5326.75,Actual,DOC-2022-0001983
1984,20251030,1000,5,GBP,4979.25,Actual,DOC-2025-0001984
1985,20250510,1300,4,USD,4192.23,Actual,DOC-2025-0001985
1986,20220903,1100,8,EUR,2605.17,Actual,DOC-2022-0001986
1987,20220305,4300,5,PLN,-1605.5,Actual,DOC-2022-0001987
1988,20240404,5100,3,GBP,-8170.06,Actual,DOC-2024-0001988
1989,20240807,5300,10,EUR,-1565.06,Budget,DOC-2024-0001989
1990,20241228,1000,4,GBP,6167.43,Forecast,DOC-2024-0001990
1991,20220426,5200,2,GBP,-5839.86,Actual,DOC-2022-0001991
1992,20220202,5200,10,USD,-7749.62,Actual,DOC-2022-0001992
1993,20220704,1100,4,PLN,2472.49,Actual,DOC-2022-0001993
1994,20240904,3000,12,EUR,2580.73,Actual,DOC-2024-0001994
1995,20231012,5000,9,EUR,6000.36,Actual,DOC-2023-0001995
1996,20251101,2100,3,USD,-2518.52,Forecast,DOC-2025-0001996
1997,20221026,2000,1,EUR,2919.62,Actual,DOC-2022-0001997
1998,20250627,1100,7,EUR,2665.37,Budget,DOC-2025-0001998
1999,20240702,2000,11,GBP,8631.59,Actual,DOC-2024-0001999
2000,20230215,2000,4,USD,7325.57,Actual,DOC-2023-0002000
2001,20231025,4200,4,PLN,8058.0,Forecast,DOC-2023-0002001
2002,20240104,4300,8,PLN,-8112.03,Actual,DOC-2024-0002002
2003,20250718,4300,8,EUR,-3556.9,Actual,DOC-2025-0002003
2004,20221018,5300,7,PLN,-121.96,Forecast,DOC-2022-0002004
2005,20240122,2200,2,GBP,-2002.03,Forecast,DOC-2024-0002005
2006,20220302,2000,10,PLN,5338.28,Budget,DOC-2022-0002006
2007,20241111,5000,1,GBP,358.52,Forecast,DOC-2024-0002007
2008,20230602,4300,9,USD,-8028.45,Actual,DOC-2023-0002008
2009,20250511,1200,5,GBP,4284.45,Actual,DOC-2025-0002009
2010,20250507,5000,6,GBP,7430.03,Actual,DOC-2025-0002010
2011,20250321,4200,11,USD,2556.09,Actual,DOC-2025-0002011
2012,20250417,5400,8,GBP,-6151.62,Actual,DOC-2025-0002012
2013,20230805,5000,5,USD,7903.71,Actual,DOC-2023-0002013
2014,20250321,5300,4,USD,-7965.57,Budget,DOC-2025-0002014
2015,20251005,1200,5,EUR,1773.28,Actual,DOC-2025-0002015
2016,20220324,4300,2,USD,-4957.07,Actual,DOC-2022-0002016
2017,20240616,5000,8,GBP,5683.37,Actual,DOC-2024-0002017
2018,20220125,2000,6,USD,804.18,Budget,DOC-2022-0002018
2019,20230831,5200,3,PLN,-1512.19,Actual,DOC-2023-0002019
2020,20231223,3100,7,PLN,1266.64,Actual,DOC-2023-0002020
2021,20251203,4200,12,USD,885.05,Actual,DOC-2025-0002021
2022,20240129,1100,2,GBP,339.94,Actual,DOC-2024-0002022
2023,20251024,4100,10,PLN,936.98,Actual,DOC-2025-0002023
2024,20230418,2000,1,GBP,1328.02,Actual,DOC-2023-0002024
2025,20230804,4200,12,EUR,4134.82,Actual,DOC-2023-0002025
2026,20250103,1000,5,PLN,1418.69,Budget,DOC-2025-0002026
2027,20250331,3100,12,PLN,6731.4,Budget,DOC-2025-0002027
2028,20240427,1000,11,PLN,5084.2,Actual,DOC-2024-0002028
2029,20230420,1100,5,PLN,4275.62,Actual,DOC-2023-0002029
2030,20250617,2100,10,GBP,-8771.79,Actual,DOC-2025-0002030
2031,20220603,2000,11,PLN,6177.59,Actual,DOC-2022-0002031
2032,20220806,2000,9,PLN,2362.33,Actual,DOC-2022-0002032
2033,20251002,2000,10,USD,5174.86,Actual,DOC-2025-0002033
2034,20231202,5400,5,USD,-7595.5,Actual,DOC-2023-0002034
2035,20220908,2200,5,USD,-7811.73,Actual,DOC-2022-0002035
2036,20230411,3000,4,PLN,7889.48,Actual,DOC-2023-0002036
2037,20220502,1000,1,USD,3857.49,Actual,DOC-2022-0002037
2038,20221231,1200,9,PLN,5842.67,Budget,DOC-2022-0002038
2039,20220916,4300,12,PLN,-2973.75,Forecast,DOC-2022-0002039
2040,20240423,3000,12,EUR,8614.66,Actual,DOC-2024-0002040
2041,20231206,3100,5,USD,4780.66,Actual,DOC-2023-0002041
2042,20230228,5000,8,PLN,5264.93,Forecast,DOC-2023-0002042
2043,20231201,1300,8,GBP,6621.28,Actual,DOC-2023-0002043
2044,20250427,1200,5,USD,3178.93,Actual,DOC-2025-0002044
2045,20251209,5300,8,EUR,-8102.42,Actual,DOC-2025-0002045
2046,20240928,4100,7,EUR,8452.6,Forecast,DOC-2024-0002046
2047,20230716,5400,10,EUR,-5783.77,Budget,DOC-2023-0002047
2048,20250819,1200,11,USD,2000.94,Forecast,DOC-2025-0002048
2049,20250101,2000,5,USD,1235.16,Forecast,DOC-2025-0002049
2050,20231018,5400,10,PLN,-921.8,Budget,DOC-2023-0002050
2051,20240412,3100,8,PLN,6519.5,Actual,DOC-2024-0002051
2052,20251130,4000,2,GBP,2030.11,Forecast,DOC-2025-0002052
2053,20250820,1200,7,USD,396.23,Budget,DOC-2025-0002053
2054,20220402,4300,12,PLN,-1114.62,Forecast,DOC-2022-0002054
2055,20231213,1100,10,GBP,8294.57,Actual,DOC-2023-0002055
2056,20240806,5200,5,EUR,-6801.81,Actual,DOC-2024-0002056
2057,20220822,2200,5,USD,-1816.43,Actual,DOC-2022-0002057
2058,20220412,1300,2,EUR,3214.66,Actual,DOC-2022-0002058
2059,20240911,2100,1,GBP,-8554.62,Actual,DOC-2024-0002059
2060,20250706,1300,7,USD,6105.2,Actual,DOC-2025-0002060
2061,20240524,1200,1,PLN,8133.68,Actual,DOC-2024-0002061
2062,20220819,4200,1,USD,6965.6,Actual,DOC-2022-0002062
2063,20250222,5200,5,GBP,-3746.06,Actual,DOC-2025-0002063
2064,20231210,3000,1,EUR,4792.99,Forecast,DOC-2023-0002064
2065,20240929,4300,1,EUR,-2412.35,Actual,DOC-2024-0002065
2066,20251217,3000,2,EUR,6494.15,Actual,DOC-2025-0002066
2067,20250914,2000,2,USD,493.54,Budget,DOC-2025-0002067
2068,20220314,5400,7,USD,-4293.68,Actual,DOC-2022-0002068
2069,20240725,2200,8,GBP,-4060.27,Forecast,DOC-2024-0002069
2070,20230104,5400,4,USD,-1123.66,Forecast,DOC-2023-0002070
2071,20220626,5100,2,USD,-3273.81,Actual,DOC-2022-0002071
2072,20231031,5200,10,USD,-6536.65,Actual,DOC-2023-0002072
2073,20250124,1100,5,USD,4158.13,Actual,DOC-2025-0002073
2074,20240522,4000,10,USD,7608.98,Forecast,DOC-2024-0002074
2075,20220111,4200,9,USD,1234.47,Budget,DOC-2022-0002075
2076,20240503,4200,6,GBP,5012.62,Actual,DOC-2024-0002076
2077,20230819,5400,12,USD,-8546.83,Actual,DOC-2023-0002077
2078,20220615,1300,5,GBP,7946.69,Budget,DOC-2022-0002078
2079,20220514,5100,5,USD,-987.05,Forecast,DOC-2022-0002079
2080,20221014,3100,5,USD,3142.77,Actual,DOC-2022-0002080
2081,20230112,1000,5,USD,7372.26,Actual,DOC-2023-0002081
2082,20220410,5000,8,GBP,6350.12,Forecast,DOC-2022-0002082
2083,20240308,4300,9,GBP,-8473.01,Actual,DOC-2024-0002083
2084,20250131,5200,12,GBP,-93.74,Actual,DOC-2025-0002084
2085,20240518,3100,6,PLN,8862.49,Actual,DOC-2024-0002085
2086,20230915,4100,3,GBP,8146.72,Forecast,DOC-2023-0002086
2087,20220818,2200,6,EUR,-5058.96,Actual,DOC-2022-0002087
2088,20220710,1000,12,GBP,1765.94,Forecast,DOC-2022-0002088
2089,20220214,2200,11,EUR,-1108.25,Actual,DOC-2022-0002089
2090,20231119,5400,12,PLN,-976.74,Actual,DOC-2023-0002090
2091,20250824,2100,10,EUR,-8021.63,Actual,DOC-2025-0002091
2092,20240229,4000,10,GBP,1780.19,Actual,DOC-2024-0002092
2093,20220206,2000,3,EUR,878.26,Forecast,DOC-2022-0002093
2094,20230908,5000,2,EUR,5981.7,Actual,DOC-2023-0002094
2095,20240516,2100,3,PLN,-5229.34,Actual,DOC-2024-0002095
2096,20240725,5300,2,PLN,-7115.86,Budget,DOC-2024-0002096
2097,20230716,1100,12,USD,8754.16,Actual,DOC-2023-0002097
2098,20231127,5100,8,PLN,-770.79,Actual,DOC-2023-0002098
2099,20231103,4100,7,PLN,8413.92,Actual,DOC-2023-0002099
2100,20250101,1300,1,GBP,2374.92,Actual,DOC-2025-0002100
2101,20250801,1100,7,GBP,1890.07,Actual,DOC-2025-0002101
2102,20250412,3100,9,USD,7359.46,Actual,DOC-2025-0002102
2103,20251009,1000,5,PLN,8696.98,Actual,DOC-2025-0002103
2104,20251227,1200,7,PLN,2282.51,Actual,DOC-2025-0002104
2105,20240207,5000,6,PLN,282.42,Budget,DOC-2024-0002105
2106,20230924,4000,2,GBP,6906.58,Actual,DOC-2023-0002106
2107,20240807,3000,2,EUR,6806.04,Actual,DOC-2024-0002107
2108,20250508,4300,9,PLN,-1827.54,Actual,DOC-2025-0002108
2109,20250328,5300,8,USD,-6151.96,Forecast,DOC-2025-0002109
2110,20220129,5100,4,GBP,-3026.98,Budget,DOC-2022-0002110
2111,20230305,2100,1,EUR,-1676.53,Forecast,DOC-2023-0002111
2112,20220823,1000,11,PLN,8979.68,Actual,DOC-2022-0002112
2113,20230725,5400,3,GBP,-1631.06,Actual,DOC-2023-0002113
2114,20230705,4300,7,EUR,-7747.89,Forecast,DOC-2023-0002114
2115,20230902,2000,3,GBP,8078.93,Budget,DOC-2023-0002115
2116,20250523,1100,1,USD,7057.69,Actual,DOC-2025-0002116
2117,20241025,4100,7,GBP,3939.03,Forecast,DOC-2024-0002117
2118,20240808,5400,7,GBP,-451.08,Actual,DOC-2024-0002118
2119,20251112,5300,7,USD,-4693.24,Actual,DOC-2025-0002119
2120,20250304,5200,9,EUR,-3827.0,Actual,DOC-2025-0002120
2121,20230826,1000,4,GBP,6904.1,Actual,DOC-2023-0002121
2122,20250101,5400,10,USD,-2196.11,Actual,DOC-2025-0002122
2123,20241225,1200,3,PLN,6140.06,Forecast,DOC-2024-0002123
2124,20250913,5000,11,USD,4064.99,Actual,DOC-2025-0002124
2125,20240703,5100,9,USD,-6838.18,Budget,DOC-2024-0002125
2126,20220219,1100,4,USD,3485.91,Actual,DOC-2022-0002126
2127,20240222,5300,6,GBP,-690.23,Actual,DOC-2024-0002127
2128,20240617,4200,1,PLN,1233.39,Actual,DOC-2024-0002128
2129,20220409,2200,10,EUR,-4037.21,Actual,DOC-2022-0002129
2130,20231231,2100,1,GBP,-2976.94,Actual,DOC-2023-0002130
2131,20240221,5200,4,PLN,-1748.67,Budget,DOC-2024-0002131
2132,20220707,2200,11,PLN,-4318.25,Actual,DOC-2022-0002132
2133,20230826,2100,2,USD,-508.33,Actual,DOC-2023-0002133
2134,20220320,1000,1,GBP,750.0,Actual,DOC-2022-0002134
2135,20230309,5000,11,EUR,7310.7,Actual,DOC-2023-0002135
2136,20250719,4000,10,GBP,6391.48,Actual,DOC-2025-0002136
2137,20251207,5000,10,GBP,8599.61,Actual,DOC-2025-0002137
2138,20251123,1300,5,USD,978.97,Forecast,DOC-2025-0002138
2139,20240122,1000,8,USD,270.43,Actual,DOC-2024-0002139
2140,20241123,4100,2,GBP,5392.41,Actual,DOC-2024-0002140
2141,20230728,5200,12,USD,-4878.94,Actual,DOC-2023-0002141
2142,20250728,4000,10,PLN,350.73,Actual,DOC-2025-0002142
2143,20240729,5100,10,EUR,-5675.99,Actual,DOC-2024-0002143
2144,20221015,5300,11,GBP,-8422.94,Forecast,DOC-2022-0002144
2145,20230414,1000,8,PLN,6893.88,Forecast,DOC-2023-0002145
2146,20240106,4200,9,USD,4328.97,Forecast,DOC-2024-0002146
2147,20221105,5400,9,EUR,-4622.21,Actual,DOC-2022-0002147
2148,20230526,1200,1,PLN,6309.04,Actual,DOC-2023-0002148
2149,20251004,2200,12,GBP,-7399.04,Actual,DOC-2025-0002149
2150,20221027,5100,12,PLN,-1788.13,Actual,DOC-2022-0002150
2151,20230222,5200,7,PLN,-8868.74,Actual,DOC-2023-0002151
2152,20240914,5000,2,GBP,5737.23,Budget,DOC-2024-0002152
2153,20220701,3000,1,EUR,2992.29,Actual,DOC-2022-0002153
2154,20230126,2200,5,EUR,-5033.55,Actual,DOC-2023-0002154
2155,20250611,3100,12,USD,6584.21,Actual,DOC-2025-0002155
2156,20241030,4300,7,PLN,-3238.3,Forecast,DOC-2024-0002156
2157,20230126,4100,1,PLN,8537.2,Budget,DOC-2023-0002157
2158,20250905,5400,12,PLN,-2938.2,Actual,DOC-2025-0002158
2159,20251231,5100,1,GBP,-8326.59,Actual,DOC-2025-0002159
2160,20240404,2000,5,EUR,4790.18,Actual,DOC-2024-0002160
2161,20251020,1300,12,PLN,7823.54,Actual,DOC-2025-0002161
2162,20241129,3100,8,EUR,290.02,Actual,DOC-2024-0002162
2163,20250606,5100,12,GBP,-6197.86,Forecast,DOC-2025-0002163
2164,20220805,5400,12,EUR,-5978.5,Actual,DOC-2022-0002164
2165,20230822,1000,5,USD,2787.9,Budget,DOC-2023-0002165
2166,20250720,4300,1,USD,-4691.34,Actual,DOC-2025-0002166
2167,20250918,2000,10,GBP,4170.98,Forecast,DOC-2025-0002167
2168,20240217,4000,5,EUR,5738.14,Actual,DOC-2024-0002168
2169,20250324,4100,8,EUR,466.44,Budget,DOC-2025-0002169
2170,20251030,2200,8,GBP,-8416.69,Actual,DOC-2025-0002170
2171,20240507,5200,2,USD,-3961.03,Actual,DOC-2024-0002171
2172,20230625,3000,3,USD,6158.25,Actual,DOC-2023-0002172
2173,20230901,4100,7,EUR,5446.29,Actual,DOC-2023-0002173
2174,20221205,4300,2,GBP,-5598.21,Actual,DOC-2022-0002174
2175,20230911,4000,6,GBP,6612.49,Budget,DOC-2023-0002175
2176,20241211,1200,10,USD,7542.69,Budget,DOC-2024-0002176
2177,20231219,2000,8,GBP,7142.34,Budget,DOC-2023-0002177
2178,20250624,5100,5,EUR,-5360.88,Actual,DOC-2025-0002178
2179,20230807,2200,2,USD,-3912.85,Budget,DOC-2023-0002179
2180,20220102,1300,7,GBP,7443.01,Actual,DOC-2022-0002180
2181,20220411,5200,1,GBP,-5065.48,Actual,DOC-2022-0002181
2182,20230903,4000,1,USD,5014.2,Actual,DOC-2023-0002182
2183,20240622,4200,11,USD,8496.31,Budget,DOC-2024-0002183
2184,20240423,5000,1,GBP,6672.14,Budget,DOC-2024-0002184
2185,20240418,5100,5,GBP,-71.04,Actual,DOC-2024-0002185
2186,20220122,1300,12,USD,1766.67,Actual,DOC-2022-0002186
2187,20251223,2000,8,PLN,4130.62,Actual,DOC-2025-0002187
2188,20231124,4300,4,GBP,-5433.49,Actual,DOC-2023-0002188
2189,20250924,3100,5,GBP,116.98,Budget,DOC-2025-0002189
2190,20220828,1300,6,PLN,1266.8,Actual,DOC-2022-0002190
2191,20220921,3100,4,PLN,646.53,Budget,DOC-2022-0002191
2192,20240927,1100,2,PLN,8914.81,Actual,DOC-2024-0002192
2193,20250923,4000,1,EUR,3346.91,Actual,DOC-2025-0002193
2194,20240709,2000,11,EUR,7749.87,Actual,DOC-2024-0002194
2195,20250904,1000,10,PLN,3999.47,Actual,DOC-2025-0002195
2196,20221117,4200,4,EUR,7691.08,Forecast,DOC-2022-0002196
2197,20250714,4300,2,GBP,-4287.24,Actual,DOC-2025-0002197
2198,20250316,5100,2,GBP,-4185.54,Actual,DOC-2025-0002198
2199,20220514,1100,11,GBP,5010.43,Actual,DOC-2022-0002199
2200,20220807,4200,10,USD,4751.19,Actual,DOC-2022-0002200
2201,20251213,5000,8,GBP,7605.54,Actual,DOC-2025-0002201
2202,20250926,3100,9,GBP,8742.06,Actual,DOC-2025-0002202
2203,20240905,5100,11,GBP,-8253.04,Actual,DOC-2024-0002203
2204,20250211,1100,12,EUR,4404.35,Actual,DOC-2025-0002204
2205,20240707,2200,1,PLN,-2622.37,Forecast,DOC-2024-0002205
2206,20231127,3000,12,USD,2534.37,Actual,DOC-2023-0002206
2207,20220826,4200,10,EUR,4373.95,Actual,DOC-2022-0002207
2208,20240727,5100,1,USD,-3293.54,Forecast,DOC-2024-0002208
2209,20220129,2200,4,GBP,-6988.45,Actual,DOC-2022-0002209
2210,20250108,3000,9,GBP,2969.07,Budget,DOC-2025-0002210
2211,20240327,5300,4,PLN,-5133.23,Actual,DOC-2024-0002211
2212,20241030,3100,2,GBP,617.18,Actual,DOC-2024-0002212
2213,20220425,5300,11,PLN,-3077.87,Budget,DOC-2022-0002213
2214,20220519,4200,11,EUR,5024.02,Actual,DOC-2022-0002214
2215,20241011,2200,9,EUR,-4079.58,Actual,DOC-2024-0002215
2216,20240904,2000,8,PLN,1696.11,Forecast,DOC-2024-0002216
2217,20230316,2100,1,PLN,-1802.34,Actual,DOC-2023-0002217
2218,20250124,5300,1,USD,-869.4,Actual,DOC-2025-0002218
2219,20231221,2000,5,EUR,3450.41,Actual,DOC-2023-0002219
2220,20240909,4200,3,GBP,4666.57,Actual,DOC-2024-0002220
2221,20250916,5100,5,EUR,-5728.07,Actual,DOC-2025-0002221
2222,20220610,2100,8,PLN,-4588.23,Actual,DOC-2022-0002222
2223,20220126,4100,2,EUR,4124.7,Actual,DOC-2022-0002223
2224,20230311,4300,11,PLN,-3099.26,Forecast,DOC-2023-0002224
2225,20230525,4000,10,EUR,474.39,Actual,DOC-2023-0002225
2226,20251012,5400,4,USD,-1934.35,Actual,DOC-2025-0002226
2227,20220926,3100,10,USD,753.43,Actual,DOC-2022-0002227
2228,20250516,1100,4,PLN,3098.83,Actual,DOC-2025-0002228
2229,20250221,5400,4,USD,-1688.43,Budget,DOC-2025-0002229
2230,20230315,1200,9,PLN,4185.77,Actual,DOC-2023-0002230
2231,20220418,5000,5,PLN,8430.6,Forecast,DOC-2022-0002231
2232,20231219,5100,9,EUR,-1045.01,Actual,DOC-2023-0002232
2233,20241209,3000,8,EUR,7415.01,Actual,DOC-2024-0002233
2234,20221123,1300,1,GBP,3945.4,Actual,DOC-2022-0002234
2235,20230209,4000,7,EUR,4925.53,Actual,DOC-2023-0002235
2236,20230608,5200,6,PLN,-3255.67,Actual,DOC-2023-0002236
2237,20220320,5100,3,USD,-7981.06,Actual,DOC-2022-0002237
2238,20250421,3000,1,USD,7228.52,Actual,DOC-2025-0002238
2239,20230917,4300,11,GBP,-2073.31,Actual,DOC-2023-0002239
2240,20231226,4000,3,EUR,2256.12,Actual,DOC-2023-0002240
2241,20241005,1300,3,EUR,908.84,Actual,DOC-2024-0002241
2242,20230205,3100,4,USD,1144.59,Forecast,DOC-2023-0002242
2243,20240731,4200,2,PLN,8082.23,Actual,DOC-2024-0002243
2244,20220312,5400,1,PLN,-8899.95,Actual,DOC-2022-0002244
2245,20230222,5200,7,GBP,-4007.12,Actual,DOC-2023-0002245
2246,20231130,3100,1,EUR,5970.59,Actual,DOC-2023-0002246
2247,20250424,5000,4,PLN,6795.23,Actual,DOC-2025-0002247
2248,20240410,2000,4,EUR,8581.63,Actual,DOC-2024-0002248
2249,20240523,5400,7,EUR,-1840.59,Forecast,DOC-2024-0002249
2250,20220701,5400,11,USD,-672.75,Forecast,DOC-2022-0002250
2251,20220607,5300,3,USD,-1279.06,Actual,DOC-2022-0002251
2252,20241024,5400,6,GBP,-2153.95,Forecast,DOC-2024-0002252
2253,20230503,2100,9,GBP,-7345.03,Forecast,DOC-2023-0002253
2254,20221128,4100,9,EUR,6090.45,Actual,DOC-2022-0002254
2255,20240917,5200,1,GBP,-4915.32,Actual,DOC-2024-0002255
2256,20230311,4200,6,PLN,5867.02,Actual,DOC-2023-0002256
2257,20241130,3100,2,EUR,7237.69,Actual,DOC-2024-0002257
2258,20240123,5200,3,GBP,-7953.19,Actual,DOC-2024-0002258
2259,20230811,5000,3,USD,7003.58,Budget,DOC-2023-0002259
2260,20220407,1200,5,USD,1245.88,Actual,DOC-2022-0002260
2261,20230307,4300,12,EUR,-89.59,Budget,DOC-2023-0002261
2262,20250211,2200,2,GBP,-1730.29,Actual,DOC-2025-0002262
2263,20240929,2200,9,PLN,-5584.45,Actual,DOC-2024-0002263
2264,20250504,4300,1,GBP,-6502.56,Actual,DOC-2025-0002264
2265,20230401,5100,2,PLN,-8956.6,Actual,DOC-2023-0002265
2266,20240308,5400,7,USD,-8490.29,Budget,DOC-2024-0002266
2267,20220312,4100,8,GBP,628.84,Forecast,DOC-2022-0002267
2268,20230926,5200,12,PLN,-2693.79,Actual,DOC-2023-0002268
2269,20240512,1100,3,EUR,1308.59,Actual,DOC-2024-0002269
2270,20251124,1100,7,GBP,1954.96,Actual,DOC-2025-0002270
2271,20221006,5200,12,EUR,-5425.89,Actual,DOC-2022-0002271
2272,20250515,3100,10,PLN,8569.7,Actual,DOC-2025-0002272
2273,20240622,5400,8,USD,-7766.44,Actual,DOC-2024-0002273
2274,20221125,4300,12,EUR,-1081.78,Actual,DOC-2022-0002274
2275,20220901,1000,5,EUR,5114.5,Actual,DOC-2022-0002275
2276,20250113,2000,6,GBP,1608.71,Actual,DOC-2025-0002276
2277,20251223,2200,9,EUR,-2353.64,Forecast,DOC-2025-0002277
2278,20220313,5400,9,EUR,-4706.19,Budget,DOC-2022-0002278
2279,20250130,1300,4,PLN,6340.29,Actual,DOC-2025-0002279
2280,20220509,5400,1,USD,-8325.99,Forecast,DOC-2022-0002280
2281,20250125,1000,5,PLN,3166.04,Actual,DOC-2025-0002281
2282,20231116,2200,11,USD,-7282.69,Budget,DOC-2023-0002282
2283,20240829,3000,3,USD,8724.33,Actual,DOC-2024-0002283
2284,20251005,3100,3,PLN,6403.77,Actual,DOC-2025-0002284
2285,20230801,1300,3,USD,4246.65,Actual,DOC-2023-0002285
2286,20240109,3100,1,USD,7775.22,Actual,DOC-2024-0002286
2287,20250224,1200,11,GBP,7169.67,Actual,DOC-2025-0002287
2288,20221126,2000,12,EUR,2915.82,Actual,DOC-2022-0002288
2289,20250308,5000,7,EUR,4025.48,Budget,DOC-2025-0002289
2290,20230509,4200,1,PLN,118.03,Actual,DOC-2023-0002290
2291,20240312,2100,1,GBP,-1088.95,Actual,DOC-2024-0002291
2292,20220831,2100,3,EUR,-5786.97,Actual,DOC-2022-0002292
2293,20240509,4000,3,GBP,5291.78,Actual,DOC-2024-0002293
2294,20220510,5100,11,EUR,-7163.78,Budget,DOC-2022-0002294
2295,20230831,3000,1,PLN,5555.56,Budget,DOC-2023-0002295
2296,20240715,4300,7,USD,-5889.0,Budget,DOC-2024-0002296
2297,20250125,4200,4,PLN,8143.04,Actual,DOC-2025-0002297
2298,20230401,5100,8,USD,-1465.7,Actual,DOC-2023-0002298
2299,20240321,3000,6,GBP,372.13,Budget,DOC-2024-0002299
2300,20240527,4200,2,EUR,4857.2,Actual,DOC-2024-0002300
2301,20230610,3100,11,GBP,4711.39,Actual,DOC-2023-0002301
2302,20220722,1300,5,USD,3202.41,Forecast,DOC-2022-0002302
2303,20221215,5000,10,EUR,6680.81,Actual,DOC-2022-0002303
2304,20240203,4000,1,GBP,2523.86,Actual,DOC-2024-0002304
2305,20220614,5100,2,USD,-5074.58,Actual,DOC-2022-0002305
2306,20230126,5300,1,EUR,-3359.74,Actual,DOC-2023-0002306
2307,20250512,4300,6,EUR,-6279.18,Actual,DOC-2025-0002307
2308,20250929,1100,1,GBP,3410.02,Actual,DOC-2025-0002308
2309,20230719,4100,11,GBP,2283.14,Budget,DOC-2023-0002309
2310,20241116,5000,10,USD,2975.85,Forecast,DOC-2024-0002310
2311,20250817,1100,5,EUR,1610.85,Actual,DOC-2025-0002311
2312,20240607,2200,7,USD,-2446.87,Actual,DOC-2024-0002312
2313,20220102,2000,9,GBP,8527.43,Actual,DOC-2022-0002313
2314,20230101,5300,10,USD,-1680.42,Actual,DOC-2023-0002314
2315,20231106,3100,4,PLN,5989.78,Actual,DOC-2023-0002315
2316,20240715,1300,10,USD,3110.22,Actual,DOC-2024-0002316
2317,20240906,4000,12,PLN,2330.9,Forecast,DOC-2024-0002317
2318,20241003,4200,11,PLN,8809.44,Actual,DOC-2024-0002318
2319,20251009,1100,9,USD,8524.69,Budget,DOC-2025-0002319
2320,20220116,5400,4,GBP,-7105.39,Actual,DOC-2022-0002320
2321,20250919,4000,7,GBP,7372.31,Budget,DOC-2025-0002321
2322,20221104,1200,7,PLN,2820.47,Actual,DOC-2022-0002322
2323,20220929,5100,12,GBP,-3131.57,Actual,DOC-2022-0002323
2324,20221024,1200,7,PLN,804.09,Budget,DOC-2022-0002324
2325,20250329,1200,2,EUR,6991.2,Budget,DOC-2025-0002325
2326,20220323,3000,3,EUR,4393.35,Actual,DOC-2022-0002326
2327,20240316,4300,6,USD,-1830.26,Actual,DOC-2024-0002327
2328,20230911,5000,10,PLN,6193.99,Actual,DOC-2023-0002328
2329,20251120,2200,2,PLN,-6200.66,Actual,DOC-2025-0002329
2330,20240929,3000,6,GBP,5404.81,Actual,DOC-2024-0002330
2331,20231030,2200,2,GBP,-7135.08,Actual,DOC-2023-0002331
2332,20240724,2100,1,EUR,-781.96,Forecast,DOC-2024-0002332
2333,20220627,4000,6,GBP,6010.77,Budget,DOC-2022-0002333
2334,20230921,5000,7,PLN,2786.68,Actual,DOC-2023-0002334
2335,20220626,5400,4,EUR,-2764.78,Forecast,DOC-2022-0002335
2336,20241016,4100,1,EUR,7043.3,Forecast,DOC-2024-0002336
2337,20240128,4200,3,EUR,7359.63,Actual,DOC-2024-0002337
2338,20221102,5400,8,EUR,-1238.08,Actual,DOC-2022-0002338
2339,20220719,5000,6,GBP,6212.6,Forecast,DOC-2022-0002339
2340,20230503,1200,9,GBP,5003.65,Actual,DOC-2023-0002340
2341,20221227,1300,3,GBP,986.75,Actual,DOC-2022-0002341
2342,20240729,3000,7,PLN,2094.05,Actual,DOC-2024-0002342
2343,20221218,1300,3,EUR,8769.32,Actual,DOC-2022-0002343
2344,20240607,1100,4,GBP,3939.83,Actual,DOC-2024-0002344
2345,20250615,1300,8,PLN,2025.03,Forecast,DOC-2025-0002345
2346,20250212,4000,4,GBP,2431.99,Actual,DOC-2025-0002346
2347,20230509,2000,9,GBP,8974.24,Forecast,DOC-2023-0002347
2348,20230917,5000,7,PLN,5974.45,Actual,DOC-2023-0002348
2349,20220411,1300,8,EUR,8480.5,Actual,DOC-2022-0002349
2350,20240320,5000,4,GBP,4651.53,Actual,DOC-2024-0002350
2351,20221230,2200,5,EUR,-7670.08,Budget,DOC-2022-0002351
2352,20220307,4000,3,USD,8640.67,Actual,DOC-2022-0002352
2353,20251124,4300,5,EUR,-344.76,Forecast,DOC-2025-0002353
2354,20230103,4300,3,EUR,-3360.02,Actual,DOC-2023-0002354
2355,20230430,2100,3,EUR,-8336.63,Actual,DOC-2023-0002355
2356,20250214,1300,12,GBP,7612.39,Actual,DOC-2025-0002356
2357,20240804,2200,11,USD,-1699.78,Actual,DOC-2024-0002357
2358,20251025,3100,12,GBP,1646.12,Actual,DOC-2025-0002358
2359,20251223,4100,5,USD,8457.31,Actual,DOC-2025-0002359
2360,20230620,4100,4,EUR,5753.05,Actual,DOC-2023-0002360
2361,20220902,4100,2,EUR,6142.24,Actual,DOC-2022-0002361
2362,20230123,5000,2,PLN,8466.44,Forecast,DOC-2023-0002362
2363,20240516,4300,9,USD,-8221.11,Actual,DOC-2024-0002363
2364,20230906,4300,3,EUR,-7525.16,Actual,DOC-2023-0002364
2365,20220109,1000,1,USD,2700.62,Actual,DOC-2022-0002365
2366,20230324,2000,8,PLN,4558.17,Budget,DOC-2023-0002366
2367,20220403,5300,5,PLN,-8879.97,Actual,DOC-2022-0002367
2368,20220809,1100,6,GBP,3071.14,Actual,DOC-2022-0002368
2369,20250911,5000,10,USD,6623.54,Actual,DOC-2025-0002369
2370,20250922,5000,5,PLN,3071.16,Actual,DOC-2025-0002370
2371,20231012,5400,1,USD,-4043.62,Actual,DOC-2023-0002371
2372,20220728,2000,8,GBP,7657.73,Actual,DOC-2022-0002372
2373,20250608,5100,7,EUR,-1176.7,Actual,DOC-2025-0002373
2374,20240120,5100,4,GBP,-8372.08,Forecast,DOC-2024-0002374
2375,20241117,5100,5,PLN,-3384.21,Actual,DOC-2024-0002375
2376,20251009,4300,5,EUR,-7224.03,Actual,DOC-2025-0002376
2377,20250307,1200,1,GBP,8018.31,Actual,DOC-2025-0002377
2378,20230910,4300,3,EUR,-1081.43,Actual,DOC-2023-0002378
2379,20220131,5200,11,USD,-419.08,Forecast,DOC-2022-0002379
2380,20240713,2000,6,USD,7204.22,Budget,DOC-2024-0002380
2381,20240822,4200,9,GBP,8117.56,Actual,DOC-2024-0002381
2382,20250226,3000,9,GBP,4272.13,Actual,DOC-2025-0002382
2383,20240618,5100,10,PLN,-5057.52,Actual,DOC-2024-0002383
2384,20240818,3000,10,EUR,775.49,Budget,DOC-2024-0002384
2385,20220828,5200,3,USD,-7786.77,Actual,DOC-2022-0002385
2386,20250914,3000,2,GBP,7094.71,Actual,DOC-2025-0002386
2387,20230126,4300,2,PLN,-7691.91,Actual,DOC-2023-0002387
2388,20230415,2000,11,EUR,6995.32,Actual,DOC-2023-0002388
2389,20221118,5000,3,USD,2423.09,Forecast,DOC-2022-0002389
2390,20220310,1100,2,PLN,7258.89,Forecast,DOC-2022-0002390
2391,20220711,5000,4,PLN,6966.06,Actual,DOC-2022-0002391
2392,20251206,1100,12,PLN,2566.67,Actual,DOC-2025-0002392
2393,20230802,5300,6,EUR,-6709.85,Actual,DOC-2023-0002393
2394,20241117,5100,11,PLN,-1898.13,Actual,DOC-2024-0002394
2395,20220330,2100,7,EUR,-5432.55,Budget,DOC-2022-0002395
2396,20230915,5000,10,USD,8394.56,Actual,DOC-2023-0002396
2397,20220124,5300,12,GBP,-2421.49,Actual,DOC-2022-0002397
2398,20220127,5000,7,GBP,6138.96,Forecast,DOC-2022-0002398
2399,20221015,4100,6,GBP,8767.86,Actual,DOC-2022-0002399
2400,20230708,4000,11,PLN,4588.45,Actual,DOC-2023-0002400
2401,20230426,1300,11,EUR,1225.15,Actual,DOC-2023-0002401
2402,20240109,5000,1,USD,2123.24,Actual,DOC-2024-0002402
2403,20251211,3000,9,GBP,670.63,Actual,DOC-2025-0002403
2404,20230422,3100,4,EUR,1922.98,Budget,DOC-2023-0002404
2405,20240924,2000,10,GBP,697.55,Actual,DOC-2024-0002405
2406,20230414,4000,2,PLN,908.01,Actual,DOC-2023-0002406
2407,20220827,3100,3,GBP,8623.19,Actual,DOC-2022-0002407
2408,20250703,4200,7,USD,8168.28,Actual,DOC-2025-0002408
2409,20221128,4000,12,USD,2051.47,Actual,DOC-2022-0002409
2410,20240331,2200,8,GBP,-3979.99,Actual,DOC-2024-0002410
2411,20251216,1300,4,EUR,1576.8,Actual,DOC-2025-0002411
2412,20240115,5400,3,GBP,-2485.96,Actual,DOC-2024-0002412
2413,20250608,5400,9,PLN,-5125.25,Forecast,DOC-2025-0002413
2414,20231228,4300,11,GBP,-7012.29,Forecast,DOC-2023-0002414
2415,20220914,4100,1,EUR,5580.31,Actual,DOC-2022-0002415
2416,20220129,5100,11,GBP,-8132.51,Actual,DOC-2022-0002416
2417,20240816,5400,1,GBP,-6602.27,Actual,DOC-2024-0002417
2418,20241211,5000,2,USD,3698.0,Actual,DOC-2024-0002418
2419,20220606,4000,2,USD,6019.15,Actual,DOC-2022-0002419
2420,20241114,5400,7,EUR,-3112.07,Actual,DOC-2024-0002420
2421,20220313,2200,11,USD,-3583.69,Actual,DOC-2022-0002421
2422,20220810,1300,11,EUR,1210.51,Actual,DOC-2022-0002422
2423,20250612,5100,6,EUR,-6405.2,Actual,DOC-2025-0002423
2424,20220714,4200,12,PLN,3204.32,Budget,DOC-2022-0002424
2425,20250626,4200,6,EUR,3716.71,Actual,DOC-2025-0002425
2426,20221030,5300,7,USD,-3137.29,Actual,DOC-2022-0002426
2427,20230126,5300,3,GBP,-7979.31,Actual,DOC-2023-0002427
2428,20221206,5100,7,GBP,-7387.72,Actual,DOC-2022-0002428
2429,20250203,1000,7,PLN,8312.43,Budget,DOC-2025-0002429
2430,20230704,5400,12,EUR,-1954.31,Actual,DOC-2023-0002430
2431,20221004,1200,3,GBP,8247.35,Actual,DOC-2022-0002431
2432,20240419,5000,10,USD,481.11,Actual,DOC-2024-0002432
2433,20251031,2000,6,USD,8753.49,Actual,DOC-2025-0002433
2434,20250730,4100,4,GBP,2594.09,Forecast,DOC-2025-0002434
2435,20250829,4100,7,USD,4806.85,Actual,DOC-2025-0002435
2436,20240206,2000,11,PLN,7048.33,Budget,DOC-2024-0002436
2437,20241011,4000,3,EUR,1645.64,Actual,DOC-2024-0002437
2438,20250226,3100,9,GBP,1949.57,Actual,DOC-2025-0002438
2439,20241230,4100,1,EUR,4734.63,Actual,DOC-2024-0002439
2440,20240724,5300,12,EUR,-6810.54,Actual,DOC-2024-0002440
2441,20230819,4000,2,GBP,154.11,Actual,DOC-2023-0002441
2442,20240630,1100,3,EUR,1571.34,Actual,DOC-2024-0002442
2443,20250304,2200,9,PLN,-4206.97,Actual,DOC-2025-0002443
2444,20240502,3100,8,GBP,1815.94,Actual,DOC-2024-0002444
2445,20230424,5400,4,EUR,-3419.31,Actual,DOC-2023-0002445
2446,20231105,3100,11,PLN,7725.7,Forecast,DOC-2023-0002446
2447,20230627,1000,11,USD,1963.46,Actual,DOC-2023-0002447
2448,20231229,5000,5,GBP,7161.03,Actual,DOC-2023-0002448
2449,20250719,1100,6,PLN,3206.49,Actual,DOC-2025-0002449
2450,20240905,5100,3,GBP,-2303.52,Actual,DOC-2024-0002450
2451,20240226,4100,4,GBP,5940.91,Forecast,DOC-2024-0002451
2452,20220704,1300,9,EUR,1223.37,Actual,DOC-2022-0002452
2453,20240910,1200,6,USD,1517.42,Actual,DOC-2024-0002453
2454,20231026,3000,3,EUR,2773.25,Actual,DOC-2023-0002454
2455,20250625,5300,3,EUR,-6000.43,Actual,DOC-2025-0002455
2456,20240623,4300,4,EUR,-1836.76,Actual,DOC-2024-0002456
2457,20221212,5300,4,GBP,-1861.3,Actual,DOC-2022-0002457
2458,20220420,4300,1,USD,-602.81,Forecast,DOC-2022-0002458
2459,20230911,5000,2,EUR,2870.26,Actual,DOC-2023-0002459
2460,20250308,1000,2,EUR,8464.23,Actual,DOC-2025-0002460
2461,20250425,5100,1,GBP,-5349.24,Actual,DOC-2025-0002461
2462,20221128,3100,3,PLN,5511.17,Actual,DOC-2022-0002462
2463,20220315,3000,12,EUR,2246.51,Budget,DOC-2022-0002463
2464,20241106,5200,11,GBP,-7933.19,Actual,DOC-2024-0002464
2465,20230208,3000,6,GBP,2981.92,Budget,DOC-2023-0002465
2466,20241127,5200,11,PLN,-3447.4,Forecast,DOC-2024-0002466
2467,20230919,3100,9,EUR,6036.3,Actual,DOC-2023-0002467
2468,20240124,4100,8,EUR,7914.04,Actual,DOC-2024-0002468
2469,20231223,1200,10,GBP,7844.8,Actual,DOC-2023-0002469
2470,20220315,1300,6,PLN,7162.0,Actual,DOC-2022-0002470
2471,20250110,2200,4,PLN,-7555.75,Forecast,DOC-2025-0002471
2472,20230425,5000,2,PLN,7877.63,Actual,DOC-2023-0002472
2473,20231102,5400,4,GBP,-8493.66,Actual,DOC-2023-0002473
2474,20230819,4000,12,EUR,904.7,Budget,DOC-2023-0002474
2475,20230919,3100,5,EUR,8136.03,Forecast,DOC-2023-0002475
2476,20230816,4100,3,PLN,3055.58,Actual,DOC-2023-0002476
2477,20230815,2000,5,GBP,504.37,Actual,DOC-2023-0002477
2478,20230825,3100,8,USD,1966.94,Actual,DOC-2023-0002478
2479,20230404,2100,11,EUR,-3003.06,Actual,DOC-2023-0002479
2480,20220521,2100,5,EUR,-4130.08,Budget,DOC-2022-0002480
2481,20240214,1200,5,USD,7088.02,Budget,DOC-2024-0002481
2482,20230427,5300,1,PLN,-4310.88,Actual,DOC-2023-0002482
2483,20221018,5100,5,PLN,-3177.24,Actual,DOC-2022-0002483
2484,20221110,5400,3,GBP,-8567.88,Actual,DOC-2022-0002484
2485,20230907,2200,4,USD,-7826.97,Actual,DOC-2023-0002485
2486,20220805,3000,4,EUR,5749.4,Forecast,DOC-2022-0002486
2487,20240715,5100,5,EUR,-8547.12,Actual,DOC-2024-0002487
2488,20251207,4100,7,USD,7772.47,Actual,DOC-2025-0002488
2489,20241030,1100,1,PLN,6955.17,Actual,DOC-2024-0002489
2490,20250304,4100,10,EUR,2450.97,Forecast,DOC-2025-0002490
2491,20230820,3100,7,USD,5374.43,Actual,DOC-2023-0002491
2492,20220309,2100,5,EUR,-4898.72,Actual,DOC-2022-0002492
2493,20250829,3100,3,USD,6563.67,Budget,DOC-2025-0002493
2494,20220323,5300,7,PLN,-847.42,Actual,DOC-2022-0002494
2495,20220213,4300,5,EUR,-6371.56,Actual,DOC-2022-0002495
2496,20230620,3100,5,PLN,6006.04,Actual,DOC-2023-0002496
2497,20240225,5000,11,EUR,3594.19,Actual,DOC-2024-0002497
2498,20230104,5400,8,EUR,-2311.55,Actual,DOC-2023-0002498
2499,20240408,4200,12,EUR,3222.48,Actual,DOC-2024-0002499
2500,20230611,4200,3,PLN,6597.14,Forecast,DOC-2023-0002500
2501,20230215,5200,5,USD,-1310.07,Forecast,DOC-2023-0002501
2502,20240929,5400,9,PLN,-5545.75,Actual,DOC-2024-0002502
2503,20220807,4000,7,PLN,3293.71,Budget,DOC-2022-0002503
2504,20231010,2000,3,EUR,1670.69,Actual,DOC-2023-0002504
2505,20230625,2200,11,GBP,-1672.0,Actual,DOC-2023-0002505
2506,20230112,5400,7,PLN,-7792.92,Actual,DOC-2023-0002506
2507,20250831,2100,10,GBP,-6408.21,Actual,DOC-2025-0002507
2508,20240503,2200,2,GBP,-7498.17,Budget,DOC-2024-0002508
2509,20251123,1000,3,USD,3913.11,Actual,DOC-2025-0002509
2510,20250424,4200,4,EUR,3239.08,Forecast,DOC-2025-0002510
2511,20230630,2000,9,EUR,1596.76,Actual,DOC-2023-0002511
2512,20240705,4200,8,USD,4130.42,Actual,DOC-2024-0002512
2513,20220228,5200,4,PLN,-8630.64,Actual,DOC-2022-0002513
2514,20241208,4300,10,USD,-7442.83,Forecast,DOC-2024-0002514
2515,20251214,1000,2,EUR,2344.5,Budget,DOC-2025-0002515
2516,20241110,2200,8,USD,-1805.02,Forecast,DOC-2024-0002516
2517,20230818,1300,8,USD,3453.12,Actual,DOC-2023-0002517
2518,20250116,3000,3,GBP,4047.39,Actual,DOC-2025-0002518
2519,20220902,5400,3,EUR,-5458.52,Actual,DOC-2022-0002519
2520,20240701,4100,1,GBP,5634.77,Actual,DOC-2024-0002520
2521,20230401,1200,2,PLN,4674.22,Actual,DOC-2023-0002521
2522,20230821,2000,12,PLN,2199.25,Actual,DOC-2023-0002522
2523,20230703,3100,11,GBP,4258.31,Actual,DOC-2023-0002523
2524,20230517,4200,11,PLN,3327.16,Forecast,DOC-2023-0002524
2525,20250325,1200,11,GBP,3405.22,Actual,DOC-2025-0002525
2526,20230215,3100,5,EUR,6759.58,Actual,DOC-2023-0002526
2527,20220823,2100,5,GBP,-8647.77,Actual,DOC-2022-0002527
2528,20230802,1000,10,GBP,1032.72,Actual,DOC-2023-0002528
2529,20250830,2000,6,PLN,6323.83,Actual,DOC-2025-0002529
2530,20250207,3000,9,USD,230.04,Actual,DOC-2025-0002530
2531,20220502,2000,3,EUR,7550.85,Actual,DOC-2022-0002531
2532,20220527,2100,8,EUR,-4085.03,Actual,DOC-2022-0002532
2533,20250903,3000,7,EUR,911.25,Actual,DOC-2025-0002533
2534,20231029,3100,8,EUR,2589.77,Forecast,DOC-2023-0002534
2535,20240309,1000,10,PLN,1221.16,Actual,DOC-2024-0002535
2536,20231220,1000,7,PLN,729.71,Forecast,DOC-2023-0002536
2537,20250922,1200,6,PLN,4986.39,Actual,DOC-2025-0002537
2538,20220208,2200,3,EUR,-259.06,Budget,DOC-2022-0002538
2539,20220607,5000,12,USD,4982.7,Forecast,DOC-2022-0002539
2540,20250901,3100,2,GBP,7204.03,Actual,DOC-2025-0002540
2541,20230928,4200,2,EUR,1145.42,Actual,DOC-2023-0002541
2542,20250112,1300,9,GBP,3375.9,Actual,DOC-2025-0002542
2543,20240529,5200,1,EUR,-6661.65,Actual,DOC-2024-0002543
2544,20240606,1000,6,USD,5482.5,Budget,DOC-2024-0002544
2545,20230622,5100,2,USD,-4017.58,Actual,DOC-2023-0002545
2546,20220912,5400,5,GBP,-4289.46,Forecast,DOC-2022-0002546
2547,20241104,1000,2,GBP,4877.3,Budget,DOC-2024-0002547
2548,20250716,4300,5,GBP,-3449.71,Actual,DOC-2025-0002548
2549,20230531,5100,12,PLN,-7876.34,Forecast,DOC-2023-0002549
2550,20250903,4000,12,GBP,1202.29,Actual,DOC-2025-0002550
2551,20250325,5300,5,USD,-8237.33,Actual,DOC-2025-0002551
2552,20250702,5200,8,USD,-3808.61,Actual,DOC-2025-0002552
2553,20220109,2200,5,GBP,-5028.83,Actual,DOC-2022-0002553
2554,20240101,3100,10,PLN,2003.79,Actual,DOC-2024-0002554
2555,20251122,3100,2,EUR,1154.88,Actual,DOC-2025-0002555
2556,20240811,1300,9,PLN,2270.14,Forecast,DOC-2024-0002556
2557,20250103,1200,5,USD,84.28,Forecast,DOC-2025-0002557
2558,20230224,2000,10,PLN,7975.15,Actual,DOC-2023-0002558
2559,20220306,2100,4,EUR,-5071.51,Actual,DOC-2022-0002559
2560,20230818,4300,9,PLN,-7079.16,Actual,DOC-2023-0002560
2561,20220318,2200,10,PLN,-7952.72,Actual,DOC-2022-0002561
2562,20250814,4000,3,PLN,2027.79,Actual,DOC-2025-0002562
2563,20250713,4300,7,USD,-2140.28,Actual,DOC-2025-0002563
2564,20241204,2100,3,PLN,-1090.93,Forecast,DOC-2024-0002564
2565,20240907,2100,3,PLN,-2208.45,Actual,DOC-2024-0002565
2566,20240822,1000,12,PLN,3587.11,Actual,DOC-2024-0002566
2567,20250517,5300,11,GBP,-7749.12,Actual,DOC-2025-0002567
2568,20220626,2000,1,USD,1111.32,Actual,DOC-2022-0002568
2569,20220717,5100,2,EUR,-5118.72,Actual,DOC-2022-0002569
2570,20220407,5100,3,USD,-884.22,Actual,DOC-2022-0002570
2571,20240101,3100,5,PLN,4568.88,Actual,DOC-2024-0002571
2572,20220515,1000,10,GBP,7173.98,Actual,DOC-2022-0002572
2573,20240616,5100,4,GBP,-7168.45,Actual,DOC-2024-0002573
2574,20220302,1100,1,USD,8935.4,Actual,DOC-2022-0002574
2575,20230607,2200,4,EUR,-5181.96,Forecast,DOC-2023-0002575
2576,20240829,1300,11,USD,3949.4,Forecast,DOC-2024-0002576
2577,20230511,4200,9,PLN,3687.45,Actual,DOC-2023-0002577
2578,20230604,5000,11,PLN,8099.06,Actual,DOC-2023-0002578
2579,20231031,4200,2,EUR,6526.66,Actual,DOC-2023-0002579
2580,20251229,5300,8,EUR,-7632.92,Actual,DOC-2025-0002580
2581,20220618,5000,11,PLN,7097.11,Actual,DOC-2022-0002581
2582,20250715,2000,3,GBP,1354.25,Actual,DOC-2025-0002582
2583,20241114,4100,11,USD,2950.92,Forecast,DOC-2024-0002583
2584,20250828,5000,7,EUR,1314.36,Actual,DOC-2025-0002584
2585,20250910,1100,4,EUR,7853.27,Budget,DOC-2025-0002585
2586,20230926,1100,9,EUR,5976.1,Actual,DOC-2023-0002586
2587,20240225,1200,4,USD,2677.1,Budget,DOC-2024-0002587
2588,20251009,4300,3,EUR,-1769.36,Actual,DOC-2025-0002588
2589,20250629,4000,12,USD,4094.79,Actual,DOC-2025-0002589
2590,20240201,1200,9,PLN,2291.52,Actual,DOC-2024-0002590
2591,20250207,2100,2,GBP,-7727.94,Actual,DOC-2025-0002591
2592,20250219,1200,4,USD,8645.85,Actual,DOC-2025-0002592
2593,20251005,4000,6,PLN,8887.1,Budget,DOC-2025-0002593
2594,20250524,4000,5,GBP,6391.97,Actual,DOC-2025-0002594
2595,20240124,1100,9,GBP,777.76,Actual,DOC-2024-0002595
2596,20241129,5200,12,GBP,-7058.13,Actual,DOC-2024-0002596
2597,20220512,5100,8,GBP,-6629.99,Actual,DOC-2022-0002597
2598,20230910,5400,10,PLN,-703.18,Budget,DOC-2023-0002598
2599,20220706,2100,11,USD,-3749.67,Actual,DOC-2022-0002599
2600,20240430,4300,6,EUR,-7628.43,Actual,DOC-2024-0002600
2601,20241007,2100,10,EUR,-1521.34,Actual,DOC-2024-0002601
2602,20240703,4300,6,USD,-250.36,Actual,DOC-2024-0002602
2603,20250812,2000,9,USD,7177.87,Actual,DOC-2025-0002603
2604,20230317,2200,5,EUR,-2962.29,Budget,DOC-2023-0002604
2605,20230916,2200,10,GBP,-1557.16,Actual,DOC-2023-0002605
2606,20220221,3100,11,GBP,5720.7,Forecast,DOC-2022-0002606
2607,20231106,1300,1,EUR,8233.88,Actual,DOC-2023-0002607
2608,20240910,5300,2,EUR,-3441.73,Forecast,DOC-2024-0002608
2609,20240608,5200,5,GBP,-8194.17,Actual,DOC-2024-0002609
2610,20240606,5100,1,EUR,-8508.89,Actual,DOC-2024-0002610
2611,20230106,5300,2,USD,-6531.58,Forecast,DOC-2023-0002611
2612,20240830,1000,1,GBP,6638.02,Actual,DOC-2024-0002612
2613,20250215,4200,12,PLN,1768.42,Forecast,DOC-2025-0002613
2614,20231019,3000,9,PLN,7974.36,Actual,DOC-2023-0002614
2615,20230203,2000,9,EUR,8612.83,Actual,DOC-2023-0002615
2616,20250610,5400,2,EUR,-5959.13,Actual,DOC-2025-0002616
2617,20220213,5300,2,USD,-1386.44,Actual,DOC-2022-0002617
2618,20221026,1000,5,USD,1279.61,Actual,DOC-2022-0002618
2619,20231026,1300,2,USD,6165.67,Actual,DOC-2023-0002619
2620,20220623,1200,12,PLN,5719.97,Actual,DOC-2022-0002620
2621,20221115,2000,11,EUR,6754.12,Actual,DOC-2022-0002621
2622,20230701,3100,3,EUR,4013.07,Actual,DOC-2023-0002622
2623,20240202,4000,8,GBP,7163.18,Actual,DOC-2024-0002623
2624,20250811,3000,10,PLN,3840.76,Actual,DOC-2025-0002624
2625,20250717,4300,3,GBP,-8439.28,Actual,DOC-2025-0002625
2626,20250421,4300,7,PLN,-1757.33,Actual,DOC-2025-0002626
2627,20221003,5200,12,EUR,-8091.19,Actual,DOC-2022-0002627
2628,20230623,2200,10,USD,-2242.03,Actual,DOC-2023-0002628
2629,20241112,3000,2,USD,1315.93,Forecast,DOC-2024-0002629
2630,20220522,1100,6,GBP,888.44,Actual,DOC-2022-0002630
2631,20230712,5200,6,PLN,-4994.13,Forecast,DOC-2023-0002631
2632,20250908,4200,1,USD,85.65,Actual,DOC-2025-0002632
2633,20221019,5300,2,GBP,-8106.93,Actual,DOC-2022-0002633
2634,20231216,1300,8,USD,1221.05,Budget,DOC-2023-0002634
2635,20240917,3100,11,PLN,4354.76,Actual,DOC-2024-0002635
2636,20221016,2000,9,USD,8514.87,Actual,DOC-2022-0002636
2637,20241027,5100,1,EUR,-3897.4,Actual,DOC-2024-0002637
2638,20240717,4100,11,USD,3074.45,Actual,DOC-2024-0002638
2639,20240414,1000,7,PLN,1110.61,Budget,DOC-2024-0002639
2640,20241207,3100,8,PLN,2969.56,Actual,DOC-2024-0002640
2641,20250919,4300,10,USD,-4315.98,Actual,DOC-2025-0002641
2642,20250820,1000,3,GBP,6447.31,Actual,DOC-2025-0002642
2643,20240730,5400,12,GBP,-1622.89,Actual,DOC-2024-0002643
2644,20220714,4000,8,USD,8500.22,Actual,DOC-2022-0002644
2645,20241017,4000,5,PLN,3895.69,Actual,DOC-2024-0002645
2646,20240909,1100,12,USD,4851.75,Actual,DOC-2024-0002646
2647,20220306,2200,7,EUR,-6049.29,Budget,DOC-2022-0002647
2648,20230310,1200,4,GBP,6808.99,Actual,DOC-2023-0002648
2649,20230519,4000,10,GBP,555.42,Actual,DOC-2023-0002649
2650,20250101,5100,9,USD,-2585.29,Budget,DOC-2025-0002650
2651,20251230,4100,2,EUR,1413.21,Actual,DOC-2025-0002651
2652,20250929,5300,2,EUR,-1432.64,Actual,DOC-2025-0002652
2653,20231215,5000,4,PLN,8610.39,Budget,DOC-2023-0002653
2654,20240926,5200,7,GBP,-6630.29,Actual,DOC-2024-0002654
2655,20230116,1000,7,GBP,1856.63,Actual,DOC-2023-0002655
2656,20220124,4200,1,GBP,709.54,Actual,DOC-2022-0002656
2657,20240908,5400,7,EUR,-527.79,Actual,DOC-2024-0002657
2658,20240307,4100,4,EUR,6063.04,Actual,DOC-2024-0002658
2659,20251230,4300,8,USD,-1825.06,Actual,DOC-2025-0002659
2660,20220721,3100,9,GBP,8867.05,Actual,DOC-2022-0002660
2661,20230526,4100,1,EUR,1850.18,Actual,DOC-2023-0002661
2662,20240725,2000,2,EUR,3267.17,Actual,DOC-2024-0002662
2663,20221222,3000,12,GBP,4311.65,Actual,DOC-2022-0002663
2664,20240331,1100,1,EUR,2298.15,Actual,DOC-2024-0002664
2665,20240818,2000,2,EUR,6474.57,Actual,DOC-2024-0002665
2666,20231007,5000,3,PLN,755.49,Actual,DOC-2023-0002666
2667,20251206,4300,9,PLN,-8287.27,Actual,DOC-2025-0002667
2668,20250519,4100,10,USD,8266.8,Actual,DOC-2025-0002668
2669,20230721,5000,12,EUR,577.08,Actual,DOC-2023-0002669
2670,20250801,1200,10,EUR,1919.58,Actual,DOC-2025-0002670
2671,20250916,5400,8,PLN,-2325.82,Actual,DOC-2025-0002671
2672,20230121,5400,9,EUR,-6349.7,Forecast,DOC-2023-0002672
2673,20251214,5300,5,EUR,-2489.48,Actual,DOC-2025-0002673
2674,20231004,5400,3,GBP,-4317.89,Actual,DOC-2023-0002674
2675,20241226,4000,7,EUR,5516.28,Actual,DOC-2024-0002675
2676,20220128,3100,1,PLN,4486.9,Actual,DOC-2022-0002676
2677,20241104,5000,12,PLN,3184.64,Actual,DOC-2024-0002677
2678,20251209,1100,8,USD,2785.23,Actual,DOC-2025-0002678
2679,20220304,4000,9,PLN,6693.31,Actual,DOC-2022-0002679
2680,20240323,2000,12,EUR,5481.31,Actual,DOC-2024-0002680
2681,20230214,1100,7,PLN,8801.69,Actual,DOC-2023-0002681
2682,20230815,4200,2,PLN,3414.5,Actual,DOC-2023-0002682
2683,20220629,1300,3,GBP,555.96,Actual,DOC-2022-0002683
2684,20240330,4100,10,USD,3585.29,Budget,DOC-2024-0002684
2685,20240406,1200,6,EUR,7621.84,Forecast,DOC-2024-0002685
2686,20230125,1300,2,USD,4417.89,Actual,DOC-2023-0002686
2687,20230119,1200,11,GBP,1610.95,Forecast,DOC-2023-0002687
2688,20221014,2000,12,USD,5428.64,Actual,DOC-2022-0002688
2689,20251116,2100,5,USD,-4897.21,Actual,DOC-2025-0002689
2690,20251022,4200,3,GBP,3396.55,Actual,DOC-2025-0002690
2691,20250901,4000,12,EUR,6509.63,Actual,DOC-2025-0002691
2692,20241211,2000,5,GBP,4253.78,Actual,DOC-2024-0002692
2693,20220827,4000,8,USD,2478.74,Forecast,DOC-2022-0002693
2694,20251222,5400,2,GBP,-6807.3,Actual,DOC-2025-0002694
2695,20220822,3000,2,PLN,3483.66,Budget,DOC-2022-0002695
2696,20240717,5300,9,PLN,-4620.47,Budget,DOC-2024-0002696
2697,20240221,4000,10,GBP,1521.46,Actual,DOC-2024-0002697
2698,20230313,1200,11,EUR,7904.87,Actual,DOC-2023-0002698
2699,20250402,4300,10,GBP,-660.36,Actual,DOC-2025-0002699
2700,20230720,2100,10,EUR,-2138.97,Actual,DOC-2023-0002700
2701,20240108,1200,10,GBP,349.34,Actual,DOC-2024-0002701
2702,20230414,4100,12,USD,7047.85,Actual,DOC-2023-0002702
2703,20230405,4300,2,PLN,-3110.63,Actual,DOC-2023-0002703
2704,20240503,4300,9,PLN,-3994.94,Actual,DOC-2024-0002704
2705,20230612,3100,12,GBP,7604.95,Actual,DOC-2023-0002705
2706,20250528,5300,9,GBP,-7749.75,Actual,DOC-2025-0002706
2707,20221027,4100,1,EUR,2743.31,Actual,DOC-2022-0002707
2708,20221203,2000,9,GBP,718.03,Actual,DOC-2022-0002708
2709,20240115,5300,2,USD,-5392.25,Actual,DOC-2024-0002709
2710,20240910,5200,3,EUR,-1436.95,Actual,DOC-2024-0002710
2711,20250923,5000,5,USD,1739.01,Actual,DOC-2025-0002711
2712,20230706,2200,7,EUR,-8401.49,Forecast,DOC-2023-0002712
2713,20230328,1100,8,EUR,6234.99,Actual,DOC-2023-0002713
2714,20250807,4100,12,EUR,6829.28,Actual,DOC-2025-0002714
2715,20230501,4000,10,PLN,7606.98,Actual,DOC-2023-0002715
2716,20230424,5100,11,PLN,-1405.59,Actual,DOC-2023-0002716
2717,20220127,1300,7,USD,6310.14,Actual,DOC-2022-0002717
2718,20250202,5300,5,GBP,-4567.36,Actual,DOC-2025-0002718
2719,20240409,2200,12,GBP,-1440.29,Actual,DOC-2024-0002719
2720,20240315,2000,6,PLN,8866.14,Actual,DOC-2024-0002720
2721,20241026,5200,7,GBP,-3023.08,Actual,DOC-2024-0002721
2722,20231014,5400,4,GBP,-2532.57,Budget,DOC-2023-0002722
2723,20240922,3100,4,GBP,5637.38,Actual,DOC-2024-0002723
2724,20251018,1300,10,PLN,1310.01,Actual,DOC-2025-0002724
2725,20240524,4100,2,PLN,3410.32,Actual,DOC-2024-0002725
2726,20220718,1300,9,EUR,3822.77,Actual,DOC-2022-0002726
2727,20221229,2000,1,PLN,2085.67,Budget,DOC-2022-0002727
2728,20250924,5300,2,USD,-5459.76,Forecast,DOC-2025-0002728
2729,20230221,2000,10,EUR,6286.54,Budget,DOC-2023-0002729
2730,20240807,1100,10,USD,3466.79,Forecast,DOC-2024-0002730
2731,20220309,4300,3,EUR,-546.18,Budget,DOC-2022-0002731
2732,20230930,2200,9,USD,-689.95,Forecast,DOC-2023-0002732
2733,20220823,3000,10,USD,5318.26,Actual,DOC-2022-0002733
2734,20240310,4000,11,USD,2461.72,Actual,DOC-2024-0002734
2735,20220321,5200,5,EUR,-8459.11,Actual,DOC-2022-0002735
2736,20231209,5400,8,USD,-5220.06,Actual,DOC-2023-0002736
2737,20241021,4300,10,USD,-739.48,Actual,DOC-2024-0002737
2738,20240705,2000,4,GBP,7143.17,Actual,DOC-2024-0002738
2739,20240202,2000,5,USD,6878.84,Actual,DOC-2024-0002739
2740,20241202,2200,11,GBP,-6407.08,Actual,DOC-2024-0002740
2741,20240327,4200,8,EUR,1287.11,Budget,DOC-2024-0002741
2742,20231205,2100,12,USD,-7801.67,Forecast,DOC-2023-0002742
2743,20230725,2100,2,PLN,-465.94,Forecast,DOC-2023-0002743
2744,20250527,4000,6,GBP,1204.73,Forecast,DOC-2025-0002744
2745,20230915,5200,4,EUR,-7531.45,Actual,DOC-2023-0002745
2746,20241005,1100,6,PLN,4628.23,Actual,DOC-2024-0002746
2747,20230404,5100,4,PLN,-5393.69,Budget,DOC-2023-0002747
2748,20220713,1100,4,GBP,4530.35,Actual,DOC-2022-0002748
2749,20250304,3100,2,USD,1007.38,Actual,DOC-2025-0002749
2750,20230817,4100,12,EUR,2198.54,Budget,DOC-2023-0002750
2751,20250828,5300,2,USD,-7478.66,Forecast,DOC-2025-0002751
2752,20240324,1200,8,USD,4403.29,Actual,DOC-2024-0002752
2753,20220609,3000,10,USD,237.42,Actual,DOC-2022-0002753
2754,20250407,3100,11,USD,6528.95,Actual,DOC-2025-0002754
2755,20230426,2100,5,USD,-8294.94,Actual,DOC-2023-0002755
2756,20220923,4300,12,USD,-1099.06,Actual,DOC-2022-0002756
2757,20250908,3000,8,PLN,8033.76,Actual,DOC-2025-0002757
2758,20251118,3000,4,EUR,3261.76,Forecast,DOC-2025-0002758
2759,20230921,4100,12,EUR,7730.76,Actual,DOC-2023-0002759
2760,20230915,1300,9,EUR,353.98,Actual,DOC-2023-0002760
2761,20221123,3100,2,PLN,693.77,Budget,DOC-2022-0002761
2762,20240125,2200,2,USD,-8994.57,Actual,DOC-2024-0002762
2763,20230628,4100,5,GBP,7484.12,Actual,DOC-2023-0002763
2764,20250522,3000,2,PLN,6384.01,Actual,DOC-2025-0002764
2765,20230221,3000,8,EUR,8668.89,Actual,DOC-2023-0002765
2766,20230727,1100,1,PLN,4143.12,Actual,DOC-2023-0002766
2767,20240224,5300,11,GBP,-4965.25,Actual,DOC-2024-0002767
2768,20231230,3000,8,EUR,8463.8,Budget,DOC-2023-0002768
2769,20251217,2000,4,USD,2366.66,Actual,DOC-2025-0002769
2770,20220622,5400,2,EUR,-6485.32,Budget,DOC-2022-0002770
2771,20240409,1300,9,PLN,1519.76,Actual,DOC-2024-0002771
2772,20240905,5400,3,USD,-7810.28,Budget,DOC-2024-0002772
2773,20241008,4300,12,PLN,-4578.29,Actual,DOC-2024-0002773
2774,20230816,5400,3,GBP,-855.37,Budget,DOC-2023-0002774
2775,20241106,3100,6,GBP,8625.51,Actual,DOC-2024-0002775
2776,20220507,4100,12,EUR,2632.93,Actual,DOC-2022-0002776
2777,20220805,3000,8,EUR,1309.88,Actual,DOC-2022-0002777
2778,20230819,4200,3,USD,5093.97,Forecast,DOC-2023-0002778
2779,20240624,2000,5,USD,7889.39,Actual,DOC-2024-0002779
2780,20221008,1100,6,EUR,4745.06,Forecast,DOC-2022-0002780
2781,20220514,3000,11,USD,7566.24,Forecast,DOC-2022-0002781
2782,20240507,5000,10,EUR,8020.29,Forecast,DOC-2024-0002782
2783,20240924,5100,8,GBP,-1835.79,Budget,DOC-2024-0002783
2784,20251129,1100,10,USD,2088.68,Actual,DOC-2025-0002784
2785,20250820,4300,8,PLN,-1637.04,Actual,DOC-2025-0002785
2786,20250705,5400,7,PLN,-7560.1,Budget,DOC-2025-0002786
2787,20221114,2200,7,EUR,-6729.2,Actual,DOC-2022-0002787
2788,20241109,4200,12,PLN,6893.08,Actual,DOC-2024-0002788
2789,20250119,4300,12,GBP,-4251.72,Actual,DOC-2025-0002789
2790,20230711,3000,1,PLN,1697.65,Actual,DOC-2023-0002790
2791,20230209,3100,5,GBP,3834.1,Actual,DOC-2023-0002791
2792,20240430,4100,3,USD,8701.76,Forecast,DOC-2024-0002792
2793,20240129,2100,1,EUR,-3278.37,Actual,DOC-2024-0002793
2794,20240426,1100,3,EUR,8704.16,Actual,DOC-2024-0002794
2795,20220907,5100,5,PLN,-2573.81,Actual,DOC-2022-0002795
2796,20240405,5300,7,USD,-1255.57,Actual,DOC-2024-0002796
2797,20230227,2000,12,PLN,4531.71,Actual,DOC-2023-0002797
2798,20250721,4300,7,EUR,-4239.1,Actual,DOC-2025-0002798
2799,20240715,5200,10,EUR,-1885.57,Forecast,DOC-2024-0002799
2800,20230221,4100,12,PLN,5872.14,Actual,DOC-2023-0002800
2801,20231001,2200,10,USD,-8921.65,Actual,DOC-2023-0002801
2802,20250205,1200,5,USD,8621.32,Actual,DOC-2025-0002802
2803,20220111,5200,5,PLN,-2181.01,Actual,DOC-2022-0002803
2804,20240106,5200,3,GBP,-3491.93,Actual,DOC-2024-0002804
2805,20240304,3000,8,PLN,295.42,Budget,DOC-2024-0002805
2806,20250203,4000,4,EUR,4925.85,Actual,DOC-2025-0002806
2807,20220620,4300,5,EUR,-2322.84,Budget,DOC-2022-0002807
2808,20220622,1200,5,PLN,649.99,Actual,DOC-2022-0002808
2809,20250829,5300,6,USD,-7858.49,Actual,DOC-2025-0002809
2810,20220128,5100,1,USD,-6784.87,Budget,DOC-2022-0002810
2811,20231023,4100,8,GBP,6044.54,Actual,DOC-2023-0002811
2812,20230613,5300,2,GBP,-8629.01,Actual,DOC-2023-0002812
2813,20221204,5100,4,GBP,-1643.93,Actual,DOC-2022-0002813
2814,20220921,1000,8,GBP,5422.01,Actual,DOC-2022-0002814
2815,20230516,5300,8,GBP,-6861.09,Actual,DOC-2023-0002815
2816,20230320,2200,7,EUR,-6178.05,Actual,DOC-2023-0002816
2817,20230710,5400,6,USD,-2189.63,Actual,DOC-2023-0002817
2818,20250624,4200,3,PLN,3351.58,Actual,DOC-2025-0002818
2819,20230710,1000,1,PLN,4008.25,Actual,DOC-2023-0002819
2820,20240407,3100,9,EUR,7172.09,Actual,DOC-2024-0002820
2821,20221107,1100,6,USD,5839.83,Actual,DOC-2022-0002821
2822,20240807,5200,12,USD,-7472.6,Budget,DOC-2024-0002822
2823,20241124,3000,10,PLN,5516.49,Actual,DOC-2024-0002823
2824,20250409,5000,12,GBP,8218.04,Actual,DOC-2025-0002824
2825,20250516,4200,6,GBP,7393.72,Budget,DOC-2025-0002825
2826,20230916,2000,10,USD,8809.65,Actual,DOC-2023-0002826
2827,20231121,5200,5,EUR,-4741.29,Actual,DOC-2023-0002827
2828,20230112,3000,4,USD,6494.97,Forecast,DOC-2023-0002828
2829,20230214,2100,1,USD,-8191.68,Actual,DOC-2023-0002829
2830,20231018,5000,9,PLN,2161.71,Budget,DOC-2023-0002830
2831,20220709,5300,9,GBP,-2052.25,Actual,DOC-2022-0002831
2832,20220209,1100,3,EUR,1825.76,Actual,DOC-2022-0002832
2833,20250120,2000,5,EUR,7250.2,Actual,DOC-2025-0002833
2834,20220105,1100,1,USD,1962.67,Actual,DOC-2022-0002834
2835,20230331,5200,6,EUR,-8639.29,Forecast,DOC-2023-0002835
2836,20230304,5300,11,PLN,-7637.84,Actual,DOC-2023-0002836
2837,20250618,2000,8,PLN,3737.93,Forecast,DOC-2025-0002837
2838,20220704,1000,7,GBP,5842.53,Actual,DOC-2022-0002838
2839,20230905,1300,8,EUR,3814.95,Actual,DOC-2023-0002839
2840,20251222,5300,9,PLN,-1413.13,Actual,DOC-2025-0002840
2841,20230226,5200,5,USD,-5565.65,Actual,DOC-2023-0002841
2842,20230323,4100,1,PLN,7272.46,Actual,DOC-2023-0002842
2843,20250619,2000,1,USD,6215.28,Actual,DOC-2025-0002843
2844,20220623,5000,2,EUR,4346.5,Actual,DOC-2022-0002844
2845,20220707,2100,3,PLN,-6166.14,Budget,DOC-2022-0002845
2846,20220905,3100,3,GBP,6292.41,Actual,DOC-2022-0002846
2847,20240316,1000,1,USD,1336.08,Budget,DOC-2024-0002847
2848,20230514,1000,7,GBP,7388.16,Actual,DOC-2023-0002848
2849,20240331,1300,10,PLN,1461.69,Actual,DOC-2024-0002849
2850,20240920,5100,7,EUR,-2575.6,Actual,DOC-2024-0002850
2851,20231130,4300,11,USD,-2733.32,Actual,DOC-2023-0002851
2852,20221107,3000,4,PLN,5249.49,Actual,DOC-2022-0002852
2853,20241025,1000,5,GBP,8175.88,Actual,DOC-2024-0002853
2854,20230918,5100,3,PLN,-5700.98,Actual,DOC-2023-0002854
2855,20250308,5000,6,PLN,8244.08,Actual,DOC-2025-0002855
2856,20250519,5000,6,PLN,7446.05,Actual,DOC-2025-0002856
2857,20250616,5000,3,USD,2570.73,Actual,DOC-2025-0002857
2858,20230717,3100,8,USD,638.99,Budget,DOC-2023-0002858
2859,20220613,2100,5,PLN,-4981.45,Actual,DOC-2022-0002859
2860,20220511,4200,3,GBP,6121.13,Actual,DOC-2022-0002860
2861,20240902,2000,4,GBP,3524.97,Actual,DOC-2024-0002861
2862,20220827,4000,2,GBP,4056.39,Forecast,DOC-2022-0002862
2863,20250225,4100,12,EUR,2791.34,Actual,DOC-2025-0002863
2864,20230510,1200,2,USD,798.45,Forecast,DOC-2023-0002864
2865,20250216,5300,4,GBP,-4573.52,Budget,DOC-2025-0002865
2866,20240523,2200,10,GBP,-815.83,Budget,DOC-2024-0002866
2867,20221016,5300,9,USD,-2874.52,Actual,DOC-2022-0002867
2868,20220113,3000,3,EUR,3001.67,Actual,DOC-2022-0002868
2869,20250628,4000,7,EUR,3027.43,Actual,DOC-2025-0002869
2870,20230117,2100,11,PLN,-5792.59,Actual,DOC-2023-0002870
2871,20230817,5000,11,EUR,4488.79,Actual,DOC-2023-0002871
2872,20240829,1100,1,EUR,3607.89,Actual,DOC-2024-0002872
2873,20220413,2100,4,PLN,-6266.62,Actual,DOC-2022-0002873
2874,20250126,5100,6,EUR,-5955.45,Actual,DOC-2025-0002874
2875,20250204,3000,4,PLN,4917.11,Forecast,DOC-2025-0002875
2876,20220514,4300,9,USD,-2901.25,Actual,DOC-2022-0002876
2877,20251007,4100,10,PLN,8501.42,Actual,DOC-2025-0002877
2878,20220208,2000,12,EUR,2441.25,Actual,DOC-2022-0002878
2879,20221106,1300,6,EUR,4398.96,Actual,DOC-2022-0002879
2880,20220223,5300,5,USD,-8509.53,Actual,DOC-2022-0002880
2881,20220613,5200,3,EUR,-3372.36,Actual,DOC-2022-0002881
2882,20250616,2000,1,USD,8416.25,Budget,DOC-2025-0002882
2883,20230613,5000,8,USD,7472.56,Forecast,DOC-2023-0002883
2884,20230521,3000,7,USD,1996.09,Budget,DOC-2023-0002884
2885,20220423,4200,1,GBP,5998.14,Budget,DOC-2022-0002885
2886,20221128,3000,9,GBP,8470.5,Actual,DOC-2022-0002886
2887,20220906,4200,3,PLN,5518.06,Actual,DOC-2022-0002887
2888,20230704,3100,11,PLN,4815.83,Forecast,DOC-2023-0002888
2889,20250330,5300,7,EUR,-7433.96,Actual,DOC-2025-0002889
2890,20250623,3100,5,EUR,4589.66,Actual,DOC-2025-0002890
2891,20220107,1300,8,EUR,595.42,Actual,DOC-2022-0002891
2892,20240206,1300,6,EUR,7214.06,Actual,DOC-2024-0002892
2893,20230206,5100,9,EUR,-6774.35,Actual,DOC-2023-0002893
2894,20221118,2200,11,PLN,-1243.97,Actual,DOC-2022-0002894
2895,20250207,1000,10,USD,411.51,Actual,DOC-2025-0002895
2896,20240903,1200,8,PLN,5486.93,Actual,DOC-2024-0002896
2897,20221013,2200,11,EUR,-2632.27,Actual,DOC-2022-0002897
2898,20251217,3100,9,EUR,4363.14,Actual,DOC-2025-0002898
2899,20231123,1300,10,USD,2921.02,Forecast,DOC-2023-0002899
2900,20251225,2200,8,EUR,-678.2,Actual,DOC-2025-0002900
2901,20241117,2100,2,USD,-6570.65,Actual,DOC-2024-0002901
2902,20240925,4000,2,GBP,5418.34,Actual,DOC-2024-0002902
2903,20220904,4100,9,PLN,6454.49,Actual,DOC-2022-0002903
2904,20241220,1100,8,PLN,3514.62,Actual,DOC-2024-0002904
2905,20230326,3100,10,PLN,1219.31,Actual,DOC-2023-0002905
2906,20221102,2000,3,GBP,6829.12,Actual,DOC-2022-0002906
2907,20241107,5100,11,USD,-4345.89,Forecast,DOC-2024-0002907
2908,20251128,1100,3,PLN,5454.19,Forecast,DOC-2025-0002908
2909,20231029,5400,8,PLN,-1102.93,Actual,DOC-2023-0002909
2910,20250509,1000,8,USD,6117.66,Actual,DOC-2025-0002910
2911,20250602,1000,6,PLN,6340.24,Actual,DOC-2025-0002911
2912,20220611,2200,1,GBP,-7765.04,Actual,DOC-2022-0002912
2913,20240404,5100,6,USD,-2124.98,Actual,DOC-2024-0002913
2914,20230217,5100,12,USD,-7330.13,Actual,DOC-2023-0002914
2915,20250717,5200,2,USD,-3915.04,Actual,DOC-2025-0002915
2916,20231103,3100,9,PLN,6336.06,Actual,DOC-2023-0002916
2917,20251107,2200,7,USD,-5754.43,Forecast,DOC-2025-0002917
2918,20240707,4100,9,USD,6898.56,Actual,DOC-2024-0002918
2919,20220525,2200,1,PLN,-4142.91,Actual,DOC-2022-0002919
2920,20241227,4200,6,EUR,1074.41,Actual,DOC-2024-0002920
2921,20250926,1200,7,USD,4654.74,Forecast,DOC-2025-0002921
2922,20220309,4000,3,PLN,426.59,Actual,DOC-2022-0002922
2923,20220910,1200,2,USD,3704.7,Actual,DOC-2022-0002923
2924,20220903,5000,10,PLN,890.01,Actual,DOC-2022-0002924
2925,20250513,5400,5,GBP,-5930.21,Actual,DOC-2025-0002925
2926,20220617,1300,11,USD,5689.21,Budget,DOC-2022-0002926
2927,20230722,1000,10,EUR,2909.14,Actual,DOC-2023-0002927
2928,20220501,5100,5,PLN,-4641.47,Actual,DOC-2022-0002928
2929,20240703,1300,10,PLN,2091.81,Budget,DOC-2024-0002929
2930,20220813,3100,3,PLN,4352.05,Budget,DOC-2022-0002930
2931,20250129,4200,1,EUR,7069.88,Actual,DOC-2025-0002931
2932,20220219,1200,2,EUR,6473.34,Actual,DOC-2022-0002932
2933,20250715,4300,5,EUR,-8475.84,Actual,DOC-2025-0002933
2934,20221215,3100,7,GBP,4349.28,Actual,DOC-2022-0002934
2935,20220210,5300,4,GBP,-756.7,Actual,DOC-2022-0002935
2936,20250828,5400,2,USD,-644.39,Actual,DOC-2025-0002936
2937,20240519,5000,11,EUR,4250.49,Actual,DOC-2024-0002937
2938,20231015,4200,9,PLN,5252.67,Actual,DOC-2023-0002938
2939,20241112,4300,12,PLN,-3637.53,Actual,DOC-2024-0002939
2940,20220726,3100,9,PLN,6824.72,Actual,DOC-2022-0002940
2941,20250814,2200,8,PLN,-2112.18,Actual,DOC-2025-0002941
2942,20250830,2200,6,GBP,-7817.76,Actual,DOC-2025-0002942
2943,20230426,3100,5,EUR,2646.43,Actual,DOC-2023-0002943
2944,20241006,2200,10,PLN,-6954.1,Actual,DOC-2024-0002944
2945,20240819,5400,3,PLN,-7571.21,Forecast,DOC-2024-0002945
2946,20231202,1000,6,PLN,7307.19,Actual,DOC-2023-0002946
2947,20250410,1000,10,GBP,2749.58,Actual,DOC-2025-0002947
2948,20231210,1100,7,PLN,6491.86,Budget,DOC-2023-0002948
2949,20231226,2100,6,EUR,-2326.43,Actual,DOC-2023-0002949
2950,20250122,2200,11,PLN,-7464.83,Actual,DOC-2025-0002950
2951,20250314,5300,1,GBP,-3529.1,Actual,DOC-2025-0002951
2952,20231108,5300,11,EUR,-3376.29,Forecast,DOC-2023-0002952
2953,20230103,2000,11,GBP,432.65,Budget,DOC-2023-0002953
2954,20240723,2200,9,EUR,-7840.24,Actual,DOC-2024-0002954
2955,20221207,4100,10,EUR,724.94,Budget,DOC-2022-0002955
2956,20250308,5400,1,GBP,-4220.6,Actual,DOC-2025-0002956
2957,20240519,2200,7,PLN,-6708.84,Actual,DOC-2024-0002957
2958,20220915,1000,12,EUR,5493.5,Actual,DOC-2022-0002958
2959,20250324,5400,3,EUR,-7703.3,Actual,DOC-2025-0002959
2960,20230216,4100,7,PLN,5385.4,Actual,DOC-2023-0002960
2961,20231130,1200,9,EUR,2414.84,Actual,DOC-2023-0002961
2962,20230506,1100,3,GBP,3067.72,Budget,DOC-2023-0002962
2963,20221017,1100,4,PLN,4743.92,Budget,DOC-2022-0002963
2964,20220627,4100,11,PLN,4920.98,Actual,DOC-2022-0002964
2965,20220613,2100,9,EUR,-7567.6,Actual,DOC-2022-0002965
2966,20250616,4200,4,PLN,1137.35,Forecast,DOC-2025-0002966
2967,20230423,2100,6,USD,-4386.41,Actual,DOC-2023-0002967
2968,20220905,4300,9,EUR,-6565.82,Actual,DOC-2022-0002968
2969,20230813,5200,9,GBP,-3226.12,Budget,DOC-2023-0002969
2970,20221018,4200,6,PLN,180.35,Actual,DOC-2022-0002970
2971,20230323,2000,6,PLN,6341.53,Forecast,DOC-2023-0002971
2972,20250529,5200,5,GBP,-2866.23,Actual,DOC-2025-0002972
2973,20250411,5300,4,PLN,-2858.14,Actual,DOC-2025-0002973
2974,20230323,4000,3,GBP,2699.22,Actual,DOC-2023-0002974
2975,20230913,1200,3,GBP,8022.08,Budget,DOC-2023-0002975
2976,20240926,1300,8,EUR,1771.28,Actual,DOC-2024-0002976
2977,20250110,1100,7,EUR,6419.27,Actual,DOC-2025-0002977
2978,20240313,4200,10,GBP,992.91,Actual,DOC-2024-0002978
2979,20230916,4300,9,USD,-7205.91,Actual,DOC-2023-0002979
2980,20240830,4300,1,GBP,-3345.61,Actual,DOC-2024-0002980
2981,20240914,5100,10,GBP,-1306.13,Actual,DOC-2024-0002981
2982,20220704,4000,4,PLN,8865.02,Actual,DOC-2022-0002982
2983,20220915,5200,5,PLN,-2991.22,Actual,DOC-2022-0002983
2984,20231110,5300,6,USD,-553.73,Actual,DOC-2023-0002984
2985,20220804,1000,1,USD,1606.28,Actual,DOC-2022-0002985
2986,20220411,2000,12,EUR,8337.39,Actual,DOC-2022-0002986
2987,20230609,5100,4,USD,-7651.11,Budget,DOC-2023-0002987
2988,20251031,5300,5,EUR,-5474.44,Actual,DOC-2025-0002988
2989,20220312,3000,7,PLN,8615.18,Actual,DOC-2022-0002989
2990,20240905,4100,5,USD,2203.72,Actual,DOC-2024-0002990
2991,20220408,4000,4,EUR,7474.89,Forecast,DOC-2022-0002991
2992,20250910,5200,12,PLN,-2550.66,Actual,DOC-2025-0002992
2993,20251016,5300,5,PLN,-4553.34,Actual,DOC-2025-0002993
2994,20220211,1100,9,USD,4226.89,Actual,DOC-2022-0002994
2995,20221102,3000,9,GBP,4667.14,Actual,DOC-2022-0002995
2996,20240916,5000,9,PLN,594.87,Actual,DOC-2024-0002996
2997,20220513,3100,8,USD,8207.72,Budget,DOC-2022-0002997
2998,20230508,4000,9,GBP,2144.86,Actual,DOC-2023-0002998
2999,20231217,1000,4,USD,7147.94,Actual,DOC-2023-0002999
3000,20250708,1300,10,PLN,114.9,Budget,DOC-2025-0003000
3001,20250814,4300,1,USD,-3081.42,Actual,DOC-2025-0003001
3002,20250317,5100,12,USD,-5781.47,Forecast,DOC-2025-0003002
3003,20230319,2200,6,GBP,-8250.35,Forecast,DOC-2023-0003003
3004,20231228,5300,1,GBP,-7114.16,Actual,DOC-2023-0003004
3005,20240830,4200,1,USD,4384.84,Actual,DOC-2024-0003005
3006,20251110,5100,11,USD,-1595.11,Actual,DOC-2025-0003006
3007,20221116,5300,6,USD,-8984.9,Actual,DOC-2022-0003007
3008,20250805,4100,2,GBP,2128.59,Actual,DOC-2025-0003008
3009,20230623,1000,2,EUR,6505.35,Forecast,DOC-2023-0003009
3010,20241217,5400,3,EUR,-8647.78,Actual,DOC-2024-0003010
3011,20220728,4200,12,GBP,5808.79,Budget,DOC-2022-0003011
3012,20230507,4100,2,EUR,4323.47,Actual,DOC-2023-0003012
3013,20241013,4100,6,GBP,5614.16,Actual,DOC-2024-0003013
3014,20250415,2200,7,GBP,-967.09,Actual,DOC-2025-0003014
3015,20220126,5300,10,PLN,-6221.75,Actual,DOC-2022-0003015
3016,20220618,4200,10,EUR,7062.16,Actual,DOC-2022-0003016
3017,20240302,2200,11,EUR,-6190.98,Actual,DOC-2024-0003017
3018,20231011,5400,5,GBP,-6785.51,Actual,DOC-2023-0003018
3019,20240927,2100,12,PLN,-4425.68,Actual,DOC-2024-0003019
3020,20251007,2200,12,EUR,-1483.12,Actual,DOC-2025-0003020
3021,20241204,1300,4,EUR,7852.26,Actual,DOC-2024-0003021
3022,20231106,5300,3,USD,-4778.64,Budget,DOC-2023-0003022
3023,20231207,1000,10,USD,7923.25,Budget,DOC-2023-0003023
3024,20250819,5400,12,PLN,-1907.34,Actual,DOC-2025-0003024
3025,20230202,3100,8,GBP,5907.59,Actual,DOC-2023-0003025
3026,20230301,5400,12,USD,-4679.69,Actual,DOC-2023-0003026
3027,20251216,4000,12,GBP,8153.45,Actual,DOC-2025-0003027
3028,20250406,5200,4,EUR,-6386.67,Budget,DOC-2025-0003028
3029,20250612,5400,12,EUR,-857.02,Actual,DOC-2025-0003029
3030,20220630,3100,2,EUR,5708.19,Budget,DOC-2022-0003030
3031,20220914,4100,4,GBP,699.98,Budget,DOC-2022-0003031
3032,20220512,1100,8,EUR,2457.07,Forecast,DOC-2022-0003032
3033,20220430,1300,11,USD,7037.5,Actual,DOC-2022-0003033
3034,20230829,1000,5,USD,1011.67,Forecast,DOC-2023-0003034
3035,20240920,3100,7,PLN,6266.14,Actual,DOC-2024-0003035
3036,20250602,4100,10,EUR,5980.6,Actual,DOC-2025-0003036
3037,20231007,1100,12,PLN,5937.59,Actual,DOC-2023-0003037
3038,20220319,1200,1,USD,8265.07,Actual,DOC-2022-0003038
3039,20230319,2200,7,EUR,-6906.76,Actual,DOC-2023-0003039
3040,20250213,3100,10,USD,7731.5,Actual,DOC-2025-0003040
3041,20250806,4300,9,EUR,-6647.18,Actual,DOC-2025-0003041
3042,20230811,5000,3,EUR,5561.45,Actual,DOC-2023-0003042
3043,20240922,5300,5,EUR,-6656.1,Actual,DOC-2024-0003043
3044,20230429,5300,3,USD,-4345.07,Budget,DOC-2023-0003044
3045,20230922,3100,4,EUR,3182.08,Actual,DOC-2023-0003045
3046,20220817,3100,3,PLN,6120.88,Actual,DOC-2022-0003046
3047,20251214,1200,6,GBP,2150.98,Actual,DOC-2025-0003047
3048,20240531,2100,9,GBP,-2390.55,Actual,DOC-2024-0003048
3049,20250103,4000,8,GBP,7987.83,Actual,DOC-2025-0003049
3050,20230729,4300,2,EUR,-1880.83,Actual,DOC-2023-0003050
3051,20241215,1100,4,PLN,414.46,Actual,DOC-2024-0003051
3052,20241110,5400,4,USD,-1220.19,Actual,DOC-2024-0003052
3053,20230612,4000,7,USD,7657.0,Budget,DOC-2023-0003053
3054,20230802,5400,5,PLN,-1875.2,Actual,DOC-2023-0003054
3055,20221110,1000,6,USD,1180.17,Budget,DOC-2022-0003055
3056,20250817,4100,5,EUR,2253.41,Actual,DOC-2025-0003056
3057,20240513,1000,8,EUR,7969.69,Actual,DOC-2024-0003057
3058,20251228,2000,9,GBP,4067.33,Forecast,DOC-2025-0003058
3059,20250510,1100,4,USD,1196.3,Actual,DOC-2025-0003059
3060,20241105,5300,11,GBP,-5246.21,Budget,DOC-2024-0003060
3061,20220414,5300,10,GBP,-538.37,Forecast,DOC-2022-0003061
3062,20220526,4300,3,EUR,-8179.77,Actual,DOC-2022-0003062
3063,20240227,2100,2,EUR,-7245.77,Actual,DOC-2024-0003063
3064,20231005,4100,3,PLN,4193.07,Actual,DOC-2023-0003064
3065,20250216,4200,8,USD,6843.98,Actual,DOC-2025-0003065
3066,20220606,1000,6,EUR,480.74,Budget,DOC-2022-0003066
3067,20241207,1000,1,USD,5055.99,Budget,DOC-2024-0003067
3068,20220421,4000,3,USD,2031.71,Actual,DOC-2022-0003068
3069,20240927,4000,6,GBP,5629.99,Forecast,DOC-2024-0003069
3070,20241026,1300,8,PLN,7237.16,Actual,DOC-2024-0003070
3071,20250816,4200,11,GBP,2633.42,Budget,DOC-2025-0003071
3072,20220104,5200,8,USD,-2153.95,Actual,DOC-2022-0003072
3073,20240430,2200,6,GBP,-7935.83,Budget,DOC-2024-0003073
3074,20250903,5100,11,USD,-7965.82,Actual,DOC-2025-0003074
3075,20231018,1200,9,GBP,2215.21,Budget,DOC-2023-0003075
3076,20250704,1000,7,PLN,8731.17,Actual,DOC-2025-0003076
3077,20230621,4000,10,EUR,3593.25,Actual,DOC-2023-0003077
3078,20230830,1200,7,USD,8188.87,Budget,DOC-2023-0003078
3079,20240510,5100,3,EUR,-1775.62,Actual,DOC-2024-0003079
3080,20240315,5100,8,GBP,-5174.38,Actual,DOC-2024-0003080
3081,20240109,2200,5,EUR,-7442.13,Forecast,DOC-2024-0003081
3082,20220524,1100,3,GBP,6122.06,Budget,DOC-2022-0003082
3083,20220422,5400,6,GBP,-7428.59,Actual,DOC-2022-0003083
3084,20230408,1200,8,EUR,5407.82,Actual,DOC-2023-0003084
3085,20240327,5100,11,PLN,-4867.66,Actual,DOC-2024-0003085
3086,20251120,5200,11,GBP,-8346.34,Actual,DOC-2025-0003086
3087,20220611,4300,8,EUR,-1824.01,Actual,DOC-2022-0003087
3088,20220609,5100,11,USD,-7872.26,Budget,DOC-2022-0003088
3089,20220624,1000,2,GBP,1025.08,Actual,DOC-2022-0003089
3090,20220316,5300,7,PLN,-3680.01,Forecast,DOC-2022-0003090
3091,20241119,1000,11,PLN,3603.76,Actual,DOC-2024-0003091
3092,20220402,3100,12,EUR,3406.76,Actual,DOC-2022-0003092
3093,20241006,1300,7,EUR,970.27,Actual,DOC-2024-0003093
3094,20220529,5300,4,EUR,-1169.01,Actual,DOC-2022-0003094
3095,20220321,2000,8,USD,5000.48,Actual,DOC-2022-0003095
3096,20241222,4300,1,GBP,-4261.39,Forecast,DOC-2024-0003096
3097,20240919,4100,11,USD,8776.74,Forecast,DOC-2024-0003097
3098,20220910,1000,1,EUR,5251.51,Actual,DOC-2022-0003098
3099,20240206,2100,6,USD,-4856.16,Actual,DOC-2024-0003099
3100,20220721,1200,4,GBP,897.38,Actual,DOC-2022-0003100
3101,20220425,4100,10,PLN,2650.13,Actual,DOC-2022-0003101
3102,20230118,4100,5,USD,2634.85,Forecast,DOC-2023-0003102
3103,20221201,3100,10,EUR,3156.63,Actual,DOC-2022-0003103
3104,20240329,3000,4,EUR,3261.0,Actual,DOC-2024-0003104
3105,20220204,4300,11,EUR,-8939.03,Actual,DOC-2022-0003105
3106,20230304,2000,4,EUR,7281.72,Actual,DOC-2023-0003106
3107,20221129,1200,3,EUR,330.98,Actual,DOC-2022-0003107
3108,20230908,3100,6,USD,204.24,Actual,DOC-2023-0003108
3109,20220415,2000,6,USD,2497.34,Actual,DOC-2022-0003109
3110,20250412,1000,6,USD,1986.05,Actual,DOC-2025-0003110
3111,20240308,2000,5,GBP,1439.16,Actual,DOC-2024-0003111
3112,20230102,2200,3,EUR,-7863.03,Actual,DOC-2023-0003112
3113,20250507,2000,8,PLN,4687.41,Actual,DOC-2025-0003113
3114,20250528,2200,4,PLN,-3469.38,Forecast,DOC-2025-0003114
3115,20231031,2100,5,USD,-4620.92,Actual,DOC-2023-0003115
3116,20220530,4300,10,GBP,-3402.24,Actual,DOC-2022-0003116
3117,20250801,1000,5,USD,129.86,Actual,DOC-2025-0003117
3118,20240413,2000,1,GBP,1172.87,Forecast,DOC-2024-0003118
3119,20230103,5200,9,GBP,-8012.35,Forecast,DOC-2023-0003119
3120,20230215,5200,9,USD,-7993.22,Actual,DOC-2023-0003120
3121,20220506,4000,11,GBP,3660.25,Forecast,DOC-2022-0003121
3122,20251020,1200,7,GBP,4422.14,Actual,DOC-2025-0003122
3123,20230723,5100,4,PLN,-6367.21,Actual,DOC-2023-0003123
3124,20250110,4100,11,PLN,7579.19,Actual,DOC-2025-0003124
3125,20220424,5400,7,PLN,-6389.1,Actual,DOC-2022-0003125
3126,20220421,2200,4,EUR,-7613.0,Actual,DOC-2022-0003126
3127,20240101,1000,8,USD,677.95,Actual,DOC-2024-0003127
3128,20240101,4100,4,PLN,1254.45,Actual,DOC-2024-0003128
3129,20220101,2000,11,PLN,6439.72,Actual,DOC-2022-0003129
3130,20230517,4000,12,EUR,1210.47,Actual,DOC-2023-0003130
3131,20240513,5300,12,EUR,-2042.53,Actual,DOC-2024-0003131
3132,20230616,5300,3,USD,-5667.81,Actual,DOC-2023-0003132
3133,20230207,4200,11,USD,7831.46,Actual,DOC-2023-0003133
3134,20230902,1000,2,EUR,5844.75,Budget,DOC-2023-0003134
3135,20230819,5200,3,GBP,-7179.0,Actual,DOC-2023-0003135
3136,20241017,1100,4,USD,5046.79,Actual,DOC-2024-0003136
3137,20240408,5100,10,USD,-800.39,Actual,DOC-2024-0003137
3138,20241010,5300,12,PLN,-5786.58,Actual,DOC-2024-0003138
3139,20241126,5100,6,USD,-1096.78,Forecast,DOC-2024-0003139
3140,20241001,4100,11,USD,6811.27,Actual,DOC-2024-0003140
3141,20240621,4100,11,EUR,5966.27,Actual,DOC-2024-0003141
3142,20240927,4100,12,PLN,7454.31,Actual,DOC-2024-0003142
3143,20240712,1200,9,USD,3031.3,Actual,DOC-2024-0003143
3144,20240629,1100,5,USD,2932.76,Actual,DOC-2024-0003144
3145,20220223,2100,6,PLN,-3823.88,Actual,DOC-2022-0003145
3146,20251209,1300,12,PLN,8439.45,Actual,DOC-2025-0003146
3147,20250901,1300,2,GBP,6119.29,Actual,DOC-2025-0003147
3148,20250908,4300,12,EUR,-1212.59,Actual,DOC-2025-0003148
3149,20240225,1300,6,EUR,732.26,Actual,DOC-2024-0003149
3150,20240417,5400,8,USD,-2064.68,Actual,DOC-2024-0003150
3151,20250210,3100,12,PLN,5403.32,Actual,DOC-2025-0003151
3152,20250805,2000,5,PLN,8088.3,Actual,DOC-2025-0003152
3153,20240530,5100,9,GBP,-7341.39,Forecast,DOC-2024-0003153
3154,20221220,5100,7,GBP,-1736.45,Actual,DOC-2022-0003154
3155,20250323,5200,12,EUR,-8642.86,Actual,DOC-2025-0003155
3156,20231222,2100,4,PLN,-6009.79,Actual,DOC-2023-0003156
3157,20230820,5400,3,EUR,-4214.09,Actual,DOC-2023-0003157
3158,20240621,2200,9,EUR,-3061.52,Actual,DOC-2024-0003158
3159,20231028,2000,5,EUR,4426.17,Forecast,DOC-2023-0003159
3160,20220323,5300,7,USD,-7561.02,Budget,DOC-2022-0003160
3161,20230724,1100,8,USD,5735.97,Actual,DOC-2023-0003161
3162,20220312,5200,7,EUR,-5081.4,Forecast,DOC-2022-0003162
3163,20231214,1200,5,GBP,7052.97,Budget,DOC-2023-0003163
3164,20230507,5400,9,USD,-5708.81,Actual,DOC-2023-0003164
3165,20231016,2100,11,PLN,-8516.9,Actual,DOC-2023-0003165
3166,20221227,4200,6,USD,3212.33,Actual,DOC-2022-0003166
3167,20240127,3100,8,GBP,5085.15,Forecast,DOC-2024-0003167
3168,20221102,1200,5,GBP,8769.94,Actual,DOC-2022-0003168
3169,20250529,4100,5,PLN,7421.92,Actual,DOC-2025-0003169
3170,20250326,1000,9,PLN,2331.84,Actual,DOC-2025-0003170
3171,20240514,5000,3,EUR,8378.79,Actual,DOC-2024-0003171
3172,20230924,4000,9,GBP,1855.1,Budget,DOC-2023-0003172
3173,20250605,2200,8,USD,-5894.0,Actual,DOC-2025-0003173
3174,20221228,4000,2,GBP,3584.8,Actual,DOC-2022-0003174
3175,20251219,1300,7,USD,7416.08,Budget,DOC-2025-0003175
3176,20250412,5100,9,USD,-4276.42,Actual,DOC-2025-0003176
3177,20251011,2000,11,EUR,8843.59,Actual,DOC-2025-0003177
3178,20240623,5200,4,GBP,-172.29,Actual,DOC-2024-0003178
3179,20231222,5300,1,PLN,-737.06,Actual,DOC-2023-0003179
3180,20240528,4200,6,USD,7761.21,Actual,DOC-2024-0003180
3181,20220601,2200,11,USD,-2653.5,Actual,DOC-2022-0003181
3182,20220403,1100,7,PLN,2992.2,Actual,DOC-2022-0003182
3183,20220314,5000,9,EUR,7986.78,Actual,DOC-2022-0003183
3184,20240223,1300,10,EUR,2376.24,Actual,DOC-2024-0003184
3185,20251017,4000,12,GBP,5096.86,Actual,DOC-2025-0003185
3186,20230729,5200,3,GBP,-1285.63,Actual,DOC-2023-0003186
3187,20250916,2200,5,USD,-613.82,Actual,DOC-2025-0003187
3188,20220831,2200,6,EUR,-1891.02,Actual,DOC-2022-0003188
3189,20250308,5000,5,EUR,6032.92,Actual,DOC-2025-0003189
3190,20251202,1300,11,EUR,4349.7,Actual,DOC-2025-0003190
3191,20231022,5100,11,EUR,-7057.96,Actual,DOC-2023-0003191
3192,20250812,4200,2,EUR,5552.82,Actual,DOC-2025-0003192
3193,20251105,2100,10,GBP,-2254.13,Actual,DOC-2025-0003193
3194,20240307,2100,12,USD,-1761.29,Actual,DOC-2024-0003194
3195,20250704,5300,6,EUR,-8541.91,Actual,DOC-2025-0003195
3196,20240217,5000,1,PLN,8098.83,Actual,DOC-2024-0003196
3197,20240316,2200,10,GBP,-2921.46,Actual,DOC-2024-0003197
3198,20230430,5200,5,GBP,-6268.38,Budget,DOC-2023-0003198
3199,20250711,1100,12,USD,7966.92,Budget,DOC-2025-0003199
3200,20221226,1000,4,EUR,965.01,Actual,DOC-2022-0003200
3201,20230630,5100,9,EUR,-7280.32,Actual,DOC-2023-0003201
3202,20241218,5400,4,GBP,-8016.94,Budget,DOC-2024-0003202
3203,20221118,5400,5,EUR,-6184.3,Actual,DOC-2022-0003203
3204,20251112,5400,12,GBP,-3822.05,Forecast,DOC-2025-0003204
3205,20250817,3000,1,GBP,704.73,Actual,DOC-2025-0003205
3206,20251225,5100,9,USD,-7148.31,Forecast,DOC-2025-0003206
3207,20231229,4100,11,GBP,5808.53,Actual,DOC-2023-0003207
3208,20220308,4100,10,PLN,5434.36,Actual,DOC-2022-0003208
3209,20220620,1300,10,EUR,7825.18,Actual,DOC-2022-0003209
3210,20220830,5200,12,USD,-3209.26,Actual,DOC-2022-0003210
3211,20240404,1300,9,PLN,4358.51,Actual,DOC-2024-0003211
3212,20241212,5200,11,GBP,-3463.22,Forecast,DOC-2024-0003212
3213,20230206,4300,3,GBP,-6071.58,Actual,DOC-2023-0003213
3214,20220731,4200,2,USD,3379.28,Actual,DOC-2022-0003214
3215,20230303,5200,9,EUR,-3679.14,Actual,DOC-2023-0003215
3216,20230129,4100,3,GBP,5238.0,Actual,DOC-2023-0003216
3217,20221102,5100,1,PLN,-5853.07,Actual,DOC-2022-0003217
3218,20220302,5000,5,USD,3652.13,Budget,DOC-2022-0003218
3219,20220913,4000,4,USD,8375.06,Actual,DOC-2022-0003219
3220,20230605,5200,12,EUR,-2593.89,Budget,DOC-2023-0003220
3221,20220219,1300,5,PLN,5493.84,Budget,DOC-2022-0003221
3222,20251102,4300,9,GBP,-2175.91,Forecast,DOC-2025-0003222
3223,20220131,2200,7,EUR,-2932.44,Actual,DOC-2022-0003223
3224,20230218,5000,9,GBP,6359.37,Budget,DOC-2023-0003224
3225,20230608,5000,10,USD,7703.13,Budget,DOC-2023-0003225
3226,20250426,1200,8,EUR,475.82,Actual,DOC-2025-0003226
3227,20231207,4300,5,PLN,-4196.44,Actual,DOC-2023-0003227
3228,20241121,1000,2,GBP,625.64,Actual,DOC-2024-0003228
3229,20240912,1200,3,EUR,1206.27,Actual,DOC-2024-0003229
3230,20240616,1200,10,PLN,2719.52,Actual,DOC-2024-0003230
3231,20230529,4200,7,PLN,7501.87,Actual,DOC-2023-0003231
3232,20250820,5000,3,PLN,2597.77,Actual,DOC-2025-0003232
3233,20240415,4300,5,EUR,-5771.33,Actual,DOC-2024-0003233
3234,20230331,3100,7,GBP,4662.27,Forecast,DOC-2023-0003234
3235,20250918,3000,5,PLN,6593.11,Actual,DOC-2025-0003235
3236,20250223,2000,6,EUR,5450.15,Actual,DOC-2025-0003236
3237,20231018,1000,11,GBP,6977.35,Actual,DOC-2023-0003237
3238,20251122,5200,12,GBP,-4869.06,Actual,DOC-2025-0003238
3239,20250825,1200,9,GBP,2972.65,Actual,DOC-2025-0003239
3240,20230812,2000,12,PLN,1425.37,Budget,DOC-2023-0003240
3241,20221004,1300,9,PLN,2401.75,Budget,DOC-2022-0003241
3242,20240521,3100,1,PLN,8608.45,Actual,DOC-2024-0003242
3243,20241017,3000,9,USD,6525.81,Actual,DOC-2024-0003243
3244,20220306,1000,1,USD,7669.27,Actual,DOC-2022-0003244
3245,20220318,1300,5,EUR,2933.26,Budget,DOC-2022-0003245
3246,20230727,3100,12,PLN,1885.4,Forecast,DOC-2023-0003246
3247,20221204,4000,6,GBP,5733.21,Actual,DOC-2022-0003247
3248,20250326,2200,2,USD,-5494.34,Actual,DOC-2025-0003248
3249,20240601,2200,4,GBP,-371.54,Actual,DOC-2024-0003249
3250,20230829,3100,10,USD,7801.16,Actual,DOC-2023-0003250
3251,20250913,5300,12,PLN,-2502.42,Actual,DOC-2025-0003251
3252,20230303,1000,4,USD,7692.33,Forecast,DOC-2023-0003252
3253,20230312,2000,3,GBP,8051.36,Actual,DOC-2023-0003253
3254,20240403,2200,6,GBP,-290.57,Actual,DOC-2024-0003254
3255,20230806,1000,7,PLN,3568.77,Actual,DOC-2023-0003255
3256,20220131,5300,12,EUR,-3998.62,Actual,DOC-2022-0003256
3257,20240430,2000,7,USD,8336.39,Actual,DOC-2024-0003257
3258,20250701,5200,10,PLN,-1915.26,Budget,DOC-2025-0003258
3259,20220616,5400,3,GBP,-6658.89,Actual,DOC-2022-0003259
3260,20220201,5400,5,EUR,-3508.87,Actual,DOC-2022-0003260
3261,20230210,2200,3,USD,-2742.14,Budget,DOC-2023-0003261
3262,20250704,5400,11,EUR,-7631.93,Actual,DOC-2025-0003262
3263,20230530,4200,2,EUR,7581.45,Actual,DOC-2023-0003263
3264,20240710,5100,8,EUR,-1921.78,Budget,DOC-2024-0003264
3265,20230309,3100,12,EUR,7380.61,Budget,DOC-2023-0003265
3266,20231214,1200,2,USD,699.24,Actual,DOC-2023-0003266
3267,20221010,2000,7,GBP,1047.74,Forecast,DOC-2022-0003267
3268,20231222,1100,8,USD,5415.49,Actual,DOC-2023-0003268
3269,20251221,1200,9,EUR,1213.12,Actual,DOC-2025-0003269
3270,20230410,2000,8,EUR,5476.15,Actual,DOC-2023-0003270
3271,20231124,1100,3,PLN,6170.8,Actual,DOC-2023-0003271
3272,20230509,5000,2,EUR,648.35,Actual,DOC-2023-0003272
3273,20221219,5000,7,EUR,1890.43,Budget,DOC-2022-0003273
3274,20220908,5400,10,EUR,-828.54,Actual,DOC-2022-0003274
3275,20240130,1200,3,PLN,8644.63,Forecast,DOC-2024-0003275
3276,20231014,3000,11,PLN,2381.21,Actual,DOC-2023-0003276
3277,20230531,5300,5,USD,-4370.21,Actual,DOC-2023-0003277
3278,20250622,5200,4,EUR,-4846.71,Actual,DOC-2025-0003278
3279,20230311,4100,11,PLN,8521.18,Actual,DOC-2023-0003279
3280,20250408,1000,4,USD,1945.21,Actual,DOC-2025-0003280
3281,20240509,2200,12,EUR,-1020.06,Actual,DOC-2024-0003281
3282,20220711,2100,3,GBP,-8030.5,Actual,DOC-2022-0003282
3283,20230929,3100,1,EUR,1661.29,Actual,DOC-2023-0003283
3284,20251019,4100,5,GBP,6303.82,Actual,DOC-2025-0003284
3285,20220922,1100,5,USD,6184.5,Actual,DOC-2022-0003285
3286,20240401,4200,11,EUR,7291.31,Actual,DOC-2024-0003286
3287,20221009,5300,5,EUR,-5498.47,Actual,DOC-2022-0003287
3288,20240213,5200,12,USD,-720.51,Budget,DOC-2024-0003288
3289,20231006,5100,10,PLN,-6323.64,Forecast,DOC-2023-0003289
3290,20220804,5200,2,EUR,-4173.27,Budget,DOC-2022-0003290
3291,20230925,5300,11,GBP,-2314.41,Forecast,DOC-2023-0003291
3292,20240801,5300,10,PLN,-6121.17,Actual,DOC-2024-0003292
3293,20220427,1000,3,GBP,7755.98,Actual,DOC-2022-0003293
3294,20250810,1000,7,PLN,4472.53,Actual,DOC-2025-0003294
3295,20240707,4300,4,PLN,-4414.78,Actual,DOC-2024-0003295
3296,20230402,2100,1,EUR,-1974.34,Actual,DOC-2023-0003296
3297,20231014,2200,4,EUR,-2677.78,Actual,DOC-2023-0003297
3298,20250208,1100,7,EUR,3137.54,Actual,DOC-2025-0003298
3299,20230822,5400,2,GBP,-4640.83,Budget,DOC-2023-0003299
3300,20230423,2100,11,USD,-251.93,Actual,DOC-2023-0003300
3301,20250302,1200,2,USD,6912.47,Actual,DOC-2025-0003301
3302,20251011,2000,2,GBP,1078.66,Actual,DOC-2025-0003302
3303,20251007,3000,6,EUR,5117.09,Actual,DOC-2025-0003303
3304,20240703,1000,8,EUR,2506.61,Forecast,DOC-2024-0003304
3305,20221009,3000,6,GBP,4492.36,Forecast,DOC-2022-0003305
3306,20240110,1100,12,PLN,6494.13,Actual,DOC-2024-0003306
3307,20231224,3000,7,GBP,1966.91,Actual,DOC-2023-0003307
3308,20251113,3000,7,USD,7736.71,Actual,DOC-2025-0003308
3309,20251029,4100,10,GBP,6373.28,Actual,DOC-2025-0003309
3310,20231011,5000,12,EUR,3302.61,Actual,DOC-2023-0003310
3311,20221206,4100,6,PLN,8596.63,Actual,DOC-2022-0003311
3312,20221030,4200,8,PLN,2573.18,Actual,DOC-2022-0003312
3313,20220723,2000,8,EUR,2693.09,Budget,DOC-2022-0003313
3314,20230415,5400,6,USD,-7816.9,Actual,DOC-2023-0003314
3315,20220409,2200,3,USD,-8999.32,Actual,DOC-2022-0003315
3316,20240109,4300,4,GBP,-1415.29,Actual,DOC-2024-0003316
3317,20230326,1100,2,USD,3321.62,Actual,DOC-2023-0003317
3318,20250429,2100,9,PLN,-5305.01,Actual,DOC-2025-0003318
3319,20230717,5000,7,USD,7657.71,Actual,DOC-2023-0003319
3320,20220926,3100,11,GBP,7799.82,Actual,DOC-2022-0003320
3321,20220414,5400,7,EUR,-8755.07,Actual,DOC-2022-0003321
3322,20220528,5200,3,GBP,-4508.45,Actual,DOC-2022-0003322
3323,20220806,1200,7,EUR,705.84,Actual,DOC-2022-0003323
3324,20250820,2000,8,GBP,8812.78,Actual,DOC-2025-0003324
3325,20220325,4100,3,EUR,1640.83,Actual,DOC-2022-0003325
3326,20220709,5400,6,USD,-6674.74,Actual,DOC-2022-0003326
3327,20220721,5000,4,GBP,6818.04,Actual,DOC-2022-0003327
3328,20220322,1100,6,EUR,2955.51,Actual,DOC-2022-0003328
3329,20230714,5400,11,USD,-798.1,Actual,DOC-2023-0003329
3330,20230317,1000,12,EUR,1854.13,Forecast,DOC-2023-0003330
3331,20240529,1300,10,GBP,895.83,Forecast,DOC-2024-0003331
3332,20220528,4200,2,USD,4321.25,Actual,DOC-2022-0003332
3333,20220918,1000,7,PLN,6608.36,Actual,DOC-2022-0003333
3334,20240409,4100,5,GBP,6078.72,Actual,DOC-2024-0003334
3335,20220922,4200,7,USD,1806.15,Actual,DOC-2022-0003335
3336,20231209,5400,9,GBP,-8326.66,Actual,DOC-2023-0003336
3337,20240628,5200,10,GBP,-1958.62,Actual,DOC-2024-0003337
3338,20251107,3100,10,USD,3653.85,Actual,DOC-2025-0003338
3339,20250502,1200,4,PLN,1641.46,Actual,DOC-2025-0003339
3340,20230624,3000,9,USD,7046.69,Actual,DOC-2023-0003340
3341,20220227,4300,8,USD,-8857.8,Actual,DOC-2022-0003341
3342,20241113,5200,8,GBP,-8118.39,Actual,DOC-2024-0003342
3343,20240323,1000,10,USD,3499.95,Actual,DOC-2024-0003343
3344,20250403,1000,7,GBP,6717.96,Actual,DOC-2025-0003344
3345,20220201,3100,3,USD,244.06,Actual,DOC-2022-0003345
3346,20250821,1100,4,EUR,2475.17,Budget,DOC-2025-0003346
3347,20220728,1000,8,EUR,5629.99,Budget,DOC-2022-0003347
3348,20240903,1100,9,EUR,1136.99,Budget,DOC-2024-0003348
3349,20221122,5400,5,PLN,-4856.51,Actual,DOC-2022-0003349
3350,20241004,5400,5,USD,-851.31,Actual,DOC-2024-0003350
3351,20250724,5100,7,USD,-1659.21,Actual,DOC-2025-0003351
3352,20220702,3100,12,EUR,8535.45,Actual,DOC-2022-0003352
3353,20250906,4200,8,GBP,5568.07,Actual,DOC-2025-0003353
3354,20250409,5100,10,USD,-5232.03,Forecast,DOC-2025-0003354
3355,20230323,1200,11,USD,7625.4,Actual,DOC-2023-0003355
3356,20250220,5000,3,GBP,6328.71,Budget,DOC-2025-0003356
3357,20220723,5200,12,GBP,-3154.74,Actual,DOC-2022-0003357
3358,20241228,4100,3,GBP,5360.76,Actual,DOC-2024-0003358
3359,20250111,1200,7,EUR,5213.14,Actual,DOC-2025-0003359
3360,20240604,1100,1,EUR,6664.95,Budget,DOC-2024-0003360
3361,20251211,4300,10,USD,-3308.95,Forecast,DOC-2025-0003361
3362,20250209,5000,12,GBP,1269.29,Forecast,DOC-2025-0003362
3363,20250115,1000,5,USD,388.03,Actual,DOC-2025-0003363
3364,20220603,1300,1,USD,5006.88,Actual,DOC-2022-0003364
3365,20250106,2100,4,USD,-2809.54,Actual,DOC-2025-0003365
3366,20250228,5200,3,PLN,-2097.3,Actual,DOC-2025-0003366
3367,20241126,1200,3,PLN,359.2,Actual,DOC-2024-0003367
3368,20240131,1000,7,EUR,8290.03,Budget,DOC-2024-0003368
3369,20250524,3100,2,USD,1048.19,Actual,DOC-2025-0003369
3370,20250412,2200,5,EUR,-7420.16,Budget,DOC-2025-0003370
3371,20241023,5100,11,USD,-2134.45,Actual,DOC-2024-0003371
3372,20220712,1000,9,GBP,4328.02,Actual,DOC-2022-0003372
3373,20220413,1200,8,GBP,6708.42,Actual,DOC-2022-0003373
3374,20250322,3000,7,USD,5290.4,Actual,DOC-2025-0003374
3375,20221202,1000,6,EUR,2539.62,Actual,DOC-2022-0003375
3376,20230623,1200,1,EUR,2569.72,Actual,DOC-2023-0003376
3377,20240502,4300,7,PLN,-5229.99,Actual,DOC-2024-0003377
3378,20241012,5400,9,GBP,-8056.09,Actual,DOC-2024-0003378
3379,20231020,5100,8,GBP,-8604.93,Forecast,DOC-2023-0003379
3380,20221223,3000,6,GBP,2886.59,Budget,DOC-2022-0003380
3381,20230422,4300,12,EUR,-2213.15,Forecast,DOC-2023-0003381
3382,20250407,1100,12,GBP,577.04,Forecast,DOC-2025-0003382
3383,20221122,4000,7,USD,5658.85,Actual,DOC-2022-0003383
3384,20241109,2000,12,USD,8187.5,Actual,DOC-2024-0003384
3385,20250729,2000,6,EUR,3533.9,Actual,DOC-2025-0003385
3386,20231023,5000,3,PLN,4948.22,Actual,DOC-2023-0003386
3387,20220417,4300,9,GBP,-5902.75,Actual,DOC-2022-0003387
3388,20251216,5000,4,GBP,4569.51,Actual,DOC-2025-0003388
3389,20230521,2200,7,PLN,-2095.48,Budget,DOC-2023-0003389
3390,20220907,1100,3,PLN,6731.58,Actual,DOC-2022-0003390
3391,20230819,1000,1,PLN,8080.67,Actual,DOC-2023-0003391
3392,20231206,4000,8,PLN,8934.21,Actual,DOC-2023-0003392
3393,20240129,5300,12,USD,-3506.29,Actual,DOC-2024-0003393
3394,20250606,5300,9,PLN,-3106.72,Actual,DOC-2025-0003394
3395,20231227,5200,2,GBP,-868.83,Forecast,DOC-2023-0003395
3396,20220723,4300,8,GBP,-4025.72,Actual,DOC-2022-0003396
3397,20250517,1000,8,USD,6668.05,Actual,DOC-2025-0003397
3398,20240703,1300,4,GBP,3676.15,Actual,DOC-2024-0003398
3399,20240804,2100,4,PLN,-3268.97,Actual,DOC-2024-0003399
3400,20230208,4100,6,GBP,787.04,Actual,DOC-2023-0003400
3401,20220603,1300,12,GBP,8796.75,Actual,DOC-2022-0003401
3402,20230720,1000,8,PLN,4840.06,Actual,DOC-2023-0003402
3403,20251124,1300,2,USD,6197.43,Actual,DOC-2025-0003403
3404,20240527,1200,8,PLN,730.86,Actual,DOC-2024-0003404
3405,20240414,5100,11,GBP,-182.49,Actual,DOC-2024-0003405
3406,20240812,3000,5,USD,4094.77,Budget,DOC-2024-0003406
3407,20230713,2100,3,EUR,-5913.91,Actual,DOC-2023-0003407
3408,20240319,5200,11,EUR,-1317.96,Actual,DOC-2024-0003408
3409,20221211,5400,3,GBP,-2508.94,Budget,DOC-2022-0003409
3410,20250927,5400,3,GBP,-8356.7,Actual,DOC-2025-0003410
3411,20220723,1000,6,EUR,8892.65,Budget,DOC-2022-0003411
3412,20250422,4200,10,PLN,8060.12,Actual,DOC-2025-0003412
3413,20230607,5100,6,EUR,-1528.91,Actual,DOC-2023-0003413
3414,20240408,2000,1,GBP,8091.58,Actual,DOC-2024-0003414
3415,20230304,5100,3,GBP,-2184.32,Actual,DOC-2023-0003415
3416,20241222,2000,10,USD,4736.59,Actual,DOC-2024-0003416
3417,20220926,2100,10,GBP,-5994.01,Actual,DOC-2022-0003417
3418,20240621,5300,11,EUR,-5911.35,Actual,DOC-2024-0003418
3419,20250803,5300,9,EUR,-4987.02,Actual,DOC-2025-0003419
3420,20220420,2100,2,GBP,-8007.18,Actual,DOC-2022-0003420
3421,20230211,2100,9,EUR,-3878.15,Actual,DOC-2023-0003421
3422,20250815,5400,2,USD,-7812.72,Budget,DOC-2025-0003422
3423,20240421,4100,1,PLN,3676.84,Actual,DOC-2024-0003423
3424,20220405,1100,2,PLN,168.04,Actual,DOC-2022-0003424
3425,20250729,5300,4,EUR,-5840.28,Forecast,DOC-2025-0003425
3426,20220909,1000,8,EUR,8481.17,Budget,DOC-2022-0003426
3427,20230317,1200,1,USD,527.44,Forecast,DOC-2023-0003427
3428,20240523,5400,10,EUR,-4037.01,Actual,DOC-2024-0003428
3429,20241116,1100,10,PLN,6681.96,Actual,DOC-2024-0003429
3430,20221129,5100,8,GBP,-6985.76,Actual,DOC-2022-0003430
3431,20230519,3000,8,USD,6369.79,Actual,DOC-2023-0003431
3432,20221012,4100,5,PLN,7583.7,Actual,DOC-2022-0003432
3433,20220907,5400,4,GBP,-6438.5,Actual,DOC-2022-0003433
3434,20240311,2000,12,USD,5178.99,Budget,DOC-2024-0003434
3435,20221209,2200,5,USD,-4737.42,Actual,DOC-2022-0003435
3436,20240211,5000,10,PLN,7171.15,Actual,DOC-2024-0003436
3437,20220130,1200,9,USD,6663.47,Actual,DOC-2022-0003437
3438,20240419,1100,3,EUR,4400.01,Forecast,DOC-2024-0003438
3439,20250826,4000,1,GBP,5522.67,Actual,DOC-2025-0003439
3440,20230411,3100,5,PLN,7996.73,Actual,DOC-2023-0003440
3441,20230405,5200,12,PLN,-6416.84,Actual,DOC-2023-0003441
3442,20250320,5200,7,PLN,-6971.04,Actual,DOC-2025-0003442
3443,20251120,5100,5,EUR,-8418.24,Actual,DOC-2025-0003443
3444,20230105,5200,8,PLN,-4114.8,Actual,DOC-2023-0003444
3445,20250822,1000,10,EUR,83.33,Actual,DOC-2025-0003445
3446,20231022,2100,8,PLN,-114.54,Actual,DOC-2023-0003446
3447,20250116,5400,9,GBP,-505.07,Actual,DOC-2025-0003447
3448,20230819,5300,5,USD,-4509.86,Budget,DOC-2023-0003448
3449,20230806,1200,2,PLN,6591.39,Actual,DOC-2023-0003449
3450,20250615,1300,3,USD,5716.97,Actual,DOC-2025-0003450
3451,20221103,3000,8,USD,297.93,Budget,DOC-2022-0003451
3452,20240505,2000,2,GBP,2052.32,Actual,DOC-2024-0003452
3453,20220202,4100,11,PLN,6597.93,Actual,DOC-2022-0003453
3454,20220517,5100,10,EUR,-5000.27,Actual,DOC-2022-0003454
3455,20220101,5400,12,USD,-118.98,Budget,DOC-2022-0003455
3456,20250629,4200,4,PLN,564.99,Forecast,DOC-2025-0003456
3457,20240628,4100,8,PLN,1468.88,Actual,DOC-2024-0003457
3458,20251222,4300,10,GBP,-1507.2,Actual,DOC-2025-0003458
3459,20250406,2100,4,USD,-4637.04,Actual,DOC-2025-0003459
3460,20220609,4100,3,USD,5150.11,Actual,DOC-2022-0003460
3461,20251109,5000,3,USD,4398.28,Budget,DOC-2025-0003461
3462,20220430,1100,4,EUR,4868.21,Forecast,DOC-2022-0003462
3463,20221219,2000,6,EUR,2097.63,Actual,DOC-2022-0003463
3464,20231026,1200,6,USD,4868.49,Actual,DOC-2023-0003464
3465,20250113,1000,4,USD,5167.2,Actual,DOC-2025-0003465
3466,20250113,4000,5,USD,4247.47,Actual,DOC-2025-0003466
3467,20220731,3000,9,GBP,5189.54,Forecast,DOC-2022-0003467
3468,20220425,4300,10,EUR,-5705.29,Actual,DOC-2022-0003468
3469,20220821,1000,12,PLN,6842.73,Forecast,DOC-2022-0003469
3470,20230313,5000,3,USD,2831.63,Actual,DOC-2023-0003470
3471,20230420,5200,1,USD,-1026.75,Actual,DOC-2023-0003471
3472,20250822,2100,4,GBP,-2731.22,Actual,DOC-2025-0003472
3473,20230616,2200,7,USD,-7512.25,Budget,DOC-2023-0003473
3474,20230410,4200,1,EUR,5858.17,Actual,DOC-2023-0003474
3475,20240816,5300,5,USD,-1064.79,Actual,DOC-2024-0003475
3476,20230614,5300,3,PLN,-3212.15,Actual,DOC-2023-0003476
3477,20240106,5400,11,EUR,-7387.27,Actual,DOC-2024-0003477
3478,20240918,3000,5,GBP,7768.02,Actual,DOC-2024-0003478
3479,20231019,4100,5,USD,4267.4,Actual,DOC-2023-0003479
3480,20230319,4200,7,EUR,7480.43,Actual,DOC-2023-0003480
3481,20230517,5000,5,EUR,8592.03,Actual,DOC-2023-0003481
3482,20240428,4200,4,USD,2967.38,Actual,DOC-2024-0003482
3483,20230821,1300,1,GBP,1894.81,Actual,DOC-2023-0003483
3484,20241012,2100,1,EUR,-6665.28,Budget,DOC-2024-0003484
3485,20250930,1300,11,PLN,8475.53,Actual,DOC-2025-0003485
3486,20240728,1000,2,EUR,1130.6,Actual,DOC-2024-0003486
3487,20240302,5000,2,PLN,6818.22,Actual,DOC-2024-0003487
3488,20230320,2200,6,EUR,-5110.23,Actual,DOC-2023-0003488
3489,20231222,3100,6,GBP,587.79,Budget,DOC-2023-0003489
3490,20240908,5300,4,PLN,-4331.99,Actual,DOC-2024-0003490
3491,20250425,5300,9,EUR,-1881.65,Actual,DOC-2025-0003491
3492,20230702,4200,7,GBP,6307.22,Forecast,DOC-2023-0003492
3493,20230602,2000,8,PLN,8125.95,Actual,DOC-2023-0003493
3494,20251113,2000,5,EUR,4075.09,Actual,DOC-2025-0003494
3495,20230214,5000,11,GBP,5581.3,Actual,DOC-2023-0003495
3496,20251218,3100,11,USD,1380.09,Actual,DOC-2025-0003496
3497,20220411,4300,8,EUR,-230.68,Actual,DOC-2022-0003497
3498,20240826,4300,10,GBP,-305.87,Actual,DOC-2024-0003498
3499,20240124,4000,12,EUR,3604.41,Forecast,DOC-2024-0003499
3500,20220919,4100,3,PLN,3368.8,Actual,DOC-2022-0003500
3501,20240527,5300,10,EUR,-5383.69,Budget,DOC-2024-0003501
3502,20230816,1000,9,USD,1009.04,Actual,DOC-2023-0003502
3503,20221215,3100,6,PLN,574.6,Forecast,DOC-2022-0003503
3504,20251114,2200,1,PLN,-3337.88,Actual,DOC-2025-0003504
3505,20220411,2100,4,GBP,-2219.71,Actual,DOC-2022-0003505
3506,20251218,5400,6,PLN,-6945.72,Budget,DOC-2025-0003506
3507,20250428,1200,3,PLN,1798.57,Actual,DOC-2025-0003507
3508,20240814,1300,10,EUR,4243.18,Actual,DOC-2024-0003508
3509,20221015,2200,11,PLN,-8414.17,Actual,DOC-2022-0003509
3510,20240203,3100,4,EUR,529.0,Budget,DOC-2024-0003510
3511,20250517,5300,3,USD,-2803.66,Actual,DOC-2025-0003511
3512,20230208,3000,12,USD,3024.46,Actual,DOC-2023-0003512
3513,20220716,5300,6,GBP,-5362.03,Actual,DOC-2022-0003513
3514,20230225,4300,10,EUR,-3579.27,Actual,DOC-2023-0003514
3515,20220501,1300,3,GBP,5921.09,Forecast,DOC-2022-0003515
3516,20230127,5100,4,PLN,-8040.53,Actual,DOC-2023-0003516
3517,20230718,5400,10,USD,-3667.52,Actual,DOC-2023-0003517
3518,20241203,5400,2,PLN,-7502.12,Actual,DOC-2024-0003518
3519,20220326,5000,9,GBP,7270.35,Forecast,DOC-2022-0003519
3520,20220508,1300,11,USD,3483.53,Budget,DOC-2022-0003520
3521,20230305,5100,3,EUR,-8345.22,Actual,DOC-2023-0003521
3522,20220206,2200,2,PLN,-2882.72,Actual,DOC-2022-0003522
3523,20231130,5300,1,USD,-2954.54,Actual,DOC-2023-0003523
3524,20241225,4300,7,EUR,-6302.06,Actual,DOC-2024-0003524
3525,20240325,1100,2,EUR,1147.2,Actual,DOC-2024-0003525
3526,20250501,1300,10,EUR,1405.18,Actual,DOC-2025-0003526
3527,20230916,3000,5,EUR,5719.08,Forecast,DOC-2023-0003527
3528,20251128,4100,1,EUR,3215.3,Actual,DOC-2025-0003528
3529,20221207,4000,7,EUR,1428.69,Actual,DOC-2022-0003529
3530,20241103,4300,6,EUR,-2227.67,Actual,DOC-2024-0003530
3531,20241208,2100,8,GBP,-3853.09,Actual,DOC-2024-0003531
3532,20220330,4000,10,GBP,8395.0,Actual,DOC-2022-0003532
3533,20230528,1200,12,USD,4413.42,Actual,DOC-2023-0003533
3534,20230902,4000,12,GBP,7098.73,Actual,DOC-2023-0003534
3535,20250212,4000,10,USD,8815.4,Budget,DOC-2025-0003535
3536,20241125,5000,12,GBP,313.6,Forecast,DOC-2024-0003536
3537,20220801,4300,12,GBP,-8703.27,Actual,DOC-2022-0003537
3538,20250623,5300,8,PLN,-7695.39,Actual,DOC-2025-0003538
3539,20250329,5400,1,EUR,-4331.3,Actual,DOC-2025-0003539
3540,20220321,2100,5,GBP,-6849.61,Actual,DOC-2022-0003540
3541,20221206,5400,1,EUR,-8705.8,Actual,DOC-2022-0003541
3542,20230214,5400,1,PLN,-6751.97,Actual,DOC-2023-0003542
3543,20250819,5200,5,PLN,-7217.52,Actual,DOC-2025-0003543
3544,20230525,1000,5,GBP,445.25,Actual,DOC-2023-0003544
3545,20251013,2100,11,GBP,-852.88,Actual,DOC-2025-0003545
3546,20250706,4300,9,USD,-4605.01,Actual,DOC-2025-0003546
3547,20221101,5300,5,USD,-2063.24,Actual,DOC-2022-0003547
3548,20230218,1200,7,EUR,4394.96,Budget,DOC-2023-0003548
3549,20241229,5000,4,USD,2847.91,Actual,DOC-2024-0003549
3550,20230607,5300,2,GBP,-3128.73,Actual,DOC-2023-0003550
3551,20230903,2200,7,EUR,-8481.35,Actual,DOC-2023-0003551
3552,20240812,4000,5,PLN,6376.03,Actual,DOC-2024-0003552
3553,20220205,1000,7,USD,7359.33,Actual,DOC-2022-0003553
3554,20220922,1000,6,EUR,1642.13,Budget,DOC-2022-0003554
3555,20250613,2200,12,USD,-8407.16,Actual,DOC-2025-0003555
3556,20221113,3000,12,EUR,4910.01,Budget,DOC-2022-0003556
3557,20230114,4100,2,USD,1303.56,Actual,DOC-2023-0003557
3558,20231203,4300,5,GBP,-6974.93,Actual,DOC-2023-0003558
3559,20250819,1000,3,USD,405.11,Forecast,DOC-2025-0003559
3560,20230731,5300,10,PLN,-4907.93,Actual,DOC-2023-0003560
3561,20250227,5300,1,GBP,-5286.7,Budget,DOC-2025-0003561
3562,20240301,4300,4,USD,-2554.92,Actual,DOC-2024-0003562
3563,20230703,3100,10,EUR,3423.38,Actual,DOC-2023-0003563
3564,20220226,4000,1,GBP,7166.97,Budget,DOC-2022-0003564
3565,20220113,5000,4,USD,5976.87,Actual,DOC-2022-0003565
3566,20230615,3000,12,EUR,2774.96,Actual,DOC-2023-0003566
3567,20250403,5300,11,GBP,-5208.07,Actual,DOC-2025-0003567
3568,20230616,3000,10,PLN,6880.12,Actual,DOC-2023-0003568
3569,20240611,4300,11,PLN,-5135.25,Budget,DOC-2024-0003569
3570,20221116,5400,6,GBP,-3554.17,Actual,DOC-2022-0003570
3571,20220626,1100,9,PLN,7726.24,Actual,DOC-2022-0003571
3572,20220804,1200,7,USD,8452.51,Actual,DOC-2022-0003572
3573,20230614,2100,9,PLN,-5952.63,Forecast,DOC-2023-0003573
3574,20240320,3000,4,USD,8511.6,Budget,DOC-2024-0003574
3575,20250406,5100,1,GBP,-565.41,Forecast,DOC-2025-0003575
3576,20251220,4100,1,PLN,824.23,Actual,DOC-2025-0003576
3577,20250311,2000,4,GBP,4627.98,Actual,DOC-2025-0003577
3578,20231021,2100,10,GBP,-618.63,Actual,DOC-2023-0003578
3579,20220411,1200,4,PLN,7960.92,Actual,DOC-2022-0003579
3580,20230908,5000,9,USD,1210.65,Actual,DOC-2023-0003580
3581,20221110,5300,7,PLN,-7457.06,Actual,DOC-2022-0003581
3582,20251129,5100,2,USD,-5569.08,Forecast,DOC-2025-0003582
3583,20250223,5100,7,PLN,-587.03,Budget,DOC-2025-0003583
3584,20240214,1300,4,PLN,6275.27,Actual,DOC-2024-0003584
3585,20240225,1000,11,PLN,4863.29,Actual,DOC-2024-0003585
3586,20250903,5100,1,EUR,-2327.98,Actual,DOC-2025-0003586
3587,20221230,3000,7,PLN,91.38,Actual,DOC-2022-0003587
3588,20230817,5300,12,PLN,-6825.64,Actual,DOC-2023-0003588
3589,20240127,4300,7,EUR,-430.64,Forecast,DOC-2024-0003589
3590,20231108,1100,3,PLN,6211.95,Actual,DOC-2023-0003590
3591,20220630,3000,2,PLN,5722.74,Actual,DOC-2022-0003591
3592,20230928,5000,7,USD,6982.65,Actual,DOC-2023-0003592
3593,20220511,1200,4,GBP,2138.82,Actual,DOC-2022-0003593
3594,20250208,5000,9,EUR,7562.38,Actual,DOC-2025-0003594
3595,20220723,5200,6,GBP,-5514.05,Actual,DOC-2022-0003595
3596,20230422,2000,9,USD,879.66,Forecast,DOC-2023-0003596
3597,20221101,4300,12,EUR,-8396.9,Budget,DOC-2022-0003597
3598,20251229,5000,7,EUR,8203.12,Actual,DOC-2025-0003598
3599,20230902,1000,8,EUR,8529.4,Actual,DOC-2023-0003599
3600,20220618,1100,11,GBP,1067.82,Forecast,DOC-2022-0003600
3601,20250725,5000,11,GBP,6023.89,Actual,DOC-2025-0003601
3602,20251108,3100,4,USD,7680.86,Actual,DOC-2025-0003602
3603,20241101,3100,3,USD,7874.74,Actual,DOC-2024-0003603
3604,20230311,5100,1,PLN,-8037.86,Actual,DOC-2023-0003604
3605,20230811,2100,6,PLN,-8563.94,Forecast,DOC-2023-0003605
3606,20220517,2100,8,USD,-2437.24,Actual,DOC-2022-0003606
3607,20240508,3100,10,PLN,7594.58,Actual,DOC-2024-0003607
3608,20240208,4200,7,PLN,2927.68,Actual,DOC-2024-0003608
3609,20240331,4200,7,USD,6363.65,Actual,DOC-2024-0003609
3610,20250911,3000,7,USD,8261.85,Budget,DOC-2025-0003610
3611,20221212,1300,9,GBP,886.69,Actual,DOC-2022-0003611
3612,20251227,3100,7,PLN,2081.55,Budget,DOC-2025-0003612
3613,20230514,1000,2,EUR,3449.86,Budget,DOC-2023-0003613
3614,20220618,1100,1,EUR,8844.21,Actual,DOC-2022-0003614
3615,20250924,4100,2,EUR,2580.1,Actual,DOC-2025-0003615
3616,20241123,4100,6,PLN,3021.78,Forecast,DOC-2024-0003616
3617,20220917,1200,5,PLN,6261.18,Actual,DOC-2022-0003617
3618,20251123,3000,5,USD,4906.84,Budget,DOC-2025-0003618
3619,20240609,5200,8,PLN,-2422.31,Actual,DOC-2024-0003619
3620,20220520,5300,3,PLN,-6795.97,Forecast,DOC-2022-0003620
3621,20220927,4000,3,GBP,7698.15,Actual,DOC-2022-0003621
3622,20231129,3100,3,GBP,3065.11,Actual,DOC-2023-0003622
3623,20240912,5400,7,USD,-4118.12,Actual,DOC-2024-0003623
3624,20231015,2100,3,PLN,-6838.04,Actual,DOC-2023-0003624
3625,20230928,4100,1,EUR,6497.3,Actual,DOC-2023-0003625
3626,20220220,2000,4,EUR,1303.1,Forecast,DOC-2022-0003626
3627,20250511,4000,4,GBP,3416.59,Actual,DOC-2025-0003627
3628,20250307,5400,1,USD,-8561.24,Budget,DOC-2025-0003628
3629,20220527,5200,6,USD,-6330.86,Forecast,DOC-2022-0003629
3630,20220104,1100,9,EUR,7361.07,Actual,DOC-2022-0003630
3631,20241205,5400,12,EUR,-7072.72,Actual,DOC-2024-0003631
3632,20220807,5400,1,PLN,-5769.6,Actual,DOC-2022-0003632
3633,20220125,2100,12,EUR,-8965.07,Actual,DOC-2022-0003633
3634,20231226,4200,1,GBP,8809.36,Actual,DOC-2023-0003634
3635,20230506,3000,9,EUR,8534.61,Forecast,DOC-2023-0003635
3636,20241127,3000,8,GBP,1779.1,Actual,DOC-2024-0003636
3637,20220122,2000,6,EUR,4659.98,Actual,DOC-2022-0003637
3638,20250717,1300,10,PLN,3647.54,Actual,DOC-2025-0003638
3639,20220219,2100,2,USD,-5770.8,Actual,DOC-2022-0003639
3640,20221231,5100,4,USD,-4371.06,Actual,DOC-2022-0003640
3641,20230507,3100,6,GBP,232.29,Actual,DOC-2023-0003641
3642,20230601,4300,1,USD,-7577.02,Budget,DOC-2023-0003642
3643,20220904,5200,8,GBP,-1946.86,Actual,DOC-2022-0003643
3644,20220730,5200,7,GBP,-5745.84,Actual,DOC-2022-0003644
3645,20230609,5300,7,GBP,-4272.08,Actual,DOC-2023-0003645
3646,20230603,4100,10,EUR,3301.32,Actual,DOC-2023-0003646
3647,20240122,1100,11,EUR,442.76,Budget,DOC-2024-0003647
3648,20250921,3100,1,USD,1965.52,Actual,DOC-2025-0003648
3649,20241119,3000,11,PLN,1447.53,Actual,DOC-2024-0003649
3650,20250517,2000,3,USD,4710.8,Budget,DOC-2025-0003650
3651,20241107,3000,8,PLN,4845.99,Budget,DOC-2024-0003651
3652,20241006,2200,10,USD,-5752.61,Actual,DOC-2024-0003652
3653,20230820,1000,11,EUR,5175.26,Actual,DOC-2023-0003653
3654,20220807,5300,10,EUR,-5963.82,Actual,DOC-2022-0003654
3655,20240531,2000,10,USD,6264.42,Actual,DOC-2024-0003655
3656,20250303,1300,7,PLN,253.19,Actual,DOC-2025-0003656
3657,20221212,1200,9,GBP,4037.96,Actual,DOC-2022-0003657
3658,20220411,4000,7,PLN,2330.82,Actual,DOC-2022-0003658
3659,20220106,2000,2,GBP,7551.81,Actual,DOC-2022-0003659
3660,20220302,5000,12,PLN,2559.78,Actual,DOC-2022-0003660
3661,20230911,3000,5,PLN,2471.9,Actual,DOC-2023-0003661
3662,20240706,4200,6,PLN,6844.37,Forecast,DOC-2024-0003662
3663,20220523,2000,10,USD,4834.91,Forecast,DOC-2022-0003663
3664,20230606,1200,10,EUR,1067.66,Actual,DOC-2023-0003664
3665,20241010,1000,11,USD,5609.17,Actual,DOC-2024-0003665
3666,20250731,4000,6,EUR,3018.59,Actual,DOC-2025-0003666
3667,20221110,4100,10,PLN,8098.04,Actual,DOC-2022-0003667
3668,20220609,2200,1,USD,-1575.27,Actual,DOC-2022-0003668
3669,20241025,1000,8,EUR,8305.07,Actual,DOC-2024-0003669
3670,20230508,5400,3,PLN,-7037.06,Budget,DOC-2023-0003670
3671,20241113,5100,10,GBP,-763.75,Budget,DOC-2024-0003671
3672,20220504,1300,11,EUR,1429.02,Actual,DOC-2022-0003672
3673,20230415,4200,11,GBP,6254.15,Forecast,DOC-2023-0003673
3674,20230528,4200,4,GBP,6257.24,Actual,DOC-2023-0003674
3675,20240113,5100,3,EUR,-3114.46,Budget,DOC-2024-0003675
3676,20220925,5300,4,GBP,-4127.5,Actual,DOC-2022-0003676
3677,20240701,5400,12,USD,-5462.81,Actual,DOC-2024-0003677
3678,20220124,4200,8,GBP,7724.86,Actual,DOC-2022-0003678
3679,20251224,5200,10,USD,-8717.07,Actual,DOC-2025-0003679
3680,20250817,5300,9,PLN,-7153.12,Actual,DOC-2025-0003680
3681,20241208,2000,9,EUR,6288.47,Budget,DOC-2024-0003681
3682,20220128,1300,7,USD,7097.53,Actual,DOC-2022-0003682
3683,20250519,3100,3,GBP,3631.92,Actual,DOC-2025-0003683
3684,20221221,5200,11,GBP,-8279.51,Actual,DOC-2022-0003684
3685,20230306,3000,1,PLN,8981.52,Actual,DOC-2023-0003685
3686,20220304,2100,7,USD,-1458.94,Actual,DOC-2022-0003686
3687,20221229,3000,10,EUR,8558.4,Budget,DOC-2022-0003687
3688,20230318,4300,8,USD,-1473.94,Actual,DOC-2023-0003688
3689,20241030,3100,12,GBP,2330.62,Actual,DOC-2024-0003689
3690,20240214,5200,1,PLN,-2059.45,Actual,DOC-2024-0003690
3691,20230709,5100,12,USD,-5733.0,Actual,DOC-2023-0003691
3692,20230922,4100,10,USD,7543.17,Actual,DOC-2023-0003692
3693,20241228,1100,6,GBP,960.06,Actual,DOC-2024-0003693
3694,20220611,5300,7,USD,-3794.87,Budget,DOC-2022-0003694
3695,20250523,5400,8,GBP,-405.88,Actual,DOC-2025-0003695
3696,20220518,4200,12,EUR,5020.91,Forecast,DOC-2022-0003696
3697,20230214,1000,12,PLN,2761.7,Actual,DOC-2023-0003697
3698,20251227,1100,5,EUR,2773.91,Actual,DOC-2025-0003698
3699,20241211,1300,7,PLN,4604.94,Actual,DOC-2024-0003699
3700,20220711,5400,10,PLN,-4364.53,Actual,DOC-2022-0003700
3701,20250110,1300,1,GBP,2035.94,Forecast,DOC-2025-0003701
3702,20230909,1300,2,EUR,4691.36,Forecast,DOC-2023-0003702
3703,20250821,4200,9,EUR,5190.81,Actual,DOC-2025-0003703
3704,20250815,3000,4,GBP,7468.34,Actual,DOC-2025-0003704
3705,20220314,1000,6,USD,1139.39,Actual,DOC-2022-0003705
3706,20220605,2100,12,USD,-4011.11,Forecast,DOC-2022-0003706
3707,20251218,5300,4,GBP,-4275.33,Budget,DOC-2025-0003707
3708,20251020,1000,6,EUR,1906.73,Actual,DOC-2025-0003708
3709,20220512,5000,10,PLN,3940.43,Actual,DOC-2022-0003709
3710,20250723,5000,7,PLN,1318.66,Actual,DOC-2025-0003710
3711,20250129,2200,6,USD,-7505.78,Actual,DOC-2025-0003711
3712,20241114,2000,3,PLN,2807.98,Actual,DOC-2024-0003712
3713,20250902,4200,2,GBP,3371.15,Actual,DOC-2025-0003713
3714,20240329,4100,8,PLN,7783.55,Actual,DOC-2024-0003714
3715,20240429,4300,8,USD,-3676.15,Forecast,DOC-2024-0003715
3716,20220919,2200,4,USD,-7277.86,Budget,DOC-2022-0003716
3717,20250516,2200,9,PLN,-6864.76,Actual,DOC-2025-0003717
3718,20250124,5000,7,USD,3997.58,Actual,DOC-2025-0003718
3719,20240311,5400,1,EUR,-8508.95,Actual,DOC-2024-0003719
3720,20231028,1200,4,USD,8358.39,Forecast,DOC-2023-0003720
3721,20241222,1000,11,GBP,4340.52,Actual,DOC-2024-0003721
3722,20251020,1300,3,PLN,2688.15,Forecast,DOC-2025-0003722
3723,20230717,4300,11,GBP,-1276.88,Actual,DOC-2023-0003723
3724,20220923,3100,8,USD,7191.89,Forecast,DOC-2022-0003724
3725,20251226,1200,5,EUR,224.31,Actual,DOC-2025-0003725
3726,20220223,5300,10,PLN,-7523.52,Actual,DOC-2022-0003726
3727,20250106,5100,1,EUR,-2530.67,Actual,DOC-2025-0003727
3728,20220917,4000,9,GBP,5101.61,Actual,DOC-2022-0003728
3729,20220331,5300,7,USD,-6131.93,Actual,DOC-2022-0003729
3730,20250403,5000,8,GBP,6348.29,Forecast,DOC-2025-0003730
3731,20241125,1200,6,USD,6952.0,Actual,DOC-2024-0003731
3732,20230501,4000,4,PLN,3525.76,Actual,DOC-2023-0003732
3733,20250612,2000,1,PLN,5829.34,Actual,DOC-2025-0003733
3734,20240913,1300,7,GBP,8542.11,Actual,DOC-2024-0003734
3735,20230812,4300,11,PLN,-3186.05,Actual,DOC-2023-0003735
3736,20230911,4000,11,USD,6665.22,Actual,DOC-2023-0003736
3737,20221107,4200,7,EUR,8451.63,Actual,DOC-2022-0003737
3738,20240429,1000,3,USD,7642.46,Actual,DOC-2024-0003738
3739,20240609,4300,9,PLN,-8635.91,Actual,DOC-2024-0003739
3740,20230331,5200,10,PLN,-8889.81,Actual,DOC-2023-0003740
3741,20220814,5300,3,EUR,-7239.7,Actual,DOC-2022-0003741
3742,20230125,1100,5,GBP,8994.2,Actual,DOC-2023-0003742
3743,20250223,3100,11,EUR,5040.51,Budget,DOC-2025-0003743
3744,20230905,4100,11,USD,600.58,Budget,DOC-2023-0003744
3745,20251112,4000,5,EUR,8656.53,Actual,DOC-2025-0003745
3746,20250115,5400,9,USD,-2065.28,Actual,DOC-2025-0003746
3747,20220223,5400,9,PLN,-3039.44,Forecast,DOC-2022-0003747
3748,20231211,2100,2,USD,-8210.56,Actual,DOC-2023-0003748
3749,20230419,2200,8,PLN,-6256.25,Budget,DOC-2023-0003749
3750,20240709,5000,11,USD,6816.56,Budget,DOC-2024-0003750
3751,20241118,1200,11,GBP,4018.5,Actual,DOC-2024-0003751
3752,20241201,5200,2,GBP,-1517.4,Actual,DOC-2024-0003752
3753,20250730,4000,12,USD,7763.57,Actual,DOC-2025-0003753
3754,20221113,1100,12,EUR,5633.83,Actual,DOC-2022-0003754
3755,20220501,5100,11,USD,-3744.53,Actual,DOC-2022-0003755
3756,20250901,2000,4,EUR,1170.58,Actual,DOC-2025-0003756
3757,20220929,4300,1,GBP,-1108.11,Budget,DOC-2022-0003757
3758,20250527,1100,6,USD,1276.59,Actual,DOC-2025-0003758
3759,20231119,2100,6,USD,-7658.44,Actual,DOC-2023-0003759
3760,20250425,2100,6,USD,-7057.07,Budget,DOC-2025-0003760
3761,20250605,3100,2,PLN,5845.16,Actual,DOC-2025-0003761
3762,20241112,1100,11,GBP,8025.48,Actual,DOC-2024-0003762
3763,20251115,5400,4,GBP,-6128.42,Actual,DOC-2025-0003763
3764,20250607,4300,12,PLN,-8317.14,Actual,DOC-2025-0003764
3765,20250929,5300,4,GBP,-1197.16,Budget,DOC-2025-0003765
3766,20251103,3100,11,EUR,8251.36,Actual,DOC-2025-0003766
3767,20240419,2200,2,PLN,-7343.54,Actual,DOC-2024-0003767
3768,20221013,4200,3,EUR,7580.02,Actual,DOC-2022-0003768
3769,20250511,1100,2,PLN,1402.09,Budget,DOC-2025-0003769
3770,20251229,5400,1,PLN,-103.76,Budget,DOC-2025-0003770
3771,20221016,5200,11,PLN,-7768.13,Budget,DOC-2022-0003771
3772,20230602,5000,8,USD,6247.3,Actual,DOC-2023-0003772
3773,20220714,1000,11,EUR,6784.39,Actual,DOC-2022-0003773
3774,20231225,1100,3,GBP,5368.81,Actual,DOC-2023-0003774
3775,20220302,4100,3,EUR,8529.99,Actual,DOC-2022-0003775
3776,20231123,1100,1,EUR,4076.42,Budget,DOC-2023-0003776
3777,20240409,3100,12,USD,7094.07,Actual,DOC-2024-0003777
3778,20231214,5100,7,PLN,-6607.16,Actual,DOC-2023-0003778
3779,20240804,1000,8,USD,7567.02,Actual,DOC-2024-0003779
3780,20220919,1200,4,PLN,703.64,Actual,DOC-2022-0003780
3781,20250424,2100,3,EUR,-7340.73,Budget,DOC-2025-0003781
3782,20251015,4000,5,USD,8591.59,Actual,DOC-2025-0003782
3783,20250214,2200,1,USD,-2374.95,Actual,DOC-2025-0003783
3784,20240628,5200,11,USD,-1359.71,Actual,DOC-2024-0003784
3785,20220224,3100,11,EUR,1434.25,Actual,DOC-2022-0003785
3786,20220706,2100,10,EUR,-1018.26,Actual,DOC-2022-0003786
3787,20240202,4000,5,PLN,1222.53,Actual,DOC-2024-0003787
3788,20240421,2100,6,GBP,-630.99,Actual,DOC-2024-0003788
3789,20250331,5300,12,EUR,-1139.84,Budget,DOC-2025-0003789
3790,20250605,5300,5,USD,-5859.18,Actual,DOC-2025-0003790
3791,20240103,5300,2,EUR,-8084.62,Actual,DOC-2024-0003791
3792,20241024,5300,12,GBP,-7082.86,Forecast,DOC-2024-0003792
3793,20240107,4000,4,EUR,4929.82,Actual,DOC-2024-0003793
3794,20240122,2000,6,GBP,8447.46,Actual,DOC-2024-0003794
3795,20230920,4100,7,USD,5906.73,Actual,DOC-2023-0003795
3796,20230719,5200,10,GBP,-5946.49,Actual,DOC-2023-0003796
3797,20251011,2100,6,USD,-1858.91,Actual,DOC-2025-0003797
3798,20230506,5200,6,GBP,-3659.74,Budget,DOC-2023-0003798
3799,20250109,5100,7,PLN,-1950.12,Actual,DOC-2025-0003799
3800,20220314,2000,12,EUR,6600.56,Actual,DOC-2022-0003800
3801,20250317,5200,4,EUR,-3891.36,Forecast,DOC-2025-0003801
3802,20220109,1200,8,PLN,7329.15,Actual,DOC-2022-0003802
3803,20231230,1100,1,EUR,6457.27,Actual,DOC-2023-0003803
3804,20240913,5000,5,USD,5576.81,Actual,DOC-2024-0003804
3805,20230604,5400,5,USD,-201.79,Actual,DOC-2023-0003805
3806,20231002,3000,5,EUR,8400.08,Actual,DOC-2023-0003806
3807,20241024,1100,9,GBP,2873.88,Actual,DOC-2024-0003807
3808,20240127,5300,1,PLN,-5131.28,Actual,DOC-2024-0003808
3809,20250313,4200,11,PLN,7592.12,Actual,DOC-2025-0003809
3810,20230116,1000,8,EUR,8124.86,Forecast,DOC-2023-0003810
3811,20241027,3000,4,GBP,5190.63,Actual,DOC-2024-0003811
3812,20251122,5300,8,PLN,-3779.07,Actual,DOC-2025-0003812
3813,20220518,4200,7,GBP,8355.12,Actual,DOC-2022-0003813
3814,20240105,3000,9,PLN,2667.42,Actual,DOC-2024-0003814
3815,20230307,2100,1,USD,-8636.07,Actual,DOC-2023-0003815
3816,20250729,3000,6,EUR,8638.57,Actual,DOC-2025-0003816
3817,20250829,4300,10,PLN,-7289.2,Actual,DOC-2025-0003817
3818,20240501,4000,4,USD,1106.94,Actual,DOC-2024-0003818
3819,20230518,5000,9,PLN,7624.58,Budget,DOC-2023-0003819
3820,20250324,5400,1,EUR,-6168.28,Actual,DOC-2025-0003820
3821,20250205,3000,8,USD,7516.18,Actual,DOC-2025-0003821
3822,20250416,4100,4,USD,3223.43,Budget,DOC-2025-0003822
3823,20230927,3100,12,PLN,477.63,Actual,DOC-2023-0003823
3824,20240101,1200,12,PLN,5839.92,Actual,DOC-2024-0003824
3825,20250826,4300,11,GBP,-1584.18,Actual,DOC-2025-0003825
3826,20250920,3100,10,PLN,4614.11,Actual,DOC-2025-0003826
3827,20220227,5300,4,USD,-5184.1,Actual,DOC-2022-0003827
3828,20241014,4300,2,EUR,-5728.22,Forecast,DOC-2024-0003828
3829,20251027,4000,4,PLN,8084.56,Forecast,DOC-2025-0003829
3830,20241121,4300,2,USD,-6614.23,Budget,DOC-2024-0003830
3831,20230916,5400,1,GBP,-3037.78,Forecast,DOC-2023-0003831
3832,20241210,4200,12,USD,272.34,Actual,DOC-2024-0003832
3833,20251224,4200,3,USD,844.79,Actual,DOC-2025-0003833
3834,20240124,2000,10,GBP,322.04,Actual,DOC-2024-0003834
3835,20250311,3000,4,EUR,3797.87,Actual,DOC-2025-0003835
3836,20240425,3000,8,PLN,4039.91,Budget,DOC-2024-0003836
3837,20240803,4200,1,USD,279.33,Actual,DOC-2024-0003837
3838,20231203,4300,6,USD,-3131.64,Budget,DOC-2023-0003838
3839,20240722,3000,3,GBP,1788.06,Actual,DOC-2024-0003839
3840,20231224,1300,8,GBP,1688.11,Budget,DOC-2023-0003840
3841,20250102,4000,11,EUR,5185.03,Actual,DOC-2025-0003841
3842,20221027,2200,7,PLN,-6358.54,Actual,DOC-2022-0003842
3843,20240427,1200,9,EUR,5117.57,Forecast,DOC-2024-0003843
3844,20250914,3000,8,EUR,4635.13,Actual,DOC-2025-0003844
3845,20251217,3100,1,EUR,7492.1,Actual,DOC-2025-0003845
3846,20220713,5100,5,USD,-2906.4,Actual,DOC-2022-0003846
3847,20221213,3100,2,USD,8454.13,Actual,DOC-2022-0003847
3848,20220807,4000,2,EUR,3298.39,Actual,DOC-2022-0003848
3849,20240513,4000,4,EUR,4633.19,Actual,DOC-2024-0003849
3850,20220223,3000,11,GBP,5595.07,Actual,DOC-2022-0003850
3851,20250613,1100,11,USD,8041.86,Forecast,DOC-2025-0003851
3852,20250831,5100,4,GBP,-6794.09,Actual,DOC-2025-0003852
3853,20220904,4100,4,EUR,3763.93,Budget,DOC-2022-0003853
3854,20250226,5200,8,USD,-3779.18,Actual,DOC-2025-0003854
3855,20250331,5200,1,EUR,-299.08,Actual,DOC-2025-0003855
3856,20240603,5300,7,USD,-6242.62,Actual,DOC-2024-0003856
3857,20241020,2000,12,USD,5029.84,Actual,DOC-2024-0003857
3858,20230321,2100,9,PLN,-7706.85,Actual,DOC-2023-0003858
3859,20241201,5300,9,EUR,-6390.38,Actual,DOC-2024-0003859
3860,20240215,3100,7,EUR,7142.42,Actual,DOC-2024-0003860
3861,20240419,4000,9,PLN,4435.47,Actual,DOC-2024-0003861
3862,20250311,5300,7,EUR,-6060.49,Actual,DOC-2025-0003862
3863,20231013,4300,9,USD,-2980.33,Actual,DOC-2023-0003863
3864,20250517,4300,3,PLN,-8002.68,Actual,DOC-2025-0003864
3865,20241008,1000,4,GBP,2912.47,Actual,DOC-2024-0003865
3866,20220319,2000,11,USD,7617.67,Budget,DOC-2022-0003866
3867,20241206,5100,2,GBP,-321.22,Actual,DOC-2024-0003867
3868,20240202,1300,1,USD,7208.4,Budget,DOC-2024-0003868
3869,20221227,5000,4,GBP,199.4,Actual,DOC-2022-0003869
3870,20230616,5100,4,USD,-1416.11,Actual,DOC-2023-0003870
3871,20220106,4000,8,GBP,3124.04,Budget,DOC-2022-0003871
3872,20230808,4000,8,EUR,5545.29,Actual,DOC-2023-0003872
3873,20220305,4100,10,EUR,3812.87,Actual,DOC-2022-0003873
3874,20240212,4000,6,GBP,852.8,Actual,DOC-2024-0003874
3875,20250409,5300,7,EUR,-1346.87,Budget,DOC-2025-0003875
3876,20250829,3100,6,GBP,1058.4,Actual,DOC-2025-0003876
3877,20231029,4200,1,PLN,3848.63,Actual,DOC-2023-0003877
3878,20220517,1300,5,EUR,5671.29,Actual,DOC-2022-0003878
3879,20250715,1200,4,EUR,3833.47,Actual,DOC-2025-0003879
3880,20230318,1100,12,GBP,2889.49,Actual,DOC-2023-0003880
3881,20250922,5400,2,EUR,-1903.67,Budget,DOC-2025-0003881
3882,20240407,5300,4,EUR,-858.31,Actual,DOC-2024-0003882
3883,20241014,4200,6,EUR,4428.25,Actual,DOC-2024-0003883
3884,20220304,5300,2,USD,-8358.18,Actual,DOC-2022-0003884
3885,20240210,5100,12,PLN,-2889.82,Forecast,DOC-2024-0003885
3886,20240904,4000,5,PLN,6419.96,Actual,DOC-2024-0003886
3887,20230927,1100,6,USD,7793.1,Actual,DOC-2023-0003887
3888,20241214,3100,6,USD,5974.47,Actual,DOC-2024-0003888
3889,20240420,2100,3,EUR,-3411.65,Budget,DOC-2024-0003889
3890,20240720,5400,12,USD,-5737.72,Actual,DOC-2024-0003890
3891,20250403,1000,3,EUR,7808.33,Forecast,DOC-2025-0003891
3892,20230608,1200,8,EUR,3769.48,Actual,DOC-2023-0003892
3893,20230427,4300,10,GBP,-4042.4,Actual,DOC-2023-0003893
3894,20230105,5000,3,USD,3332.07,Actual,DOC-2023-0003894
3895,20230109,4000,3,PLN,6216.92,Actual,DOC-2023-0003895
3896,20250704,1300,3,PLN,5324.64,Actual,DOC-2025-0003896
3897,20221223,1000,7,EUR,1970.39,Actual,DOC-2022-0003897
3898,20240906,5200,5,PLN,-3597.7,Forecast,DOC-2024-0003898
3899,20241010,3100,12,USD,3248.09,Actual,DOC-2024-0003899
3900,20231031,5000,6,USD,6523.91,Budget,DOC-2023-0003900
3901,20241202,3100,2,PLN,907.66,Actual,DOC-2024-0003901
3902,20230127,4300,12,GBP,-3020.49,Actual,DOC-2023-0003902
3903,20220412,2200,4,USD,-4260.21,Actual,DOC-2022-0003903
3904,20220709,4300,9,USD,-1616.22,Actual,DOC-2022-0003904
3905,20230811,3000,10,PLN,284.26,Budget,DOC-2023-0003905
3906,20231129,3000,8,GBP,8487.38,Actual,DOC-2023-0003906
3907,20240725,2100,1,USD,-7531.93,Actual,DOC-2024-0003907
3908,20220815,5000,3,GBP,6710.46,Actual,DOC-2022-0003908
3909,20220628,5300,6,USD,-5519.87,Actual,DOC-2022-0003909
3910,20231204,4000,1,EUR,7711.45,Actual,DOC-2023-0003910
3911,20231014,3000,11,USD,6041.19,Actual,DOC-2023-0003911
3912,20230804,5200,2,GBP,-3500.32,Actual,DOC-2023-0003912
3913,20220922,2100,5,PLN,-967.53,Budget,DOC-2022-0003913
3914,20240826,1300,6,GBP,2931.21,Budget,DOC-2024-0003914
3915,20221029,3100,8,PLN,1263.44,Actual,DOC-2022-0003915
3916,20240114,4300,12,USD,-5054.25,Budget,DOC-2024-0003916
3917,20240202,1100,6,EUR,3765.53,Actual,DOC-2024-0003917
3918,20230918,3100,11,EUR,6737.37,Actual,DOC-2023-0003918
3919,20241016,5400,5,EUR,-1760.11,Actual,DOC-2024-0003919
3920,20221116,5400,8,PLN,-1568.93,Actual,DOC-2022-0003920
3921,20251016,2100,7,PLN,-6639.91,Actual,DOC-2025-0003921
3922,20240211,3000,2,EUR,1600.84,Actual,DOC-2024-0003922
3923,20220214,1000,2,EUR,3291.67,Actual,DOC-2022-0003923
3924,20240913,1100,8,GBP,2558.54,Actual,DOC-2024-0003924
3925,20230326,5200,9,GBP,-7033.53,Budget,DOC-2023-0003925
3926,20250329,4200,1,GBP,8223.57,Actual,DOC-2025-0003926
3927,20220607,3100,4,USD,6689.02,Actual,DOC-2022-0003927
3928,20241023,3100,11,USD,3526.68,Actual,DOC-2024-0003928
3929,20240621,1100,12,EUR,413.49,Actual,DOC-2024-0003929
3930,20220515,2000,11,GBP,2631.83,Actual,DOC-2022-0003930
3931,20231101,2000,8,PLN,7207.8,Actual,DOC-2023-0003931
3932,20240721,1200,6,USD,7389.31,Actual,DOC-2024-0003932
3933,20221020,2100,8,EUR,-3188.39,Budget,DOC-2022-0003933
3934,20220324,5200,7,GBP,-1250.92,Actual,DOC-2022-0003934
3935,20240316,3000,5,GBP,7667.56,Actual,DOC-2024-0003935
3936,20241127,5200,2,PLN,-5283.99,Forecast,DOC-2024-0003936
3937,20250319,2200,2,USD,-2230.36,Actual,DOC-2025-0003937
3938,20220511,4200,11,GBP,1839.71,Actual,DOC-2022-0003938
3939,20240609,2100,1,USD,-2625.41,Actual,DOC-2024-0003939
3940,20240115,2100,1,PLN,-8697.02,Actual,DOC-2024-0003940
3941,20220504,1000,7,USD,7465.34,Actual,DOC-2022-0003941
3942,20250813,5400,5,USD,-2847.19,Actual,DOC-2025-0003942
3943,20231226,4300,1,USD,-2761.47,Actual,DOC-2023-0003943
3944,20251015,5300,10,USD,-3723.69,Actual,DOC-2025-0003944
3945,20240207,1000,3,PLN,5770.98,Actual,DOC-2024-0003945
3946,20230318,1200,4,PLN,7633.88,Actual,DOC-2023-0003946
3947,20221007,5300,6,GBP,-8986.97,Actual,DOC-2022-0003947
3948,20250114,2200,12,GBP,-4009.09,Actual,DOC-2025-0003948
3949,20220919,3000,12,EUR,5952.42,Actual,DOC-2022-0003949
3950,20240723,2000,12,GBP,6372.83,Actual,DOC-2024-0003950
3951,20251011,3000,3,EUR,158.14,Actual,DOC-2025-0003951
3952,20240522,4300,3,USD,-632.42,Actual,DOC-2024-0003952
3953,20220301,5000,7,PLN,5680.57,Actual,DOC-2022-0003953
3954,20220220,2200,4,EUR,-6075.88,Actual,DOC-2022-0003954
3955,20220909,4300,9,EUR,-4647.23,Actual,DOC-2022-0003955
3956,20241120,3000,3,USD,5001.83,Actual,DOC-2024-0003956
3957,20240312,1200,12,USD,2280.89,Actual,DOC-2024-0003957
3958,20220814,2000,11,PLN,7679.76,Actual,DOC-2022-0003958
3959,20240123,4200,7,PLN,1838.85,Actual,DOC-2024-0003959
3960,20250725,5300,1,USD,-694.99,Actual,DOC-2025-0003960
3961,20240715,4000,4,GBP,331.6,Forecast,DOC-2024-0003961
3962,20220102,5400,3,USD,-7554.93,Forecast,DOC-2022-0003962
3963,20240325,5100,6,GBP,-7377.33,Actual,DOC-2024-0003963
3964,20251008,4000,2,USD,6729.14,Actual,DOC-2025-0003964
3965,20250909,4100,8,PLN,8674.87,Actual,DOC-2025-0003965
3966,20250813,5200,3,USD,-7989.91,Forecast,DOC-2025-0003966
3967,20251220,4300,12,USD,-797.98,Actual,DOC-2025-0003967
3968,20241105,2200,3,EUR,-7734.93,Actual,DOC-2024-0003968
3969,20240521,2000,4,PLN,3116.69,Actual,DOC-2024-0003969
3970,20241010,4300,4,USD,-1156.75,Actual,DOC-2024-0003970
3971,20241010,4300,4,PLN,-8535.6,Actual,DOC-2024-0003971
3972,20240425,5100,2,EUR,-471.76,Actual,DOC-2024-0003972
3973,20220504,1300,4,GBP,1304.5,Actual,DOC-2022-0003973
3974,20220907,4200,9,USD,3790.9,Actual,DOC-2022-0003974
3975,20220509,4100,4,GBP,6839.5,Actual,DOC-2022-0003975
3976,20250115,1200,4,GBP,5174.31,Actual,DOC-2025-0003976
3977,20241207,3100,6,EUR,5071.45,Actual,DOC-2024-0003977
3978,20230927,4300,6,GBP,-4741.2,Actual,DOC-2023-0003978
3979,20240926,1200,4,PLN,7377.28,Actual,DOC-2024-0003979
3980,20240207,4300,5,USD,-8568.2,Actual,DOC-2024-0003980
3981,20251206,5100,3,GBP,-4211.4,Actual,DOC-2025-0003981
3982,20230102,5200,6,PLN,-6391.0,Forecast,DOC-2023-0003982
3983,20230430,5300,5,PLN,-6169.18,Actual,DOC-2023-0003983
3984,20240724,3000,10,EUR,2375.56,Forecast,DOC-2024-0003984
3985,20220205,2200,12,EUR,-6945.22,Actual,DOC-2022-0003985
3986,20240509,5400,9,EUR,-5731.26,Forecast,DOC-2024-0003986
3987,20240831,3100,9,EUR,2128.84,Actual,DOC-2024-0003987
3988,20230611,4300,10,PLN,-2349.96,Actual,DOC-2023-0003988
3989,20230211,3000,7,PLN,8567.06,Actual,DOC-2023-0003989
3990,20220415,5400,11,USD,-7370.01,Forecast,DOC-2022-0003990
3991,20250825,4100,5,GBP,5744.63,Actual,DOC-2025-0003991
3992,20230612,5000,11,PLN,6009.75,Actual,DOC-2023-0003992
3993,20230309,1100,6,USD,6796.21,Actual,DOC-2023-0003993
3994,20250423,4000,9,GBP,7117.64,Actual,DOC-2025-0003994
3995,20230827,2100,12,USD,-2824.83,Actual,DOC-2023-0003995
3996,20231226,1300,11,USD,1237.34,Actual,DOC-2023-0003996
3997,20230909,4100,10,PLN,4293.54,Actual,DOC-2023-0003997
3998,20221220,5000,4,PLN,7272.18,Forecast,DOC-2022-0003998
3999,20240116,4100,1,EUR,8713.38,Actual,DOC-2024-0003999
4000,20240615,1200,11,EUR,804.19,Actual,DOC-2024-0004000
4001,20231215,1300,5,EUR,6317.65,Forecast,DOC-2023-0004001
4002,20220106,1000,9,GBP,8588.58,Budget,DOC-2022-0004002
4003,20220722,3100,6,EUR,8807.49,Budget,DOC-2022-0004003
4004,20220730,1200,4,USD,5225.66,Actual,DOC-2022-0004004
4005,20230131,5000,6,USD,4203.11,Actual,DOC-2023-0004005
4006,20220608,1100,1,GBP,7086.64,Actual,DOC-2022-0004006
4007,20240614,1300,1,USD,3425.77,Actual,DOC-2024-0004007
4008,20251117,3000,12,USD,5457.57,Forecast,DOC-2025-0004008
4009,20250824,5200,10,USD,-5695.01,Actual,DOC-2025-0004009
4010,20240117,4300,4,GBP,-7926.52,Actual,DOC-2024-0004010
4011,20240210,2200,3,GBP,-2999.41,Actual,DOC-2024-0004011
4012,20231221,4200,10,USD,6906.97,Forecast,DOC-2023-0004012
4013,20230709,4000,1,USD,7234.75,Actual,DOC-2023-0004013
4014,20230927,3100,8,EUR,3601.73,Actual,DOC-2023-0004014
4015,20220322,5000,12,GBP,7888.8,Actual,DOC-2022-0004015
4016,20240702,3100,5,GBP,1975.87,Actual,DOC-2024-0004016
4017,20250922,2100,9,EUR,-518.95,Budget,DOC-2025-0004017
4018,20230410,5200,7,EUR,-5870.06,Actual,DOC-2023-0004018
4019,20220212,4300,3,GBP,-1171.2,Budget,DOC-2022-0004019
4020,20230513,5200,5,EUR,-5231.98,Actual,DOC-2023-0004020
4021,20230210,1000,6,USD,3191.71,Budget,DOC-2023-0004021
4022,20240402,4200,2,USD,6896.95,Actual,DOC-2024-0004022
4023,20240715,4100,10,PLN,1602.04,Actual,DOC-2024-0004023
4024,20250113,4100,6,USD,3230.79,Actual,DOC-2025-0004024
4025,20230616,2100,6,PLN,-1310.03,Budget,DOC-2023-0004025
4026,20250308,1000,10,USD,7371.96,Actual,DOC-2025-0004026
4027,20220621,5300,1,EUR,-4198.39,Actual,DOC-2022-0004027
4028,20221220,5400,10,PLN,-928.92,Actual,DOC-2022-0004028
4029,20250802,1300,5,GBP,3678.26,Actual,DOC-2025-0004029
4030,20220821,2100,7,PLN,-710.13,Actual,DOC-2022-0004030
4031,20231031,4300,4,PLN,-8354.83,Actual,DOC-2023-0004031
4032,20250601,3000,7,PLN,4415.57,Actual,DOC-2025-0004032
4033,20221214,5200,1,USD,-534.69,Actual,DOC-2022-0004033
4034,20221023,4200,10,PLN,5163.99,Actual,DOC-2022-0004034
4035,20241016,5100,2,GBP,-8434.87,Actual,DOC-2024-0004035
4036,20220324,1000,8,PLN,6271.7,Actual,DOC-2022-0004036
4037,20230817,4000,10,PLN,4538.52,Actual,DOC-2023-0004037
4038,20240902,5100,5,GBP,-6128.87,Actual,DOC-2024-0004038
4039,20230502,1200,3,USD,836.24,Actual,DOC-2023-0004039
4040,20230304,5000,12,EUR,2702.97,Actual,DOC-2023-0004040
4041,20220129,3000,7,USD,551.83,Actual,DOC-2022-0004041
4042,20250410,1000,4,GBP,5752.74,Actual,DOC-2025-0004042
4043,20220325,2200,11,GBP,-1188.51,Actual,DOC-2022-0004043
4044,20220608,1300,5,EUR,4540.15,Actual,DOC-2022-0004044
4045,20230312,2000,6,EUR,5861.96,Budget,DOC-2023-0004045
4046,20230420,4000,8,GBP,5955.42,Actual,DOC-2023-0004046
4047,20240901,5200,2,PLN,-5446.33,Actual,DOC-2024-0004047
4048,20241011,2100,1,EUR,-8657.84,Actual,DOC-2024-0004048
4049,20220813,1300,7,EUR,7509.53,Actual,DOC-2022-0004049
4050,20240316,4200,3,GBP,5060.12,Actual,DOC-2024-0004050
4051,20250925,5200,12,EUR,-4009.86,Actual,DOC-2025-0004051
4052,20240229,5200,12,USD,-6487.42,Actual,DOC-2024-0004052
4053,20240520,1300,2,USD,6905.59,Actual,DOC-2024-0004053
4054,20220224,1300,2,USD,953.77,Actual,DOC-2022-0004054
4055,20230516,2100,9,PLN,-6203.64,Actual,DOC-2023-0004055
4056,20240117,1100,10,GBP,4726.54,Actual,DOC-2024-0004056
4057,20241120,2100,8,PLN,-5665.58,Actual,DOC-2024-0004057
4058,20250617,5400,7,GBP,-7575.89,Budget,DOC-2025-0004058
4059,20240729,2100,7,PLN,-3357.69,Actual,DOC-2024-0004059
4060,20230331,5200,12,GBP,-3241.73,Actual,DOC-2023-0004060
4061,20220310,1000,10,EUR,4443.31,Actual,DOC-2022-0004061
4062,20250706,2100,4,USD,-2123.36,Actual,DOC-2025-0004062
4063,20240930,1300,1,USD,3552.49,Budget,DOC-2024-0004063
4064,20230423,3100,3,PLN,2521.29,Actual,DOC-2023-0004064
4065,20231029,1000,10,GBP,4067.88,Actual,DOC-2023-0004065
4066,20231021,2100,9,USD,-7002.99,Actual,DOC-2023-0004066
4067,20240115,2000,11,USD,2201.93,Forecast,DOC-2024-0004067
4068,20250710,1000,4,GBP,3335.05,Actual,DOC-2025-0004068
4069,20220816,4100,1,PLN,4034.77,Actual,DOC-2022-0004069
4070,20220804,5300,1,USD,-6558.63,Actual,DOC-2022-0004070
4071,20220702,1100,4,USD,8155.18,Actual,DOC-2022-0004071
4072,20220129,1100,4,EUR,8888.2,Budget,DOC-2022-0004072
4073,20250119,5300,11,GBP,-1449.16,Actual,DOC-2025-0004073
4074,20240718,1200,3,PLN,6827.26,Actual,DOC-2024-0004074
4075,20240627,1200,7,GBP,8152.94,Actual,DOC-2024-0004075
4076,20240307,5400,5,PLN,-6022.6,Forecast,DOC-2024-0004076
4077,20231012,5400,12,EUR,-7084.96,Budget,DOC-2023-0004077
4078,20240906,1000,12,PLN,8588.89,Actual,DOC-2024-0004078
4079,20230604,1100,6,USD,8592.84,Actual,DOC-2023-0004079
4080,20230510,3000,3,EUR,4147.4,Forecast,DOC-2023-0004080
4081,20240825,1100,5,PLN,5461.99,Actual,DOC-2024-0004081
4082,20251020,2200,3,EUR,-707.43,Actual,DOC-2025-0004082
4083,20240920,4100,5,EUR,623.95,Actual,DOC-2024-0004083
4084,20220112,5300,4,EUR,-2943.19,Actual,DOC-2022-0004084
4085,20230504,4100,10,EUR,8607.81,Actual,DOC-2023-0004085
4086,20221003,2000,12,USD,2926.94,Actual,DOC-2022-0004086
4087,20231120,4200,1,GBP,6934.33,Forecast,DOC-2023-0004087
4088,20241225,5200,7,PLN,-4235.16,Actual,DOC-2024-0004088
4089,20230815,2200,5,GBP,-5179.83,Actual,DOC-2023-0004089
4090,20240721,5000,6,USD,2386.78,Budget,DOC-2024-0004090
4091,20240606,2000,5,EUR,1087.54,Forecast,DOC-2024-0004091
4092,20220131,4000,12,GBP,2751.1,Actual,DOC-2022-0004092
4093,20221010,3100,1,GBP,8349.4,Budget,DOC-2022-0004093
4094,20250804,1300,12,EUR,7259.45,Actual,DOC-2025-0004094
4095,20250922,5300,3,EUR,-6478.54,Actual,DOC-2025-0004095
4096,20220521,1000,7,EUR,3420.58,Actual,DOC-2022-0004096
4097,20240519,4000,10,USD,5590.61,Actual,DOC-2024-0004097
4098,20250627,4000,6,USD,3008.03,Forecast,DOC-2025-0004098
4099,20250124,5100,9,GBP,-2890.3,Forecast,DOC-2025-0004099
4100,20241114,4300,11,GBP,-6983.69,Actual,DOC-2024-0004100
4101,20230412,2200,4,PLN,-139.73,Forecast,DOC-2023-0004101
4102,20221203,2000,12,USD,5604.44,Actual,DOC-2022-0004102
4103,20240729,5300,2,EUR,-682.73,Actual,DOC-2024-0004103
4104,20240125,4000,8,EUR,2634.71,Actual,DOC-2024-0004104
4105,20241204,5300,1,PLN,-4376.99,Forecast,DOC-2024-0004105
4106,20250925,2000,1,GBP,8475.54,Actual,DOC-2025-0004106
4107,20240908,1200,8,GBP,8348.61,Actual,DOC-2024-0004107
4108,20220619,5400,12,GBP,-6324.15,Actual,DOC-2022-0004108
4109,20250710,1300,12,GBP,8786.27,Forecast,DOC-2025-0004109
4110,20220706,5200,5,EUR,-2878.88,Actual,DOC-2022-0004110
4111,20231105,4000,5,PLN,6539.05,Actual,DOC-2023-0004111
4112,20220427,1200,6,PLN,677.34,Actual,DOC-2022-0004112
4113,20220126,2100,9,GBP,-1178.64,Actual,DOC-2022-0004113
4114,20221215,2200,8,PLN,-1754.03,Actual,DOC-2022-0004114
4115,20230730,3100,10,USD,2092.85,Actual,DOC-2023-0004115
4116,20240215,3000,9,EUR,7024.53,Forecast,DOC-2024-0004116
4117,20221202,1300,9,EUR,3203.79,Forecast,DOC-2022-0004117
4118,20240404,1300,12,PLN,7313.87,Actual,DOC-2024-0004118
4119,20240720,2000,10,GBP,2953.71,Actual,DOC-2024-0004119
4120,20231127,2100,8,USD,-706.9,Actual,DOC-2023-0004120
4121,20240416,4200,9,GBP,5199.68,Actual,DOC-2024-0004121
4122,20251114,1200,11,GBP,4262.33,Budget,DOC-2025-0004122
4123,20220707,2000,12,USD,3868.3,Budget,DOC-2022-0004123
4124,20221027,2200,10,USD,-3901.4,Actual,DOC-2022-0004124
4125,20220603,2000,1,PLN,6255.65,Actual,DOC-2022-0004125
4126,20240628,1200,2,USD,6523.99,Actual,DOC-2024-0004126
4127,20230928,5300,6,GBP,-2105.89,Actual,DOC-2023-0004127
4128,20231224,4200,6,EUR,8837.42,Budget,DOC-2023-0004128
4129,20221018,4100,9,GBP,5071.19,Actual,DOC-2022-0004129
4130,20230616,1100,11,GBP,4342.74,Actual,DOC-2023-0004130
4131,20230903,1200,9,EUR,748.32,Forecast,DOC-2023-0004131
4132,20250609,5300,5,EUR,-5493.67,Actual,DOC-2025-0004132
4133,20240919,5400,2,GBP,-6404.96,Actual,DOC-2024-0004133
4134,20230525,5200,11,PLN,-7992.93,Actual,DOC-2023-0004134
4135,20240813,1000,1,EUR,1017.48,Actual,DOC-2024-0004135
4136,20250903,2100,1,GBP,-5472.63,Actual,DOC-2025-0004136
4137,20230123,3000,11,USD,5783.56,Forecast,DOC-2023-0004137
4138,20220801,2200,11,EUR,-4207.4,Actual,DOC-2022-0004138
4139,20250125,1200,2,PLN,3707.2,Forecast,DOC-2025-0004139
4140,20230216,4100,7,EUR,3840.28,Actual,DOC-2023-0004140
4141,20220410,4300,6,PLN,-4185.48,Forecast,DOC-2022-0004141
4142,20251209,5200,12,PLN,-4481.53,Actual,DOC-2025-0004142
4143,20250406,5400,1,USD,-965.73,Actual,DOC-2025-0004143
4144,20250718,1200,7,GBP,6065.37,Actual,DOC-2025-0004144
4145,20241010,5200,8,EUR,-5975.17,Actual,DOC-2024-0004145
4146,20241225,4200,8,USD,6975.22,Actual,DOC-2024-0004146
4147,20241111,1000,11,USD,8970.37,Forecast,DOC-2024-0004147
4148,20250629,1200,8,PLN,8455.54,Actual,DOC-2025-0004148
4149,20230207,1100,12,PLN,3855.97,Actual,DOC-2023-0004149
4150,20220717,5300,10,EUR,-4864.29,Actual,DOC-2022-0004150
4151,20240907,5300,1,EUR,-6899.28,Budget,DOC-2024-0004151
4152,20250702,5000,9,PLN,8111.5,Actual,DOC-2025-0004152
4153,20250502,3100,1,PLN,4945.5,Forecast,DOC-2025-0004153
4154,20250731,1200,2,USD,2643.08,Budget,DOC-2025-0004154
4155,20230504,3100,7,USD,7280.05,Actual,DOC-2023-0004155
4156,20230529,4300,12,PLN,-8151.37,Actual,DOC-2023-0004156
4157,20220617,2000,11,USD,4728.39,Budget,DOC-2022-0004157
4158,20250511,4300,5,EUR,-8073.46,Budget,DOC-2025-0004158
4159,20251222,3000,9,PLN,6473.63,Budget,DOC-2025-0004159
4160,20250207,1000,7,EUR,7567.94,Budget,DOC-2025-0004160
4161,20241227,5400,1,USD,-8709.44,Actual,DOC-2024-0004161
4162,20230807,1100,3,USD,4788.33,Forecast,DOC-2023-0004162
4163,20230319,5300,12,GBP,-3912.92,Actual,DOC-2023-0004163
4164,20230218,2000,9,PLN,4007.41,Forecast,DOC-2023-0004164
4165,20240915,1100,3,EUR,7501.72,Actual,DOC-2024-0004165
4166,20240921,5100,12,USD,-7989.52,Actual,DOC-2024-0004166
4167,20220219,2100,10,EUR,-7438.18,Actual,DOC-2022-0004167
4168,20250731,4000,6,GBP,7151.92,Actual,DOC-2025-0004168
4169,20240321,1000,2,USD,1810.02,Actual,DOC-2024-0004169
4170,20221017,5400,11,PLN,-7526.59,Actual,DOC-2022-0004170
4171,20220104,2200,10,EUR,-666.48,Budget,DOC-2022-0004171
4172,20220304,4100,12,USD,6509.33,Actual,DOC-2022-0004172
4173,20220104,2200,8,EUR,-3905.54,Actual,DOC-2022-0004173
4174,20230925,4200,11,USD,8955.67,Actual,DOC-2023-0004174
4175,20240123,4100,3,EUR,8927.85,Actual,DOC-2024-0004175
4176,20220409,1000,8,EUR,5041.63,Budget,DOC-2022-0004176
4177,20250205,4200,7,EUR,5016.39,Budget,DOC-2025-0004177
4178,20220702,3000,7,USD,4503.93,Actual,DOC-2022-0004178
4179,20250321,5300,7,GBP,-3840.45,Forecast,DOC-2025-0004179
4180,20240217,1300,5,PLN,1385.68,Forecast,DOC-2024-0004180
4181,20250916,3100,4,GBP,2045.15,Forecast,DOC-2025-0004181
4182,20240811,5300,9,USD,-366.45,Budget,DOC-2024-0004182
4183,20220916,2200,1,EUR,-8594.85,Forecast,DOC-2022-0004183
4184,20240526,1200,9,GBP,4735.09,Forecast,DOC-2024-0004184
4185,20251117,4300,4,USD,-1291.7,Actual,DOC-2025-0004185
4186,20230602,5400,11,PLN,-5324.48,Actual,DOC-2023-0004186
4187,20230131,5000,8,USD,7806.1,Actual,DOC-2023-0004187
4188,20230719,1200,6,GBP,1112.77,Actual,DOC-2023-0004188
4189,20220505,4300,1,EUR,-4053.0,Actual,DOC-2022-0004189
4190,20220428,4200,2,PLN,1060.15,Actual,DOC-2022-0004190
4191,20220419,4000,10,GBP,1152.22,Actual,DOC-2022-0004191
4192,20250703,2000,5,USD,5858.07,Forecast,DOC-2025-0004192
4193,20230312,5000,7,EUR,4783.03,Budget,DOC-2023-0004193
4194,20220301,4200,3,PLN,7484.6,Budget,DOC-2022-0004194
4195,20241105,4200,4,PLN,4157.25,Actual,DOC-2024-0004195
4196,20251123,2200,4,GBP,-5863.57,Actual,DOC-2025-0004196
4197,20240731,1300,12,PLN,4255.14,Actual,DOC-2024-0004197
4198,20220117,1100,2,USD,5017.37,Actual,DOC-2022-0004198
4199,20230813,5000,12,PLN,4436.04,Actual,DOC-2023-0004199
4200,20240911,1100,1,PLN,1624.1,Actual,DOC-2024-0004200
4201,20231002,3100,6,GBP,4516.05,Actual,DOC-2023-0004201
4202,20240915,1000,4,EUR,8368.44,Actual,DOC-2024-0004202
4203,20240120,2100,2,GBP,-8079.22,Actual,DOC-2024-0004203
4204,20250527,1300,2,PLN,437.45,Actual,DOC-2025-0004204
4205,20240110,3000,4,PLN,2391.45,Actual,DOC-2024-0004205
4206,20240802,5100,7,GBP,-4104.25,Actual,DOC-2024-0004206
4207,20230718,5400,3,GBP,-8311.39,Forecast,DOC-2023-0004207
4208,20220621,4000,3,PLN,723.46,Forecast,DOC-2022-0004208
4209,20240611,1100,8,GBP,3565.95,Budget,DOC-2024-0004209
4210,20240126,2100,10,EUR,-6147.06,Budget,DOC-2024-0004210
4211,20250903,4100,2,EUR,723.76,Actual,DOC-2025-0004211
4212,20230327,5400,2,EUR,-6260.19,Actual,DOC-2023-0004212
4213,20250707,1100,10,GBP,2384.66,Budget,DOC-2025-0004213
4214,20221222,5000,8,EUR,8744.97,Actual,DOC-2022-0004214
4215,20220829,5400,6,PLN,-7318.76,Actual,DOC-2022-0004215
4216,20240724,3100,6,PLN,8520.0,Actual,DOC-2024-0004216
4217,20250506,4300,1,EUR,-6165.12,Actual,DOC-2025-0004217
4218,20230302,1000,3,GBP,2366.61,Actual,DOC-2023-0004218
4219,20220415,3000,6,USD,8363.36,Forecast,DOC-2022-0004219
4220,20250819,1000,4,GBP,8819.86,Forecast,DOC-2025-0004220
4221,20251210,1200,8,GBP,5208.47,Actual,DOC-2025-0004221
4222,20230525,2000,5,GBP,6450.48,Forecast,DOC-2023-0004222
4223,20240723,3000,7,PLN,6336.92,Budget,DOC-2024-0004223
4224,20220320,3000,12,GBP,2014.15,Actual,DOC-2022-0004224
4225,20240306,3000,9,GBP,2231.49,Actual,DOC-2024-0004225
4226,20230505,1100,9,USD,5891.03,Actual,DOC-2023-0004226
4227,20230714,5300,8,USD,-2631.44,Actual,DOC-2023-0004227
4228,20220509,1300,9,EUR,4924.24,Actual,DOC-2022-0004228
4229,20230920,5400,4,GBP,-4639.26,Forecast,DOC-2023-0004229
4230,20240727,5100,3,EUR,-1839.24,Actual,DOC-2024-0004230
4231,20240312,5000,3,GBP,2510.14,Actual,DOC-2024-0004231
4232,20240912,1300,3,EUR,2757.12,Actual,DOC-2024-0004232
4233,20230428,2200,4,USD,-6978.48,Budget,DOC-2023-0004233
4234,20250306,4000,11,GBP,7941.35,Actual,DOC-2025-0004234
4235,20230707,1200,1,EUR,3370.73,Actual,DOC-2023-0004235
4236,20220210,5400,3,USD,-5236.6,Actual,DOC-2022-0004236
4237,20250906,5300,4,EUR,-4035.07,Actual,DOC-2025-0004237
4238,20230621,5200,10,GBP,-5986.63,Actual,DOC-2023-0004238
4239,20241118,2000,10,PLN,8310.83,Forecast,DOC-2024-0004239
4240,20250531,4300,6,EUR,-2818.06,Actual,DOC-2025-0004240
4241,20220803,5300,12,PLN,-3397.63,Forecast,DOC-2022-0004241
4242,20221106,2100,2,GBP,-2267.52,Actual,DOC-2022-0004242
4243,20251127,4200,2,EUR,7118.54,Actual,DOC-2025-0004243
4244,20250522,4300,3,PLN,-5118.54,Actual,DOC-2025-0004244
4245,20220204,5100,11,EUR,-7083.51,Actual,DOC-2022-0004245
4246,20220224,4000,10,USD,4815.92,Budget,DOC-2022-0004246
4247,20220805,2000,10,EUR,6370.09,Forecast,DOC-2022-0004247
4248,20240412,2000,3,USD,3283.64,Actual,DOC-2024-0004248
4249,20230104,5100,2,EUR,-6014.74,Actual,DOC-2023-0004249
4250,20251226,4000,3,EUR,4304.88,Budget,DOC-2025-0004250
4251,20240920,2100,10,PLN,-6916.97,Actual,DOC-2024-0004251
4252,20230226,5300,11,EUR,-8579.53,Budget,DOC-2023-0004252
4253,20251114,5300,2,EUR,-5776.47,Forecast,DOC-2025-0004253
4254,20230313,5200,5,PLN,-6920.23,Budget,DOC-2023-0004254
4255,20230918,5200,7,USD,-3474.57,Forecast,DOC-2023-0004255
4256,20221105,5400,8,EUR,-4298.1,Actual,DOC-2022-0004256
4257,20220703,2100,6,USD,-3508.36,Forecast,DOC-2022-0004257
4258,20231205,1100,3,GBP,7699.84,Actual,DOC-2023-0004258
4259,20221126,1000,8,EUR,7821.64,Budget,DOC-2022-0004259
4260,20250228,5300,6,EUR,-4374.06,Actual,DOC-2025-0004260
4261,20240402,2200,7,GBP,-52.39,Actual,DOC-2024-0004261
4262,20220522,1200,2,GBP,7565.39,Actual,DOC-2022-0004262
4263,20221021,4100,6,PLN,5623.98,Actual,DOC-2022-0004263
4264,20230104,1000,6,PLN,246.22,Actual,DOC-2023-0004264
4265,20220723,4200,3,GBP,5139.85,Budget,DOC-2022-0004265
4266,20250115,2100,5,GBP,-4779.78,Actual,DOC-2025-0004266
4267,20240130,5100,3,PLN,-6330.95,Actual,DOC-2024-0004267
4268,20221120,2100,11,USD,-2894.52,Actual,DOC-2022-0004268
4269,20220408,5400,2,GBP,-8288.43,Actual,DOC-2022-0004269
4270,20250817,1200,6,USD,2685.84,Forecast,DOC-2025-0004270
4271,20231020,2000,12,USD,5822.42,Actual,DOC-2023-0004271
4272,20250826,2000,3,GBP,4485.03,Actual,DOC-2025-0004272
4273,20230308,2200,2,PLN,-3902.14,Actual,DOC-2023-0004273
4274,20220121,1000,3,GBP,637.87,Forecast,DOC-2022-0004274
4275,20251218,1300,5,GBP,6573.05,Actual,DOC-2025-0004275
4276,20240914,2000,4,USD,1108.92,Actual,DOC-2024-0004276
4277,20231020,1300,2,PLN,7829.08,Actual,DOC-2023-0004277
4278,20230213,5000,8,EUR,6965.31,Actual,DOC-2023-0004278
4279,20230128,5100,11,USD,-7881.31,Actual,DOC-2023-0004279
4280,20221201,4200,8,USD,8866.74,Actual,DOC-2022-0004280
4281,20220223,4200,5,GBP,6088.4,Actual,DOC-2022-0004281
4282,20220220,2000,7,USD,7217.76,Actual,DOC-2022-0004282
4283,20251011,2000,7,USD,7465.63,Budget,DOC-2025-0004283
4284,20250414,4100,7,USD,961.91,Actual,DOC-2025-0004284
4285,20230221,1300,9,GBP,1058.27,Forecast,DOC-2023-0004285
4286,20220323,1200,10,EUR,630.04,Actual,DOC-2022-0004286
4287,20240613,3000,10,PLN,8036.02,Actual,DOC-2024-0004287
4288,20250211,3100,8,PLN,5466.21,Actual,DOC-2025-0004288
4289,20220105,4100,7,PLN,5742.35,Actual,DOC-2022-0004289
4290,20240426,4200,4,USD,8230.15,Actual,DOC-2024-0004290
4291,20221123,2200,1,USD,-1531.37,Actual,DOC-2022-0004291
4292,20231024,5200,8,USD,-2010.64,Actual,DOC-2023-0004292
4293,20220928,5100,8,EUR,-1328.63,Actual,DOC-2022-0004293
4294,20220322,5200,6,GBP,-3522.24,Actual,DOC-2022-0004294
4295,20250124,1300,2,GBP,405.33,Actual,DOC-2025-0004295
4296,20230327,1300,2,EUR,2128.06,Actual,DOC-2023-0004296
4297,20220607,4300,7,PLN,-2360.82,Actual,DOC-2022-0004297
4298,20220411,5100,9,PLN,-1253.91,Actual,DOC-2022-0004298
4299,20251124,2000,7,GBP,5966.7,Actual,DOC-2025-0004299
4300,20251030,5400,9,GBP,-7053.35,Forecast,DOC-2025-0004300
4301,20230414,2200,10,GBP,-8814.27,Budget,DOC-2023-0004301
4302,20220531,2200,10,PLN,-1487.29,Forecast,DOC-2022-0004302
4303,20230429,5100,7,USD,-3092.05,Actual,DOC-2023-0004303
4304,20240403,1200,4,PLN,4236.28,Actual,DOC-2024-0004304
4305,20250904,1200,8,PLN,3098.44,Actual,DOC-2025-0004305
4306,20230725,2000,11,EUR,6814.22,Actual,DOC-2023-0004306
4307,20230923,5400,7,EUR,-2195.49,Budget,DOC-2023-0004307
4308,20250119,5100,2,USD,-8966.18,Actual,DOC-2025-0004308
4309,20221127,1100,8,USD,3866.01,Actual,DOC-2022-0004309
4310,20230603,2100,5,PLN,-6632.19,Actual,DOC-2023-0004310
4311,20230619,4000,12,EUR,3441.85,Actual,DOC-2023-0004311
4312,20221025,5400,4,USD,-3306.8,Budget,DOC-2022-0004312
4313,20221106,1200,6,PLN,6096.29,Budget,DOC-2022-0004313
4314,20231108,1100,3,PLN,7888.22,Actual,DOC-2023-0004314
4315,20220303,1200,5,EUR,2938.14,Actual,DOC-2022-0004315
4316,20250318,1100,7,EUR,4484.88,Actual,DOC-2025-0004316
4317,20240206,5300,10,USD,-1941.43,Actual,DOC-2024-0004317
4318,20220104,5400,3,PLN,-2966.54,Forecast,DOC-2022-0004318
4319,20230309,3000,11,PLN,6212.94,Budget,DOC-2023-0004319
4320,20240217,5100,2,EUR,-7581.12,Forecast,DOC-2024-0004320
4321,20220515,3000,3,GBP,6485.91,Actual,DOC-2022-0004321
4322,20240810,3100,6,GBP,515.38,Actual,DOC-2024-0004322
4323,20250424,1000,1,EUR,3078.75,Actual,DOC-2025-0004323
4324,20250623,1000,9,USD,6795.27,Actual,DOC-2025-0004324
4325,20251229,4100,9,USD,7065.83,Budget,DOC-2025-0004325
4326,20250617,1000,2,PLN,5026.13,Actual,DOC-2025-0004326
4327,20220705,2000,12,GBP,4011.8,Actual,DOC-2022-0004327
4328,20240528,5400,2,GBP,-7533.66,Actual,DOC-2024-0004328
4329,20241023,5300,11,EUR,-2327.0,Actual,DOC-2024-0004329
4330,20230728,2100,12,GBP,-4747.0,Actual,DOC-2023-0004330
4331,20250718,5200,2,GBP,-2779.55,Actual,DOC-2025-0004331
4332,20240101,5400,11,PLN,-2618.77,Actual,DOC-2024-0004332
4333,20220926,3000,7,USD,1702.34,Actual,DOC-2022-0004333
4334,20221007,5000,11,PLN,1613.03,Actual,DOC-2022-0004334
4335,20230321,2100,3,PLN,-256.29,Actual,DOC-2023-0004335
4336,20250409,2000,2,EUR,8972.1,Actual,DOC-2025-0004336
4337,20230829,3000,5,EUR,3778.83,Actual,DOC-2023-0004337
4338,20250121,4200,6,GBP,2045.99,Actual,DOC-2025-0004338
4339,20251005,5000,11,GBP,2177.26,Actual,DOC-2025-0004339
4340,20240613,5200,5,EUR,-5955.5,Actual,DOC-2024-0004340
4341,20250614,1300,4,GBP,4882.57,Actual,DOC-2025-0004341
4342,20250325,3000,12,GBP,914.9,Actual,DOC-2025-0004342
4343,20240102,1300,12,EUR,465.05,Budget,DOC-2024-0004343
4344,20251116,2200,12,PLN,-8141.54,Actual,DOC-2025-0004344
4345,20220116,5400,2,EUR,-1958.29,Actual,DOC-2022-0004345
4346,20220404,5300,6,PLN,-1659.06,Actual,DOC-2022-0004346
4347,20231125,1100,10,USD,8921.2,Actual,DOC-2023-0004347
4348,20220812,4200,11,USD,1250.32,Actual,DOC-2022-0004348
4349,20240426,5000,12,PLN,8681.07,Actual,DOC-2024-0004349
4350,20220118,3100,11,EUR,5014.2,Actual,DOC-2022-0004350
4351,20230506,4000,11,GBP,3459.98,Actual,DOC-2023-0004351
4352,20230806,2000,10,PLN,5592.11,Budget,DOC-2023-0004352
4353,20240811,5300,5,USD,-6908.52,Actual,DOC-2024-0004353
4354,20240128,1300,2,USD,2392.84,Actual,DOC-2024-0004354
4355,20220403,1100,8,PLN,869.41,Forecast,DOC-2022-0004355
4356,20231013,4000,3,USD,5207.47,Actual,DOC-2023-0004356
4357,20230927,2000,9,PLN,6306.56,Actual,DOC-2023-0004357
4358,20220616,3100,4,USD,7853.41,Forecast,DOC-2022-0004358
4359,20251204,3100,1,EUR,1311.62,Actual,DOC-2025-0004359
4360,20250823,4200,3,USD,6251.09,Actual,DOC-2025-0004360
4361,20220223,2200,5,EUR,-3478.45,Actual,DOC-2022-0004361
4362,20220208,5000,9,EUR,2238.97,Actual,DOC-2022-0004362
4363,20230922,5400,10,EUR,-1478.21,Actual,DOC-2023-0004363
4364,20220520,1100,9,EUR,157.65,Forecast,DOC-2022-0004364
4365,20220925,2000,5,PLN,3440.87,Actual,DOC-2022-0004365
4366,20230325,4100,3,PLN,7715.5,Actual,DOC-2023-0004366
4367,20240530,4000,8,USD,5864.41,Actual,DOC-2024-0004367
4368,20240806,5000,12,USD,2661.94,Forecast,DOC-2024-0004368
4369,20240329,1100,3,PLN,2914.66,Actual,DOC-2024-0004369
4370,20220130,4000,9,USD,7185.14,Actual,DOC-2022-0004370
4371,20240502,1200,4,EUR,935.03,Actual,DOC-2024-0004371
4372,20221225,3100,10,EUR,6612.23,Actual,DOC-2022-0004372
4373,20250704,5400,7,GBP,-7804.08,Actual,DOC-2025-0004373
4374,20240610,4100,6,USD,8631.96,Budget,DOC-2024-0004374
4375,20220712,5200,7,GBP,-7816.65,Actual,DOC-2022-0004375
4376,20250305,1200,4,GBP,8687.93,Actual,DOC-2025-0004376
4377,20240708,2100,10,EUR,-2229.02,Forecast,DOC-2024-0004377
4378,20220722,4200,3,GBP,8411.58,Forecast,DOC-2022-0004378
4379,20220319,2200,5,GBP,-6466.16,Actual,DOC-2022-0004379
4380,20250408,4000,8,EUR,4029.51,Actual,DOC-2025-0004380
4381,20250711,2000,1,EUR,6915.79,Forecast,DOC-2025-0004381
4382,20231219,5100,9,EUR,-519.37,Actual,DOC-2023-0004382
4383,20241008,1200,4,EUR,3107.65,Actual,DOC-2024-0004383
4384,20241110,1300,2,PLN,8121.07,Forecast,DOC-2024-0004384
4385,20220207,5000,10,EUR,615.99,Actual,DOC-2022-0004385
4386,20240404,1000,8,USD,803.48,Actual,DOC-2024-0004386
4387,20240124,1300,6,USD,4152.45,Actual,DOC-2024-0004387
4388,20240415,5000,2,EUR,4574.62,Forecast,DOC-2024-0004388
4389,20240806,1000,11,USD,7424.66,Actual,DOC-2024-0004389
4390,20251001,2000,7,USD,8799.23,Actual,DOC-2025-0004390
4391,20230428,4100,12,EUR,834.26,Actual,DOC-2023-0004391
4392,20230307,5400,7,PLN,-5189.58,Actual,DOC-2023-0004392
4393,20250318,5200,2,PLN,-1077.5,Actual,DOC-2025-0004393
4394,20250419,5200,12,GBP,-4468.34,Actual,DOC-2025-0004394
4395,20220607,5400,1,EUR,-6354.5,Actual,DOC-2022-0004395
4396,20250909,1000,12,EUR,117.43,Actual,DOC-2025-0004396
4397,20250616,1300,3,EUR,726.13,Actual,DOC-2025-0004397
4398,20220613,5200,1,PLN,-5133.9,Budget,DOC-2022-0004398
4399,20220618,3000,10,GBP,1377.48,Actual,DOC-2022-0004399
4400,20220705,1000,9,USD,1974.05,Actual,DOC-2022-0004400
4401,20241020,4000,4,GBP,218.49,Actual,DOC-2024-0004401
4402,20250206,1000,6,GBP,2083.73,Actual,DOC-2025-0004402
4403,20230715,3000,3,EUR,2271.2,Budget,DOC-2023-0004403
4404,20250225,2100,2,GBP,-3078.46,Actual,DOC-2025-0004404
4405,20240409,1000,11,PLN,4997.91,Forecast,DOC-2024-0004405
4406,20230207,1200,7,USD,6426.92,Actual,DOC-2023-0004406
4407,20230813,1000,12,GBP,906.44,Budget,DOC-2023-0004407
4408,20240820,4200,6,GBP,5950.02,Budget,DOC-2024-0004408
4409,20230901,5100,4,GBP,-58.17,Actual,DOC-2023-0004409
4410,20250207,2100,10,GBP,-6350.25,Forecast,DOC-2025-0004410
4411,20240306,5400,1,EUR,-8701.03,Actual,DOC-2024-0004411
4412,20230324,5000,10,USD,4285.18,Actual,DOC-2023-0004412
4413,20230121,5400,10,PLN,-462.27,Actual,DOC-2023-0004413
4414,20240709,5100,10,EUR,-526.63,Actual,DOC-2024-0004414
4415,20250424,1200,12,GBP,3136.36,Actual,DOC-2025-0004415
4416,20231226,1300,3,EUR,8034.57,Actual,DOC-2023-0004416
4417,20240711,1100,2,GBP,2028.51,Actual,DOC-2024-0004417
4418,20220227,5300,8,PLN,-7094.41,Actual,DOC-2022-0004418
4419,20240925,1300,9,GBP,6471.18,Actual,DOC-2024-0004419
4420,20240427,4300,12,PLN,-8694.1,Actual,DOC-2024-0004420
4421,20220327,1000,5,PLN,5531.2,Actual,DOC-2022-0004421
4422,20220926,5300,9,EUR,-2223.45,Actual,DOC-2022-0004422
4423,20251102,1000,8,PLN,661.22,Actual,DOC-2025-0004423
4424,20230407,2000,9,USD,8151.68,Actual,DOC-2023-0004424
4425,20231220,1000,10,USD,1536.61,Actual,DOC-2023-0004425
4426,20250802,2100,6,EUR,-6390.36,Actual,DOC-2025-0004426
4427,20250303,2200,6,PLN,-4115.19,Actual,DOC-2025-0004427
4428,20230407,2000,4,USD,4708.85,Actual,DOC-2023-0004428
4429,20250730,5100,8,PLN,-8197.58,Forecast,DOC-2025-0004429
4430,20220611,2100,3,EUR,-3889.51,Actual,DOC-2022-0004430
4431,20250801,1000,1,GBP,1148.71,Budget,DOC-2025-0004431
4432,20250411,5000,10,PLN,8911.72,Actual,DOC-2025-0004432
4433,20241009,4200,5,GBP,5671.21,Actual,DOC-2024-0004433
4434,20250201,5200,8,USD,-1826.04,Actual,DOC-2025-0004434
4435,20241107,5200,10,PLN,-8244.45,Actual,DOC-2024-0004435
4436,20220816,1200,8,GBP,664.58,Actual,DOC-2022-0004436
4437,20240319,3000,5,PLN,2032.93,Actual,DOC-2024-0004437
4438,20250514,4200,12,PLN,8192.9,Actual,DOC-2025-0004438
4439,20231112,3000,8,PLN,8120.44,Budget,DOC-2023-0004439
4440,20221014,3000,9,PLN,6449.57,Actual,DOC-2022-0004440
4441,20230228,3100,7,PLN,688.15,Actual,DOC-2023-0004441
4442,20250310,4000,1,PLN,1139.35,Actual,DOC-2025-0004442
4443,20240602,3000,11,EUR,5000.64,Actual,DOC-2024-0004443
4444,20250620,4200,12,EUR,5769.59,Actual,DOC-2025-0004444
4445,20241124,4200,2,PLN,2493.52,Actual,DOC-2024-0004445
4446,20220202,1300,2,GBP,4908.59,Budget,DOC-2022-0004446
4447,20230114,1000,9,PLN,133.41,Actual,DOC-2023-0004447
4448,20241110,4300,3,PLN,-1115.09,Forecast,DOC-2024-0004448
4449,20250317,2100,2,PLN,-6639.94,Actual,DOC-2025-0004449
4450,20230407,2200,7,GBP,-593.57,Actual,DOC-2023-0004450
4451,20220913,4300,8,EUR,-911.74,Budget,DOC-2022-0004451
4452,20230915,2000,2,USD,7620.29,Actual,DOC-2023-0004452
4453,20240822,1000,2,USD,4771.26,Actual,DOC-2024-0004453
4454,20240328,5400,3,PLN,-2566.2,Forecast,DOC-2024-0004454
4455,20231114,4000,12,EUR,3122.26,Actual,DOC-2023-0004455
4456,20220108,3100,3,PLN,7058.87,Actual,DOC-2022-0004456
4457,20230419,3100,7,GBP,3695.67,Actual,DOC-2023-0004457
4458,20230426,1100,7,USD,8463.65,Forecast,DOC-2023-0004458
4459,20231127,4200,2,PLN,4965.9,Actual,DOC-2023-0004459
4460,20250519,2100,7,EUR,-962.65,Actual,DOC-2025-0004460
4461,20251023,1300,10,PLN,1927.21,Actual,DOC-2025-0004461
4462,20231128,1300,12,EUR,80.9,Budget,DOC-2023-0004462
4463,20220809,4300,12,EUR,-8580.87,Actual,DOC-2022-0004463
4464,20241031,5300,8,USD,-7186.8,Actual,DOC-2024-0004464
4465,20220527,4300,3,EUR,-8529.59,Actual,DOC-2022-0004465
4466,20230803,4200,2,USD,4611.44,Forecast,DOC-2023-0004466
4467,20240418,3100,2,GBP,1444.75,Actual,DOC-2024-0004467
4468,20220828,5300,6,PLN,-1650.72,Actual,DOC-2022-0004468
4469,20241128,5400,10,GBP,-3636.4,Actual,DOC-2024-0004469
4470,20251226,1300,3,GBP,4986.66,Budget,DOC-2025-0004470
4471,20221224,4200,8,USD,4877.1,Actual,DOC-2022-0004471
4472,20220323,5400,10,PLN,-5350.68,Actual,DOC-2022-0004472
4473,20250618,5100,12,EUR,-719.33,Actual,DOC-2025-0004473
4474,20250831,4200,9,GBP,5071.74,Forecast,DOC-2025-0004474
4475,20250104,4300,2,PLN,-2584.25,Actual,DOC-2025-0004475
4476,20230906,4000,2,PLN,8013.13,Actual,DOC-2023-0004476
4477,20250801,5100,3,USD,-8467.35,Actual,DOC-2025-0004477
4478,20240323,1200,2,PLN,3121.47,Forecast,DOC-2024-0004478
4479,20250201,5200,4,USD,-4059.93,Actual,DOC-2025-0004479
4480,20240225,2000,4,EUR,5704.31,Actual,DOC-2024-0004480
4481,20221028,5200,2,PLN,-8537.01,Actual,DOC-2022-0004481
4482,20250114,5400,7,USD,-5361.32,Actual,DOC-2025-0004482
4483,20230114,5000,7,EUR,1886.36,Actual,DOC-2023-0004483
4484,20251105,2000,11,USD,8660.95,Actual,DOC-2025-0004484
4485,20250928,2100,2,USD,-352.43,Actual,DOC-2025-0004485
4486,20250713,5200,7,PLN,-1805.55,Actual,DOC-2025-0004486
4487,20231130,2000,1,PLN,3081.64,Actual,DOC-2023-0004487
4488,20230714,4200,3,GBP,164.77,Actual,DOC-2023-0004488
4489,20250902,2100,2,GBP,-7693.37,Actual,DOC-2025-0004489
4490,20220401,5100,10,EUR,-7738.46,Actual,DOC-2022-0004490
4491,20220617,4000,11,PLN,3075.41,Forecast,DOC-2022-0004491
4492,20240305,5100,1,GBP,-3340.69,Forecast,DOC-2024-0004492
4493,20241202,4000,9,USD,3306.85,Actual,DOC-2024-0004493
4494,20240314,2200,5,EUR,-7467.02,Actual,DOC-2024-0004494
4495,20250116,1100,5,GBP,3943.99,Budget,DOC-2025-0004495
4496,20220214,4200,3,USD,2210.9,Budget,DOC-2022-0004496
4497,20240802,5400,12,EUR,-8061.98,Actual,DOC-2024-0004497
4498,20240801,5400,1,USD,-8627.55,Actual,DOC-2024-0004498
4499,20220720,3000,8,EUR,2447.03,Actual,DOC-2022-0004499
4500,20240705,4000,8,GBP,7361.18,Budget,DOC-2024-0004500
4501,20220718,1100,2,GBP,7664.78,Actual,DOC-2022-0004501
4502,20220402,4200,3,USD,5756.73,Actual,DOC-2022-0004502
4503,20220929,2000,4,GBP,7106.16,Forecast,DOC-2022-0004503
4504,20230416,4300,7,GBP,-3939.94,Actual,DOC-2023-0004504
4505,20250716,1000,10,EUR,845.15,Actual,DOC-2025-0004505
4506,20230116,1100,3,EUR,4886.27,Actual,DOC-2023-0004506
4507,20250524,5000,3,USD,364.13,Budget,DOC-2025-0004507
4508,20251125,3100,10,EUR,4314.76,Actual,DOC-2025-0004508
4509,20230906,5100,12,GBP,-5284.52,Actual,DOC-2023-0004509
4510,20230514,1100,6,USD,2275.3,Actual,DOC-2023-0004510
4511,20230315,5000,11,EUR,7588.3,Budget,DOC-2023-0004511
4512,20241128,1100,7,EUR,6793.81,Actual,DOC-2024-0004512
4513,20240612,4100,6,EUR,7201.81,Actual,DOC-2024-0004513
4514,20231205,3100,8,USD,7058.43,Forecast,DOC-2023-0004514
4515,20230302,3100,5,EUR,479.15,Budget,DOC-2023-0004515
4516,20230929,5400,1,PLN,-2069.23,Forecast,DOC-2023-0004516
4517,20250331,4100,6,USD,5743.25,Budget,DOC-2025-0004517
4518,20220620,3000,3,USD,4341.87,Actual,DOC-2022-0004518
4519,20220920,5000,6,GBP,3703.39,Forecast,DOC-2022-0004519
4520,20250825,4200,7,EUR,4283.5,Actual,DOC-2025-0004520
4521,20240131,1300,11,PLN,7327.22,Actual,DOC-2024-0004521
4522,20250516,1100,3,USD,4033.71,Actual,DOC-2025-0004522
4523,20230615,2200,6,PLN,-5092.0,Budget,DOC-2023-0004523
4524,20240815,5100,2,EUR,-6652.45,Budget,DOC-2024-0004524
4525,20251220,4300,12,PLN,-4272.87,Budget,DOC-2025-0004525
4526,20230705,1000,6,EUR,8491.2,Actual,DOC-2023-0004526
4527,20220205,5300,7,EUR,-6191.89,Budget,DOC-2022-0004527
4528,20240514,1000,9,PLN,5983.43,Actual,DOC-2024-0004528
4529,20240816,5400,11,GBP,-8409.44,Actual,DOC-2024-0004529
4530,20250924,1000,10,GBP,7367.15,Budget,DOC-2025-0004530
4531,20250625,3000,3,USD,3252.48,Actual,DOC-2025-0004531
4532,20250505,5300,4,USD,-3498.37,Actual,DOC-2025-0004532
4533,20241201,2100,5,PLN,-8071.87,Budget,DOC-2024-0004533
4534,20220829,4100,7,PLN,2515.54,Budget,DOC-2022-0004534
4535,20231105,4100,3,USD,3163.01,Forecast,DOC-2023-0004535
4536,20230503,4200,1,GBP,449.81,Actual,DOC-2023-0004536
4537,20230808,5000,1,USD,6083.26,Actual,DOC-2023-0004537
4538,20220809,5100,12,USD,-512.22,Actual,DOC-2022-0004538
4539,20230909,2100,10,GBP,-7273.69,Actual,DOC-2023-0004539
4540,20250718,1300,12,GBP,7201.32,Actual,DOC-2025-0004540
4541,20251018,1300,1,PLN,1823.26,Actual,DOC-2025-0004541
4542,20250506,5000,12,GBP,3472.65,Actual,DOC-2025-0004542
4543,20240224,1100,4,GBP,3273.44,Actual,DOC-2024-0004543
4544,20230207,4000,3,PLN,4634.51,Actual,DOC-2023-0004544
4545,20241023,4100,7,GBP,4988.92,Actual,DOC-2024-0004545
4546,20230318,1200,5,PLN,2820.95,Actual,DOC-2023-0004546
4547,20240909,1100,7,EUR,412.24,Budget,DOC-2024-0004547
4548,20240322,3000,5,GBP,7426.98,Actual,DOC-2024-0004548
4549,20250706,1300,1,PLN,306.36,Budget,DOC-2025-0004549
4550,20251130,1100,6,PLN,1644.25,Budget,DOC-2025-0004550
4551,20220910,4000,3,PLN,7426.93,Actual,DOC-2022-0004551
4552,20240531,3000,1,PLN,5495.76,Actual,DOC-2024-0004552
4553,20220525,5100,5,EUR,-2260.18,Budget,DOC-2022-0004553
4554,20241019,5400,6,PLN,-5677.87,Forecast,DOC-2024-0004554
4555,20221111,1200,3,PLN,7160.6,Budget,DOC-2022-0004555
4556,20220827,2000,3,USD,5476.95,Actual,DOC-2022-0004556
4557,20230201,5000,2,USD,7479.35,Actual,DOC-2023-0004557
4558,20221114,2000,3,GBP,6976.76,Actual,DOC-2022-0004558
4559,20221024,4300,5,PLN,-7814.21,Actual,DOC-2022-0004559
4560,20230511,3000,12,GBP,4885.24,Actual,DOC-2023-0004560
4561,20231001,5100,8,GBP,-4217.23,Forecast,DOC-2023-0004561
4562,20250509,1000,6,GBP,1147.61,Actual,DOC-2025-0004562
4563,20250503,4000,2,PLN,4815.56,Actual,DOC-2025-0004563
4564,20220714,1200,6,PLN,6693.46,Actual,DOC-2022-0004564
4565,20231110,5300,9,USD,-8686.37,Forecast,DOC-2023-0004565
4566,20250712,3000,8,USD,6169.76,Forecast,DOC-2025-0004566
4567,20250320,1100,12,PLN,2863.21,Actual,DOC-2025-0004567
4568,20220711,5200,11,GBP,-8786.54,Actual,DOC-2022-0004568
4569,20250804,4200,12,GBP,2485.45,Forecast,DOC-2025-0004569
4570,20221022,3100,2,EUR,1630.02,Actual,DOC-2022-0004570
4571,20230209,1100,12,EUR,2531.05,Actual,DOC-2023-0004571
4572,20250325,1000,12,PLN,6116.89,Forecast,DOC-2025-0004572
4573,20250318,4200,8,EUR,3148.48,Actual,DOC-2025-0004573
4574,20240402,3000,3,PLN,7761.86,Actual,DOC-2024-0004574
4575,20241205,1200,3,USD,1619.77,Actual,DOC-2024-0004575
4576,20220523,3000,12,USD,5742.44,Actual,DOC-2022-0004576
4577,20250214,4100,10,PLN,2747.85,Actual,DOC-2025-0004577
4578,20251126,1000,2,GBP,2307.11,Actual,DOC-2025-0004578
4579,20221114,3100,12,EUR,1608.81,Actual,DOC-2022-0004579
4580,20230515,2100,10,EUR,-7990.24,Budget,DOC-2023-0004580
4581,20250304,3100,11,EUR,6875.7,Actual,DOC-2025-0004581
4582,20251017,2100,3,GBP,-419.35,Actual,DOC-2025-0004582
4583,20220217,5300,4,EUR,-5214.23,Actual,DOC-2022-0004583
4584,20240721,5400,1,PLN,-2821.2,Actual,DOC-2024-0004584
4585,20220711,5100,8,PLN,-5170.89,Forecast,DOC-2022-0004585
4586,20220506,4000,7,GBP,142.35,Forecast,DOC-2022-0004586
4587,20230521,3100,6,EUR,1825.1,Actual,DOC-2023-0004587
4588,20230119,2000,12,USD,1596.06,Actual,DOC-2023-0004588
4589,20250426,1000,9,EUR,4776.63,Actual,DOC-2025-0004589
4590,20221213,4100,7,GBP,7108.94,Forecast,DOC-2022-0004590
4591,20250215,1200,10,GBP,8600.76,Actual,DOC-2025-0004591
4592,20240922,1100,9,PLN,8681.57,Actual,DOC-2024-0004592
4593,20250610,3000,8,USD,1536.27,Budget,DOC-2025-0004593
4594,20230224,2100,8,GBP,-6121.68,Forecast,DOC-2023-0004594
4595,20220907,4000,1,USD,6348.27,Actual,DOC-2022-0004595
4596,20220716,5100,1,PLN,-2141.55,Forecast,DOC-2022-0004596
4597,20220622,3000,1,PLN,5525.2,Actual,DOC-2022-0004597
4598,20250220,5400,2,GBP,-200.11,Actual,DOC-2025-0004598
4599,20220129,5200,2,USD,-8697.63,Actual,DOC-2022-0004599
4600,20240716,1300,9,PLN,7608.8,Budget,DOC-2024-0004600
4601,20231028,5400,4,USD,-5035.79,Actual,DOC-2023-0004601
4602,20230925,1300,7,USD,2209.2,Actual,DOC-2023-0004602
4603,20221220,5200,9,EUR,-290.3,Actual,DOC-2022-0004603
4604,20240402,4200,11,USD,5957.14,Actual,DOC-2024-0004604
4605,20230830,2200,9,USD,-6548.83,Actual,DOC-2023-0004605
4606,20240520,1000,5,PLN,8109.47,Actual,DOC-2024-0004606
4607,20241209,4100,4,PLN,6146.43,Actual,DOC-2024-0004607
4608,20251123,4000,9,GBP,7043.37,Forecast,DOC-2025-0004608
4609,20241105,1100,5,PLN,4106.0,Actual,DOC-2024-0004609
4610,20231013,3000,5,USD,4460.26,Budget,DOC-2023-0004610
4611,20251008,1300,3,USD,3512.37,Actual,DOC-2025-0004611
4612,20220907,4000,12,GBP,4167.68,Actual,DOC-2022-0004612
4613,20230520,3000,6,GBP,1441.07,Actual,DOC-2023-0004613
4614,20220917,4100,5,USD,8883.54,Forecast,DOC-2022-0004614
4615,20220322,5400,8,PLN,-8150.51,Actual,DOC-2022-0004615
4616,20240119,4000,1,EUR,2193.58,Actual,DOC-2024-0004616
4617,20230309,5200,7,GBP,-2954.42,Actual,DOC-2023-0004617
4618,20250320,4200,12,PLN,2274.27,Actual,DOC-2025-0004618
4619,20220525,5300,4,GBP,-6645.04,Actual,DOC-2022-0004619
4620,20220711,2100,12,EUR,-2381.32,Forecast,DOC-2022-0004620
4621,20220328,1100,3,GBP,6777.82,Actual,DOC-2022-0004621
4622,20220916,4000,5,GBP,5110.06,Actual,DOC-2022-0004622
4623,20231209,1200,10,PLN,979.65,Budget,DOC-2023-0004623
4624,20221203,2200,2,USD,-4587.46,Actual,DOC-2022-0004624
4625,20241028,5300,3,GBP,-3199.49,Forecast,DOC-2024-0004625
4626,20231024,2100,12,USD,-519.39,Actual,DOC-2023-0004626
4627,20250527,4200,11,PLN,855.98,Forecast,DOC-2025-0004627
4628,20221211,5300,9,GBP,-8250.76,Actual,DOC-2022-0004628
4629,20251202,5200,8,USD,-1028.62,Actual,DOC-2025-0004629
4630,20220414,5300,2,PLN,-760.92,Actual,DOC-2022-0004630
4631,20231116,5300,11,USD,-7705.31,Actual,DOC-2023-0004631
4632,20220610,2100,3,PLN,-4869.59,Actual,DOC-2022-0004632
4633,20250314,5000,7,PLN,7730.72,Forecast,DOC-2025-0004633
4634,20251007,4300,10,USD,-4434.15,Actual,DOC-2025-0004634
4635,20240831,3000,6,GBP,7109.55,Forecast,DOC-2024-0004635
4636,20240108,5400,3,GBP,-8648.09,Actual,DOC-2024-0004636
4637,20241231,1200,9,USD,4873.62,Actual,DOC-2024-0004637
4638,20240427,5100,12,GBP,-3885.23,Forecast,DOC-2024-0004638
4639,20250725,1100,7,GBP,4508.76,Budget,DOC-2025-0004639
4640,20221022,5300,4,PLN,-6330.19,Actual,DOC-2022-0004640
4641,20250703,3100,3,EUR,8676.76,Actual,DOC-2025-0004641
4642,20250921,1300,8,GBP,1089.16,Actual,DOC-2025-0004642
4643,20251201,2100,8,PLN,-5856.0,Actual,DOC-2025-0004643
4644,20251223,2100,2,EUR,-1642.84,Actual,DOC-2025-0004644
4645,20240110,2000,11,GBP,8074.18,Budget,DOC-2024-0004645
4646,20240118,4200,10,GBP,2076.69,Actual,DOC-2024-0004646
4647,20250211,2200,1,USD,-8908.08,Actual,DOC-2025-0004647
4648,20250724,2200,2,GBP,-1146.72,Forecast,DOC-2025-0004648
4649,20220106,4100,10,USD,3212.68,Actual,DOC-2022-0004649
4650,20221022,5400,5,GBP,-2227.22,Forecast,DOC-2022-0004650
4651,20220106,5000,7,USD,2659.12,Actual,DOC-2022-0004651
4652,20231022,5400,3,PLN,-3175.18,Actual,DOC-2023-0004652
4653,20241123,1300,11,USD,7629.24,Budget,DOC-2024-0004653
4654,20250828,1000,9,PLN,4648.55,Actual,DOC-2025-0004654
4655,20230913,2000,9,EUR,5123.07,Forecast,DOC-2023-0004655
4656,20250801,3100,3,USD,1241.09,Actual,DOC-2025-0004656
4657,20240810,1300,7,GBP,3089.23,Actual,DOC-2024-0004657
4658,20241123,5100,5,EUR,-150.52,Actual,DOC-2024-0004658
4659,20231125,5300,1,GBP,-8492.68,Actual,DOC-2023-0004659
4660,20250903,5400,2,GBP,-7154.82,Budget,DOC-2025-0004660
4661,20250814,2000,8,PLN,5314.3,Actual,DOC-2025-0004661
4662,20241007,3000,11,EUR,4994.53,Actual,DOC-2024-0004662
4663,20240311,1300,12,PLN,860.59,Forecast,DOC-2024-0004663
4664,20220412,1300,11,GBP,5454.34,Actual,DOC-2022-0004664
4665,20220710,5300,6,PLN,-5466.72,Budget,DOC-2022-0004665
4666,20241118,1000,9,USD,2179.39,Budget,DOC-2024-0004666
4667,20230221,5200,2,EUR,-7919.99,Actual,DOC-2023-0004667
4668,20240719,1200,8,USD,887.34,Forecast,DOC-2024-0004668
4669,20220503,1200,4,EUR,8966.22,Forecast,DOC-2022-0004669
4670,20230212,3000,4,USD,5673.8,Forecast,DOC-2023-0004670
4671,20231231,2000,10,EUR,5686.66,Actual,DOC-2023-0004671
4672,20220701,2200,1,GBP,-595.37,Actual,DOC-2022-0004672
4673,20231030,4100,2,GBP,1569.82,Actual,DOC-2023-0004673
4674,20230923,1200,12,PLN,7917.2,Actual,DOC-2023-0004674
4675,20251101,4100,1,USD,6464.99,Budget,DOC-2025-0004675
4676,20230630,4100,3,USD,1213.29,Actual,DOC-2023-0004676
4677,20250705,4100,10,GBP,7756.33,Actual,DOC-2025-0004677
4678,20220219,4000,11,PLN,1963.6,Actual,DOC-2022-0004678
4679,20230910,1000,9,PLN,5683.63,Actual,DOC-2023-0004679
4680,20240117,2000,2,PLN,7381.26,Actual,DOC-2024-0004680
4681,20220923,5000,10,GBP,1081.41,Budget,DOC-2022-0004681
4682,20240524,1300,8,PLN,6763.43,Budget,DOC-2024-0004682
4683,20240706,1100,12,USD,6227.55,Forecast,DOC-2024-0004683
4684,20221219,4200,3,EUR,3239.08,Actual,DOC-2022-0004684
4685,20220214,1100,6,GBP,116.81,Actual,DOC-2022-0004685
4686,20230728,2000,5,PLN,6168.51,Forecast,DOC-2023-0004686
4687,20220420,3100,7,USD,5894.92,Actual,DOC-2022-0004687
4688,20221122,4200,7,GBP,872.86,Actual,DOC-2022-0004688
4689,20230723,4300,1,PLN,-4458.69,Forecast,DOC-2023-0004689
4690,20230830,5300,2,GBP,-4561.46,Budget,DOC-2023-0004690
4691,20240223,1300,1,GBP,6269.3,Actual,DOC-2024-0004691
4692,20230403,5100,11,GBP,-955.83,Actual,DOC-2023-0004692
4693,20250523,5000,11,PLN,7425.7,Actual,DOC-2025-0004693
4694,20230407,4300,1,EUR,-8261.78,Actual,DOC-2023-0004694
4695,20220106,1000,4,EUR,3830.48,Forecast,DOC-2022-0004695
4696,20230117,4200,2,GBP,3878.8,Actual,DOC-2023-0004696
4697,20230721,2000,4,PLN,4339.95,Actual,DOC-2023-0004697
4698,20230927,4000,6,GBP,8799.32,Actual,DOC-2023-0004698
4699,20221218,5100,11,GBP,-172.29,Actual,DOC-2022-0004699
4700,20230312,3100,8,PLN,3158.05,Actual,DOC-2023-0004700
4701,20220909,2200,4,PLN,-5014.0,Actual,DOC-2022-0004701
4702,20241109,4000,12,USD,4438.97,Actual,DOC-2024-0004702
4703,20240217,5400,12,EUR,-7263.23,Actual,DOC-2024-0004703
4704,20220928,5000,7,GBP,3552.05,Actual,DOC-2022-0004704
4705,20250913,3100,1,USD,6699.06,Actual,DOC-2025-0004705
4706,20220910,2000,12,PLN,1348.98,Actual,DOC-2022-0004706
4707,20250312,2000,11,USD,6237.08,Budget,DOC-2025-0004707
4708,20240806,5100,8,GBP,-1657.92,Actual,DOC-2024-0004708
4709,20220312,3100,7,GBP,3625.81,Forecast,DOC-2022-0004709
4710,20220815,2200,10,GBP,-3906.07,Forecast,DOC-2022-0004710
4711,20231203,5000,10,PLN,1669.55,Actual,DOC-2023-0004711
4712,20220227,3100,11,EUR,2419.99,Actual,DOC-2022-0004712
4713,20230904,1200,6,USD,8586.53,Actual,DOC-2023-0004713
4714,20221008,5100,10,PLN,-8602.57,Actual,DOC-2022-0004714
4715,20250221,1200,1,PLN,4416.97,Actual,DOC-2025-0004715
4716,20220105,1200,6,EUR,2593.23,Actual,DOC-2022-0004716
4717,20240319,5000,11,GBP,8652.43,Actual,DOC-2024-0004717
4718,20251117,1300,3,PLN,1064.89,Actual,DOC-2025-0004718
4719,20231214,1000,6,EUR,4904.61,Actual,DOC-2023-0004719
4720,20221212,5200,3,USD,-890.11,Actual,DOC-2022-0004720
4721,20230711,3000,6,EUR,5654.65,Actual,DOC-2023-0004721
4722,20251207,2200,2,USD,-819.07,Budget,DOC-2025-0004722
4723,20251011,2000,11,USD,4756.33,Actual,DOC-2025-0004723
4724,20231203,3100,2,EUR,5455.65,Actual,DOC-2023-0004724
4725,20221206,5400,6,EUR,-8108.25,Actual,DOC-2022-0004725
4726,20220416,5300,8,EUR,-5325.21,Actual,DOC-2022-0004726
4727,20230716,1200,5,EUR,4020.04,Actual,DOC-2023-0004727
4728,20221213,5000,7,GBP,3862.9,Actual,DOC-2022-0004728
4729,20230303,4300,8,EUR,-61.71,Actual,DOC-2023-0004729
4730,20251201,5300,12,EUR,-3774.88,Forecast,DOC-2025-0004730
4731,20221116,2100,11,PLN,-6069.34,Actual,DOC-2022-0004731
4732,20230917,3000,4,PLN,8821.95,Actual,DOC-2023-0004732
4733,20220819,3000,4,PLN,3178.96,Actual,DOC-2022-0004733
4734,20231108,5300,1,USD,-1264.14,Forecast,DOC-2023-0004734
4735,20241028,4200,1,EUR,830.91,Actual,DOC-2024-0004735
4736,20240121,2100,2,EUR,-6941.38,Budget,DOC-2024-0004736
4737,20231005,5200,8,PLN,-3748.57,Budget,DOC-2023-0004737
4738,20220325,1100,10,GBP,4072.06,Forecast,DOC-2022-0004738
4739,20240104,5000,3,EUR,6120.72,Actual,DOC-2024-0004739
4740,20250306,3100,7,EUR,1792.15,Budget,DOC-2025-0004740
4741,20220902,4100,10,USD,7166.24,Budget,DOC-2022-0004741
4742,20251020,3000,1,EUR,8397.51,Actual,DOC-2025-0004742
4743,20251116,3100,8,PLN,2142.58,Actual,DOC-2025-0004743
4744,20230419,3100,5,EUR,7101.42,Budget,DOC-2023-0004744
4745,20240423,3000,10,USD,4982.37,Budget,DOC-2024-0004745
4746,20231029,3100,7,GBP,6416.35,Actual,DOC-2023-0004746
4747,20250915,1000,12,USD,8852.15,Actual,DOC-2025-0004747
4748,20220216,4000,3,EUR,7689.26,Actual,DOC-2022-0004748
4749,20250509,4100,4,USD,1386.47,Actual,DOC-2025-0004749
4750,20250422,5400,9,GBP,-1400.81,Actual,DOC-2025-0004750
4751,20250503,5100,8,EUR,-8944.83,Actual,DOC-2025-0004751
4752,20240804,1000,9,GBP,676.01,Actual,DOC-2024-0004752
4753,20230311,5300,8,USD,-8774.29,Forecast,DOC-2023-0004753
4754,20250309,5300,9,USD,-3577.41,Actual,DOC-2025-0004754
4755,20250604,3100,5,USD,4335.41,Actual,DOC-2025-0004755
4756,20230218,4100,1,USD,3200.04,Actual,DOC-2023-0004756
4757,20250705,5100,7,GBP,-3882.6,Forecast,DOC-2025-0004757
4758,20230701,1000,3,GBP,5709.96,Actual,DOC-2023-0004758
4759,20230716,2100,4,EUR,-144.62,Actual,DOC-2023-0004759
4760,20230201,4200,7,GBP,2035.88,Actual,DOC-2023-0004760
4761,20220722,4000,10,GBP,5267.92,Actual,DOC-2022-0004761
4762,20251114,5300,10,GBP,-8669.26,Actual,DOC-2025-0004762
4763,20230323,5200,6,PLN,-8381.55,Actual,DOC-2023-0004763
4764,20230624,5400,7,GBP,-723.98,Actual,DOC-2023-0004764
4765,20240106,5000,10,USD,8831.93,Actual,DOC-2024-0004765
4766,20220330,4100,10,USD,1740.32,Forecast,DOC-2022-0004766
4767,20241020,5200,7,EUR,-8367.09,Actual,DOC-2024-0004767
4768,20230527,1100,9,EUR,7692.47,Actual,DOC-2023-0004768
4769,20240128,5300,11,GBP,-6385.17,Actual,DOC-2024-0004769
4770,20220401,4200,7,USD,5473.69,Actual,DOC-2022-0004770
4771,20220210,4300,3,GBP,-6844.08,Actual,DOC-2022-0004771
4772,20231201,2000,4,PLN,5900.26,Actual,DOC-2023-0004772
4773,20240913,2000,1,GBP,1964.13,Actual,DOC-2024-0004773
4774,20230702,2200,1,PLN,-7821.58,Actual,DOC-2023-0004774
4775,20220630,2000,12,USD,322.84,Actual,DOC-2022-0004775
4776,20240806,1100,11,USD,6535.53,Actual,DOC-2024-0004776
4777,20240325,1300,8,USD,295.11,Forecast,DOC-2024-0004777
4778,20220608,5100,12,USD,-3966.85,Actual,DOC-2022-0004778
4779,20220517,1300,5,EUR,1641.6,Actual,DOC-2022-0004779
4780,20250304,2000,11,GBP,2262.96,Forecast,DOC-2025-0004780
4781,20250612,1300,2,PLN,702.68,Actual,DOC-2025-0004781
4782,20240430,4100,6,GBP,2436.49,Budget,DOC-2024-0004782
4783,20251225,5000,3,PLN,1775.18,Actual,DOC-2025-0004783
4784,20230912,4300,5,GBP,-2025.65,Actual,DOC-2023-0004784
4785,20250118,2000,5,PLN,5135.04,Actual,DOC-2025-0004785
4786,20220302,4300,1,USD,-8120.03,Actual,DOC-2022-0004786
4787,20220324,1000,3,EUR,5517.82,Actual,DOC-2022-0004787
4788,20231113,4100,7,GBP,8987.58,Actual,DOC-2023-0004788
4789,20250901,5000,5,EUR,4384.1,Actual,DOC-2025-0004789
4790,20230801,1200,2,USD,7929.12,Forecast,DOC-2023-0004790
4791,20240315,5400,11,USD,-119.94,Actual,DOC-2024-0004791
4792,20250427,2000,1,EUR,8159.12,Actual,DOC-2025-0004792
4793,20240417,1300,6,GBP,1059.58,Actual,DOC-2024-0004793
4794,20220725,2100,9,EUR,-6961.95,Actual,DOC-2022-0004794
4795,20241226,4300,5,GBP,-5544.66,Actual,DOC-2024-0004795
4796,20250710,2200,2,GBP,-7861.84,Actual,DOC-2025-0004796
4797,20231104,4200,5,PLN,5741.38,Actual,DOC-2023-0004797
4798,20240503,5400,12,PLN,-4592.9,Actual,DOC-2024-0004798
4799,20240409,5100,6,PLN,-5836.22,Actual,DOC-2024-0004799
4800,20250509,4000,5,PLN,2329.28,Budget,DOC-2025-0004800
4801,20220317,3000,7,GBP,7046.71,Forecast,DOC-2022-0004801
4802,20250309,2000,9,USD,5000.78,Budget,DOC-2025-0004802
4803,20240811,5400,3,GBP,-102.24,Actual,DOC-2024-0004803
4804,20240303,4000,10,EUR,2217.18,Actual,DOC-2024-0004804
4805,20230521,5300,6,GBP,-210.01,Actual,DOC-2023-0004805
4806,20251208,4200,9,GBP,1844.02,Actual,DOC-2025-0004806
4807,20230321,4100,11,USD,8367.4,Actual,DOC-2023-0004807
4808,20241113,5300,4,GBP,-3609.67,Actual,DOC-2024-0004808
4809,20231002,5300,1,USD,-3379.08,Actual,DOC-2023-0004809
4810,20230305,5400,8,GBP,-6542.45,Actual,DOC-2023-0004810
4811,20250524,5100,2,USD,-1130.89,Actual,DOC-2025-0004811
4812,20220722,4000,9,PLN,814.94,Actual,DOC-2022-0004812
4813,20250826,4300,4,PLN,-2438.79,Actual,DOC-2025-0004813
4814,20220223,4100,10,PLN,6994.8,Actual,DOC-2022-0004814
4815,20220902,5400,2,GBP,-7395.89,Actual,DOC-2022-0004815
4816,20241026,4300,4,USD,-8306.22,Actual,DOC-2024-0004816
4817,20220925,1000,10,EUR,3901.32,Actual,DOC-2022-0004817
4818,20231108,5100,2,USD,-2245.4,Budget,DOC-2023-0004818
4819,20240926,4200,1,PLN,7619.17,Actual,DOC-2024-0004819
4820,20250126,5300,11,GBP,-1410.26,Budget,DOC-2025-0004820
4821,20241217,1300,3,GBP,8377.81,Actual,DOC-2024-0004821
4822,20240102,4100,2,EUR,3740.73,Budget,DOC-2024-0004822
4823,20220927,3100,4,PLN,6523.11,Actual,DOC-2022-0004823
4824,20220111,5200,2,USD,-5746.23,Actual,DOC-2022-0004824
4825,20220410,3000,3,PLN,4975.43,Actual,DOC-2022-0004825
4826,20230725,5000,1,GBP,6230.29,Actual,DOC-2023-0004826
4827,20230821,2000,7,GBP,4302.52,Actual,DOC-2023-0004827
4828,20230909,5100,5,GBP,-7868.82,Actual,DOC-2023-0004828
4829,20231107,4200,6,PLN,2975.45,Actual,DOC-2023-0004829
4830,20250901,4100,5,USD,816.14,Actual,DOC-2025-0004830
4831,20220106,2100,9,USD,-1027.74,Budget,DOC-2022-0004831
4832,20220723,4100,1,EUR,8913.77,Forecast,DOC-2022-0004832
4833,20220412,4200,10,GBP,6483.32,Actual,DOC-2022-0004833
4834,20231108,2100,10,USD,-2800.16,Actual,DOC-2023-0004834
4835,20240821,4000,12,GBP,505.97,Actual,DOC-2024-0004835
4836,20221215,4000,3,USD,6538.17,Budget,DOC-2022-0004836
4837,20241208,5100,3,PLN,-5666.9,Actual,DOC-2024-0004837
4838,20240307,5300,4,EUR,-5223.45,Actual,DOC-2024-0004838
4839,20220329,2200,10,USD,-7941.71,Actual,DOC-2022-0004839
4840,20240914,1100,1,PLN,4134.95,Actual,DOC-2024-0004840
4841,20231006,2000,11,EUR,6817.87,Actual,DOC-2023-0004841
4842,20220117,1000,12,USD,8937.24,Forecast,DOC-2022-0004842
4843,20231123,5100,6,GBP,-5983.35,Actual,DOC-2023-0004843
4844,20220327,5000,2,EUR,4612.64,Actual,DOC-2022-0004844
4845,20220702,1000,3,EUR,3442.74,Budget,DOC-2022-0004845
4846,20251127,5400,11,EUR,-4438.15,Actual,DOC-2025-0004846
4847,20241201,2100,1,GBP,-2101.8,Actual,DOC-2024-0004847
4848,20250108,5000,7,USD,6046.43,Actual,DOC-2025-0004848
4849,20240103,1300,8,USD,5677.73,Budget,DOC-2024-0004849
4850,20230214,1100,8,GBP,8086.14,Actual,DOC-2023-0004850
4851,20250623,5000,1,EUR,2896.26,Actual,DOC-2025-0004851
4852,20230430,2200,12,USD,-582.83,Actual,DOC-2023-0004852
4853,20230528,2000,5,GBP,4976.76,Actual,DOC-2023-0004853
4854,20220723,2000,12,USD,687.91,Actual,DOC-2022-0004854
4855,20250228,4100,10,USD,3745.29,Forecast,DOC-2025-0004855
4856,20250330,4300,5,GBP,-1050.77,Budget,DOC-2025-0004856
4857,20220611,2100,2,USD,-7524.38,Actual,DOC-2022-0004857
4858,20240402,4100,11,USD,4545.28,Forecast,DOC-2024-0004858
4859,20221019,4200,4,USD,1432.4,Actual,DOC-2022-0004859
4860,20230709,5200,2,GBP,-4830.6,Actual,DOC-2023-0004860
4861,20220606,4100,2,EUR,1260.87,Actual,DOC-2022-0004861
4862,20220911,3000,7,EUR,1184.53,Budget,DOC-2022-0004862
4863,20250627,4100,6,USD,765.4,Budget,DOC-2025-0004863
4864,20240703,5200,8,EUR,-5997.55,Actual,DOC-2024-0004864
4865,20251116,4200,6,EUR,2896.44,Forecast,DOC-2025-0004865
4866,20241030,3100,4,PLN,6001.62,Actual,DOC-2024-0004866
4867,20220505,1000,10,USD,8628.49,Actual,DOC-2022-0004867
4868,20221207,4100,8,USD,465.44,Actual,DOC-2022-0004868
4869,20230207,2100,6,GBP,-2051.49,Actual,DOC-2023-0004869
4870,20240602,5300,3,PLN,-7624.07,Actual,DOC-2024-0004870
4871,20240106,4100,8,EUR,3539.84,Forecast,DOC-2024-0004871
4872,20250210,5200,3,EUR,-7614.7,Actual,DOC-2025-0004872
4873,20220814,5200,10,GBP,-2859.97,Actual,DOC-2022-0004873
4874,20240219,1300,4,USD,3370.06,Actual,DOC-2024-0004874
4875,20250408,5100,12,GBP,-652.13,Actual,DOC-2025-0004875
4876,20220705,5200,4,PLN,-748.74,Actual,DOC-2022-0004876
4877,20251212,4200,10,EUR,7644.35,Budget,DOC-2025-0004877
4878,20220525,5100,9,GBP,-7550.29,Actual,DOC-2022-0004878
4879,20220625,2100,7,GBP,-515.17,Actual,DOC-2022-0004879
4880,20241224,4000,10,GBP,4153.87,Actual,DOC-2024-0004880
4881,20250416,4000,4,GBP,7860.49,Actual,DOC-2025-0004881
4882,20250510,4200,2,USD,5533.69,Actual,DOC-2025-0004882
4883,20221007,4000,5,EUR,4186.88,Actual,DOC-2022-0004883
4884,20220522,5000,5,PLN,1785.71,Actual,DOC-2022-0004884
4885,20240219,3100,10,USD,4370.59,Actual,DOC-2024-0004885
4886,20220514,4300,11,GBP,-8269.02,Actual,DOC-2022-0004886
4887,20221226,1200,8,PLN,3551.13,Actual,DOC-2022-0004887
4888,20220607,1100,11,GBP,1991.31,Actual,DOC-2022-0004888
4889,20230323,3100,5,USD,8860.91,Actual,DOC-2023-0004889
4890,20221220,4000,2,GBP,8541.93,Actual,DOC-2022-0004890
4891,20251007,3100,6,USD,5579.55,Actual,DOC-2025-0004891
4892,20250730,4100,2,EUR,1664.45,Actual,DOC-2025-0004892
4893,20220723,3100,8,GBP,1773.55,Actual,DOC-2022-0004893
4894,20220628,1200,5,EUR,6372.05,Forecast,DOC-2022-0004894
4895,20240806,5200,2,GBP,-7492.76,Actual,DOC-2024-0004895
4896,20250204,2200,12,PLN,-419.32,Actual,DOC-2025-0004896
4897,20230809,5100,2,PLN,-6991.17,Actual,DOC-2023-0004897
4898,20220926,1300,1,GBP,5554.48,Actual,DOC-2022-0004898
4899,20251015,1300,1,USD,1683.51,Actual,DOC-2025-0004899
4900,20231221,5200,7,USD,-2096.55,Actual,DOC-2023-0004900
4901,20250326,1300,11,PLN,3488.2,Budget,DOC-2025-0004901
4902,20231127,1300,1,GBP,7588.62,Actual,DOC-2023-0004902
4903,20240711,4100,7,GBP,8641.88,Forecast,DOC-2024-0004903
4904,20220310,3100,6,GBP,3631.2,Actual,DOC-2022-0004904
4905,20230328,5100,6,EUR,-8006.76,Actual,DOC-2023-0004905
4906,20250612,4200,1,GBP,4256.68,Actual,DOC-2025-0004906
4907,20230611,1100,4,USD,54.35,Actual,DOC-2023-0004907
4908,20230319,5100,12,PLN,-5807.74,Actual,DOC-2023-0004908
4909,20230916,4200,9,GBP,1234.92,Actual,DOC-2023-0004909
4910,20250611,1000,3,USD,4430.96,Actual,DOC-2025-0004910
4911,20251104,5400,5,USD,-4565.65,Actual,DOC-2025-0004911
4912,20220914,5400,3,PLN,-3230.11,Actual,DOC-2022-0004912
4913,20240227,1300,8,PLN,5431.32,Actual,DOC-2024-0004913
4914,20250227,2200,10,USD,-6253.32,Actual,DOC-2025-0004914
4915,20230917,3100,4,GBP,6902.41,Actual,DOC-2023-0004915
4916,20250531,1300,3,USD,2493.05,Actual,DOC-2025-0004916
4917,20241127,3000,9,PLN,5463.06,Actual,DOC-2024-0004917
4918,20231103,1300,3,GBP,7165.68,Actual,DOC-2023-0004918
4919,20240222,3000,9,USD,4589.86,Budget,DOC-2024-0004919
4920,20240228,4000,4,EUR,6834.24,Actual,DOC-2024-0004920
4921,20221117,2000,7,USD,1157.92,Actual,DOC-2022-0004921
4922,20221003,4000,10,GBP,2269.13,Actual,DOC-2022-0004922
4923,20250607,2100,12,USD,-4444.41,Forecast,DOC-2025-0004923
4924,20230815,1100,6,USD,1092.3,Actual,DOC-2023-0004924
4925,20220620,1200,5,PLN,3783.56,Actual,DOC-2022-0004925
4926,20230103,4100,2,PLN,5901.21,Forecast,DOC-2023-0004926
4927,20230510,4100,5,GBP,2646.67,Forecast,DOC-2023-0004927
4928,20251111,4300,1,GBP,-7779.05,Actual,DOC-2025-0004928
4929,20251123,2100,7,USD,-5944.41,Actual,DOC-2025-0004929
4930,20221222,2000,11,PLN,941.67,Actual,DOC-2022-0004930
4931,20241115,5000,12,EUR,1920.96,Actual,DOC-2024-0004931
4932,20230410,4000,1,GBP,7525.61,Actual,DOC-2023-0004932
4933,20240519,4300,8,PLN,-5740.5,Actual,DOC-2024-0004933
4934,20220817,1100,5,PLN,2947.89,Actual,DOC-2022-0004934
4935,20221129,2000,10,EUR,3101.08,Forecast,DOC-2022-0004935
4936,20240217,3000,12,GBP,7180.49,Actual,DOC-2024-0004936
4937,20250804,1000,12,PLN,3900.09,Actual,DOC-2025-0004937
4938,20220117,2000,5,PLN,5869.93,Forecast,DOC-2022-0004938
4939,20250805,2000,2,EUR,4864.89,Budget,DOC-2025-0004939
4940,20251108,3000,5,EUR,8802.89,Actual,DOC-2025-0004940
4941,20240213,4100,4,PLN,300.44,Actual,DOC-2024-0004941
4942,20240602,1000,3,USD,5850.36,Actual,DOC-2024-0004942
4943,20220727,1100,6,USD,3188.64,Actual,DOC-2022-0004943
4944,20241209,2000,5,PLN,6598.52,Forecast,DOC-2024-0004944
4945,20231010,5300,9,GBP,-1733.17,Forecast,DOC-2023-0004945
4946,20220608,2100,9,GBP,-1714.1,Actual,DOC-2022-0004946
4947,20220819,2100,12,GBP,-322.46,Actual,DOC-2022-0004947
4948,20250117,3000,1,PLN,607.21,Forecast,DOC-2025-0004948
4949,20230605,1200,6,PLN,3247.76,Actual,DOC-2023-0004949
4950,20250408,4000,8,GBP,475.41,Budget,DOC-2025-0004950
4951,20220806,5200,10,EUR,-158.47,Actual,DOC-2022-0004951
4952,20241224,4300,10,USD,-8550.18,Budget,DOC-2024-0004952
4953,20240601,2100,8,GBP,-2970.46,Actual,DOC-2024-0004953
4954,20250514,1300,5,GBP,1719.44,Actual,DOC-2025-0004954
4955,20250831,4000,7,PLN,2900.75,Actual,DOC-2025-0004955
4956,20230826,2000,12,PLN,7197.14,Actual,DOC-2023-0004956
4957,20250904,5200,2,USD,-2409.52,Actual,DOC-2025-0004957
4958,20240612,2100,3,USD,-3164.96,Actual,DOC-2024-0004958
4959,20240219,1300,10,PLN,934.66,Budget,DOC-2024-0004959
4960,20250313,3000,12,USD,5140.84,Budget,DOC-2025-0004960
4961,20250709,1000,8,USD,5974.71,Actual,DOC-2025-0004961
4962,20230222,5300,4,GBP,-334.96,Actual,DOC-2023-0004962
4963,20250223,4100,6,EUR,4872.53,Actual,DOC-2025-0004963
4964,20240625,3100,5,EUR,4700.01,Actual,DOC-2024-0004964
4965,20230907,3100,12,USD,8088.67,Actual,DOC-2023-0004965
4966,20241204,4000,2,EUR,1113.11,Actual,DOC-2024-0004966
4967,20250119,5000,10,GBP,794.96,Actual,DOC-2025-0004967
4968,20250301,2100,8,USD,-8138.95,Actual,DOC-2025-0004968
4969,20230404,4300,8,USD,-5663.8,Actual,DOC-2023-0004969
4970,20251107,1100,4,EUR,1113.23,Actual,DOC-2025-0004970
4971,20231215,5000,1,PLN,5114.98,Actual,DOC-2023-0004971
4972,20231128,3100,7,GBP,8357.08,Actual,DOC-2023-0004972
4973,20230617,5200,4,EUR,-1602.45,Actual,DOC-2023-0004973
4974,20250802,4000,1,EUR,1917.52,Actual,DOC-2025-0004974
4975,20220428,2100,5,EUR,-2371.21,Forecast,DOC-2022-0004975
4976,20250325,4200,3,USD,413.18,Actual,DOC-2025-0004976
4977,20240116,4100,6,PLN,7908.12,Actual,DOC-2024-0004977
4978,20250321,1000,7,GBP,8821.88,Actual,DOC-2025-0004978
4979,20250609,2000,12,EUR,93.96,Actual,DOC-2025-0004979
4980,20240128,2100,6,EUR,-3963.0,Actual,DOC-2024-0004980
4981,20230426,4300,9,GBP,-7942.97,Forecast,DOC-2023-0004981
4982,20230721,3000,11,PLN,7017.57,Actual,DOC-2023-0004982
4983,20220804,1000,10,USD,8420.63,Actual,DOC-2022-0004983
4984,20250314,2000,1,EUR,4798.78,Actual,DOC-2025-0004984
4985,20240525,1300,5,PLN,722.19,Actual,DOC-2024-0004985
4986,20240103,2100,10,EUR,-3355.81,Actual,DOC-2024-0004986
4987,20230122,3000,4,EUR,273.38,Actual,DOC-2023-0004987
4988,20230307,3000,3,PLN,3839.22,Actual,DOC-2023-0004988
4989,20221020,3000,12,GBP,6625.4,Budget,DOC-2022-0004989
4990,20230207,4300,12,EUR,-7388.33,Actual,DOC-2023-0004990
4991,20240629,5000,10,GBP,105.12,Actual,DOC-2024-0004991
4992,20230831,2200,2,EUR,-1491.39,Actual,DOC-2023-0004992
4993,20250514,4100,6,USD,5021.62,Actual,DOC-2025-0004993
4994,20220331,1000,3,GBP,4083.14,Actual,DOC-2022-0004994
4995,20240518,2100,7,USD,-2497.66,Actual,DOC-2024-0004995
4996,20220925,4000,12,GBP,3475.95,Actual,DOC-2022-0004996
4997,20230918,5000,11,GBP,277.8,Budget,DOC-2023-0004997
4998,20230304,5400,6,USD,-6457.69,Actual,DOC-2023-0004998
4999,20240822,2000,11,USD,6857.49,Actual,DOC-2024-0004999
5000,20230406,1200,8,GBP,939.11,Forecast,DOC-2023-0005000
5001,20240112,5300,2,GBP,-1188.05,Actual,DOC-2024-0005001
5002,20220130,4200,9,EUR,4561.34,Actual,DOC-2022-0005002
5003,20241025,2000,11,USD,6409.55,Actual,DOC-2024-0005003
5004,20230116,5300,6,GBP,-6985.19,Actual,DOC-2023-0005004
5005,20220505,3100,5,PLN,4373.9,Actual,DOC-2022-0005005
5006,20230314,4200,9,PLN,341.33,Actual,DOC-2023-0005006
5007,20221209,5400,10,GBP,-7741.42,Actual,DOC-2022-0005007
5008,20220525,4100,2,PLN,6686.67,Forecast,DOC-2022-0005008
5009,20250701,2100,8,USD,-1971.51,Forecast,DOC-2025-0005009
5010,20250926,2000,5,EUR,1422.29,Actual,DOC-2025-0005010
5011,20240130,2200,1,USD,-7293.7,Actual,DOC-2024-0005011
5012,20220516,4000,2,GBP,408.17,Actual,DOC-2022-0005012
5013,20250727,1200,12,GBP,7691.66,Actual,DOC-2025-0005013
5014,20250612,4200,7,USD,5602.71,Actual,DOC-2025-0005014
5015,20250207,2000,4,EUR,1203.21,Actual,DOC-2025-0005015
5016,20240201,2000,4,GBP,4077.69,Budget,DOC-2024-0005016
5017,20220909,5200,4,USD,-2891.53,Forecast,DOC-2022-0005017
5018,20230305,5400,12,EUR,-176.08,Actual,DOC-2023-0005018
5019,20240321,5400,3,GBP,-8376.42,Actual,DOC-2024-0005019
5020,20230508,3000,1,EUR,7506.73,Actual,DOC-2023-0005020
5021,20240223,5400,2,USD,-6316.73,Actual,DOC-2024-0005021
5022,20250603,1300,1,EUR,4947.12,Actual,DOC-2025-0005022
5023,20221109,5000,6,EUR,3941.11,Actual,DOC-2022-0005023
5024,20230524,5200,3,EUR,-6392.6,Forecast,DOC-2023-0005024
5025,20230511,1100,7,USD,3525.67,Actual,DOC-2023-0005025
5026,20240927,4000,8,PLN,7960.07,Actual,DOC-2024-0005026
5027,20230721,1300,1,EUR,6089.14,Actual,DOC-2023-0005027
5028,20220830,4200,11,EUR,3132.54,Forecast,DOC-2022-0005028
5029,20230825,1300,5,GBP,1958.14,Budget,DOC-2023-0005029
5030,20240706,2000,9,EUR,6447.56,Actual,DOC-2024-0005030
5031,20230501,2000,7,GBP,3804.99,Budget,DOC-2023-0005031
5032,20230212,1200,7,USD,2949.17,Actual,DOC-2023-0005032
5033,20240903,2100,12,EUR,-6832.9,Actual,DOC-2024-0005033
5034,20240720,1100,1,PLN,1974.99,Forecast,DOC-2024-0005034
5035,20231217,1100,4,GBP,8337.37,Actual,DOC-2023-0005035
5036,20230122,2200,8,PLN,-8689.44,Actual,DOC-2023-0005036
5037,20230110,5400,1,PLN,-4601.24,Actual,DOC-2023-0005037
5038,20230214,5400,8,USD,-8206.09,Actual,DOC-2023-0005038
5039,20221025,1000,5,PLN,4085.4,Actual,DOC-2022-0005039
5040,20250930,1300,5,GBP,6307.45,Actual,DOC-2025-0005040
5041,20231118,4000,7,USD,7587.31,Actual,DOC-2023-0005041
5042,20240224,3000,4,PLN,5259.72,Actual,DOC-2024-0005042
5043,20220510,1000,7,PLN,7244.6,Actual,DOC-2022-0005043
5044,20220702,1000,12,USD,7080.11,Actual,DOC-2022-0005044
5045,20220530,1000,4,USD,8312.62,Budget,DOC-2022-0005045
5046,20230914,1200,3,USD,8324.31,Actual,DOC-2023-0005046
5047,20241210,4200,8,GBP,4562.05,Budget,DOC-2024-0005047
5048,20230713,5000,10,GBP,1082.15,Actual,DOC-2023-0005048
5049,20240805,5100,5,PLN,-8588.45,Actual,DOC-2024-0005049
5050,20230408,1100,1,GBP,7597.37,Forecast,DOC-2023-0005050
5051,20240903,4000,9,EUR,7596.15,Forecast,DOC-2024-0005051
5052,20250212,4200,9,EUR,6401.51,Forecast,DOC-2025-0005052
5053,20240920,2200,8,PLN,-853.36,Budget,DOC-2024-0005053
5054,20251102,3100,9,GBP,6854.77,Actual,DOC-2025-0005054
5055,20231016,4300,5,GBP,-6433.74,Actual,DOC-2023-0005055
5056,20220723,4100,6,EUR,6114.19,Budget,DOC-2022-0005056
5057,20240816,3100,12,USD,843.22,Actual,DOC-2024-0005057
5058,20220314,2200,6,PLN,-5289.1,Actual,DOC-2022-0005058
5059,20230302,5300,12,PLN,-2710.44,Actual,DOC-2023-0005059
5060,20250205,5300,7,PLN,-8917.41,Forecast,DOC-2025-0005060
5061,20241117,1100,7,GBP,7295.92,Actual,DOC-2024-0005061
5062,20230223,5400,12,PLN,-1771.55,Actual,DOC-2023-0005062
5063,20220717,5100,1,EUR,-2719.13,Actual,DOC-2022-0005063
5064,20240315,4000,8,PLN,2136.2,Forecast,DOC-2024-0005064
5065,20251116,3000,3,EUR,8927.16,Actual,DOC-2025-0005065
5066,20240711,1100,6,PLN,6419.41,Actual,DOC-2024-0005066
5067,20221108,1000,7,EUR,8595.64,Actual,DOC-2022-0005067
5068,20231010,5000,6,EUR,8491.62,Actual,DOC-2023-0005068
5069,20220425,5100,1,PLN,-2341.61,Actual,DOC-2022-0005069
5070,20230718,2000,3,GBP,7834.65,Actual,DOC-2023-0005070
5071,20240613,1300,4,PLN,2223.98,Actual,DOC-2024-0005071
5072,20250123,2000,5,GBP,6728.61,Actual,DOC-2025-0005072
5073,20240729,2200,8,USD,-2161.13,Actual,DOC-2024-0005073
5074,20240501,5000,12,GBP,4172.25,Actual,DOC-2024-0005074
5075,20220308,4100,6,EUR,7067.38,Actual,DOC-2022-0005075
5076,20231206,5300,10,GBP,-1682.6,Actual,DOC-2023-0005076
5077,20250312,2000,3,EUR,1874.99,Actual,DOC-2025-0005077
5078,20221122,1300,9,PLN,8335.27,Forecast,DOC-2022-0005078
5079,20230305,4000,10,USD,5015.07,Actual,DOC-2023-0005079
5080,20230711,4300,12,EUR,-2773.2,Forecast,DOC-2023-0005080
5081,20240322,1000,4,PLN,4221.6,Actual,DOC-2024-0005081
5082,20240923,5000,2,GBP,2172.98,Forecast,DOC-2024-0005082
5083,20251026,2000,9,EUR,4202.95,Actual,DOC-2025-0005083
5084,20231227,5100,4,USD,-8305.39,Actual,DOC-2023-0005084
5085,20250509,5400,4,GBP,-8538.97,Actual,DOC-2025-0005085
5086,20240129,2100,1,PLN,-4338.14,Actual,DOC-2024-0005086
5087,20230724,1100,7,EUR,2397.51,Actual,DOC-2023-0005087
5088,20250113,2200,5,USD,-1594.37,Forecast,DOC-2025-0005088
5089,20251122,3100,4,EUR,2371.27,Actual,DOC-2025-0005089
5090,20250924,1000,10,EUR,1537.65,Actual,DOC-2025-0005090
5091,20220610,4300,1,EUR,-7413.04,Actual,DOC-2022-0005091
5092,20250413,4300,7,PLN,-3547.43,Actual,DOC-2025-0005092
5093,20220103,5400,1,GBP,-6918.66,Budget,DOC-2022-0005093
5094,20240303,4200,5,PLN,2063.59,Actual,DOC-2024-0005094
5095,20240814,1200,3,GBP,2319.17,Actual,DOC-2024-0005095
5096,20220703,1100,1,PLN,1528.73,Actual,DOC-2022-0005096
5097,20231224,1300,6,PLN,5477.77,Actual,DOC-2023-0005097
5098,20230707,2000,3,EUR,8232.73,Actual,DOC-2023-0005098
5099,20220710,5200,2,PLN,-1073.29,Actual,DOC-2022-0005099
5100,20250628,1100,6,USD,3917.92,Actual,DOC-2025-0005100
5101,20250818,3000,2,PLN,8587.12,Actual,DOC-2025-0005101
5102,20250119,4000,11,USD,5490.73,Actual,DOC-2025-0005102
5103,20220517,2200,9,EUR,-1643.55,Actual,DOC-2022-0005103
5104,20250109,4100,7,PLN,769.0,Forecast,DOC-2025-0005104
5105,20230322,4200,2,EUR,6362.18,Actual,DOC-2023-0005105
5106,20220715,1300,7,PLN,5013.69,Actual,DOC-2022-0005106
5107,20240831,1200,1,GBP,4842.75,Actual,DOC-2024-0005107
5108,20251116,5200,1,PLN,-7047.62,Budget,DOC-2025-0005108
5109,20220512,5200,4,EUR,-641.9,Forecast,DOC-2022-0005109
5110,20241202,4300,1,PLN,-5541.49,Actual,DOC-2024-0005110
5111,20250522,4200,12,GBP,4580.8,Actual,DOC-2025-0005111
5112,20220416,2200,8,GBP,-6206.24,Actual,DOC-2022-0005112
5113,20220310,1000,5,PLN,4841.68,Actual,DOC-2022-0005113
5114,20250730,4200,9,USD,4618.0,Budget,DOC-2025-0005114
5115,20241026,4200,6,PLN,4264.05,Forecast,DOC-2024-0005115
5116,20230602,1000,2,EUR,2000.15,Actual,DOC-2023-0005116
5117,20250526,1300,6,PLN,2120.86,Actual,DOC-2025-0005117
5118,20251214,1000,3,PLN,4756.86,Actual,DOC-2025-0005118
5119,20251113,4100,9,USD,5884.89,Actual,DOC-2025-0005119
5120,20250728,2100,8,GBP,-7875.45,Actual,DOC-2025-0005120
5121,20250606,1300,10,USD,7094.27,Actual,DOC-2025-0005121
5122,20240302,5400,5,PLN,-1008.6,Budget,DOC-2024-0005122
5123,20251224,1300,4,GBP,5075.53,Forecast,DOC-2025-0005123
5124,20221209,2100,10,EUR,-5978.27,Actual,DOC-2022-0005124
5125,20240506,1300,12,USD,3187.5,Forecast,DOC-2024-0005125
5126,20221205,5000,5,USD,290.43,Actual,DOC-2022-0005126
5127,20230706,5300,11,EUR,-2532.89,Actual,DOC-2023-0005127
5128,20250223,4100,7,PLN,8230.54,Budget,DOC-2025-0005128
5129,20240510,3100,10,GBP,4168.62,Actual,DOC-2024-0005129
5130,20240716,4300,3,USD,-5506.19,Actual,DOC-2024-0005130
5131,20221107,1000,12,PLN,5538.11,Actual,DOC-2022-0005131
5132,20220723,3000,9,GBP,1545.78,Forecast,DOC-2022-0005132
5133,20251110,1300,4,GBP,548.66,Actual,DOC-2025-0005133
5134,20250902,1200,6,GBP,8794.38,Actual,DOC-2025-0005134
5135,20220104,5100,1,USD,-5981.05,Actual,DOC-2022-0005135
5136,20250316,1100,12,GBP,1114.86,Actual,DOC-2025-0005136
5137,20250705,1100,10,USD,1643.54,Actual,DOC-2025-0005137
5138,20230812,5400,3,PLN,-6054.56,Budget,DOC-2023-0005138
5139,20240802,1000,4,USD,5621.35,Actual,DOC-2024-0005139
5140,20230422,1200,4,EUR,6937.96,Actual,DOC-2023-0005140
5141,20230125,3100,5,USD,4372.99,Actual,DOC-2023-0005141
5142,20220302,2200,2,USD,-5154.37,Budget,DOC-2022-0005142
5143,20250501,5300,2,GBP,-5961.08,Actual,DOC-2025-0005143
5144,20220805,2200,6,PLN,-6176.82,Actual,DOC-2022-0005144
5145,20230412,3100,9,EUR,5253.89,Actual,DOC-2023-0005145
5146,20221231,1300,8,GBP,1054.04,Actual,DOC-2022-0005146
5147,20230508,5100,9,PLN,-6285.47,Forecast,DOC-2023-0005147
5148,20230903,5400,9,EUR,-8515.48,Actual,DOC-2023-0005148
5149,20220901,3100,8,USD,1274.9,Actual,DOC-2022-0005149
5150,20231031,2100,9,GBP,-4527.36,Actual,DOC-2023-0005150
5151,20220820,5100,5,EUR,-6849.5,Actual,DOC-2022-0005151
5152,20241011,3100,6,USD,4856.84,Actual,DOC-2024-0005152
5153,20230224,2200,3,USD,-1058.83,Budget,DOC-2023-0005153
5154,20220703,3000,10,USD,5521.53,Actual,DOC-2022-0005154
5155,20241116,4100,9,PLN,4184.81,Actual,DOC-2024-0005155
5156,20240217,1100,5,EUR,866.42,Actual,DOC-2024-0005156
5157,20220817,4100,1,PLN,8882.65,Forecast,DOC-2022-0005157
5158,20250221,1100,6,GBP,7730.56,Actual,DOC-2025-0005158
5159,20220908,4300,8,PLN,-7004.76,Actual,DOC-2022-0005159
5160,20220915,3100,11,GBP,3720.95,Actual,DOC-2022-0005160
5161,20220811,4300,10,GBP,-4650.2,Actual,DOC-2022-0005161
5162,20220819,2000,9,GBP,2545.49,Actual,DOC-2022-0005162
5163,20240812,5300,1,GBP,-3567.77,Actual,DOC-2024-0005163
5164,20241009,5300,1,EUR,-1212.39,Actual,DOC-2024-0005164
5165,20250929,2200,10,PLN,-2802.83,Actual,DOC-2025-0005165
5166,20240229,1000,3,USD,466.11,Budget,DOC-2024-0005166
5167,20220104,1100,8,PLN,4782.29,Actual,DOC-2022-0005167
5168,20230921,5300,7,EUR,-5895.74,Actual,DOC-2023-0005168
5169,20240706,4100,12,EUR,3952.04,Forecast,DOC-2024-0005169
5170,20240618,3000,7,PLN,5807.14,Budget,DOC-2024-0005170
5171,20241125,5300,2,PLN,-736.17,Actual,DOC-2024-0005171
5172,20251203,2200,9,GBP,-960.75,Actual,DOC-2025-0005172
5173,20240504,2000,5,GBP,187.91,Budget,DOC-2024-0005173
5174,20220911,5100,11,EUR,-1227.99,Actual,DOC-2022-0005174
5175,20241225,5100,7,EUR,-1711.14,Actual,DOC-2024-0005175
5176,20240809,5400,11,EUR,-8133.96,Actual,DOC-2024-0005176
5177,20220716,4200,3,USD,7687.32,Actual,DOC-2022-0005177
5178,20240820,4200,3,PLN,5157.5,Actual,DOC-2024-0005178
5179,20250909,4200,12,PLN,6203.24,Actual,DOC-2025-0005179
5180,20230623,4100,2,EUR,165.71,Actual,DOC-2023-0005180
5181,20231210,5300,2,EUR,-6001.31,Budget,DOC-2023-0005181
5182,20230803,5300,9,GBP,-5881.97,Actual,DOC-2023-0005182
5183,20250124,3100,12,PLN,3716.51,Actual,DOC-2025-0005183
5184,20221201,2000,8,PLN,1162.39,Actual,DOC-2022-0005184
5185,20230420,5100,3,PLN,-8356.09,Actual,DOC-2023-0005185
5186,20250130,1100,2,USD,588.91,Actual,DOC-2025-0005186
5187,20250522,1200,3,PLN,2504.43,Actual,DOC-2025-0005187
5188,20220309,1200,9,USD,3430.03,Actual,DOC-2022-0005188
5189,20220304,1000,4,GBP,1397.33,Budget,DOC-2022-0005189
5190,20241022,1300,7,GBP,225.75,Forecast,DOC-2024-0005190
5191,20230109,1100,7,PLN,3092.41,Actual,DOC-2023-0005191
5192,20240405,3100,11,EUR,1051.2,Actual,DOC-2024-0005192
5193,20250701,4200,12,PLN,750.57,Forecast,DOC-2025-0005193
5194,20231117,5200,11,EUR,-7249.37,Actual,DOC-2023-0005194
5195,20231119,4000,11,USD,432.94,Actual,DOC-2023-0005195
5196,20250525,5200,12,PLN,-4992.63,Actual,DOC-2025-0005196
5197,20240321,5100,8,GBP,-4167.3,Actual,DOC-2024-0005197
5198,20250528,1000,2,EUR,337.79,Actual,DOC-2025-0005198
5199,20250421,3100,7,GBP,5101.51,Actual,DOC-2025-0005199
5200,20240322,5100,6,GBP,-577.71,Actual,DOC-2024-0005200
5201,20220930,2000,7,USD,8135.78,Actual,DOC-2022-0005201
5202,20220802,3100,12,PLN,7915.71,Forecast,DOC-2022-0005202
5203,20240531,5400,12,USD,-4856.62,Actual,DOC-2024-0005203
5204,20220830,2100,12,EUR,-462.72,Actual,DOC-2022-0005204
5205,20240101,4100,8,GBP,1756.25,Actual,DOC-2024-0005205
5206,20220921,4100,5,USD,1932.78,Actual,DOC-2022-0005206
5207,20251231,1200,9,GBP,1136.37,Budget,DOC-2025-0005207
5208,20220224,4200,9,EUR,2845.85,Actual,DOC-2022-0005208
5209,20231015,5000,6,EUR,6117.64,Budget,DOC-2023-0005209
5210,20231103,5100,2,GBP,-789.65,Budget,DOC-2023-0005210
5211,20220219,3100,12,GBP,7013.55,Actual,DOC-2022-0005211
5212,20220401,2100,4,PLN,-5116.04,Actual,DOC-2022-0005212
5213,20241017,4200,10,GBP,8854.22,Forecast,DOC-2024-0005213
5214,20240424,1200,12,USD,6992.17,Actual,DOC-2024-0005214
5215,20230417,4100,2,EUR,2990.84,Actual,DOC-2023-0005215
5216,20221108,1100,10,PLN,6308.33,Actual,DOC-2022-0005216
5217,20250321,4100,6,GBP,4054.81,Actual,DOC-2025-0005217
5218,20241004,5200,9,PLN,-6568.77,Actual,DOC-2024-0005218
5219,20241001,2100,8,GBP,-7168.55,Actual,DOC-2024-0005219
5220,20220101,3100,10,PLN,5260.88,Budget,DOC-2022-0005220
5221,20250405,4300,8,EUR,-2088.79,Actual,DOC-2025-0005221
5222,20231113,3000,10,GBP,1833.8,Actual,DOC-2023-0005222
5223,20240320,2200,3,GBP,-8483.59,Actual,DOC-2024-0005223
5224,20240110,5200,3,PLN,-5947.92,Budget,DOC-2024-0005224
5225,20240103,5300,3,PLN,-598.71,Actual,DOC-2024-0005225
5226,20220619,1200,11,GBP,2564.43,Actual,DOC-2022-0005226
5227,20220121,4000,9,EUR,2829.58,Actual,DOC-2022-0005227
5228,20240722,1000,2,GBP,5893.95,Actual,DOC-2024-0005228
5229,20251022,1000,6,PLN,4745.25,Actual,DOC-2025-0005229
5230,20220228,4300,12,PLN,-51.23,Actual,DOC-2022-0005230
5231,20240717,4000,12,USD,5948.27,Actual,DOC-2024-0005231
5232,20230402,4100,7,USD,2779.78,Actual,DOC-2023-0005232
5233,20240717,5400,5,USD,-129.06,Actual,DOC-2024-0005233
5234,20240709,4100,6,GBP,6606.28,Actual,DOC-2024-0005234
5235,20230123,2000,4,PLN,3593.0,Actual,DOC-2023-0005235
5236,20230308,3100,3,USD,5267.8,Forecast,DOC-2023-0005236
5237,20241222,3100,1,EUR,2609.09,Actual,DOC-2024-0005237
5238,20250825,5300,6,EUR,-772.61,Budget,DOC-2025-0005238
5239,20220824,1300,12,EUR,684.37,Actual,DOC-2022-0005239
5240,20240426,4300,7,USD,-4022.38,Actual,DOC-2024-0005240
5241,20241217,1300,10,GBP,4465.34,Actual,DOC-2024-0005241
5242,20220116,5400,7,EUR,-7114.85,Forecast,DOC-2022-0005242
5243,20220616,4200,11,USD,4137.98,Budget,DOC-2022-0005243
5244,20250305,4200,1,USD,3254.87,Actual,DOC-2025-0005244
5245,20220828,2100,12,GBP,-7015.25,Actual,DOC-2022-0005245
5246,20220617,2100,1,GBP,-7860.19,Actual,DOC-2022-0005246
5247,20230531,5000,10,GBP,6653.79,Budget,DOC-2023-0005247
5248,20220109,4000,10,EUR,4763.34,Actual,DOC-2022-0005248
5249,20231010,5300,9,USD,-5749.33,Actual,DOC-2023-0005249
5250,20250214,3100,11,EUR,4175.52,Actual,DOC-2025-0005250
5251,20230707,3000,4,EUR,1188.51,Actual,DOC-2023-0005251
5252,20250205,5300,9,EUR,-220.17,Actual,DOC-2025-0005252
5253,20230121,2100,12,PLN,-5048.53,Actual,DOC-2023-0005253
5254,20220809,1100,12,PLN,7112.25,Actual,DOC-2022-0005254
5255,20250607,1200,10,GBP,2484.7,Budget,DOC-2025-0005255
5256,20241025,2100,9,PLN,-3223.6,Actual,DOC-2024-0005256
5257,20220821,1100,8,USD,4295.82,Actual,DOC-2022-0005257
5258,20250617,1100,2,PLN,6029.58,Actual,DOC-2025-0005258
5259,20250110,5200,10,EUR,-3272.98,Actual,DOC-2025-0005259
5260,20220409,5400,11,USD,-7425.29,Actual,DOC-2022-0005260
5261,20251102,2000,9,EUR,2433.2,Actual,DOC-2025-0005261
5262,20240121,4100,5,GBP,2102.73,Actual,DOC-2024-0005262
5263,20240825,1100,4,PLN,993.61,Forecast,DOC-2024-0005263
5264,20221008,4300,11,EUR,-596.82,Actual,DOC-2022-0005264
5265,20231108,2100,7,USD,-8189.45,Actual,DOC-2023-0005265
5266,20230117,2200,7,EUR,-3133.45,Actual,DOC-2023-0005266
5267,20240506,1000,8,GBP,3202.82,Actual,DOC-2024-0005267
5268,20240207,5200,7,GBP,-7054.69,Actual,DOC-2024-0005268
5269,20231122,2100,11,EUR,-3917.05,Actual,DOC-2023-0005269
5270,20240918,1300,5,USD,165.41,Actual,DOC-2024-0005270
5271,20250520,5000,4,USD,132.34,Actual,DOC-2025-0005271
5272,20220617,4000,11,PLN,1842.3,Actual,DOC-2022-0005272
5273,20220614,3100,10,GBP,5672.78,Actual,DOC-2022-0005273
5274,20230604,4100,11,GBP,2778.12,Actual,DOC-2023-0005274
5275,20250204,5100,7,PLN,-1167.73,Actual,DOC-2025-0005275
5276,20250730,5400,2,USD,-3237.56,Forecast,DOC-2025-0005276
5277,20220727,4000,1,USD,5121.73,Forecast,DOC-2022-0005277
5278,20230322,5000,7,GBP,5476.82,Actual,DOC-2023-0005278
5279,20250805,1100,2,USD,3522.71,Actual,DOC-2025-0005279
5280,20240408,4100,9,GBP,4735.91,Forecast,DOC-2024-0005280
5281,20240909,5300,10,GBP,-7976.67,Actual,DOC-2024-0005281
5282,20230222,5400,3,GBP,-6031.62,Actual,DOC-2023-0005282
5283,20240725,4200,7,GBP,4405.38,Actual,DOC-2024-0005283
5284,20230527,2100,3,PLN,-3771.06,Actual,DOC-2023-0005284
5285,20221105,3000,6,USD,1121.12,Actual,DOC-2022-0005285
5286,20240925,4100,3,EUR,633.05,Budget,DOC-2024-0005286
5287,20220919,3100,4,GBP,8549.1,Actual,DOC-2022-0005287
5288,20230921,1100,3,PLN,6053.32,Actual,DOC-2023-0005288
5289,20231003,4300,6,USD,-8354.73,Actual,DOC-2023-0005289
5290,20230222,5300,8,EUR,-7294.33,Budget,DOC-2023-0005290
5291,20230726,1000,9,GBP,8983.56,Actual,DOC-2023-0005291
5292,20250407,1200,9,USD,4153.5,Actual,DOC-2025-0005292
5293,20220610,3000,2,EUR,7185.76,Actual,DOC-2022-0005293
5294,20241005,5100,7,PLN,-4554.43,Budget,DOC-2024-0005294
5295,20240108,3100,3,GBP,8793.24,Actual,DOC-2024-0005295
5296,20250110,2100,3,EUR,-4881.08,Forecast,DOC-2025-0005296
5297,20230119,2200,5,EUR,-4300.38,Actual,DOC-2023-0005297
5298,20240923,1100,6,USD,4610.69,Budget,DOC-2024-0005298
5299,20251219,4300,5,USD,-8940.02,Actual,DOC-2025-0005299
5300,20251207,5000,2,PLN,7162.73,Budget,DOC-2025-0005300
5301,20240308,5400,6,PLN,-1640.26,Actual,DOC-2024-0005301
5302,20251231,1000,4,GBP,250.28,Actual,DOC-2025-0005302
5303,20250729,4100,3,GBP,7841.54,Actual,DOC-2025-0005303
5304,20240802,1000,9,EUR,8849.66,Actual,DOC-2024-0005304
5305,20240622,1300,7,USD,377.58,Budget,DOC-2024-0005305
5306,20240108,5300,2,GBP,-5612.49,Actual,DOC-2024-0005306
5307,20220330,1000,3,GBP,540.74,Actual,DOC-2022-0005307
5308,20230127,1300,12,EUR,7290.25,Actual,DOC-2023-0005308
5309,20250421,5400,5,EUR,-6416.08,Actual,DOC-2025-0005309
5310,20250815,2200,8,USD,-3535.91,Actual,DOC-2025-0005310
5311,20241114,4300,8,EUR,-646.53,Forecast,DOC-2024-0005311
5312,20241103,5400,12,USD,-4920.99,Forecast,DOC-2024-0005312
5313,20251009,5200,8,GBP,-7553.79,Actual,DOC-2025-0005313
5314,20250623,4300,11,EUR,-7072.06,Actual,DOC-2025-0005314
5315,20240328,4100,3,EUR,1114.18,Actual,DOC-2024-0005315
5316,20240926,5400,7,PLN,-2503.88,Actual,DOC-2024-0005316
5317,20230129,4200,5,USD,1783.08,Actual,DOC-2023-0005317
5318,20240718,4000,11,GBP,2020.04,Budget,DOC-2024-0005318
5319,20251212,1000,5,PLN,361.94,Actual,DOC-2025-0005319
5320,20240811,5100,3,USD,-5751.46,Actual,DOC-2024-0005320
5321,20240128,1100,9,GBP,3258.85,Actual,DOC-2024-0005321
5322,20240510,4000,10,USD,7411.73,Budget,DOC-2024-0005322
5323,20220930,5000,9,PLN,6474.99,Actual,DOC-2022-0005323
5324,20230906,4000,5,USD,8773.82,Actual,DOC-2023-0005324
5325,20240301,1300,7,USD,260.9,Actual,DOC-2024-0005325
5326,20231017,4000,9,GBP,5874.57,Forecast,DOC-2023-0005326
5327,20220216,2200,11,USD,-3454.3,Actual,DOC-2022-0005327
5328,20251027,1000,6,GBP,4476.46,Actual,DOC-2025-0005328
5329,20220605,1000,5,GBP,2334.84,Actual,DOC-2022-0005329
5330,20230319,5100,7,EUR,-2480.61,Budget,DOC-2023-0005330
5331,20230909,1200,7,EUR,7502.77,Actual,DOC-2023-0005331
5332,20241006,1000,9,PLN,7468.77,Actual,DOC-2024-0005332
5333,20230227,4100,12,EUR,4794.87,Actual,DOC-2023-0005333
5334,20230723,4300,2,PLN,-6356.02,Actual,DOC-2023-0005334
5335,20220323,3000,4,PLN,7795.6,Actual,DOC-2022-0005335
5336,20250516,2000,5,EUR,8756.13,Actual,DOC-2025-0005336
5337,20240528,1100,5,EUR,5704.89,Actual,DOC-2024-0005337
5338,20230604,3000,12,GBP,3987.97,Actual,DOC-2023-0005338
5339,20230701,4000,5,GBP,564.31,Actual,DOC-2023-0005339
5340,20240617,1300,12,GBP,7333.87,Budget,DOC-2024-0005340
5341,20221204,1100,1,GBP,7030.75,Actual,DOC-2022-0005341
5342,20250428,2200,7,USD,-6523.28,Actual,DOC-2025-0005342
5343,20230404,5300,8,USD,-2894.25,Actual,DOC-2023-0005343
5344,20250331,3000,8,EUR,4128.01,Forecast,DOC-2025-0005344
5345,20250915,2000,4,EUR,7072.25,Forecast,DOC-2025-0005345
5346,20230412,5200,2,USD,-936.06,Actual,DOC-2023-0005346
5347,20250813,4200,11,GBP,354.28,Actual,DOC-2025-0005347
5348,20231206,2200,5,EUR,-251.99,Actual,DOC-2023-0005348
5349,20230119,4300,10,EUR,-5391.32,Actual,DOC-2023-0005349
5350,20230508,1300,12,PLN,8560.65,Actual,DOC-2023-0005350
5351,20240404,5000,4,GBP,369.87,Forecast,DOC-2024-0005351
5352,20221029,4200,12,USD,2460.26,Actual,DOC-2022-0005352
5353,20221212,2000,4,EUR,5906.5,Budget,DOC-2022-0005353
5354,20230913,1300,11,EUR,2666.91,Budget,DOC-2023-0005354
5355,20231005,5300,1,EUR,-127.18,Forecast,DOC-2023-0005355
5356,20251026,5100,5,GBP,-2166.69,Actual,DOC-2025-0005356
5357,20220524,2100,9,GBP,-1449.92,Actual,DOC-2022-0005357
5358,20220226,3100,5,EUR,5888.25,Actual,DOC-2022-0005358
5359,20240423,5100,5,GBP,-6582.93,Actual,DOC-2024-0005359
5360,20240409,5100,7,EUR,-3484.23,Budget,DOC-2024-0005360
5361,20240711,2000,2,GBP,5677.54,Actual,DOC-2024-0005361
5362,20221210,4300,10,PLN,-5764.15,Actual,DOC-2022-0005362
5363,20250905,2100,2,USD,-4927.73,Budget,DOC-2025-0005363
5364,20240223,4100,6,EUR,4839.71,Budget,DOC-2024-0005364
5365,20251005,1200,8,PLN,1002.25,Actual,DOC-2025-0005365
5366,20230221,4200,12,EUR,4881.62,Actual,DOC-2023-0005366
5367,20240803,2000,9,GBP,5116.87,Actual,DOC-2024-0005367
5368,20230717,1200,9,USD,2979.89,Actual,DOC-2023-0005368
5369,20220905,2200,6,GBP,-3518.42,Actual,DOC-2022-0005369
5370,20250806,1300,12,PLN,4586.63,Forecast,DOC-2025-0005370
5371,20240331,5400,1,PLN,-6239.22,Actual,DOC-2024-0005371
5372,20230507,4300,11,GBP,-7418.25,Forecast,DOC-2023-0005372
5373,20231108,4300,7,USD,-2693.92,Actual,DOC-2023-0005373
5374,20231103,5400,1,PLN,-5014.84,Actual,DOC-2023-0005374
5375,20220721,2000,6,EUR,4088.21,Actual,DOC-2022-0005375
5376,20251111,5200,8,GBP,-8180.49,Actual,DOC-2025-0005376
5377,20220111,1300,9,EUR,8637.4,Actual,DOC-2022-0005377
5378,20220903,5300,4,USD,-6073.09,Actual,DOC-2022-0005378
5379,20240822,1300,6,PLN,3711.01,Actual,DOC-2024-0005379
5380,20240416,4200,7,USD,5390.06,Actual,DOC-2024-0005380
5381,20220428,5300,8,USD,-1708.74,Actual,DOC-2022-0005381
5382,20220215,5300,3,EUR,-1285.11,Actual,DOC-2022-0005382
5383,20240929,2200,10,EUR,-4987.69,Actual,DOC-2024-0005383
5384,20230212,1000,8,USD,4534.38,Budget,DOC-2023-0005384
5385,20250331,5100,6,USD,-4960.69,Actual,DOC-2025-0005385
5386,20220220,5000,3,PLN,237.65,Actual,DOC-2022-0005386
5387,20240831,5300,5,EUR,-1998.17,Actual,DOC-2024-0005387
5388,20250316,5200,1,GBP,-1986.67,Forecast,DOC-2025-0005388
5389,20241028,2200,1,PLN,-2823.73,Budget,DOC-2024-0005389
5390,20251224,2100,3,PLN,-2137.78,Forecast,DOC-2025-0005390
5391,20240529,1100,2,PLN,8144.31,Forecast,DOC-2024-0005391
5392,20220309,4100,2,USD,3678.72,Actual,DOC-2022-0005392
5393,20220924,5200,1,GBP,-6380.12,Actual,DOC-2022-0005393
5394,20250320,5000,11,USD,2315.72,Actual,DOC-2025-0005394
5395,20230810,5200,9,GBP,-983.45,Actual,DOC-2023-0005395
5396,20240113,4100,1,PLN,8994.85,Actual,DOC-2024-0005396
5397,20240704,5200,3,GBP,-3897.21,Forecast,DOC-2024-0005397
5398,20231207,4000,5,GBP,8755.87,Actual,DOC-2023-0005398
5399,20241029,5400,3,GBP,-2644.38,Actual,DOC-2024-0005399
5400,20241231,4000,10,PLN,6240.41,Budget,DOC-2024-0005400
5401,20230719,5100,8,USD,-8551.9,Actual,DOC-2023-0005401
5402,20231213,2000,9,PLN,2489.11,Actual,DOC-2023-0005402
5403,20240420,4000,1,PLN,481.62,Forecast,DOC-2024-0005403
5404,20220403,2000,2,EUR,3269.66,Budget,DOC-2022-0005404
5405,20250909,3100,11,EUR,3980.41,Actual,DOC-2025-0005405
5406,20250612,4100,7,PLN,8796.97,Actual,DOC-2025-0005406
5407,20230619,3000,7,GBP,7018.18,Forecast,DOC-2023-0005407
5408,20250121,5100,1,GBP,-1005.26,Actual,DOC-2025-0005408
5409,20251120,1300,4,USD,2386.93,Actual,DOC-2025-0005409
5410,20220124,5200,8,PLN,-6527.54,Actual,DOC-2022-0005410
5411,20250111,5300,2,GBP,-3892.22,Budget,DOC-2025-0005411
5412,20251127,3100,3,USD,3635.67,Budget,DOC-2025-0005412
5413,20220927,2200,6,EUR,-6729.92,Actual,DOC-2022-0005413
5414,20250129,5100,9,EUR,-7683.49,Budget,DOC-2025-0005414
5415,20221014,2000,2,EUR,8130.55,Actual,DOC-2022-0005415
5416,20230724,4300,6,USD,-2284.17,Actual,DOC-2023-0005416
5417,20221229,2100,6,PLN,-1876.08,Actual,DOC-2022-0005417
5418,20231107,4000,6,USD,7573.47,Budget,DOC-2023-0005418
5419,20250205,5000,3,EUR,6394.17,Actual,DOC-2025-0005419
5420,20230507,2100,5,EUR,-5275.37,Budget,DOC-2023-0005420
5421,20220905,5000,11,GBP,3084.78,Actual,DOC-2022-0005421
5422,20250210,2000,6,GBP,4319.93,Actual,DOC-2025-0005422
5423,20250814,2100,6,GBP,-8246.18,Actual,DOC-2025-0005423
5424,20241002,4300,9,GBP,-2333.34,Actual,DOC-2024-0005424
5425,20231221,4200,7,USD,8658.53,Actual,DOC-2023-0005425
5426,20240218,5200,3,USD,-736.06,Actual,DOC-2024-0005426
5427,20251125,5200,8,EUR,-5699.14,Budget,DOC-2025-0005427
5428,20231128,2200,8,EUR,-1507.5,Budget,DOC-2023-0005428
5429,20250614,4000,11,EUR,3239.73,Actual,DOC-2025-0005429
5430,20240905,5000,1,GBP,7851.79,Forecast,DOC-2024-0005430
5431,20230305,5300,3,PLN,-7474.49,Actual,DOC-2023-0005431
5432,20240730,5000,3,USD,1001.84,Actual,DOC-2024-0005432
5433,20220130,1000,11,GBP,1131.79,Actual,DOC-2022-0005433
5434,20220417,5400,3,GBP,-3433.6,Actual,DOC-2022-0005434
5435,20251224,5100,11,GBP,-8589.99,Actual,DOC-2025-0005435
5436,20251203,1100,7,EUR,4248.06,Actual,DOC-2025-0005436
5437,20220118,4100,1,GBP,8224.15,Budget,DOC-2022-0005437
5438,20230323,3100,4,EUR,5100.64,Actual,DOC-2023-0005438
5439,20250720,4300,10,USD,-383.41,Actual,DOC-2025-0005439
5440,20230705,5200,4,USD,-7353.68,Actual,DOC-2023-0005440
5441,20250608,4300,4,PLN,-6992.02,Actual,DOC-2025-0005441
5442,20250625,4100,4,GBP,7296.81,Actual,DOC-2025-0005442
5443,20230930,4000,3,PLN,2505.73,Actual,DOC-2023-0005443
5444,20250527,5200,10,USD,-256.0,Actual,DOC-2025-0005444
5445,20230601,1100,12,EUR,6243.8,Budget,DOC-2023-0005445
5446,20230303,1200,10,EUR,5010.91,Actual,DOC-2023-0005446
5447,20251229,5400,9,EUR,-676.1,Actual,DOC-2025-0005447
5448,20240304,1100,3,USD,4755.17,Actual,DOC-2024-0005448
5449,20220224,1000,4,PLN,6914.45,Actual,DOC-2022-0005449
5450,20250305,4300,10,USD,-6945.29,Actual,DOC-2025-0005450
5451,20231224,1300,1,EUR,5502.24,Actual,DOC-2023-0005451
5452,20241207,4100,5,GBP,5335.51,Actual,DOC-2024-0005452
5453,20240414,1300,10,GBP,3187.25,Actual,DOC-2024-0005453
5454,20230403,5000,12,EUR,4472.89,Actual,DOC-2023-0005454
5455,20230316,5300,10,USD,-4416.52,Actual,DOC-2023-0005455
5456,20240809,4100,1,GBP,1555.0,Actual,DOC-2024-0005456
5457,20241103,5400,11,GBP,-4494.58,Actual,DOC-2024-0005457
5458,20220809,2100,12,PLN,-4035.5,Actual,DOC-2022-0005458
5459,20240614,5300,11,PLN,-2213.0,Budget,DOC-2024-0005459
5460,20250313,5400,3,PLN,-4983.68,Budget,DOC-2025-0005460
5461,20230610,5000,6,GBP,3647.04,Actual,DOC-2023-0005461
5462,20220917,1100,9,GBP,1177.01,Actual,DOC-2022-0005462
5463,20250206,1300,12,EUR,3238.55,Actual,DOC-2025-0005463
5464,20230426,4200,11,USD,4572.76,Budget,DOC-2023-0005464
5465,20250103,1000,9,PLN,4873.38,Actual,DOC-2025-0005465
5466,20241105,2100,6,EUR,-8183.37,Actual,DOC-2024-0005466
5467,20220610,1300,10,USD,5397.84,Actual,DOC-2022-0005467
5468,20250129,4200,8,USD,6119.8,Actual,DOC-2025-0005468
5469,20230826,2200,9,PLN,-1911.88,Forecast,DOC-2023-0005469
5470,20220226,2200,12,EUR,-1554.31,Actual,DOC-2022-0005470
5471,20251105,1000,6,EUR,5607.17,Actual,DOC-2025-0005471
5472,20220803,1000,2,USD,4587.41,Actual,DOC-2022-0005472
5473,20240711,2100,6,USD,-5795.37,Actual,DOC-2024-0005473
5474,20220410,5000,6,GBP,6014.09,Actual,DOC-2022-0005474
5475,20241003,5300,7,EUR,-2501.2,Budget,DOC-2024-0005475
5476,20241028,1200,9,GBP,1116.95,Forecast,DOC-2024-0005476
5477,20230222,1100,6,GBP,6579.26,Actual,DOC-2023-0005477
5478,20230611,5300,11,PLN,-4944.1,Actual,DOC-2023-0005478
5479,20220322,4300,11,GBP,-1742.01,Actual,DOC-2022-0005479
5480,20250818,1000,3,PLN,835.32,Actual,DOC-2025-0005480
5481,20240502,1200,6,PLN,8539.35,Actual,DOC-2024-0005481
5482,20240326,5100,12,PLN,-3820.41,Actual,DOC-2024-0005482
5483,20230624,5300,2,EUR,-331.48,Actual,DOC-2023-0005483
5484,20240116,5100,2,PLN,-117.29,Actual,DOC-2024-0005484
5485,20250319,1300,2,GBP,237.72,Actual,DOC-2025-0005485
5486,20221019,4000,9,USD,2348.21,Actual,DOC-2022-0005486
5487,20231116,4200,2,USD,4388.33,Actual,DOC-2023-0005487
5488,20241031,1200,8,USD,2685.02,Actual,DOC-2024-0005488
5489,20240412,4100,9,EUR,1743.62,Budget,DOC-2024-0005489
5490,20240522,4300,1,PLN,-7385.27,Actual,DOC-2024-0005490
5491,20250316,4300,9,GBP,-7605.13,Actual,DOC-2025-0005491
5492,20220726,1100,10,GBP,1817.96,Budget,DOC-2022-0005492
5493,20250717,2000,12,EUR,3359.13,Budget,DOC-2025-0005493
5494,20250817,4100,2,PLN,3884.03,Actual,DOC-2025-0005494
5495,20240111,4000,3,PLN,6874.43,Actual,DOC-2024-0005495
5496,20220728,2200,8,EUR,-4793.57,Actual,DOC-2022-0005496
5497,20230720,5300,4,USD,-4171.69,Actual,DOC-2023-0005497
5498,20230620,4000,2,EUR,5941.32,Actual,DOC-2023-0005498
5499,20220507,1000,9,PLN,73.82,Actual,DOC-2022-0005499
5500,20240706,5100,7,USD,-7571.81,Actual,DOC-2024-0005500
5501,20230504,2000,12,GBP,419.87,Actual,DOC-2023-0005501
5502,20251127,5200,12,GBP,-1547.71,Forecast,DOC-2025-0005502
5503,20250131,5200,10,EUR,-7133.95,Actual,DOC-2025-0005503
5504,20250613,5100,11,USD,-1423.9,Actual,DOC-2025-0005504
5505,20230130,4100,9,EUR,4102.98,Budget,DOC-2023-0005505
5506,20230314,5100,1,EUR,-154.39,Actual,DOC-2023-0005506
5507,20220304,1000,11,GBP,926.14,Budget,DOC-2022-0005507
5508,20240428,5200,4,EUR,-6014.29,Forecast,DOC-2024-0005508
5509,20231006,2100,8,EUR,-7595.73,Actual,DOC-2023-0005509
5510,20230723,1200,10,USD,2917.61,Forecast,DOC-2023-0005510
5511,20230313,1200,5,USD,2597.72,Forecast,DOC-2023-0005511
5512,20221212,1000,5,USD,8851.48,Actual,DOC-2022-0005512
5513,20250114,4300,4,PLN,-7300.5,Actual,DOC-2025-0005513
5514,20230604,4000,1,GBP,7104.51,Actual,DOC-2023-0005514
5515,20220620,4300,3,PLN,-5935.81,Actual,DOC-2022-0005515
5516,20240128,5300,7,USD,-5534.41,Actual,DOC-2024-0005516
5517,20250928,5200,3,PLN,-2702.74,Actual,DOC-2025-0005517
5518,20230717,5000,5,PLN,7188.64,Actual,DOC-2023-0005518
5519,20220727,2000,9,PLN,7507.56,Forecast,DOC-2022-0005519
5520,20250210,5300,7,USD,-7657.08,Forecast,DOC-2025-0005520
5521,20220510,1200,10,EUR,1486.64,Forecast,DOC-2022-0005521
5522,20241127,3100,8,PLN,5114.87,Actual,DOC-2024-0005522
5523,20240424,5300,6,EUR,-810.49,Actual,DOC-2024-0005523
5524,20231113,5400,1,USD,-5107.99,Actual,DOC-2023-0005524
5525,20220228,5000,12,USD,3232.72,Actual,DOC-2022-0005525
5526,20240226,4000,5,USD,5745.07,Actual,DOC-2024-0005526
5527,20240115,3100,3,GBP,760.04,Actual,DOC-2024-0005527
5528,20250528,1200,6,GBP,5237.46,Actual,DOC-2025-0005528
5529,20231014,5300,10,PLN,-7783.44,Actual,DOC-2023-0005529
5530,20220103,3100,5,PLN,4468.17,Actual,DOC-2022-0005530
5531,20241028,4100,9,PLN,3529.93,Actual,DOC-2024-0005531
5532,20230209,5300,2,PLN,-3855.94,Actual,DOC-2023-0005532
5533,20240923,5300,6,EUR,-8670.16,Actual,DOC-2024-0005533
5534,20240214,4200,6,GBP,3166.46,Actual,DOC-2024-0005534
5535,20230328,1200,10,PLN,53.58,Actual,DOC-2023-0005535
5536,20220404,5000,7,EUR,8565.93,Forecast,DOC-2022-0005536
5537,20230114,1000,10,USD,7997.12,Actual,DOC-2023-0005537
5538,20251219,5200,6,PLN,-4199.41,Forecast,DOC-2025-0005538
5539,20240503,1000,6,GBP,2684.45,Actual,DOC-2024-0005539
5540,20220129,4300,3,PLN,-6049.64,Actual,DOC-2022-0005540
5541,20231111,4000,12,EUR,2967.31,Actual,DOC-2023-0005541
5542,20251110,2200,11,GBP,-8412.43,Budget,DOC-2025-0005542
5543,20251006,5000,11,USD,148.98,Actual,DOC-2025-0005543
5544,20240227,4300,9,USD,-3209.62,Actual,DOC-2024-0005544
5545,20230812,2000,5,USD,7248.39,Actual,DOC-2023-0005545
5546,20220813,3000,8,EUR,3103.28,Forecast,DOC-2022-0005546
5547,20220715,4100,8,GBP,269.39,Budget,DOC-2022-0005547
5548,20240317,2100,8,USD,-6543.76,Budget,DOC-2024-0005548
5549,20220418,5000,10,EUR,2102.52,Actual,DOC-2022-0005549
5550,20230123,2100,6,EUR,-967.42,Actual,DOC-2023-0005550
5551,20220926,4100,2,PLN,8917.15,Actual,DOC-2022-0005551
5552,20220927,1200,7,GBP,2179.84,Actual,DOC-2022-0005552
5553,20251015,5000,10,PLN,7644.43,Actual,DOC-2025-0005553
5554,20250111,2100,12,USD,-2640.25,Actual,DOC-2025-0005554
5555,20230721,1300,8,GBP,1690.39,Actual,DOC-2023-0005555
5556,20230630,1100,8,GBP,1981.03,Actual,DOC-2023-0005556
5557,20230924,4200,3,PLN,5308.39,Actual,DOC-2023-0005557
5558,20240323,5200,2,PLN,-4497.17,Actual,DOC-2024-0005558
5559,20231016,1300,8,PLN,397.89,Actual,DOC-2023-0005559
5560,20230228,2100,8,EUR,-8224.07,Forecast,DOC-2023-0005560
5561,20251112,5000,11,PLN,7367.6,Actual,DOC-2025-0005561
5562,20251227,1300,9,EUR,7194.56,Actual,DOC-2025-0005562
5563,20250106,4100,5,EUR,4345.31,Actual,DOC-2025-0005563
5564,20220221,2200,5,PLN,-7041.9,Forecast,DOC-2022-0005564
5565,20230529,4300,5,EUR,-1965.14,Actual,DOC-2023-0005565
5566,20250426,2000,7,EUR,5858.53,Actual,DOC-2025-0005566
5567,20241126,3100,11,EUR,983.78,Actual,DOC-2024-0005567
5568,20230421,5400,11,USD,-6038.25,Actual,DOC-2023-0005568
5569,20240214,4200,12,USD,5136.28,Actual,DOC-2024-0005569
5570,20250319,4200,2,PLN,7971.86,Actual,DOC-2025-0005570
5571,20221215,1100,5,GBP,8315.95,Actual,DOC-2022-0005571
5572,20250929,1000,8,GBP,5703.79,Actual,DOC-2025-0005572
5573,20231023,1000,10,PLN,6645.09,Actual,DOC-2023-0005573
5574,20220502,2200,2,USD,-6826.05,Actual,DOC-2022-0005574
5575,20250906,5100,10,GBP,-7178.21,Actual,DOC-2025-0005575
5576,20220305,4100,8,PLN,6850.25,Actual,DOC-2022-0005576
5577,20230803,5000,6,USD,6680.7,Actual,DOC-2023-0005577
5578,20220202,5200,9,GBP,-2291.16,Actual,DOC-2022-0005578
5579,20230504,5200,10,USD,-8832.44,Forecast,DOC-2023-0005579
5580,20230420,1200,12,GBP,150.73,Actual,DOC-2023-0005580
5581,20250822,5000,12,USD,4158.39,Actual,DOC-2025-0005581
5582,20250529,3100,2,USD,214.98,Actual,DOC-2025-0005582
5583,20221019,5000,11,PLN,3983.57,Actual,DOC-2022-0005583
5584,20220828,2000,2,PLN,216.61,Actual,DOC-2022-0005584
5585,20221126,5400,2,EUR,-6269.68,Actual,DOC-2022-0005585
5586,20241209,4000,5,USD,8320.63,Actual,DOC-2024-0005586
5587,20220306,1000,8,USD,4891.67,Actual,DOC-2022-0005587
5588,20250918,5100,3,PLN,-879.49,Actual,DOC-2025-0005588
5589,20230829,1300,1,GBP,4870.93,Actual,DOC-2023-0005589
5590,20240608,4200,10,USD,6650.6,Actual,DOC-2024-0005590
5591,20220516,5000,5,PLN,4060.52,Actual,DOC-2022-0005591
5592,20231206,1100,12,USD,4567.54,Actual,DOC-2023-0005592
5593,20231108,4200,2,USD,2342.57,Actual,DOC-2023-0005593
5594,20231112,5200,7,PLN,-130.2,Actual,DOC-2023-0005594
5595,20230410,1200,9,GBP,6603.83,Actual,DOC-2023-0005595
5596,20220214,5100,3,GBP,-6317.92,Forecast,DOC-2022-0005596
5597,20251124,2000,7,PLN,4636.83,Actual,DOC-2025-0005597
5598,20230101,4000,1,PLN,4685.29,Actual,DOC-2023-0005598
5599,20240211,2200,7,PLN,-6565.35,Actual,DOC-2024-0005599
5600,20241207,5000,11,PLN,6141.41,Actual,DOC-2024-0005600
5601,20220607,4000,4,EUR,3160.55,Actual,DOC-2022-0005601
5602,20251026,4100,10,USD,2910.75,Actual,DOC-2025-0005602
5603,20250224,5000,4,USD,4242.66,Actual,DOC-2025-0005603
5604,20220207,1000,4,PLN,8592.34,Actual,DOC-2022-0005604
5605,20240219,1000,5,USD,1391.14,Actual,DOC-2024-0005605
5606,20230727,4200,10,EUR,2495.27,Actual,DOC-2023-0005606
5607,20221123,1100,3,GBP,2501.29,Actual,DOC-2022-0005607
5608,20221014,4100,8,GBP,2468.62,Actual,DOC-2022-0005608
5609,20220604,4200,4,GBP,3205.98,Actual,DOC-2022-0005609
5610,20220629,1000,3,PLN,1285.75,Actual,DOC-2022-0005610
5611,20240801,2000,1,USD,7938.76,Budget,DOC-2024-0005611
5612,20220203,2000,6,GBP,2465.57,Actual,DOC-2022-0005612
5613,20220727,5000,4,PLN,1335.57,Actual,DOC-2022-0005613
5614,20250610,5400,8,EUR,-8089.76,Actual,DOC-2025-0005614
5615,20251030,3100,11,GBP,6532.95,Budget,DOC-2025-0005615
5616,20251020,3000,10,PLN,5608.21,Actual,DOC-2025-0005616
5617,20220127,1200,5,USD,170.98,Actual,DOC-2022-0005617
5618,20220131,4000,9,USD,4832.61,Actual,DOC-2022-0005618
5619,20240926,5100,11,PLN,-5285.56,Actual,DOC-2024-0005619
5620,20221019,2100,4,EUR,-6914.49,Actual,DOC-2022-0005620
5621,20220130,2200,5,EUR,-8555.75,Actual,DOC-2022-0005621
5622,20230226,5100,8,USD,-8689.44,Actual,DOC-2023-0005622
5623,20250713,2100,9,GBP,-4977.87,Actual,DOC-2025-0005623
5624,20230614,4100,5,EUR,2349.3,Actual,DOC-2023-0005624
5625,20221218,4300,6,GBP,-4407.65,Budget,DOC-2022-0005625
5626,20240701,1100,8,GBP,161.85,Actual,DOC-2024-0005626
5627,20240405,3000,11,GBP,2136.79,Forecast,DOC-2024-0005627
5628,20231122,4200,2,PLN,8953.58,Actual,DOC-2023-0005628
5629,20250923,4100,10,PLN,6993.64,Actual,DOC-2025-0005629
5630,20230503,1200,12,EUR,6822.97,Actual,DOC-2023-0005630
5631,20250630,5200,7,EUR,-4458.67,Actual,DOC-2025-0005631
5632,20250110,5400,8,EUR,-8525.48,Actual,DOC-2025-0005632
5633,20250508,1200,5,PLN,5993.15,Forecast,DOC-2025-0005633
5634,20250104,5000,4,EUR,401.74,Actual,DOC-2025-0005634
5635,20250729,5400,6,USD,-1651.01,Actual,DOC-2025-0005635
5636,20231002,4000,9,USD,286.51,Actual,DOC-2023-0005636
5637,20220715,1100,10,GBP,8743.69,Actual,DOC-2022-0005637
5638,20250505,4300,2,GBP,-4092.64,Actual,DOC-2025-0005638
5639,20230821,2100,6,EUR,-4923.12,Actual,DOC-2023-0005639
5640,20220704,3100,10,PLN,4953.63,Actual,DOC-2022-0005640
5641,20240704,4000,12,EUR,5018.81,Actual,DOC-2024-0005641
5642,20250616,3100,4,GBP,1325.66,Actual,DOC-2025-0005642
5643,20230909,5400,8,GBP,-5036.44,Actual,DOC-2023-0005643
5644,20220107,2000,4,GBP,8337.29,Budget,DOC-2022-0005644
5645,20231202,4200,11,USD,7847.84,Actual,DOC-2023-0005645
5646,20250131,5300,6,EUR,-2223.27,Actual,DOC-2025-0005646
5647,20220211,5000,7,PLN,8492.04,Actual,DOC-2022-0005647
5648,20231206,2100,1,PLN,-4564.13,Actual,DOC-2023-0005648
5649,20230111,2000,6,EUR,652.58,Actual,DOC-2023-0005649
5650,20220623,2000,6,GBP,6185.11,Actual,DOC-2022-0005650
5651,20250513,5000,10,USD,5709.52,Actual,DOC-2025-0005651
5652,20220203,5100,11,PLN,-5364.41,Actual,DOC-2022-0005652
5653,20220318,1300,12,PLN,274.63,Actual,DOC-2022-0005653
5654,20230228,4300,6,GBP,-669.88,Actual,DOC-2023-0005654
5655,20251024,1300,6,USD,5697.22,Actual,DOC-2025-0005655
5656,20230611,1300,9,USD,4773.37,Actual,DOC-2023-0005656
5657,20251118,5300,8,USD,-7140.36,Forecast,DOC-2025-0005657
5658,20220717,4300,11,GBP,-3597.53,Actual,DOC-2022-0005658
5659,20250530,5400,7,USD,-3993.55,Actual,DOC-2025-0005659
5660,20231219,5400,8,GBP,-4069.12,Actual,DOC-2023-0005660
5661,20250709,1300,3,USD,109.46,Actual,DOC-2025-0005661
5662,20251128,1200,9,PLN,8918.04,Budget,DOC-2025-0005662
5663,20220122,1000,1,PLN,8190.86,Actual,DOC-2022-0005663
5664,20240131,5200,7,USD,-1803.91,Actual,DOC-2024-0005664
5665,20250921,1200,7,USD,6718.51,Actual,DOC-2025-0005665
5666,20220402,5000,1,PLN,569.99,Actual,DOC-2022-0005666
5667,20240326,1200,6,GBP,3560.04,Actual,DOC-2024-0005667
5668,20230114,2200,3,PLN,-323.08,Actual,DOC-2023-0005668
5669,20250504,5100,6,EUR,-6043.0,Budget,DOC-2025-0005669
5670,20220418,4300,11,GBP,-6371.08,Actual,DOC-2022-0005670
5671,20231005,5200,3,GBP,-6347.32,Forecast,DOC-2023-0005671
5672,20250323,3000,11,USD,6773.84,Actual,DOC-2025-0005672
5673,20220828,4100,12,GBP,2549.36,Budget,DOC-2022-0005673
5674,20250206,5400,7,GBP,-4535.84,Budget,DOC-2025-0005674
5675,20221027,5400,4,GBP,-8367.52,Actual,DOC-2022-0005675
5676,20250504,4100,2,USD,7961.01,Actual,DOC-2025-0005676
5677,20220221,1200,10,USD,7185.32,Actual,DOC-2022-0005677
5678,20230527,4000,2,USD,5446.68,Actual,DOC-2023-0005678
5679,20250905,5400,8,EUR,-2234.81,Actual,DOC-2025-0005679
5680,20230419,5200,8,EUR,-8772.43,Actual,DOC-2023-0005680
5681,20220914,2100,6,GBP,-269.83,Actual,DOC-2022-0005681
5682,20241019,4200,10,EUR,4667.22,Actual,DOC-2024-0005682
5683,20250611,5200,4,PLN,-4905.76,Actual,DOC-2025-0005683
5684,20251229,5400,12,GBP,-2900.81,Forecast,DOC-2025-0005684
5685,20250415,1200,9,PLN,1793.03,Budget,DOC-2025-0005685
5686,20221123,5000,3,EUR,3681.39,Actual,DOC-2022-0005686
5687,20221019,2100,6,EUR,-5433.27,Actual,DOC-2022-0005687
5688,20240624,4300,11,USD,-2650.09,Actual,DOC-2024-0005688
5689,20221209,2200,10,GBP,-2426.65,Actual,DOC-2022-0005689
5690,20240430,1100,4,EUR,5251.02,Actual,DOC-2024-0005690
5691,20220407,4200,1,GBP,4597.56,Actual,DOC-2022-0005691
5692,20230423,1000,11,GBP,8666.29,Actual,DOC-2023-0005692
5693,20240318,4200,6,EUR,4693.55,Actual,DOC-2024-0005693
5694,20250225,1100,10,PLN,7829.68,Actual,DOC-2025-0005694
5695,20220809,1300,7,EUR,1456.21,Actual,DOC-2022-0005695
5696,20220916,1100,9,USD,5040.91,Actual,DOC-2022-0005696
5697,20241220,2100,1,PLN,-6073.05,Forecast,DOC-2024-0005697
5698,20250908,4300,3,GBP,-2778.64,Actual,DOC-2025-0005698
5699,20230129,1300,8,PLN,548.43,Actual,DOC-2023-0005699
5700,20230128,4200,12,EUR,6042.65,Actual,DOC-2023-0005700
5701,20230811,2200,12,USD,-3623.47,Actual,DOC-2023-0005701
5702,20220406,4300,5,EUR,-2047.51,Actual,DOC-2022-0005702
5703,20250829,4100,8,PLN,2113.71,Actual,DOC-2025-0005703
5704,20230802,1100,8,GBP,4389.85,Budget,DOC-2023-0005704
5705,20240405,4200,2,GBP,7320.15,Budget,DOC-2024-0005705
5706,20240620,3100,8,EUR,1440.47,Actual,DOC-2024-0005706
5707,20250216,3000,6,GBP,2156.33,Actual,DOC-2025-0005707
5708,20240129,2000,12,EUR,6989.57,Actual,DOC-2024-0005708
5709,20251105,1300,8,PLN,2496.0,Actual,DOC-2025-0005709
5710,20220912,5300,10,USD,-2890.97,Actual,DOC-2022-0005710
5711,20250409,4200,5,USD,3828.96,Actual,DOC-2025-0005711
5712,20231013,4100,6,PLN,8744.08,Actual,DOC-2023-0005712
5713,20230302,3000,4,EUR,8912.79,Actual,DOC-2023-0005713
5714,20240222,4200,10,EUR,7279.98,Actual,DOC-2024-0005714
5715,20230128,5000,8,GBP,1090.39,Actual,DOC-2023-0005715
5716,20231230,2100,11,PLN,-4668.75,Actual,DOC-2023-0005716
5717,20250701,5000,1,EUR,358.39,Forecast,DOC-2025-0005717
5718,20250611,5400,2,GBP,-4455.3,Actual,DOC-2025-0005718
5719,20230706,2100,3,PLN,-3120.11,Actual,DOC-2023-0005719
5720,20221125,3000,5,GBP,3501.19,Actual,DOC-2022-0005720
5721,20230815,5400,6,GBP,-3858.07,Actual,DOC-2023-0005721
5722,20220531,2200,8,GBP,-1326.03,Forecast,DOC-2022-0005722
5723,20240319,5300,5,EUR,-849.14,Actual,DOC-2024-0005723
5724,20231212,1200,11,PLN,2187.22,Actual,DOC-2023-0005724
5725,20251003,1200,7,USD,3009.07,Budget,DOC-2025-0005725
5726,20220815,3000,6,EUR,8485.36,Actual,DOC-2022-0005726
5727,20230912,4000,2,GBP,4195.25,Actual,DOC-2023-0005727
5728,20240314,4300,4,PLN,-557.22,Actual,DOC-2024-0005728
5729,20240106,3100,3,EUR,2573.17,Actual,DOC-2024-0005729
5730,20240212,3000,5,PLN,1274.84,Forecast,DOC-2024-0005730
5731,20220114,1000,3,GBP,8326.48,Actual,DOC-2022-0005731
5732,20240511,2100,5,USD,-222.91,Budget,DOC-2024-0005732
5733,20250929,3100,3,GBP,2593.06,Actual,DOC-2025-0005733
5734,20251201,5000,4,EUR,5303.26,Actual,DOC-2025-0005734
5735,20250208,4300,1,PLN,-6142.9,Actual,DOC-2025-0005735
5736,20251110,4200,9,PLN,6439.34,Actual,DOC-2025-0005736
5737,20230321,4300,8,USD,-5123.41,Actual,DOC-2023-0005737
5738,20250904,3100,3,USD,2979.93,Actual,DOC-2025-0005738
5739,20250104,1100,3,GBP,1105.62,Actual,DOC-2025-0005739
5740,20230926,1100,11,USD,3567.42,Actual,DOC-2023-0005740
5741,20230603,5200,7,PLN,-5113.95,Actual,DOC-2023-0005741
5742,20221023,4200,11,GBP,8980.9,Actual,DOC-2022-0005742
5743,20221003,1300,11,EUR,3074.79,Actual,DOC-2022-0005743
5744,20240926,5300,9,USD,-1760.58,Budget,DOC-2024-0005744
5745,20230104,5000,3,PLN,6143.85,Actual,DOC-2023-0005745
5746,20240423,5400,5,USD,-1645.07,Actual,DOC-2024-0005746
5747,20220704,4200,8,USD,7425.12,Actual,DOC-2022-0005747
5748,20220913,4200,9,EUR,8294.72,Actual,DOC-2022-0005748
5749,20220527,2100,5,PLN,-208.36,Actual,DOC-2022-0005749
5750,20230517,4100,4,USD,675.16,Actual,DOC-2023-0005750
5751,20220321,4000,5,USD,2283.15,Actual,DOC-2022-0005751
5752,20241003,5000,3,PLN,6091.44,Actual,DOC-2024-0005752
5753,20251224,2100,6,GBP,-6349.41,Actual,DOC-2025-0005753
5754,20230330,1300,3,GBP,5569.28,Actual,DOC-2023-0005754
5755,20220316,5000,6,GBP,5803.96,Budget,DOC-2022-0005755
5756,20231106,1200,2,EUR,7487.03,Actual,DOC-2023-0005756
5757,20220304,2100,1,USD,-1343.32,Actual,DOC-2022-0005757
5758,20250120,4000,5,EUR,1267.45,Budget,DOC-2025-0005758
5759,20231002,4300,5,EUR,-6934.44,Actual,DOC-2023-0005759
5760,20240104,5000,3,USD,362.15,Actual,DOC-2024-0005760
5761,20250812,5400,4,USD,-7090.65,Budget,DOC-2025-0005761
5762,20220824,3000,8,PLN,5723.39,Actual,DOC-2022-0005762
5763,20240510,1000,1,GBP,8740.83,Actual,DOC-2024-0005763
5764,20220319,4100,6,GBP,4884.26,Actual,DOC-2022-0005764
5765,20240518,4300,4,GBP,-8957.84,Actual,DOC-2024-0005765
5766,20250326,2100,10,PLN,-5121.04,Actual,DOC-2025-0005766
5767,20221004,3100,7,USD,5598.81,Budget,DOC-2022-0005767
5768,20221109,1000,10,GBP,1597.78,Actual,DOC-2022-0005768
5769,20221110,5400,1,USD,-3455.2,Budget,DOC-2022-0005769
5770,20220606,3000,12,EUR,3286.27,Forecast,DOC-2022-0005770
5771,20251214,2000,4,GBP,5429.93,Actual,DOC-2025-0005771
5772,20240514,2200,7,PLN,-1657.04,Budget,DOC-2024-0005772
5773,20240120,4000,7,EUR,4265.37,Actual,DOC-2024-0005773
5774,20240406,2000,3,GBP,725.88,Actual,DOC-2024-0005774
5775,20250601,5000,7,EUR,4459.71,Actual,DOC-2025-0005775
5776,20220507,4000,8,GBP,199.25,Forecast,DOC-2022-0005776
5777,20220124,1200,5,PLN,166.62,Actual,DOC-2022-0005777
5778,20220321,3100,7,USD,4844.08,Actual,DOC-2022-0005778
5779,20220701,4100,1,GBP,3080.29,Forecast,DOC-2022-0005779
5780,20240626,2100,9,PLN,-8287.06,Actual,DOC-2024-0005780
5781,20221218,5400,5,EUR,-8784.71,Actual,DOC-2022-0005781
5782,20250923,2000,12,GBP,3177.98,Forecast,DOC-2025-0005782
5783,20240609,2100,2,USD,-2095.86,Actual,DOC-2024-0005783
5784,20250210,5300,12,USD,-178.24,Actual,DOC-2025-0005784
5785,20230317,4100,7,PLN,5709.42,Budget,DOC-2023-0005785
5786,20220519,5300,3,GBP,-3103.51,Actual,DOC-2022-0005786
5787,20220208,5000,10,EUR,8947.4,Budget,DOC-2022-0005787
5788,20230528,3000,6,PLN,6623.63,Actual,DOC-2023-0005788
5789,20251012,5000,10,EUR,4490.79,Actual,DOC-2025-0005789
5790,20220919,4100,2,PLN,7492.52,Actual,DOC-2022-0005790
5791,20220917,5100,2,USD,-3197.89,Actual,DOC-2022-0005791
5792,20250326,2000,4,USD,1367.21,Forecast,DOC-2025-0005792
5793,20220729,5100,9,PLN,-494.97,Actual,DOC-2022-0005793
5794,20220815,4000,8,PLN,2611.14,Forecast,DOC-2022-0005794
5795,20250421,4000,4,USD,1110.69,Actual,DOC-2025-0005795
5796,20220212,1000,11,PLN,695.25,Actual,DOC-2022-0005796
5797,20241006,1100,11,USD,4876.62,Actual,DOC-2024-0005797
5798,20250927,1200,2,PLN,1301.88,Actual,DOC-2025-0005798
5799,20221230,4200,6,GBP,82.63,Actual,DOC-2022-0005799
5800,20230120,1100,9,GBP,6975.34,Forecast,DOC-2023-0005800
5801,20240501,5200,6,PLN,-1665.96,Actual,DOC-2024-0005801
5802,20220219,1300,3,USD,1670.17,Actual,DOC-2022-0005802
5803,20230303,3100,10,EUR,1378.36,Actual,DOC-2023-0005803
5804,20230508,5100,7,EUR,-3031.46,Actual,DOC-2023-0005804
5805,20241211,1300,7,GBP,4646.76,Actual,DOC-2024-0005805
5806,20240908,3100,8,PLN,178.23,Actual,DOC-2024-0005806
5807,20250415,4300,2,GBP,-8107.71,Actual,DOC-2025-0005807
5808,20230521,5000,3,EUR,1093.8,Actual,DOC-2023-0005808
5809,20230117,5100,2,GBP,-1323.21,Actual,DOC-2023-0005809
5810,20240418,4200,1,EUR,8078.64,Actual,DOC-2024-0005810
5811,20250913,1000,6,PLN,826.74,Actual,DOC-2025-0005811
5812,20240516,2200,7,GBP,-5994.41,Actual,DOC-2024-0005812
5813,20251125,1000,10,USD,2527.08,Actual,DOC-2025-0005813
5814,20250506,5200,4,EUR,-418.87,Actual,DOC-2025-0005814
5815,20250913,1200,1,GBP,1724.88,Actual,DOC-2025-0005815
5816,20230126,1000,8,PLN,7749.88,Actual,DOC-2023-0005816
5817,20240725,1200,6,PLN,615.51,Actual,DOC-2024-0005817
5818,20251208,2100,10,EUR,-2568.0,Actual,DOC-2025-0005818
5819,20230324,2000,11,GBP,5218.75,Actual,DOC-2023-0005819
5820,20251013,1300,10,GBP,6313.97,Budget,DOC-2025-0005820
5821,20220219,5300,1,EUR,-7346.77,Forecast,DOC-2022-0005821
5822,20220117,1100,5,GBP,2003.3,Forecast,DOC-2022-0005822
5823,20230126,3100,11,PLN,2591.61,Actual,DOC-2023-0005823
5824,20231218,2000,8,USD,5495.53,Actual,DOC-2023-0005824
5825,20230114,4300,3,EUR,-7083.97,Actual,DOC-2023-0005825
5826,20240527,5200,6,GBP,-3580.27,Actual,DOC-2024-0005826
5827,20221215,1100,11,USD,7491.33,Forecast,DOC-2022-0005827
5828,20251122,1000,11,EUR,5297.74,Forecast,DOC-2025-0005828
5829,20240904,5100,12,GBP,-4202.3,Budget,DOC-2024-0005829
5830,20241227,1300,11,EUR,379.51,Budget,DOC-2024-0005830
5831,20230528,1300,9,PLN,5657.23,Actual,DOC-2023-0005831
5832,20250718,5300,5,USD,-985.1,Actual,DOC-2025-0005832
5833,20230727,1100,1,PLN,6976.83,Actual,DOC-2023-0005833
5834,20221208,2000,12,PLN,389.6,Actual,DOC-2022-0005834
5835,20230204,4000,8,USD,2245.15,Forecast,DOC-2023-0005835
5836,20230507,5300,11,EUR,-6484.35,Budget,DOC-2023-0005836
5837,20240923,4300,5,PLN,-2366.84,Budget,DOC-2024-0005837
5838,20241102,5400,5,PLN,-7417.67,Actual,DOC-2024-0005838
5839,20240813,1200,12,USD,7543.96,Actual,DOC-2024-0005839
5840,20251105,1200,1,GBP,1468.84,Forecast,DOC-2025-0005840
5841,20220526,4100,7,GBP,2507.01,Actual,DOC-2022-0005841
5842,20240902,5000,4,EUR,7491.99,Actual,DOC-2024-0005842
5843,20220701,1000,6,EUR,1343.52,Actual,DOC-2022-0005843
5844,20250605,2100,6,GBP,-7324.88,Actual,DOC-2025-0005844
5845,20220125,1000,7,GBP,366.34,Actual,DOC-2022-0005845
5846,20241224,1100,12,GBP,3647.46,Budget,DOC-2024-0005846
5847,20250406,1200,11,EUR,1340.59,Actual,DOC-2025-0005847
5848,20220716,4200,5,GBP,2930.27,Actual,DOC-2022-0005848
5849,20241014,5200,2,EUR,-8976.33,Actual,DOC-2024-0005849
5850,20230402,4100,9,USD,2737.7,Actual,DOC-2023-0005850
5851,20240224,4300,7,GBP,-1972.33,Actual,DOC-2024-0005851
5852,20250302,1300,7,USD,2981.26,Actual,DOC-2025-0005852
5853,20241006,2000,5,EUR,5193.61,Forecast,DOC-2024-0005853
5854,20230207,3100,11,GBP,7884.51,Actual,DOC-2023-0005854
5855,20230927,5300,2,EUR,-3550.23,Actual,DOC-2023-0005855
5856,20220625,4200,12,EUR,7843.9,Actual,DOC-2022-0005856
5857,20240223,4200,7,USD,946.82,Actual,DOC-2024-0005857
5858,20230420,4200,1,GBP,8706.14,Actual,DOC-2023-0005858
5859,20250128,5100,8,PLN,-6705.05,Actual,DOC-2025-0005859
5860,20230305,4200,8,USD,366.47,Actual,DOC-2023-0005860
5861,20220226,5000,6,EUR,2112.2,Actual,DOC-2022-0005861
5862,20230306,1100,4,USD,3839.34,Budget,DOC-2023-0005862
5863,20220102,1000,7,EUR,3577.43,Actual,DOC-2022-0005863
5864,20231130,5300,3,USD,-8492.35,Actual,DOC-2023-0005864
5865,20250621,3100,12,GBP,4118.54,Actual,DOC-2025-0005865
5866,20220316,5300,7,USD,-3985.17,Actual,DOC-2022-0005866
5867,20221110,1300,5,EUR,2622.85,Actual,DOC-2022-0005867
5868,20230420,4000,3,GBP,7563.27,Actual,DOC-2023-0005868
5869,20250813,1200,6,USD,6658.6,Budget,DOC-2025-0005869
5870,20230610,5000,11,PLN,6254.32,Forecast,DOC-2023-0005870
5871,20220219,2100,3,EUR,-7885.96,Actual,DOC-2022-0005871
5872,20240116,2200,8,PLN,-4013.91,Actual,DOC-2024-0005872
5873,20240426,1200,8,PLN,6524.67,Actual,DOC-2024-0005873
5874,20231225,2000,5,GBP,5361.39,Forecast,DOC-2023-0005874
5875,20230419,1000,12,PLN,6972.94,Budget,DOC-2023-0005875
5876,20240101,4000,7,USD,5435.26,Actual,DOC-2024-0005876
5877,20221120,2200,5,USD,-5386.78,Actual,DOC-2022-0005877
5878,20241228,4000,4,USD,1965.94,Actual,DOC-2024-0005878
5879,20230404,3100,2,PLN,8994.99,Actual,DOC-2023-0005879
5880,20240115,3000,10,PLN,1401.91,Actual,DOC-2024-0005880
5881,20221125,2100,6,PLN,-6994.75,Actual,DOC-2022-0005881
5882,20220508,4000,4,GBP,7098.61,Forecast,DOC-2022-0005882
5883,20220809,5400,12,USD,-6237.45,Budget,DOC-2022-0005883
5884,20220120,2000,11,GBP,6151.23,Actual,DOC-2022-0005884
5885,20231104,1100,12,EUR,5027.01,Actual,DOC-2023-0005885
5886,20250724,5200,2,USD,-1016.51,Actual,DOC-2025-0005886
5887,20220122,1000,8,PLN,8125.9,Actual,DOC-2022-0005887
5888,20250812,1000,1,PLN,8968.45,Actual,DOC-2025-0005888
5889,20251115,3100,11,USD,6191.56,Actual,DOC-2025-0005889
5890,20230522,5100,9,PLN,-2540.93,Budget,DOC-2023-0005890
5891,20240129,4000,1,PLN,1474.6,Actual,DOC-2024-0005891
5892,20231205,4100,9,EUR,2908.71,Budget,DOC-2023-0005892
5893,20241130,1200,9,GBP,4177.34,Budget,DOC-2024-0005893
5894,20231118,2100,4,USD,-2671.51,Forecast,DOC-2023-0005894
5895,20230620,2000,5,GBP,1819.74,Budget,DOC-2023-0005895
5896,20230701,4200,10,PLN,3345.37,Actual,DOC-2023-0005896
5897,20240217,4300,2,USD,-7872.52,Actual,DOC-2024-0005897
5898,20220708,1300,4,GBP,6011.51,Actual,DOC-2022-0005898
5899,20250126,1300,2,GBP,3134.86,Budget,DOC-2025-0005899
5900,20230609,5000,2,EUR,7558.7,Actual,DOC-2023-0005900
5901,20240522,2100,6,PLN,-228.76,Actual,DOC-2024-0005901
5902,20251101,2200,8,PLN,-5480.1,Actual,DOC-2025-0005902
5903,20230120,3100,8,USD,4705.11,Actual,DOC-2023-0005903
5904,20230731,2200,3,USD,-4853.86,Actual,DOC-2023-0005904
5905,20230223,1100,4,PLN,727.29,Forecast,DOC-2023-0005905
5906,20240409,2200,4,GBP,-7380.32,Forecast,DOC-2024-0005906
5907,20220402,1000,10,USD,431.89,Actual,DOC-2022-0005907
5908,20250812,5300,5,USD,-2948.62,Actual,DOC-2025-0005908
5909,20231011,2000,3,GBP,1344.68,Actual,DOC-2023-0005909
5910,20241011,1000,3,EUR,5052.98,Actual,DOC-2024-0005910
5911,20230117,5200,11,EUR,-641.7,Actual,DOC-2023-0005911
5912,20250315,5200,2,USD,-4550.6,Actual,DOC-2025-0005912
5913,20230205,1300,7,PLN,8334.86,Actual,DOC-2023-0005913
5914,20221007,1100,6,USD,5808.91,Actual,DOC-2022-0005914
5915,20250920,4300,8,EUR,-6764.97,Actual,DOC-2025-0005915
5916,20230513,2000,7,USD,4437.63,Budget,DOC-2023-0005916
5917,20251220,2000,4,GBP,2230.44,Actual,DOC-2025-0005917
5918,20240519,1200,8,USD,2611.94,Actual,DOC-2024-0005918
5919,20230722,2200,6,PLN,-8917.65,Forecast,DOC-2023-0005919
5920,20230920,5100,12,USD,-389.87,Actual,DOC-2023-0005920
5921,20221218,2000,10,EUR,6626.58,Actual,DOC-2022-0005921
5922,20230103,4200,9,PLN,2217.09,Actual,DOC-2023-0005922
5923,20240516,5200,9,USD,-2143.07,Actual,DOC-2024-0005923
5924,20240510,2100,11,PLN,-6307.69,Budget,DOC-2024-0005924
5925,20220125,2000,7,EUR,4197.41,Forecast,DOC-2022-0005925
5926,20220922,3100,10,PLN,7874.53,Budget,DOC-2022-0005926
5927,20241209,5400,12,EUR,-3577.48,Actual,DOC-2024-0005927
5928,20231231,2100,10,USD,-3996.8,Actual,DOC-2023-0005928
5929,20231025,4000,4,EUR,7580.44,Actual,DOC-2023-0005929
5930,20220724,5200,10,PLN,-4611.28,Actual,DOC-2022-0005930
5931,20231221,2000,3,USD,179.96,Actual,DOC-2023-0005931
5932,20240804,5100,1,PLN,-5737.77,Actual,DOC-2024-0005932
5933,20230523,1300,5,EUR,6392.26,Actual,DOC-2023-0005933
5934,20220422,4300,5,EUR,-8002.53,Actual,DOC-2022-0005934
5935,20221111,5400,11,USD,-7726.6,Actual,DOC-2022-0005935
5936,20220829,3100,1,USD,6903.8,Actual,DOC-2022-0005936
5937,20220529,3000,10,EUR,3587.6,Actual,DOC-2022-0005937
5938,20250830,1300,3,GBP,7522.94,Actual,DOC-2025-0005938
5939,20230213,5400,8,EUR,-8220.13,Actual,DOC-2023-0005939
5940,20240818,3100,5,PLN,1798.73,Actual,DOC-2024-0005940
5941,20230917,4000,3,PLN,7052.96,Actual,DOC-2023-0005941
5942,20250126,5000,8,GBP,3407.28,Actual,DOC-2025-0005942
5943,20231020,4300,8,GBP,-4003.54,Actual,DOC-2023-0005943
5944,20241031,4200,2,EUR,5541.56,Actual,DOC-2024-0005944
5945,20220504,1300,6,GBP,7049.29,Actual,DOC-2022-0005945
5946,20250105,4000,10,PLN,7683.33,Actual,DOC-2025-0005946
5947,20251102,5300,4,PLN,-6040.88,Budget,DOC-2025-0005947
5948,20220109,1200,4,USD,7183.52,Actual,DOC-2022-0005948
5949,20230901,4200,5,EUR,8881.43,Forecast,DOC-2023-0005949
5950,20241216,2200,9,USD,-4267.42,Actual,DOC-2024-0005950
5951,20251127,2000,4,EUR,4186.53,Forecast,DOC-2025-0005951
5952,20250426,1000,6,GBP,3014.01,Actual,DOC-2025-0005952
5953,20240920,3100,9,PLN,6424.04,Actual,DOC-2024-0005953
5954,20220326,1200,12,EUR,3339.52,Forecast,DOC-2022-0005954
5955,20250403,2000,2,GBP,8521.65,Actual,DOC-2025-0005955
5956,20221126,1000,12,PLN,7917.67,Actual,DOC-2022-0005956
5957,20231113,5200,1,EUR,-6922.28,Actual,DOC-2023-0005957
5958,20240126,5300,1,USD,-6742.81,Actual,DOC-2024-0005958
5959,20221213,4000,6,USD,5744.75,Actual,DOC-2022-0005959
5960,20250509,4200,11,PLN,3728.79,Actual,DOC-2025-0005960
5961,20220401,5300,4,GBP,-8963.64,Actual,DOC-2022-0005961
5962,20240310,3000,6,EUR,8635.56,Budget,DOC-2024-0005962
5963,20230923,1200,10,PLN,1030.15,Forecast,DOC-2023-0005963
5964,20250727,5000,9,PLN,8770.61,Actual,DOC-2025-0005964
5965,20250217,2200,3,USD,-2110.15,Actual,DOC-2025-0005965
5966,20240624,3000,12,PLN,322.27,Actual,DOC-2024-0005966
5967,20220124,4100,11,PLN,6488.56,Actual,DOC-2022-0005967
5968,20230323,4200,3,USD,282.57,Actual,DOC-2023-0005968
5969,20251128,5000,4,GBP,5467.82,Budget,DOC-2025-0005969
5970,20240513,1000,2,PLN,6568.52,Actual,DOC-2024-0005970
5971,20240627,2000,9,PLN,6382.5,Forecast,DOC-2024-0005971
5972,20221229,1100,11,EUR,6416.53,Actual,DOC-2022-0005972
5973,20240704,1200,2,USD,943.17,Actual,DOC-2024-0005973
5974,20220407,3100,10,EUR,468.05,Budget,DOC-2022-0005974
5975,20241104,1100,12,EUR,8322.15,Forecast,DOC-2024-0005975
5976,20230105,5200,5,USD,-6896.62,Actual,DOC-2023-0005976
5977,20250906,2000,5,PLN,942.17,Actual,DOC-2025-0005977
5978,20251109,1200,8,EUR,330.39,Actual,DOC-2025-0005978
5979,20220718,4200,9,USD,8652.83,Actual,DOC-2022-0005979
5980,20250530,4100,3,EUR,7304.12,Actual,DOC-2025-0005980
5981,20220412,1200,10,PLN,1191.02,Actual,DOC-2022-0005981
5982,20240103,3000,7,PLN,5187.47,Budget,DOC-2024-0005982
5983,20231018,1200,2,PLN,8032.66,Actual,DOC-2023-0005983
5984,20241208,4000,3,USD,1586.77,Actual,DOC-2024-0005984
5985,20230202,4100,5,USD,1324.79,Actual,DOC-2023-0005985
5986,20220910,3000,11,EUR,8816.41,Actual,DOC-2022-0005986
5987,20220131,1000,12,USD,7368.93,Actual,DOC-2022-0005987
5988,20250308,5100,8,PLN,-7686.11,Actual,DOC-2025-0005988
5989,20230122,1100,8,USD,496.65,Actual,DOC-2023-0005989
5990,20251219,5400,1,USD,-4237.32,Actual,DOC-2025-0005990
5991,20250705,2000,6,GBP,1553.07,Actual,DOC-2025-0005991
5992,20250728,1200,3,EUR,1533.6,Actual,DOC-2025-0005992
5993,20220224,4200,8,USD,7642.72,Actual,DOC-2022-0005993
5994,20221021,2000,3,EUR,4208.06,Actual,DOC-2022-0005994
5995,20251210,4200,12,USD,5551.62,Actual,DOC-2025-0005995
5996,20230103,4000,12,PLN,4943.4,Forecast,DOC-2023-0005996
5997,20230214,2000,1,GBP,3232.39,Actual,DOC-2023-0005997
5998,20240904,2000,2,GBP,6873.93,Actual,DOC-2024-0005998
5999,20220213,5300,6,USD,-7527.78,Actual,DOC-2022-0005999
6000,20220929,3100,5,PLN,7758.7,Actual,DOC-2022-0006000
6001,20231101,5400,5,GBP,-5577.01,Actual,DOC-2023-0006001
6002,20220423,5200,8,GBP,-4170.35,Actual,DOC-2022-0006002
6003,20250425,2000,3,USD,2572.18,Actual,DOC-2025-0006003
6004,20220106,3000,9,USD,3442.09,Actual,DOC-2022-0006004
6005,20250712,4300,9,PLN,-5604.65,Forecast,DOC-2025-0006005
6006,20231022,2100,3,PLN,-5794.28,Actual,DOC-2023-0006006
6007,20250526,2100,11,GBP,-2265.95,Actual,DOC-2025-0006007
6008,20240913,4000,4,EUR,438.39,Actual,DOC-2024-0006008
6009,20220608,2000,7,USD,4598.87,Actual,DOC-2022-0006009
6010,20241227,5200,6,GBP,-897.55,Actual,DOC-2024-0006010
6011,20241225,5400,3,PLN,-4016.67,Actual,DOC-2024-0006011
6012,20221019,5100,1,EUR,-6229.48,Actual,DOC-2022-0006012
6013,20250909,5200,2,GBP,-3872.53,Actual,DOC-2025-0006013
6014,20221127,1000,2,EUR,880.72,Actual,DOC-2022-0006014
6015,20230324,5000,2,GBP,1094.8,Actual,DOC-2023-0006015
6016,20241025,5200,6,USD,-8440.9,Actual,DOC-2024-0006016
6017,20230125,1300,6,USD,6944.54,Actual,DOC-2023-0006017
6018,20230324,4200,2,PLN,3450.56,Actual,DOC-2023-0006018
6019,20230710,1300,2,EUR,8474.58,Forecast,DOC-2023-0006019
6020,20220528,5100,5,PLN,-3615.64,Actual,DOC-2022-0006020
6021,20230928,4300,6,EUR,-771.96,Forecast,DOC-2023-0006021
6022,20241213,1100,11,USD,3612.99,Actual,DOC-2024-0006022
6023,20240304,4300,11,EUR,-3906.31,Actual,DOC-2024-0006023
6024,20240511,4300,1,GBP,-7293.77,Actual,DOC-2024-0006024
6025,20230403,2200,7,GBP,-6030.16,Actual,DOC-2023-0006025
6026,20230930,1200,3,GBP,7973.77,Budget,DOC-2023-0006026
6027,20240614,4200,11,USD,8436.12,Budget,DOC-2024-0006027
6028,20251110,4300,12,PLN,-6500.68,Actual,DOC-2025-0006028
6029,20250916,4100,1,EUR,525.48,Budget,DOC-2025-0006029
6030,20250809,4300,8,EUR,-282.83,Actual,DOC-2025-0006030
6031,20251016,1200,8,GBP,6696.6,Actual,DOC-2025-0006031
6032,20250916,2200,4,GBP,-2035.21,Actual,DOC-2025-0006032
6033,20220606,4000,8,EUR,8434.08,Actual,DOC-2022-0006033
6034,20241127,1200,10,USD,8551.44,Actual,DOC-2024-0006034
6035,20231226,2000,2,GBP,8987.91,Actual,DOC-2023-0006035
6036,20220907,5200,4,PLN,-8207.67,Actual,DOC-2022-0006036
6037,20231221,4300,12,USD,-608.74,Actual,DOC-2023-0006037
6038,20240224,2000,2,EUR,6350.67,Budget,DOC-2024-0006038
6039,20250819,5000,7,PLN,3140.88,Actual,DOC-2025-0006039
6040,20240706,4100,4,EUR,8667.57,Actual,DOC-2024-0006040
6041,20251025,2100,10,GBP,-2474.06,Actual,DOC-2025-0006041
6042,20251108,3000,8,PLN,450.73,Actual,DOC-2025-0006042
6043,20220228,2100,9,USD,-2600.39,Budget,DOC-2022-0006043
6044,20240110,3100,11,EUR,1936.79,Forecast,DOC-2024-0006044
6045,20220508,1100,1,USD,6371.69,Forecast,DOC-2022-0006045
6046,20230811,4000,9,GBP,1273.78,Actual,DOC-2023-0006046
6047,20220329,4300,9,EUR,-8373.54,Budget,DOC-2022-0006047
6048,20220323,5000,9,USD,400.3,Actual,DOC-2022-0006048
6049,20250118,2100,11,PLN,-5717.63,Actual,DOC-2025-0006049
6050,20240419,4300,10,GBP,-4499.49,Actual,DOC-2024-0006050
6051,20220921,4200,8,EUR,8988.77,Actual,DOC-2022-0006051
6052,20231206,1200,4,PLN,6718.52,Actual,DOC-2023-0006052
6053,20220222,1300,8,PLN,3238.83,Actual,DOC-2022-0006053
6054,20241015,1000,9,USD,8653.56,Actual,DOC-2024-0006054
6055,20221231,1200,6,USD,5423.69,Actual,DOC-2022-0006055
6056,20231205,3000,8,PLN,5022.73,Actual,DOC-2023-0006056
6057,20220421,5100,10,USD,-8862.58,Budget,DOC-2022-0006057
6058,20240601,2100,12,USD,-7806.34,Actual,DOC-2024-0006058
6059,20251128,1300,9,USD,3996.59,Actual,DOC-2025-0006059
6060,20220908,4200,10,USD,3274.17,Actual,DOC-2022-0006060
6061,20240308,5000,8,PLN,8562.27,Budget,DOC-2024-0006061
6062,20220709,5000,7,USD,7450.76,Actual,DOC-2022-0006062
6063,20250720,3100,10,PLN,6407.64,Actual,DOC-2025-0006063
6064,20230507,4300,11,EUR,-7619.17,Actual,DOC-2023-0006064
6065,20231221,5000,3,PLN,7893.98,Actual,DOC-2023-0006065
6066,20240109,4000,1,USD,2755.07,Actual,DOC-2024-0006066
6067,20240622,4200,1,PLN,507.2,Actual,DOC-2024-0006067
6068,20241024,5000,10,USD,6688.7,Actual,DOC-2024-0006068
6069,20220715,5200,7,EUR,-5744.23,Budget,DOC-2022-0006069
6070,20231221,2100,1,EUR,-6752.08,Actual,DOC-2023-0006070
6071,20240406,4100,3,USD,563.84,Actual,DOC-2024-0006071
6072,20250329,2000,7,PLN,3313.95,Actual,DOC-2025-0006072
6073,20240924,3100,5,PLN,6135.32,Actual,DOC-2024-0006073
6074,20251019,2000,2,USD,209.27,Actual,DOC-2025-0006074
6075,20250520,5200,10,EUR,-7123.77,Forecast,DOC-2025-0006075
6076,20240212,4000,9,USD,1994.93,Forecast,DOC-2024-0006076
6077,20220405,4200,7,EUR,1141.91,Actual,DOC-2022-0006077
6078,20250626,5000,5,EUR,8735.17,Budget,DOC-2025-0006078
6079,20231130,5200,3,PLN,-5544.86,Forecast,DOC-2023-0006079
6080,20240823,2100,10,PLN,-153.89,Actual,DOC-2024-0006080
6081,20230915,2100,1,GBP,-5638.47,Actual,DOC-2023-0006081
6082,20221027,3000,1,EUR,8798.32,Actual,DOC-2022-0006082
6083,20241120,1200,9,PLN,7544.11,Actual,DOC-2024-0006083
6084,20231030,4100,7,PLN,1685.85,Actual,DOC-2023-0006084
6085,20231203,1100,2,EUR,8360.39,Forecast,DOC-2023-0006085
6086,20231002,3000,12,PLN,6835.4,Actual,DOC-2023-0006086
6087,20221005,5000,8,USD,8782.13,Actual,DOC-2022-0006087
6088,20220630,1000,12,USD,5822.0,Forecast,DOC-2022-0006088
6089,20220928,3000,1,EUR,2183.96,Actual,DOC-2022-0006089
6090,20250812,4300,9,GBP,-1751.02,Actual,DOC-2025-0006090
6091,20230712,3100,9,EUR,1842.61,Actual,DOC-2023-0006091
6092,20221024,2100,12,GBP,-2406.16,Forecast,DOC-2022-0006092
6093,20230719,3100,1,GBP,4994.57,Actual,DOC-2023-0006093
6094,20240223,4300,4,GBP,-3526.85,Actual,DOC-2024-0006094
6095,20230425,5300,9,PLN,-2500.7,Actual,DOC-2023-0006095
6096,20250612,2100,7,USD,-1036.77,Actual,DOC-2025-0006096
6097,20230223,5100,1,PLN,-2266.49,Forecast,DOC-2023-0006097
6098,20221207,2200,10,USD,-7439.57,Actual,DOC-2022-0006098
6099,20240825,1300,7,PLN,4341.37,Actual,DOC-2024-0006099
6100,20250630,1100,8,GBP,7269.49,Actual,DOC-2025-0006100
6101,20220415,2200,11,GBP,-3373.69,Actual,DOC-2022-0006101
6102,20241005,5400,5,EUR,-6599.57,Actual,DOC-2024-0006102
6103,20240317,5000,9,GBP,2316.01,Actual,DOC-2024-0006103
6104,20220321,5100,7,GBP,-1995.42,Actual,DOC-2022-0006104
6105,20240904,5000,3,GBP,1831.66,Actual,DOC-2024-0006105
6106,20220626,2000,6,USD,2248.65,Actual,DOC-2022-0006106
6107,20230702,5200,8,PLN,-8512.47,Actual,DOC-2023-0006107
6108,20251022,1100,5,GBP,2423.78,Actual,DOC-2025-0006108
6109,20220721,2000,3,USD,8191.08,Actual,DOC-2022-0006109
6110,20250209,5300,3,EUR,-4950.9,Actual,DOC-2025-0006110
6111,20220902,4000,9,PLN,3811.06,Actual,DOC-2022-0006111
6112,20221211,3100,3,PLN,3760.93,Actual,DOC-2022-0006112
6113,20230124,4000,1,EUR,8192.13,Actual,DOC-2023-0006113
6114,20250825,4000,6,USD,2440.83,Actual,DOC-2025-0006114
6115,20251219,1300,9,USD,5117.58,Forecast,DOC-2025-0006115
6116,20220419,5100,9,GBP,-3498.98,Forecast,DOC-2022-0006116
6117,20230811,3100,3,GBP,6646.4,Actual,DOC-2023-0006117
6118,20230511,1300,9,EUR,3665.96,Actual,DOC-2023-0006118
6119,20250306,1000,4,PLN,5737.89,Forecast,DOC-2025-0006119
6120,20241002,5000,11,EUR,8549.38,Actual,DOC-2024-0006120
6121,20231221,1200,5,PLN,4933.91,Forecast,DOC-2023-0006121
6122,20220313,4200,9,USD,4636.84,Actual,DOC-2022-0006122
6123,20240727,4000,3,GBP,8906.28,Actual,DOC-2024-0006123
6124,20220424,5400,10,USD,-6311.47,Forecast,DOC-2022-0006124
6125,20231116,2200,11,EUR,-1892.86,Actual,DOC-2023-0006125
6126,20220531,3100,11,PLN,6356.4,Actual,DOC-2022-0006126
6127,20251226,5400,5,EUR,-7274.67,Actual,DOC-2025-0006127
6128,20250315,5300,7,EUR,-5670.03,Actual,DOC-2025-0006128
6129,20250714,2200,4,EUR,-4321.22,Actual,DOC-2025-0006129
6130,20240629,5300,3,GBP,-2146.15,Actual,DOC-2024-0006130
6131,20251209,5000,8,GBP,8407.28,Actual,DOC-2025-0006131
6132,20240320,5200,5,USD,-4399.93,Actual,DOC-2024-0006132
6133,20230309,2200,11,GBP,-7814.32,Actual,DOC-2023-0006133
6134,20241020,4300,10,USD,-4758.34,Actual,DOC-2024-0006134
6135,20220122,3000,12,EUR,6110.45,Forecast,DOC-2022-0006135
6136,20250326,4200,8,GBP,2355.61,Actual,DOC-2025-0006136
6137,20240530,3100,11,EUR,584.43,Actual,DOC-2024-0006137
6138,20240207,5100,9,USD,-4408.32,Actual,DOC-2024-0006138
6139,20230317,5000,3,PLN,3281.18,Actual,DOC-2023-0006139
6140,20240127,5400,4,USD,-791.87,Budget,DOC-2024-0006140
6141,20251129,5400,3,USD,-4514.89,Actual,DOC-2025-0006141
6142,20230430,2200,8,PLN,-609.28,Actual,DOC-2023-0006142
6143,20240727,3000,10,USD,8773.76,Actual,DOC-2024-0006143
6144,20250110,4200,1,USD,3460.05,Actual,DOC-2025-0006144
6145,20251027,1200,6,USD,3689.61,Budget,DOC-2025-0006145
6146,20230808,1000,6,EUR,1869.46,Forecast,DOC-2023-0006146
6147,20250313,3100,10,GBP,2331.3,Actual,DOC-2025-0006147
6148,20231210,1100,3,EUR,6219.54,Actual,DOC-2023-0006148
6149,20250810,3100,6,EUR,1307.9,Actual,DOC-2025-0006149
6150,20221130,1300,12,EUR,3349.91,Actual,DOC-2022-0006150
6151,20230514,2200,10,PLN,-8086.63,Actual,DOC-2023-0006151
6152,20241118,5300,5,GBP,-187.39,Actual,DOC-2024-0006152
6153,20220805,3000,12,GBP,3201.59,Actual,DOC-2022-0006153
6154,20220610,3100,3,GBP,8615.39,Actual,DOC-2022-0006154
6155,20230808,4200,7,GBP,286.35,Actual,DOC-2023-0006155
6156,20240920,3100,3,PLN,8073.02,Forecast,DOC-2024-0006156
6157,20220225,5200,7,EUR,-8461.4,Actual,DOC-2022-0006157
6158,20231210,1300,10,USD,4080.51,Actual,DOC-2023-0006158
6159,20221005,4000,2,GBP,2910.29,Actual,DOC-2022-0006159
6160,20220422,4000,9,USD,3497.79,Actual,DOC-2022-0006160
6161,20251229,2200,2,PLN,-1625.73,Actual,DOC-2025-0006161
6162,20250423,2200,8,GBP,-7197.5,Actual,DOC-2025-0006162
6163,20250302,4100,5,EUR,896.99,Actual,DOC-2025-0006163
6164,20240130,1300,7,PLN,4953.87,Forecast,DOC-2024-0006164
6165,20251009,3100,1,GBP,6276.21,Budget,DOC-2025-0006165
6166,20250702,2200,7,PLN,-5991.95,Forecast,DOC-2025-0006166
6167,20230930,4300,12,GBP,-7155.07,Actual,DOC-2023-0006167
6168,20231016,3100,12,USD,516.43,Actual,DOC-2023-0006168
6169,20240122,2200,6,EUR,-3452.79,Actual,DOC-2024-0006169
6170,20230406,2200,12,EUR,-6306.22,Actual,DOC-2023-0006170
6171,20230329,1200,5,EUR,816.86,Actual,DOC-2023-0006171
6172,20240507,5000,11,USD,1918.58,Actual,DOC-2024-0006172
6173,20230420,3100,9,PLN,4431.3,Forecast,DOC-2023-0006173
6174,20230426,4000,6,GBP,5916.05,Actual,DOC-2023-0006174
6175,20230709,2200,6,USD,-1890.67,Actual,DOC-2023-0006175
6176,20250407,2200,10,PLN,-1822.03,Actual,DOC-2025-0006176
6177,20251123,5200,9,EUR,-7266.98,Actual,DOC-2025-0006177
6178,20240411,4000,10,EUR,4615.35,Actual,DOC-2024-0006178
6179,20220505,2100,2,EUR,-6679.9,Actual,DOC-2022-0006179
6180,20240225,3000,2,USD,1416.62,Actual,DOC-2024-0006180
6181,20250406,5100,5,EUR,-5028.61,Actual,DOC-2025-0006181
6182,20220906,4100,10,GBP,3250.86,Actual,DOC-2022-0006182
6183,20250802,3100,4,USD,5070.28,Actual,DOC-2025-0006183
6184,20230126,3100,7,PLN,8237.79,Budget,DOC-2023-0006184
6185,20240519,4100,11,EUR,3537.48,Actual,DOC-2024-0006185
6186,20230320,5400,4,PLN,-8927.89,Forecast,DOC-2023-0006186
6187,20221204,3000,3,USD,1325.32,Forecast,DOC-2022-0006187
6188,20231227,2200,8,PLN,-2392.78,Budget,DOC-2023-0006188
6189,20220727,1200,9,GBP,4669.09,Actual,DOC-2022-0006189
6190,20251009,3000,4,USD,6248.86,Actual,DOC-2025-0006190
6191,20250108,5200,10,PLN,-4450.34,Forecast,DOC-2025-0006191
6192,20240615,1100,6,EUR,4843.09,Forecast,DOC-2024-0006192
6193,20240428,5200,9,EUR,-2512.93,Actual,DOC-2024-0006193
6194,20240501,3100,6,GBP,3821.93,Budget,DOC-2024-0006194
6195,20250930,5000,3,EUR,2488.55,Actual,DOC-2025-0006195
6196,20241228,5200,9,USD,-641.93,Actual,DOC-2024-0006196
6197,20230714,2100,2,EUR,-7426.34,Actual,DOC-2023-0006197
6198,20230421,4100,10,GBP,1039.12,Actual,DOC-2023-0006198
6199,20240623,1100,4,USD,8954.74,Actual,DOC-2024-0006199
6200,20220607,4300,4,GBP,-6387.02,Actual,DOC-2022-0006200
6201,20240911,2000,11,GBP,1111.33,Actual,DOC-2024-0006201
6202,20250111,2200,12,EUR,-8413.48,Actual,DOC-2025-0006202
6203,20240910,2000,7,EUR,4442.11,Actual,DOC-2024-0006203
6204,20240323,4200,3,GBP,5387.8,Actual,DOC-2024-0006204
6205,20240717,5300,7,USD,-8053.14,Actual,DOC-2024-0006205
6206,20220612,5200,4,PLN,-3469.02,Actual,DOC-2022-0006206
6207,20250104,1200,11,EUR,4593.24,Actual,DOC-2025-0006207
6208,20230715,1000,10,PLN,5506.29,Actual,DOC-2023-0006208
6209,20220114,1300,12,PLN,2552.5,Forecast,DOC-2022-0006209
6210,20231221,4300,1,USD,-8386.91,Actual,DOC-2023-0006210
6211,20250808,2200,1,PLN,-5446.96,Actual,DOC-2025-0006211
6212,20240528,4200,4,PLN,2658.17,Actual,DOC-2024-0006212
6213,20241019,5000,4,EUR,6641.09,Actual,DOC-2024-0006213
6214,20251014,2100,9,USD,-306.18,Actual,DOC-2025-0006214
6215,20230831,1200,12,EUR,428.85,Actual,DOC-2023-0006215
6216,20231031,4200,8,USD,6869.36,Actual,DOC-2023-0006216
6217,20230205,1300,12,PLN,786.47,Actual,DOC-2023-0006217
6218,20220712,5100,5,EUR,-678.84,Budget,DOC-2022-0006218
6219,20231207,4200,1,PLN,5527.73,Actual,DOC-2023-0006219
6220,20220113,3000,11,GBP,6457.87,Actual,DOC-2022-0006220
6221,20230514,4100,8,EUR,5570.41,Actual,DOC-2023-0006221
6222,20231226,5000,9,EUR,7850.81,Actual,DOC-2023-0006222
6223,20220928,3000,10,USD,5309.34,Actual,DOC-2022-0006223
6224,20220818,2200,10,GBP,-5615.23,Forecast,DOC-2022-0006224
6225,20240513,1300,10,EUR,2150.86,Actual,DOC-2024-0006225
6226,20240517,5100,4,PLN,-7137.17,Actual,DOC-2024-0006226
6227,20240219,3100,9,GBP,7161.8,Actual,DOC-2024-0006227
6228,20241105,5200,4,PLN,-7191.44,Actual,DOC-2024-0006228
6229,20241221,4300,10,EUR,-5731.94,Forecast,DOC-2024-0006229
6230,20250812,4300,4,USD,-4338.16,Actual,DOC-2025-0006230
6231,20220915,2200,4,PLN,-1550.93,Actual,DOC-2022-0006231
6232,20241217,4000,3,USD,8921.61,Actual,DOC-2024-0006232
6233,20220115,5300,8,EUR,-936.62,Actual,DOC-2022-0006233
6234,20231101,1200,11,GBP,4539.48,Actual,DOC-2023-0006234
6235,20250126,1200,7,PLN,6194.53,Actual,DOC-2025-0006235
6236,20240105,2200,5,PLN,-6313.19,Actual,DOC-2024-0006236
6237,20240418,1300,2,EUR,7019.58,Actual,DOC-2024-0006237
6238,20240724,1100,8,USD,4271.96,Actual,DOC-2024-0006238
6239,20251225,1200,4,USD,240.79,Actual,DOC-2025-0006239
6240,20250422,5000,7,GBP,771.35,Actual,DOC-2025-0006240
6241,20220426,4100,5,EUR,8964.44,Actual,DOC-2022-0006241
6242,20250718,1100,7,PLN,3051.77,Actual,DOC-2025-0006242
6243,20250627,4200,3,GBP,6228.2,Actual,DOC-2025-0006243
6244,20231201,1000,4,PLN,7280.11,Actual,DOC-2023-0006244
6245,20250217,1300,4,USD,4587.86,Actual,DOC-2025-0006245
6246,20241114,5300,3,USD,-7458.5,Actual,DOC-2024-0006246
6247,20230401,5000,5,EUR,817.76,Budget,DOC-2023-0006247
6248,20240731,2000,7,PLN,2564.37,Budget,DOC-2024-0006248
6249,20221228,3100,9,EUR,7064.46,Actual,DOC-2022-0006249
6250,20240918,1300,3,PLN,3631.5,Actual,DOC-2024-0006250
6251,20220406,1200,10,GBP,4654.39,Forecast,DOC-2022-0006251
6252,20250113,2100,7,EUR,-7801.76,Actual,DOC-2025-0006252
6253,20230518,3000,2,PLN,2429.07,Actual,DOC-2023-0006253
6254,20221011,1200,7,USD,5477.16,Budget,DOC-2022-0006254
6255,20230620,5200,4,PLN,-3843.09,Actual,DOC-2023-0006255
6256,20230715,1300,1,PLN,2145.07,Budget,DOC-2023-0006256
6257,20250411,4200,3,GBP,570.06,Actual,DOC-2025-0006257
6258,20221002,5300,8,USD,-2949.28,Budget,DOC-2022-0006258
6259,20221122,3100,12,EUR,5822.8,Actual,DOC-2022-0006259
6260,20220928,1000,10,PLN,5740.45,Actual,DOC-2022-0006260
6261,20240221,5000,4,GBP,4401.31,Actual,DOC-2024-0006261
6262,20230110,4100,12,GBP,4349.74,Budget,DOC-2023-0006262
6263,20250907,5000,2,PLN,2384.85,Actual,DOC-2025-0006263
6264,20220825,4000,11,PLN,1991.51,Actual,DOC-2022-0006264
6265,20220408,5400,12,EUR,-4804.01,Budget,DOC-2022-0006265
6266,20220519,1100,5,USD,5688.28,Actual,DOC-2022-0006266
6267,20241027,5200,8,USD,-933.05,Actual,DOC-2024-0006267
6268,20250306,4000,4,PLN,5928.7,Actual,DOC-2025-0006268
6269,20250808,5100,12,PLN,-6762.41,Actual,DOC-2025-0006269
6270,20230324,4300,1,PLN,-5118.9,Actual,DOC-2023-0006270
6271,20250407,1000,2,PLN,5074.41,Actual,DOC-2025-0006271
6272,20230807,4200,11,PLN,4963.85,Budget,DOC-2023-0006272
6273,20250305,1300,5,USD,2570.71,Forecast,DOC-2025-0006273
6274,20221210,5100,3,EUR,-3586.25,Actual,DOC-2022-0006274
6275,20220116,4100,4,GBP,478.2,Actual,DOC-2022-0006275
6276,20230604,5200,7,USD,-2891.73,Actual,DOC-2023-0006276
6277,20220208,1000,5,USD,8761.19,Forecast,DOC-2022-0006277
6278,20220218,2100,5,EUR,-6914.97,Budget,DOC-2022-0006278
6279,20251229,2000,7,GBP,7142.13,Actual,DOC-2025-0006279
6280,20230203,4200,1,GBP,711.51,Forecast,DOC-2023-0006280
6281,20240916,5400,3,GBP,-3210.3,Actual,DOC-2024-0006281
6282,20250523,5000,5,GBP,3406.33,Actual,DOC-2025-0006282
6283,20231011,4000,8,PLN,6906.24,Actual,DOC-2023-0006283
6284,20240305,4200,6,USD,4017.56,Actual,DOC-2024-0006284
6285,20230220,1100,8,PLN,2256.46,Actual,DOC-2023-0006285
6286,20220319,2000,10,EUR,3874.88,Forecast,DOC-2022-0006286
6287,20231224,5000,6,USD,6641.57,Forecast,DOC-2023-0006287
6288,20220401,1300,2,USD,1242.29,Actual,DOC-2022-0006288
6289,20240620,5400,5,USD,-6677.12,Budget,DOC-2024-0006289
6290,20240625,4100,3,PLN,3489.88,Budget,DOC-2024-0006290
6291,20230804,1200,7,PLN,2653.64,Actual,DOC-2023-0006291
6292,20240208,4300,2,GBP,-5912.37,Forecast,DOC-2024-0006292
6293,20230623,2000,1,USD,4743.06,Forecast,DOC-2023-0006293
6294,20240313,2000,1,EUR,1333.02,Actual,DOC-2024-0006294
6295,20241118,1100,3,PLN,4025.63,Budget,DOC-2024-0006295
6296,20250705,4200,8,PLN,6116.68,Actual,DOC-2025-0006296
6297,20240617,4300,2,EUR,-8621.52,Actual,DOC-2024-0006297
6298,20220106,1100,7,PLN,5772.25,Actual,DOC-2022-0006298
6299,20220308,1200,5,PLN,337.81,Actual,DOC-2022-0006299
6300,20230824,4000,2,GBP,8202.3,Actual,DOC-2023-0006300
6301,20230329,3100,8,USD,1175.46,Actual,DOC-2023-0006301
6302,20221101,4000,8,USD,3156.27,Actual,DOC-2022-0006302
6303,20220305,5100,5,EUR,-5592.27,Actual,DOC-2022-0006303
6304,20230722,4100,12,EUR,2239.07,Actual,DOC-2023-0006304
6305,20231115,5100,1,USD,-3266.43,Actual,DOC-2023-0006305
6306,20240327,1300,7,PLN,8732.7,Actual,DOC-2024-0006306
6307,20221012,2100,4,GBP,-4646.77,Actual,DOC-2022-0006307
6308,20250402,4000,10,EUR,5763.18,Forecast,DOC-2025-0006308
6309,20220314,5000,10,USD,5641.64,Actual,DOC-2022-0006309
6310,20230305,4200,4,EUR,167.71,Budget,DOC-2023-0006310
6311,20231219,5400,10,PLN,-1016.2,Actual,DOC-2023-0006311
6312,20220926,5200,6,PLN,-4992.02,Actual,DOC-2022-0006312
6313,20250518,2200,2,EUR,-6833.24,Actual,DOC-2025-0006313
6314,20240512,5200,11,GBP,-3265.65,Actual,DOC-2024-0006314
6315,20220930,3000,6,EUR,7224.48,Actual,DOC-2022-0006315
6316,20230815,1000,8,EUR,3642.51,Forecast,DOC-2023-0006316
6317,20220726,2000,6,EUR,3927.01,Actual,DOC-2022-0006317
6318,20250413,1200,5,PLN,5834.49,Forecast,DOC-2025-0006318
6319,20250715,1300,9,EUR,6635.87,Actual,DOC-2025-0006319
6320,20250106,2200,10,USD,-4784.05,Actual,DOC-2025-0006320
6321,20240107,5400,3,GBP,-6050.61,Actual,DOC-2024-0006321
6322,20230925,1300,10,EUR,1790.8,Actual,DOC-2023-0006322
6323,20240209,1200,8,EUR,5789.98,Actual,DOC-2024-0006323
6324,20231020,1200,6,GBP,8706.92,Budget,DOC-2023-0006324
6325,20231029,5100,7,USD,-7565.86,Actual,DOC-2023-0006325
6326,20220531,4000,9,GBP,7226.8,Actual,DOC-2022-0006326
6327,20220823,5300,4,USD,-8719.59,Actual,DOC-2022-0006327
6328,20230510,2100,4,USD,-6700.38,Actual,DOC-2023-0006328
6329,20241018,3000,6,EUR,3527.69,Budget,DOC-2024-0006329
6330,20240512,3000,2,GBP,1179.05,Actual,DOC-2024-0006330
6331,20220713,5100,12,GBP,-4207.72,Budget,DOC-2022-0006331
6332,20231025,1200,10,EUR,1073.93,Forecast,DOC-2023-0006332
6333,20250322,4000,1,PLN,6997.15,Actual,DOC-2025-0006333
6334,20240916,4000,3,USD,6901.25,Actual,DOC-2024-0006334
6335,20220209,5300,10,USD,-6529.88,Budget,DOC-2022-0006335
6336,20250525,5400,9,PLN,-1044.13,Actual,DOC-2025-0006336
6337,20230713,5200,8,PLN,-8987.73,Actual,DOC-2023-0006337
6338,20220724,5000,2,USD,950.18,Actual,DOC-2022-0006338
6339,20230716,2200,10,USD,-6751.55,Actual,DOC-2023-0006339
6340,20230907,4100,10,EUR,2470.48,Actual,DOC-2023-0006340
6341,20220213,5200,10,GBP,-5391.46,Actual,DOC-2022-0006341
6342,20230508,1200,8,USD,613.26,Actual,DOC-2023-0006342
6343,20220613,5100,2,PLN,-7243.48,Actual,DOC-2022-0006343
6344,20221229,2200,1,USD,-4122.0,Actual,DOC-2022-0006344
6345,20221113,3000,7,USD,8787.65,Actual,DOC-2022-0006345
6346,20250123,4100,8,GBP,7807.92,Actual,DOC-2025-0006346
6347,20220904,2100,1,PLN,-703.86,Forecast,DOC-2022-0006347
6348,20230922,3100,12,USD,2001.44,Budget,DOC-2023-0006348
6349,20231211,1000,2,GBP,5703.14,Actual,DOC-2023-0006349
6350,20251020,2200,6,EUR,-456.04,Actual,DOC-2025-0006350
6351,20231103,4000,3,PLN,345.19,Budget,DOC-2023-0006351
6352,20220112,3100,10,PLN,4004.27,Budget,DOC-2022-0006352
6353,20250116,5100,6,USD,-4490.64,Actual,DOC-2025-0006353
6354,20230506,2000,2,USD,6497.72,Actual,DOC-2023-0006354
6355,20250827,5000,12,EUR,4659.2,Actual,DOC-2025-0006355
6356,20241118,5300,8,USD,-8095.0,Actual,DOC-2024-0006356
6357,20240701,3000,11,USD,4820.4,Actual,DOC-2024-0006357
6358,20231101,4100,11,PLN,898.31,Forecast,DOC-2023-0006358
6359,20220621,5200,10,GBP,-3654.9,Actual,DOC-2022-0006359
6360,20231014,5000,4,USD,2684.29,Actual,DOC-2023-0006360
6361,20250713,4000,7,USD,65.8,Actual,DOC-2025-0006361
6362,20230202,5100,3,PLN,-2270.86,Actual,DOC-2023-0006362
6363,20220510,5400,9,PLN,-4767.66,Actual,DOC-2022-0006363
6364,20250505,1100,7,PLN,2389.5,Actual,DOC-2025-0006364
6365,20231229,4100,1,USD,8228.67,Forecast,DOC-2023-0006365
6366,20240226,2100,2,USD,-4849.65,Actual,DOC-2024-0006366
6367,20241001,2000,2,EUR,6553.35,Actual,DOC-2024-0006367
6368,20220804,2000,3,PLN,4317.02,Actual,DOC-2022-0006368
6369,20230727,1200,11,USD,2320.97,Actual,DOC-2023-0006369
6370,20221223,4000,12,USD,1210.87,Actual,DOC-2022-0006370
6371,20240911,4200,12,EUR,8389.46,Actual,DOC-2024-0006371
6372,20241222,5200,10,GBP,-6872.57,Actual,DOC-2024-0006372
6373,20240512,2100,6,USD,-5047.3,Actual,DOC-2024-0006373
6374,20240808,1300,5,GBP,455.75,Actual,DOC-2024-0006374
6375,20221113,5300,8,PLN,-2214.6,Forecast,DOC-2022-0006375
6376,20240223,4100,1,USD,6276.88,Actual,DOC-2024-0006376
6377,20230322,3100,2,USD,4869.68,Actual,DOC-2023-0006377
6378,20250623,3000,3,USD,4679.92,Actual,DOC-2025-0006378
6379,20221114,5400,7,USD,-994.19,Budget,DOC-2022-0006379
6380,20220325,5200,8,PLN,-3602.26,Actual,DOC-2022-0006380
6381,20231212,2000,9,GBP,2661.33,Actual,DOC-2023-0006381
6382,20240813,5100,11,USD,-5717.08,Actual,DOC-2024-0006382
6383,20251226,5400,5,PLN,-4704.88,Forecast,DOC-2025-0006383
6384,20241027,5100,1,USD,-3065.45,Actual,DOC-2024-0006384
6385,20240708,2000,7,PLN,8797.87,Actual,DOC-2024-0006385
6386,20250801,1200,9,GBP,8582.71,Actual,DOC-2025-0006386
6387,20220116,2100,3,EUR,-3126.38,Actual,DOC-2022-0006387
6388,20250129,4000,7,GBP,5677.3,Forecast,DOC-2025-0006388
6389,20220721,4300,12,GBP,-2539.22,Actual,DOC-2022-0006389
6390,20241118,4300,11,USD,-7664.62,Actual,DOC-2024-0006390
6391,20220518,4100,12,EUR,3080.81,Actual,DOC-2022-0006391
6392,20251220,4300,1,USD,-7766.97,Actual,DOC-2025-0006392
6393,20240728,4300,5,USD,-762.66,Budget,DOC-2024-0006393
6394,20240413,5200,4,EUR,-1988.46,Actual,DOC-2024-0006394
6395,20220520,1300,8,USD,2925.24,Budget,DOC-2022-0006395
6396,20240408,4100,4,PLN,1670.89,Actual,DOC-2024-0006396
6397,20250727,4300,3,USD,-5206.58,Actual,DOC-2025-0006397
6398,20230818,1200,1,GBP,2695.34,Actual,DOC-2023-0006398
6399,20241107,1200,9,PLN,8188.17,Actual,DOC-2024-0006399
6400,20220724,1300,2,EUR,5908.78,Actual,DOC-2022-0006400
6401,20240116,5200,10,USD,-7011.53,Actual,DOC-2024-0006401
6402,20241219,1000,11,EUR,5074.05,Actual,DOC-2024-0006402
6403,20240705,4100,10,PLN,7554.35,Actual,DOC-2024-0006403
6404,20250815,1000,5,USD,2429.99,Actual,DOC-2025-0006404
6405,20221212,3100,2,PLN,732.67,Actual,DOC-2022-0006405
6406,20240721,1100,5,USD,489.38,Actual,DOC-2024-0006406
6407,20230329,5000,11,PLN,2218.93,Actual,DOC-2023-0006407
6408,20220822,1100,9,GBP,8781.41,Actual,DOC-2022-0006408
6409,20230901,1100,6,PLN,1318.4,Budget,DOC-2023-0006409
6410,20250515,5400,11,EUR,-4248.82,Actual,DOC-2025-0006410
6411,20250323,5000,6,EUR,8238.51,Budget,DOC-2025-0006411
6412,20220825,5100,7,GBP,-2025.58,Actual,DOC-2022-0006412
6413,20240519,4300,1,PLN,-3725.81,Actual,DOC-2024-0006413
6414,20220204,3100,6,USD,8931.65,Actual,DOC-2022-0006414
6415,20220521,1100,5,USD,8735.53,Actual,DOC-2022-0006415
6416,20240603,5200,9,EUR,-3719.28,Actual,DOC-2024-0006416
6417,20230218,4200,1,PLN,938.01,Actual,DOC-2023-0006417
6418,20250427,2000,8,USD,3281.74,Actual,DOC-2025-0006418
6419,20250226,2000,7,PLN,5970.92,Actual,DOC-2025-0006419
6420,20250114,4000,8,USD,7283.99,Actual,DOC-2025-0006420
6421,20221012,1300,8,EUR,3694.6,Actual,DOC-2022-0006421
6422,20250402,5400,4,GBP,-7928.42,Budget,DOC-2025-0006422
6423,20250721,1300,11,PLN,8600.76,Actual,DOC-2025-0006423
6424,20221220,1000,3,EUR,5992.19,Actual,DOC-2022-0006424
6425,20220424,2000,1,GBP,8001.46,Actual,DOC-2022-0006425
6426,20250302,2000,3,EUR,8298.67,Actual,DOC-2025-0006426
6427,20220523,5300,10,EUR,-594.64,Budget,DOC-2022-0006427
6428,20220510,4300,2,USD,-275.59,Actual,DOC-2022-0006428
6429,20251116,1100,2,GBP,2511.92,Actual,DOC-2025-0006429
6430,20221127,3100,11,PLN,1138.54,Actual,DOC-2022-0006430
6431,20220811,3100,7,USD,1119.13,Actual,DOC-2022-0006431
6432,20251010,4300,5,USD,-8085.59,Actual,DOC-2025-0006432
6433,20241218,5400,10,GBP,-7458.11,Actual,DOC-2024-0006433
6434,20250323,4200,11,USD,4339.84,Forecast,DOC-2025-0006434
6435,20240326,1200,1,USD,5509.59,Actual,DOC-2024-0006435
6436,20220612,3000,5,USD,4301.55,Actual,DOC-2022-0006436
6437,20250424,2200,6,GBP,-3223.01,Actual,DOC-2025-0006437
6438,20251211,5200,4,USD,-1107.78,Actual,DOC-2025-0006438
6439,20240111,1100,10,GBP,4802.85,Forecast,DOC-2024-0006439
6440,20220822,1100,5,EUR,1632.83,Forecast,DOC-2022-0006440
6441,20241104,4200,1,PLN,4170.15,Actual,DOC-2024-0006441
6442,20220724,3000,3,GBP,380.22,Actual,DOC-2022-0006442
6443,20231202,4300,5,GBP,-903.12,Actual,DOC-2023-0006443
6444,20250612,5100,8,PLN,-5669.14,Actual,DOC-2025-0006444
6445,20240520,5300,1,USD,-4249.04,Actual,DOC-2024-0006445
6446,20240127,4200,5,EUR,6962.89,Actual,DOC-2024-0006446
6447,20220412,1200,4,USD,5719.74,Actual,DOC-2022-0006447
6448,20240219,4300,3,PLN,-1852.14,Actual,DOC-2024-0006448
6449,20241227,1300,2,USD,8331.29,Actual,DOC-2024-0006449
6450,20250628,1100,11,USD,7859.34,Actual,DOC-2025-0006450
6451,20230402,4200,1,EUR,91.45,Actual,DOC-2023-0006451
6452,20230610,5400,10,GBP,-7444.45,Actual,DOC-2023-0006452
6453,20240819,2000,2,USD,5054.86,Actual,DOC-2024-0006453
6454,20250601,3100,3,PLN,8404.73,Forecast,DOC-2025-0006454
6455,20230618,5200,5,USD,-8416.5,Budget,DOC-2023-0006455
6456,20240121,1200,7,USD,1851.27,Actual,DOC-2024-0006456
6457,20231010,2200,3,PLN,-7720.81,Actual,DOC-2023-0006457
6458,20220214,3100,11,USD,4678.31,Actual,DOC-2022-0006458
6459,20230330,1100,1,EUR,5722.27,Actual,DOC-2023-0006459
6460,20230101,5000,1,GBP,6343.93,Actual,DOC-2023-0006460
6461,20250324,5000,3,USD,6854.39,Forecast,DOC-2025-0006461
6462,20250302,5300,6,EUR,-3324.31,Budget,DOC-2025-0006462
6463,20230727,3100,11,PLN,2927.0,Actual,DOC-2023-0006463
6464,20240508,5200,8,EUR,-6842.22,Actual,DOC-2024-0006464
6465,20250501,1200,11,EUR,5460.33,Forecast,DOC-2025-0006465
6466,20220429,1000,3,PLN,1572.85,Actual,DOC-2022-0006466
6467,20240203,5100,6,EUR,-194.94,Actual,DOC-2024-0006467
6468,20251209,4000,1,PLN,54.37,Actual,DOC-2025-0006468
6469,20230101,4300,6,USD,-2778.53,Actual,DOC-2023-0006469
6470,20220530,5100,9,USD,-3512.79,Actual,DOC-2022-0006470
6471,20221211,5200,7,EUR,-5682.26,Budget,DOC-2022-0006471
6472,20240804,1100,5,GBP,4942.31,Actual,DOC-2024-0006472
6473,20220314,1000,7,EUR,5905.7,Budget,DOC-2022-0006473
6474,20250410,1300,4,USD,4635.78,Actual,DOC-2025-0006474
6475,20230624,5300,1,PLN,-6508.77,Actual,DOC-2023-0006475
6476,20221216,3100,2,USD,2611.83,Forecast,DOC-2022-0006476
6477,20250214,2000,12,USD,2599.43,Actual,DOC-2025-0006477
6478,20230512,1000,2,GBP,6395.08,Budget,DOC-2023-0006478
6479,20220829,1100,12,PLN,6034.47,Budget,DOC-2022-0006479
6480,20230305,4100,8,GBP,648.72,Actual,DOC-2023-0006480
6481,20241225,4000,12,USD,2907.09,Actual,DOC-2024-0006481
6482,20230514,4200,11,PLN,8898.69,Forecast,DOC-2023-0006482
6483,20230620,1100,5,USD,6983.18,Actual,DOC-2023-0006483
6484,20230311,4200,12,USD,2591.08,Actual,DOC-2023-0006484
6485,20241215,1200,6,GBP,2471.68,Forecast,DOC-2024-0006485
6486,20250317,2000,9,PLN,8528.65,Budget,DOC-2025-0006486
6487,20221217,1000,1,USD,7894.35,Actual,DOC-2022-0006487
6488,20250609,3100,7,GBP,6941.01,Budget,DOC-2025-0006488
6489,20240110,1200,3,GBP,7001.44,Actual,DOC-2024-0006489
6490,20250210,4000,3,EUR,1202.07,Actual,DOC-2025-0006490
6491,20250217,5100,6,EUR,-4106.28,Forecast,DOC-2025-0006491
6492,20250328,1200,4,PLN,3426.74,Actual,DOC-2025-0006492
6493,20250815,1200,9,EUR,8217.19,Actual,DOC-2025-0006493
6494,20250815,5200,10,PLN,-3434.58,Budget,DOC-2025-0006494
6495,20250131,4000,8,GBP,7795.5,Actual,DOC-2025-0006495
6496,20221025,1200,12,EUR,7809.49,Actual,DOC-2022-0006496
6497,20230314,1100,5,GBP,8994.49,Actual,DOC-2023-0006497
6498,20250531,5100,3,EUR,-5527.51,Actual,DOC-2025-0006498
6499,20250719,4100,12,GBP,6267.2,Actual,DOC-2025-0006499
6500,20231205,1200,12,PLN,5634.87,Actual,DOC-2023-0006500
6501,20220929,2000,2,EUR,5903.71,Budget,DOC-2022-0006501
6502,20220821,1300,1,GBP,6192.28,Budget,DOC-2022-0006502
6503,20251014,2100,3,USD,-4828.96,Actual,DOC-2025-0006503
6504,20221012,5300,2,USD,-311.5,Actual,DOC-2022-0006504
6505,20230502,1100,11,GBP,5952.87,Forecast,DOC-2023-0006505
6506,20220409,3000,11,USD,7354.12,Actual,DOC-2022-0006506
6507,20240927,2000,2,USD,8344.33,Actual,DOC-2024-0006507
6508,20250106,5300,4,EUR,-341.15,Actual,DOC-2025-0006508
6509,20231016,4100,7,USD,5210.0,Actual,DOC-2023-0006509
6510,20230222,2200,4,EUR,-2496.25,Actual,DOC-2023-0006510
6511,20220124,1100,11,GBP,6064.06,Actual,DOC-2022-0006511
6512,20240522,2000,6,EUR,4523.8,Actual,DOC-2024-0006512
6513,20240219,2200,6,USD,-6462.98,Actual,DOC-2024-0006513
6514,20231003,5300,9,GBP,-591.05,Actual,DOC-2023-0006514
6515,20240222,3000,12,PLN,8913.36,Actual,DOC-2024-0006515
6516,20230213,1200,6,PLN,3316.64,Actual,DOC-2023-0006516
6517,20250627,1000,12,PLN,5550.36,Actual,DOC-2025-0006517
6518,20250108,5000,12,USD,2128.85,Actual,DOC-2025-0006518
6519,20220907,2200,5,PLN,-3619.64,Forecast,DOC-2022-0006519
6520,20221123,5000,7,PLN,7160.45,Actual,DOC-2022-0006520
6521,20230620,4300,10,GBP,-1695.4,Actual,DOC-2023-0006521
6522,20250729,5100,6,USD,-2550.24,Actual,DOC-2025-0006522
6523,20240706,2100,1,GBP,-5122.17,Actual,DOC-2024-0006523
6524,20240103,1200,6,USD,3726.15,Actual,DOC-2024-0006524
6525,20220810,1100,4,EUR,5174.1,Actual,DOC-2022-0006525
6526,20241231,3000,12,EUR,8116.7,Budget,DOC-2024-0006526
6527,20240519,3100,9,PLN,1245.65,Actual,DOC-2024-0006527
6528,20250418,3000,10,PLN,3637.7,Actual,DOC-2025-0006528
6529,20240505,2000,8,GBP,1273.83,Budget,DOC-2024-0006529
6530,20240327,4200,12,EUR,1934.35,Forecast,DOC-2024-0006530
6531,20230213,5000,3,EUR,8810.79,Forecast,DOC-2023-0006531
6532,20241215,5000,10,GBP,595.82,Actual,DOC-2024-0006532
6533,20230126,5000,8,PLN,2372.2,Actual,DOC-2023-0006533
6534,20250912,5400,4,PLN,-6307.89,Actual,DOC-2025-0006534
6535,20241028,3000,4,EUR,2225.87,Actual,DOC-2024-0006535
6536,20240227,5400,9,USD,-5113.01,Actual,DOC-2024-0006536
6537,20231129,5300,9,PLN,-8377.62,Actual,DOC-2023-0006537
6538,20250131,5000,7,PLN,7183.65,Forecast,DOC-2025-0006538
6539,20230131,1300,7,GBP,1502.82,Actual,DOC-2023-0006539
6540,20220917,4300,5,PLN,-833.35,Actual,DOC-2022-0006540
6541,20250828,5000,1,USD,3182.39,Actual,DOC-2025-0006541
6542,20230403,2000,4,USD,8277.38,Actual,DOC-2023-0006542
6543,20220513,3100,12,PLN,1365.18,Budget,DOC-2022-0006543
6544,20220425,4100,10,USD,3994.93,Actual,DOC-2022-0006544
6545,20231202,4300,3,PLN,-5138.48,Actual,DOC-2023-0006545
6546,20220129,5200,5,GBP,-3782.17,Actual,DOC-2022-0006546
6547,20220915,4200,2,EUR,452.19,Forecast,DOC-2022-0006547
6548,20221023,5000,9,USD,3351.8,Actual,DOC-2022-0006548
6549,20230214,5100,10,PLN,-5174.03,Budget,DOC-2023-0006549
6550,20230502,5300,11,GBP,-3337.39,Forecast,DOC-2023-0006550
6551,20250101,5000,9,PLN,3487.59,Actual,DOC-2025-0006551
6552,20240216,5000,9,PLN,1818.02,Actual,DOC-2024-0006552
6553,20231115,4100,7,PLN,2990.6,Budget,DOC-2023-0006553
6554,20250803,3000,1,GBP,4161.4,Actual,DOC-2025-0006554
6555,20241118,2200,4,USD,-6139.82,Actual,DOC-2024-0006555
6556,20240120,1100,11,EUR,5820.5,Forecast,DOC-2024-0006556
6557,20251011,3000,9,GBP,8984.46,Actual,DOC-2025-0006557
6558,20230727,5000,9,PLN,684.19,Actual,DOC-2023-0006558
6559,20240810,5400,1,USD,-5330.61,Actual,DOC-2024-0006559
6560,20231007,1300,11,GBP,4943.88,Actual,DOC-2023-0006560
6561,20230216,5000,10,PLN,1318.18,Actual,DOC-2023-0006561
6562,20220509,5000,3,EUR,7171.47,Actual,DOC-2022-0006562
6563,20220224,1200,7,GBP,1394.27,Actual,DOC-2022-0006563
6564,20220508,3000,8,EUR,2666.11,Actual,DOC-2022-0006564
6565,20240610,1100,7,EUR,7037.29,Actual,DOC-2024-0006565
6566,20251128,4300,3,EUR,-6321.35,Actual,DOC-2025-0006566
6567,20230301,2000,6,PLN,489.81,Forecast,DOC-2023-0006567
6568,20240813,1200,12,EUR,160.33,Forecast,DOC-2024-0006568
6569,20240427,1000,10,GBP,96.25,Actual,DOC-2024-0006569
6570,20221102,1300,11,EUR,887.06,Actual,DOC-2022-0006570
6571,20250425,3100,1,EUR,5160.83,Actual,DOC-2025-0006571
6572,20240118,1300,6,GBP,460.55,Forecast,DOC-2024-0006572
6573,20231025,5300,2,GBP,-4589.95,Actual,DOC-2023-0006573
6574,20250413,4300,11,GBP,-523.85,Actual,DOC-2025-0006574
6575,20250415,5000,3,GBP,871.57,Budget,DOC-2025-0006575
6576,20250527,1300,5,PLN,5030.27,Actual,DOC-2025-0006576
6577,20250829,4100,8,USD,8391.6,Actual,DOC-2025-0006577
6578,20251211,1300,11,GBP,5361.7,Actual,DOC-2025-0006578
6579,20230408,1200,2,USD,5093.78,Actual,DOC-2023-0006579
6580,20250216,1200,11,USD,5406.39,Actual,DOC-2025-0006580
6581,20220915,4100,3,USD,7402.02,Forecast,DOC-2022-0006581
6582,20241222,1300,9,GBP,8224.63,Actual,DOC-2024-0006582
6583,20230218,1000,11,PLN,3282.12,Actual,DOC-2023-0006583
6584,20220502,1000,6,GBP,135.6,Actual,DOC-2022-0006584
6585,20220906,2200,4,USD,-1045.72,Actual,DOC-2022-0006585
6586,20220319,5200,12,EUR,-7438.29,Actual,DOC-2022-0006586
6587,20221026,1300,8,EUR,8201.2,Actual,DOC-2022-0006587
6588,20230721,5200,1,GBP,-1867.07,Actual,DOC-2023-0006588
6589,20251128,1000,5,PLN,1544.99,Actual,DOC-2025-0006589
6590,20241203,1100,6,EUR,2232.46,Forecast,DOC-2024-0006590
6591,20250125,1300,7,EUR,3983.67,Actual,DOC-2025-0006591
6592,20221010,2200,4,EUR,-5063.88,Actual,DOC-2022-0006592
6593,20231009,5000,11,EUR,6160.1,Actual,DOC-2023-0006593
6594,20250723,5000,11,PLN,4815.74,Actual,DOC-2025-0006594
6595,20251102,1300,9,GBP,7076.41,Actual,DOC-2025-0006595
6596,20230204,2200,7,EUR,-8390.71,Actual,DOC-2023-0006596
6597,20230105,4000,11,GBP,1437.0,Actual,DOC-2023-0006597
6598,20231008,5100,10,USD,-8282.99,Actual,DOC-2023-0006598
6599,20220410,4300,3,USD,-676.79,Actual,DOC-2022-0006599
6600,20220322,5100,12,EUR,-2647.63,Actual,DOC-2022-0006600
6601,20230217,2100,3,USD,-8039.4,Actual,DOC-2023-0006601
6602,20241006,1200,12,GBP,3622.68,Actual,DOC-2024-0006602
6603,20250713,4100,11,USD,3245.24,Actual,DOC-2025-0006603
6604,20231222,4200,12,GBP,4798.19,Actual,DOC-2023-0006604
6605,20241201,1000,11,EUR,2548.94,Actual,DOC-2024-0006605
6606,20240810,4000,12,PLN,6312.28,Budget,DOC-2024-0006606
6607,20230121,5400,12,PLN,-3528.7,Budget,DOC-2023-0006607
6608,20231109,3100,8,EUR,7717.62,Actual,DOC-2023-0006608
6609,20230625,5100,11,EUR,-8077.29,Actual,DOC-2023-0006609
6610,20230812,5300,1,GBP,-5570.73,Actual,DOC-2023-0006610
6611,20221028,4000,8,EUR,8824.45,Actual,DOC-2022-0006611
6612,20230219,1300,4,EUR,6198.95,Actual,DOC-2023-0006612
6613,20220823,2200,3,EUR,-6707.28,Actual,DOC-2022-0006613
6614,20240317,1300,6,USD,4393.22,Actual,DOC-2024-0006614
6615,20220608,4200,2,GBP,6671.03,Forecast,DOC-2022-0006615
6616,20240823,4200,6,PLN,8379.84,Budget,DOC-2024-0006616
6617,20251110,1100,3,GBP,8891.2,Actual,DOC-2025-0006617
6618,20250105,1300,1,GBP,6023.2,Forecast,DOC-2025-0006618
6619,20230501,1300,2,EUR,7155.38,Forecast,DOC-2023-0006619
6620,20220616,3000,2,PLN,5768.76,Actual,DOC-2022-0006620
6621,20230210,4000,1,GBP,7656.3,Actual,DOC-2023-0006621
6622,20251106,1100,3,GBP,4921.8,Actual,DOC-2025-0006622
6623,20250816,5400,8,PLN,-8655.37,Actual,DOC-2025-0006623
6624,20220419,4000,11,PLN,6985.39,Forecast,DOC-2022-0006624
6625,20220807,3000,9,PLN,665.19,Budget,DOC-2022-0006625
6626,20250907,4100,8,EUR,2975.49,Budget,DOC-2025-0006626
6627,20230111,2000,2,GBP,6851.42,Actual,DOC-2023-0006627
6628,20250716,2100,5,PLN,-3712.05,Actual,DOC-2025-0006628
6629,20230326,4200,9,USD,1970.02,Actual,DOC-2023-0006629
6630,20231115,1100,3,GBP,881.69,Actual,DOC-2023-0006630
6631,20230421,1000,3,PLN,2384.97,Actual,DOC-2023-0006631
6632,20230924,1100,10,PLN,7230.2,Actual,DOC-2023-0006632
6633,20251226,2000,8,GBP,2990.71,Budget,DOC-2025-0006633
6634,20240502,5400,6,PLN,-5017.2,Forecast,DOC-2024-0006634
6635,20240729,5200,12,USD,-7136.02,Actual,DOC-2024-0006635
6636,20220125,4200,7,GBP,2256.32,Actual,DOC-2022-0006636
6637,20230420,1200,5,PLN,862.18,Actual,DOC-2023-0006637
6638,20250319,1000,3,PLN,2118.16,Actual,DOC-2025-0006638
6639,20220102,2100,4,USD,-3153.91,Actual,DOC-2022-0006639
6640,20231206,4200,4,PLN,7480.34,Actual,DOC-2023-0006640
6641,20221119,1000,3,GBP,3742.04,Actual,DOC-2022-0006641
6642,20231112,5300,3,EUR,-1989.7,Forecast,DOC-2023-0006642
6643,20241211,5000,4,EUR,8723.99,Actual,DOC-2024-0006643
6644,20230306,5000,9,PLN,7394.01,Actual,DOC-2023-0006644
6645,20231212,1100,12,USD,2079.53,Actual,DOC-2023-0006645
6646,20250303,4100,12,EUR,7443.72,Actual,DOC-2025-0006646
6647,20230325,2000,11,EUR,1625.99,Actual,DOC-2023-0006647
6648,20240308,1200,7,PLN,7670.92,Actual,DOC-2024-0006648
6649,20220914,5100,5,EUR,-1861.61,Actual,DOC-2022-0006649
6650,20250615,4100,12,PLN,2395.14,Actual,DOC-2025-0006650
6651,20220609,1100,2,USD,2450.47,Actual,DOC-2022-0006651
6652,20240127,4000,7,USD,7081.5,Actual,DOC-2024-0006652
6653,20230509,5100,4,GBP,-4977.17,Actual,DOC-2023-0006653
6654,20230817,4200,4,EUR,3401.97,Actual,DOC-2023-0006654
6655,20240330,4000,3,USD,6203.12,Actual,DOC-2024-0006655
6656,20230805,1300,1,GBP,58.95,Actual,DOC-2023-0006656
6657,20240609,2000,5,PLN,2506.24,Actual,DOC-2024-0006657
6658,20220218,1200,11,GBP,6273.62,Actual,DOC-2022-0006658
6659,20220508,1100,9,GBP,1973.05,Actual,DOC-2022-0006659
6660,20241206,2000,8,EUR,7020.25,Actual,DOC-2024-0006660
6661,20230403,4200,10,USD,6584.04,Actual,DOC-2023-0006661
6662,20240727,4100,6,PLN,1616.01,Actual,DOC-2024-0006662
6663,20230207,1200,12,EUR,3157.95,Actual,DOC-2023-0006663
6664,20251120,1300,8,USD,3721.62,Actual,DOC-2025-0006664
6665,20231227,5200,7,PLN,-6384.11,Actual,DOC-2023-0006665
6666,20220329,5300,9,EUR,-2689.39,Actual,DOC-2022-0006666
6667,20240723,3100,11,GBP,6512.06,Forecast,DOC-2024-0006667
6668,20220807,5100,11,USD,-5400.41,Actual,DOC-2022-0006668
6669,20230612,2000,11,PLN,184.97,Actual,DOC-2023-0006669
6670,20220505,5000,3,GBP,7226.81,Budget,DOC-2022-0006670
6671,20250703,5100,11,USD,-2847.49,Actual,DOC-2025-0006671
6672,20231226,3000,8,USD,1184.31,Actual,DOC-2023-0006672
6673,20221121,2200,7,PLN,-3011.93,Actual,DOC-2022-0006673
6674,20240422,2100,12,PLN,-1302.47,Actual,DOC-2024-0006674
6675,20230206,4100,2,EUR,1898.77,Actual,DOC-2023-0006675
6676,20220329,1100,8,USD,5485.8,Actual,DOC-2022-0006676
6677,20231015,5400,3,GBP,-682.86,Actual,DOC-2023-0006677
6678,20220609,1100,7,GBP,5463.16,Forecast,DOC-2022-0006678
6679,20220102,4300,7,USD,-3082.84,Actual,DOC-2022-0006679
6680,20250511,1200,6,EUR,7090.59,Actual,DOC-2025-0006680
6681,20220803,4100,1,USD,1357.18,Actual,DOC-2022-0006681
6682,20230904,3000,2,USD,5288.58,Forecast,DOC-2023-0006682
6683,20231125,1100,11,PLN,4053.65,Actual,DOC-2023-0006683
6684,20250719,5100,12,PLN,-2127.72,Actual,DOC-2025-0006684
6685,20240903,1200,10,EUR,1549.11,Actual,DOC-2024-0006685
6686,20230225,5000,8,EUR,2712.52,Budget,DOC-2023-0006686
6687,20241207,2100,6,GBP,-2929.65,Budget,DOC-2024-0006687
6688,20250917,4200,9,GBP,2030.71,Actual,DOC-2025-0006688
6689,20220909,1300,4,USD,7349.11,Actual,DOC-2022-0006689
6690,20240921,5300,2,PLN,-7863.98,Actual,DOC-2024-0006690
6691,20240902,1100,4,EUR,252.5,Forecast,DOC-2024-0006691
6692,20250729,5000,4,PLN,1027.93,Actual,DOC-2025-0006692
6693,20231214,2100,4,EUR,-711.73,Actual,DOC-2023-0006693
6694,20220719,4100,6,USD,7896.18,Actual,DOC-2022-0006694
6695,20230120,3100,5,GBP,1608.93,Actual,DOC-2023-0006695
6696,20220903,3000,6,USD,4230.87,Actual,DOC-2022-0006696
6697,20230506,1000,10,EUR,5847.03,Actual,DOC-2023-0006697
6698,20240116,5000,3,USD,8953.08,Actual,DOC-2024-0006698
6699,20230429,3100,3,EUR,362.62,Forecast,DOC-2023-0006699
6700,20230801,4100,9,USD,8656.55,Actual,DOC-2023-0006700
6701,20230204,5100,9,USD,-5726.37,Actual,DOC-2023-0006701
6702,20250619,4300,11,GBP,-5171.03,Forecast,DOC-2025-0006702
6703,20220616,5300,3,USD,-6846.53,Actual,DOC-2022-0006703
6704,20241227,1300,8,EUR,7737.51,Actual,DOC-2024-0006704
6705,20250124,4300,4,EUR,-8539.61,Actual,DOC-2025-0006705
6706,20221108,5400,10,PLN,-390.58,Actual,DOC-2022-0006706
6707,20240402,5300,9,EUR,-1038.86,Actual,DOC-2024-0006707
6708,20240816,3100,4,PLN,8788.12,Actual,DOC-2024-0006708
6709,20250904,2000,6,PLN,650.76,Actual,DOC-2025-0006709
6710,20241026,5300,2,USD,-7491.21,Actual,DOC-2024-0006710
6711,20241126,1200,12,EUR,7300.52,Actual,DOC-2024-0006711
6712,20231112,1300,6,PLN,3149.91,Actual,DOC-2023-0006712
6713,20250110,1100,10,USD,7941.71,Actual,DOC-2025-0006713
6714,20221001,1100,6,PLN,1370.91,Budget,DOC-2022-0006714
6715,20231213,4300,11,GBP,-6981.05,Actual,DOC-2023-0006715
6716,20240429,4100,6,EUR,2505.05,Forecast,DOC-2024-0006716
6717,20240819,5000,4,EUR,5985.11,Actual,DOC-2024-0006717
6718,20241016,1200,7,EUR,6477.17,Actual,DOC-2024-0006718
6719,20220609,2200,2,EUR,-3177.29,Actual,DOC-2022-0006719
6720,20240520,4100,1,PLN,1986.44,Actual,DOC-2024-0006720
6721,20250718,5400,7,EUR,-6766.84,Actual,DOC-2025-0006721
6722,20241125,4100,1,EUR,3742.2,Actual,DOC-2024-0006722
6723,20231010,4200,2,EUR,5271.48,Budget,DOC-2023-0006723
6724,20250331,4300,8,GBP,-3090.16,Forecast,DOC-2025-0006724
6725,20220526,5300,9,USD,-7567.35,Actual,DOC-2022-0006725
6726,20241217,3000,9,EUR,8982.95,Actual,DOC-2024-0006726
6727,20220123,4100,1,USD,245.5,Actual,DOC-2022-0006727
6728,20250110,3000,5,GBP,3756.47,Actual,DOC-2025-0006728
6729,20230106,5300,7,USD,-3516.6,Actual,DOC-2023-0006729
6730,20250416,2100,1,GBP,-6913.14,Actual,DOC-2025-0006730
6731,20240224,1000,12,PLN,4444.95,Actual,DOC-2024-0006731
6732,20240216,3100,10,PLN,448.18,Actual,DOC-2024-0006732
6733,20230926,1300,4,USD,8113.82,Actual,DOC-2023-0006733
6734,20221205,3100,12,GBP,6364.39,Actual,DOC-2022-0006734
6735,20221206,5200,5,USD,-8699.18,Budget,DOC-2022-0006735
6736,20220701,5300,7,GBP,-2027.45,Actual,DOC-2022-0006736
6737,20251201,4000,4,GBP,7197.85,Forecast,DOC-2025-0006737
6738,20250926,4200,5,EUR,8167.43,Actual,DOC-2025-0006738
6739,20250725,1100,8,PLN,5677.73,Actual,DOC-2025-0006739
6740,20220219,3000,9,PLN,7928.02,Actual,DOC-2022-0006740
6741,20230719,5200,12,EUR,-5459.59,Forecast,DOC-2023-0006741
6742,20231031,1000,1,PLN,5535.17,Actual,DOC-2023-0006742
6743,20241023,4200,3,USD,1467.19,Budget,DOC-2024-0006743
6744,20250828,5400,6,PLN,-2227.17,Forecast,DOC-2025-0006744
6745,20240405,5100,7,PLN,-1059.8,Actual,DOC-2024-0006745
6746,20230827,4000,7,GBP,6103.58,Actual,DOC-2023-0006746
6747,20240629,5300,10,EUR,-8179.63,Actual,DOC-2024-0006747
6748,20250204,4200,3,USD,760.2,Actual,DOC-2025-0006748
6749,20220917,5300,11,PLN,-1671.95,Actual,DOC-2022-0006749
6750,20220113,4200,5,PLN,4623.96,Actual,DOC-2022-0006750
6751,20251109,3100,11,EUR,3705.95,Actual,DOC-2025-0006751
6752,20230528,4100,1,GBP,7324.17,Actual,DOC-2023-0006752
6753,20220216,1100,8,PLN,3743.52,Actual,DOC-2022-0006753
6754,20221211,4000,9,GBP,1846.64,Budget,DOC-2022-0006754
6755,20250211,4000,12,USD,6760.69,Actual,DOC-2025-0006755
6756,20220221,4000,7,PLN,3094.29,Actual,DOC-2022-0006756
6757,20250926,5200,5,USD,-1064.43,Actual,DOC-2025-0006757
6758,20250926,1000,2,GBP,1545.51,Actual,DOC-2025-0006758
6759,20231028,5300,5,GBP,-4140.24,Actual,DOC-2023-0006759
6760,20230501,2200,1,PLN,-4444.21,Actual,DOC-2023-0006760
6761,20230312,5300,10,GBP,-323.79,Actual,DOC-2023-0006761
6762,20220712,5300,8,EUR,-7144.69,Actual,DOC-2022-0006762
6763,20221014,4200,6,EUR,2735.97,Actual,DOC-2022-0006763
6764,20250702,4000,9,GBP,7545.39,Budget,DOC-2025-0006764
6765,20250908,5000,3,USD,1892.65,Actual,DOC-2025-0006765
6766,20251021,4300,11,USD,-596.8,Actual,DOC-2025-0006766
6767,20230414,1300,12,USD,4754.64,Actual,DOC-2023-0006767
6768,20221109,5000,12,PLN,5404.59,Actual,DOC-2022-0006768
6769,20220411,1300,5,PLN,8594.95,Actual,DOC-2022-0006769
6770,20220112,4000,11,USD,7663.01,Actual,DOC-2022-0006770
6771,20231106,3100,3,GBP,5171.1,Actual,DOC-2023-0006771
6772,20250311,4100,11,PLN,3468.62,Actual,DOC-2025-0006772
6773,20230808,4200,7,PLN,7955.22,Actual,DOC-2023-0006773
6774,20220309,3100,8,USD,8654.81,Budget,DOC-2022-0006774
6775,20230728,4100,2,GBP,4968.46,Actual,DOC-2023-0006775
6776,20241011,5200,1,EUR,-3712.5,Actual,DOC-2024-0006776
6777,20250115,2000,9,GBP,3983.89,Actual,DOC-2025-0006777
6778,20230605,2100,1,GBP,-3249.97,Actual,DOC-2023-0006778
6779,20230816,4000,7,GBP,3436.72,Actual,DOC-2023-0006779
6780,20240331,2200,11,USD,-2252.96,Actual,DOC-2024-0006780
6781,20230614,5300,3,GBP,-7987.22,Budget,DOC-2023-0006781
6782,20221130,5200,2,EUR,-6296.55,Actual,DOC-2022-0006782
6783,20220209,1300,5,EUR,5142.67,Actual,DOC-2022-0006783
6784,20230121,5000,6,USD,709.3,Actual,DOC-2023-0006784
6785,20220320,1200,5,USD,4227.57,Budget,DOC-2022-0006785
6786,20220124,4000,8,GBP,8614.05,Actual,DOC-2022-0006786
6787,20250829,1100,5,PLN,4572.28,Actual,DOC-2025-0006787
6788,20250707,5000,8,EUR,7947.52,Actual,DOC-2025-0006788
6789,20220912,1100,11,USD,6281.19,Budget,DOC-2022-0006789
6790,20230713,2100,2,EUR,-4417.99,Forecast,DOC-2023-0006790
6791,20240119,5000,12,USD,7999.09,Actual,DOC-2024-0006791
6792,20241205,1300,8,PLN,4761.54,Budget,DOC-2024-0006792
6793,20220420,1000,8,GBP,3914.58,Budget,DOC-2022-0006793
6794,20221108,1100,8,PLN,3309.04,Forecast,DOC-2022-0006794
6795,20230427,5400,4,GBP,-4275.32,Actual,DOC-2023-0006795
6796,20250922,4000,3,USD,3121.62,Actual,DOC-2025-0006796
6797,20240830,4000,5,USD,4676.47,Actual,DOC-2024-0006797
6798,20241021,4000,4,USD,5550.65,Forecast,DOC-2024-0006798
6799,20240130,4000,6,USD,6144.8,Actual,DOC-2024-0006799
6800,20230509,5000,9,EUR,908.39,Actual,DOC-2023-0006800
6801,20240229,1300,6,GBP,6319.46,Actual,DOC-2024-0006801
6802,20240730,5300,2,USD,-5770.2,Forecast,DOC-2024-0006802
6803,20251106,2000,12,PLN,6437.82,Actual,DOC-2025-0006803
6804,20230204,4200,7,USD,5658.76,Budget,DOC-2023-0006804
6805,20251105,1300,7,USD,6303.01,Budget,DOC-2025-0006805
6806,20250704,4000,6,EUR,322.33,Actual,DOC-2025-0006806
6807,20250604,4000,2,USD,4703.54,Actual,DOC-2025-0006807
6808,20240506,1100,2,PLN,2432.95,Actual,DOC-2024-0006808
6809,20230705,5200,9,GBP,-8354.05,Budget,DOC-2023-0006809
6810,20220719,5200,4,EUR,-6680.11,Forecast,DOC-2022-0006810
6811,20240307,4200,3,PLN,1864.05,Budget,DOC-2024-0006811
6812,20240407,4300,11,GBP,-1246.21,Forecast,DOC-2024-0006812
6813,20230109,5400,11,PLN,-6057.75,Actual,DOC-2023-0006813
6814,20251221,3000,3,GBP,4921.51,Forecast,DOC-2025-0006814
6815,20240616,5200,12,PLN,-1042.61,Actual,DOC-2024-0006815
6816,20250508,1200,6,USD,8854.17,Forecast,DOC-2025-0006816
6817,20250311,3000,7,USD,1765.98,Actual,DOC-2025-0006817
6818,20250408,5300,5,USD,-5935.05,Actual,DOC-2025-0006818
6819,20230508,2100,4,EUR,-7911.94,Actual,DOC-2023-0006819
6820,20230731,2200,12,EUR,-5346.27,Actual,DOC-2023-0006820
6821,20230326,4200,3,PLN,6984.02,Actual,DOC-2023-0006821
6822,20250823,5400,11,EUR,-8317.89,Actual,DOC-2025-0006822
6823,20241208,1000,1,GBP,7786.97,Actual,DOC-2024-0006823
6824,20241123,4200,9,USD,4820.85,Forecast,DOC-2024-0006824
6825,20250909,3000,7,GBP,4404.61,Actual,DOC-2025-0006825
6826,20250904,5300,12,GBP,-644.42,Actual,DOC-2025-0006826
6827,20240602,5200,8,EUR,-3300.15,Actual,DOC-2024-0006827
6828,20220722,5100,5,EUR,-1965.55,Budget,DOC-2022-0006828
6829,20230909,5000,11,GBP,3516.65,Actual,DOC-2023-0006829
6830,20240125,4000,9,USD,1580.42,Forecast,DOC-2024-0006830
6831,20221203,5200,7,EUR,-5043.49,Actual,DOC-2022-0006831
6832,20221121,3000,1,GBP,2119.97,Actual,DOC-2022-0006832
6833,20241206,1000,11,EUR,7851.87,Actual,DOC-2024-0006833
6834,20220321,5000,11,PLN,7284.46,Actual,DOC-2022-0006834
6835,20220330,3100,3,PLN,8098.72,Actual,DOC-2022-0006835
6836,20240530,5200,1,PLN,-5986.41,Forecast,DOC-2024-0006836
6837,20250720,1100,9,EUR,8970.26,Budget,DOC-2025-0006837
6838,20240219,1200,5,GBP,6696.1,Actual,DOC-2024-0006838
6839,20240504,1200,8,EUR,1572.13,Actual,DOC-2024-0006839
6840,20220417,5400,1,GBP,-5114.96,Actual,DOC-2022-0006840
6841,20240316,4300,8,GBP,-4469.2,Forecast,DOC-2024-0006841
6842,20230303,1000,10,PLN,6684.76,Actual,DOC-2023-0006842
6843,20250606,4000,1,GBP,335.9,Actual,DOC-2025-0006843
6844,20220303,4100,2,PLN,3054.19,Actual,DOC-2022-0006844
6845,20240226,4000,3,PLN,4356.22,Actual,DOC-2024-0006845
6846,20220714,1000,12,USD,7329.17,Actual,DOC-2022-0006846
6847,20221229,5000,1,USD,7311.44,Actual,DOC-2022-0006847
6848,20250410,4200,8,GBP,2257.93,Actual,DOC-2025-0006848
6849,20230611,2100,5,EUR,-315.97,Forecast,DOC-2023-0006849
6850,20250328,4200,11,USD,8502.13,Budget,DOC-2025-0006850
6851,20220820,5100,5,PLN,-1773.61,Actual,DOC-2022-0006851
6852,20230709,1000,9,USD,1094.3,Actual,DOC-2023-0006852
6853,20230701,5400,5,GBP,-3019.91,Forecast,DOC-2023-0006853
6854,20230830,5200,5,EUR,-2312.99,Budget,DOC-2023-0006854
6855,20251112,1000,12,USD,1490.79,Actual,DOC-2025-0006855
6856,20241020,4100,10,PLN,3196.78,Actual,DOC-2024-0006856
6857,20240814,4100,12,GBP,5244.78,Forecast,DOC-2024-0006857
6858,20240524,1000,11,PLN,3116.31,Budget,DOC-2024-0006858
6859,20220310,5000,9,EUR,4476.44,Actual,DOC-2022-0006859
6860,20251213,2100,5,USD,-8501.7,Actual,DOC-2025-0006860
6861,20220816,5100,4,GBP,-5600.93,Budget,DOC-2022-0006861
6862,20220622,5400,12,USD,-6494.11,Actual,DOC-2022-0006862
6863,20250501,2000,4,PLN,3622.43,Budget,DOC-2025-0006863
6864,20240908,1000,6,EUR,5139.82,Actual,DOC-2024-0006864
6865,20221219,1200,6,GBP,8036.7,Actual,DOC-2022-0006865
6866,20230202,1100,10,PLN,1809.29,Actual,DOC-2023-0006866
6867,20240517,1200,8,EUR,658.32,Actual,DOC-2024-0006867
6868,20240426,2200,12,GBP,-3240.28,Actual,DOC-2024-0006868
6869,20220526,1300,4,GBP,503.98,Actual,DOC-2022-0006869
6870,20220713,5400,2,EUR,-5054.41,Budget,DOC-2022-0006870
6871,20230501,2000,10,EUR,1716.47,Actual,DOC-2023-0006871
6872,20240802,5000,9,PLN,2354.72,Forecast,DOC-2024-0006872
6873,20250303,4300,6,USD,-7163.39,Actual,DOC-2025-0006873
6874,20220930,4000,12,GBP,261.25,Actual,DOC-2022-0006874
6875,20251215,5300,1,PLN,-6317.42,Actual,DOC-2025-0006875
6876,20220415,1200,3,EUR,6593.84,Forecast,DOC-2022-0006876
6877,20230930,4200,5,GBP,5137.52,Actual,DOC-2023-0006877
6878,20231128,4000,5,USD,6187.89,Forecast,DOC-2023-0006878
6879,20251210,3000,6,EUR,1785.3,Actual,DOC-2025-0006879
6880,20251225,1300,10,PLN,7999.56,Budget,DOC-2025-0006880
6881,20220726,1300,3,USD,2532.5,Actual,DOC-2022-0006881
6882,20250307,4000,7,EUR,1929.02,Actual,DOC-2025-0006882
6883,20220919,5100,11,USD,-2949.77,Actual,DOC-2022-0006883
6884,20230828,1000,10,PLN,8846.67,Budget,DOC-2023-0006884
6885,20240212,3000,9,EUR,2371.53,Actual,DOC-2024-0006885
6886,20221021,1100,11,EUR,5872.61,Budget,DOC-2022-0006886
6887,20220909,1100,10,GBP,51.0,Actual,DOC-2022-0006887
6888,20220805,2200,1,GBP,-8740.36,Actual,DOC-2022-0006888
6889,20240815,1200,7,GBP,4625.93,Forecast,DOC-2024-0006889
6890,20220425,2100,1,GBP,-8818.18,Actual,DOC-2022-0006890
6891,20250806,5100,1,EUR,-4962.41,Actual,DOC-2025-0006891
6892,20220126,5400,3,USD,-8829.65,Actual,DOC-2022-0006892
6893,20230810,3000,3,EUR,5303.5,Budget,DOC-2023-0006893
6894,20240316,5000,2,EUR,905.52,Actual,DOC-2024-0006894
6895,20251231,2000,12,EUR,8552.01,Actual,DOC-2025-0006895
6896,20240825,5000,6,PLN,5757.03,Actual,DOC-2024-0006896
6897,20240305,5200,9,USD,-8043.96,Actual,DOC-2024-0006897
6898,20230126,1100,4,PLN,5137.76,Actual,DOC-2023-0006898
6899,20220613,1200,5,EUR,7158.44,Budget,DOC-2022-0006899
6900,20230216,5300,6,PLN,-288.54,Actual,DOC-2023-0006900
6901,20220506,2000,3,PLN,6600.92,Actual,DOC-2022-0006901
6902,20220510,2100,7,EUR,-540.17,Actual,DOC-2022-0006902
6903,20230329,5400,10,PLN,-2278.21,Actual,DOC-2023-0006903
6904,20230301,1200,3,USD,6956.42,Actual,DOC-2023-0006904
6905,20221102,5200,8,EUR,-1779.45,Actual,DOC-2022-0006905
6906,20230809,5000,10,GBP,4699.96,Actual,DOC-2023-0006906
6907,20220219,4300,4,PLN,-3426.74,Actual,DOC-2022-0006907
6908,20231021,1000,10,USD,1975.04,Actual,DOC-2023-0006908
6909,20220529,2100,12,USD,-4851.57,Actual,DOC-2022-0006909
6910,20221003,2000,8,USD,6594.81,Budget,DOC-2022-0006910
6911,20240614,4200,12,GBP,893.09,Actual,DOC-2024-0006911
6912,20240717,5000,3,PLN,3723.12,Actual,DOC-2024-0006912
6913,20220410,1100,4,PLN,1888.92,Actual,DOC-2022-0006913
6914,20230513,4000,2,USD,4430.04,Actual,DOC-2023-0006914
6915,20230703,4300,2,GBP,-8380.76,Actual,DOC-2023-0006915
6916,20250119,5000,4,EUR,5522.64,Forecast,DOC-2025-0006916
6917,20220614,1000,3,EUR,8904.47,Budget,DOC-2022-0006917
6918,20220116,4200,6,PLN,293.03,Actual,DOC-2022-0006918
6919,20240313,4300,4,PLN,-3068.26,Actual,DOC-2024-0006919
6920,20250529,3000,9,EUR,5771.2,Actual,DOC-2025-0006920
6921,20250613,4100,5,PLN,5160.5,Actual,DOC-2025-0006921
6922,20231017,4200,9,PLN,3311.48,Forecast,DOC-2023-0006922
6923,20221124,3100,8,USD,3503.61,Actual,DOC-2022-0006923
6924,20230109,3000,12,GBP,7499.0,Actual,DOC-2023-0006924
6925,20221215,4000,10,PLN,8031.76,Actual,DOC-2022-0006925
6926,20220731,1000,11,GBP,2872.91,Actual,DOC-2022-0006926
6927,20221114,1000,5,USD,3936.68,Actual,DOC-2022-0006927
6928,20250814,2200,3,GBP,-3047.11,Actual,DOC-2025-0006928
6929,20250115,1200,10,GBP,3740.05,Budget,DOC-2025-0006929
6930,20231113,5100,6,PLN,-3175.7,Forecast,DOC-2023-0006930
6931,20220107,5300,10,USD,-6574.97,Actual,DOC-2022-0006931
6932,20250521,4100,4,EUR,8218.73,Actual,DOC-2025-0006932
6933,20251015,3000,4,EUR,2604.56,Actual,DOC-2025-0006933
6934,20241108,4300,10,USD,-5229.9,Actual,DOC-2024-0006934
6935,20250825,5200,11,GBP,-1316.25,Forecast,DOC-2025-0006935
6936,20231125,3100,4,USD,5606.58,Budget,DOC-2023-0006936
6937,20230623,5300,4,GBP,-2959.76,Actual,DOC-2023-0006937
6938,20251109,5000,6,PLN,6144.23,Actual,DOC-2025-0006938
6939,20250506,4000,8,GBP,5612.46,Forecast,DOC-2025-0006939
6940,20220813,4300,1,PLN,-1683.22,Budget,DOC-2022-0006940
6941,20230216,4300,6,PLN,-5218.98,Actual,DOC-2023-0006941
6942,20230304,5200,3,EUR,-3303.08,Actual,DOC-2023-0006942
6943,20230809,1300,8,EUR,2676.33,Budget,DOC-2023-0006943
6944,20250919,5300,5,GBP,-4503.67,Actual,DOC-2025-0006944
6945,20230807,4100,8,EUR,2210.34,Actual,DOC-2023-0006945
6946,20250329,2200,2,PLN,-737.28,Actual,DOC-2025-0006946
6947,20250813,2000,12,USD,3078.16,Actual,DOC-2025-0006947
6948,20240508,4000,9,USD,2100.31,Actual,DOC-2024-0006948
6949,20221223,2000,4,PLN,2302.54,Actual,DOC-2022-0006949
6950,20221206,4100,5,EUR,5299.69,Actual,DOC-2022-0006950
6951,20251025,1200,6,USD,5471.51,Actual,DOC-2025-0006951
6952,20230618,5300,7,USD,-172.8,Actual,DOC-2023-0006952
6953,20240412,2000,7,USD,5458.43,Budget,DOC-2024-0006953
6954,20230314,5400,3,USD,-4700.94,Actual,DOC-2023-0006954
6955,20221120,5300,3,GBP,-3978.26,Actual,DOC-2022-0006955
6956,20250111,3100,8,PLN,8652.32,Actual,DOC-2025-0006956
6957,20240628,1000,4,GBP,992.41,Actual,DOC-2024-0006957
6958,20241205,4200,10,GBP,5132.22,Actual,DOC-2024-0006958
6959,20231027,5000,4,GBP,8646.02,Actual,DOC-2023-0006959
6960,20230523,2000,6,GBP,5909.2,Actual,DOC-2023-0006960
6961,20231221,5300,4,USD,-8886.09,Forecast,DOC-2023-0006961
6962,20251224,4300,1,PLN,-8047.84,Actual,DOC-2025-0006962
6963,20230626,5300,8,USD,-5184.21,Actual,DOC-2023-0006963
6964,20250214,1000,8,EUR,7174.82,Actual,DOC-2025-0006964
6965,20240928,4200,3,USD,4456.88,Actual,DOC-2024-0006965
6966,20230412,5200,5,PLN,-5622.37,Budget,DOC-2023-0006966
6967,20250303,4100,5,PLN,1744.12,Actual,DOC-2025-0006967
6968,20230418,1200,12,GBP,1853.7,Forecast,DOC-2023-0006968
6969,20230122,5400,1,GBP,-2687.27,Actual,DOC-2023-0006969
6970,20230618,1200,11,PLN,8279.69,Actual,DOC-2023-0006970
6971,20241021,2100,9,EUR,-6644.66,Actual,DOC-2024-0006971
6972,20220722,3000,9,EUR,684.83,Actual,DOC-2022-0006972
6973,20241128,4100,2,PLN,1164.78,Actual,DOC-2024-0006973
6974,20230109,5100,2,PLN,-490.05,Actual,DOC-2023-0006974
6975,20230503,1100,7,EUR,8607.89,Forecast,DOC-2023-0006975
6976,20230713,1000,4,EUR,7320.15,Actual,DOC-2023-0006976
6977,20250618,3000,11,USD,309.64,Actual,DOC-2025-0006977
6978,20220828,3000,4,PLN,5533.52,Forecast,DOC-2022-0006978
6979,20250110,1200,4,PLN,5626.88,Actual,DOC-2025-0006979
6980,20251209,1100,9,GBP,449.12,Actual,DOC-2025-0006980
6981,20231102,4300,3,GBP,-3052.11,Actual,DOC-2023-0006981
6982,20220528,5400,12,EUR,-5561.55,Actual,DOC-2022-0006982
6983,20220926,4300,6,USD,-8850.87,Actual,DOC-2022-0006983
6984,20240819,1300,7,PLN,8499.4,Actual,DOC-2024-0006984
6985,20230519,1100,3,EUR,1542.08,Actual,DOC-2023-0006985
6986,20251117,1100,2,PLN,4303.94,Actual,DOC-2025-0006986
6987,20231013,5100,12,PLN,-3220.28,Actual,DOC-2023-0006987
6988,20251123,5200,11,PLN,-433.34,Budget,DOC-2025-0006988
6989,20231127,5300,1,EUR,-7913.52,Actual,DOC-2023-0006989
6990,20250916,2100,4,USD,-3926.98,Actual,DOC-2025-0006990
6991,20250926,3100,11,EUR,1203.98,Actual,DOC-2025-0006991
6992,20230922,5100,4,GBP,-983.23,Budget,DOC-2023-0006992
6993,20251207,1100,9,PLN,5501.25,Actual,DOC-2025-0006993
6994,20230515,4000,4,USD,7488.66,Actual,DOC-2023-0006994
6995,20221213,5100,7,GBP,-5606.27,Actual,DOC-2022-0006995
6996,20251003,5400,6,USD,-2484.96,Actual,DOC-2025-0006996
6997,20250316,3000,1,USD,7346.04,Forecast,DOC-2025-0006997
6998,20231216,1300,5,PLN,2249.3,Actual,DOC-2023-0006998
6999,20221103,1000,2,EUR,5284.94,Actual,DOC-2022-0006999
7000,20230902,2100,3,PLN,-503.07,Actual,DOC-2023-0007000
