CustomerKey,CustomerCode,FirstName,LastName,FullName,Gender,BirthDate,JoinDate,CustomerSegment,GeographyKey,EmailHighCardinality,IsNewsletterSubscriber
1,C000001,Adam,Jansen,Adam Jansen,M,1971-01-25,2021-04-05,Consumer,26,adam.jansen.1@example.com,False
2,C000002,Ola,Nowak,Ola Nowak,M,1978-07-13,2022-05-20,Consumer,22,ola.nowak.2@example.com,True
3,C000003,Hugo,Klein,Hugo Klein,F,1988-05-26,2024-02-25,Consumer,32,hugo.klein.3@example.com,False
4,C000004,Adam,Rossi,Adam Rossi,M,1975-02-03,2022-09-28,Consumer,12,adam.rossi.4@example.com,False
5,C000005,Kasia,Garcia,Kasia Garcia,Unknown,1983-01-24,2021-07-17,VIP,11,kasia.garcia.5@example.com,True
6,C000006,Marta,Brown,Marta Brown,F,1995-07-12,2021-06-17,Consumer,4,marta.brown.6@example.com,False
7,C000007,Jan,Smith,Jan Smith,M,1959-04-25,2022-04-01,Consumer,29,jan.smith.7@example.com,False
8,C000008,Kasia,Garcia,Kasia Garcia,F,1978-08-25,2025-01-02,Consumer,10,kasia.garcia.8@example.com,True
9,C000009,Noah,Nowak,Noah Nowak,M,1956-12-06,2023-07-04,Small Business,18,noah.nowak.9@example.com,True
10,C000010,Kasia,Muller,Kasia Muller,F,1994-05-23,2021-09-30,Consumer,17,kasia.muller.10@example.com,True
11,C000011,Kasia,Nowak,Kasia Nowak,Unknown,1998-06-22,2021-05-23,Consumer,12,kasia.nowak.11@example.com,False
12,C000012,Lukas,Wojcik,Lukas Wojcik,F,1978-09-08,2022-10-15,Consumer,11,lukas.wojcik.12@example.com,False
13,C000013,Adam,Nilsson,Adam Nilsson,Unknown,1978-08-26,2021-03-08,Small Business,24,adam.nilsson.13@example.com,True
14,C000014,Marek,Novak,Marek Novak,F,1981-07-27,2020-10-21,VIP,26,marek.novak.14@example.com,False
15,C000015,Kasia,Brown,Kasia Brown,Unknown,1988-06-05,2022-08-19,Corporate,29,kasia.brown.15@example.com,False
16,C000016,Tomas,Novak,Tomas Novak,F,1958-02-17,2023-04-12,Consumer,9,tomas.novak.16@example.com,False
17,C000017,Hugo,Novak,Hugo Novak,M,1973-02-09,2024-07-16,Consumer,15,hugo.novak.17@example.com,True
18,C000018,Marta,Novak,Marta Novak,F,1996-03-19,2021-03-28,Corporate,35,marta.novak.18@example.com,False
19,C000019,Lena,Kowalski,Lena Kowalski,M,1956-02-02,2023-06-10,Corporate,22,lena.kowalski.19@example.com,False
20,C000020,Filip,Brown,Filip Brown,Unknown,1956-08-21,2022-02-05,VIP,27,filip.brown.20@example.com,False
21,C000021,Marco,Jansen,Marco Jansen,M,1959-12-02,2024-01-10,Consumer,26,marco.jansen.21@example.com,True
22,C000022,Lucia,Lewandowski,Lucia Lewandowski,M,2000-06-24,2021-07-11,Consumer,10,lucia.lewandowski.22@example.com,True
23,C000023,Lucia,Muller,Lucia Muller,F,1984-02-09,2022-02-17,Consumer,7,lucia.muller.23@example.com,True
24,C000024,Filip,Dubois,Filip Dubois,Unknown,1970-03-27,2024-04-28,Consumer,25,filip.dubois.24@example.com,False
25,C000025,Julia,Jansen,Julia Jansen,M,1986-05-16,2022-06-11,Consumer,32,julia.jansen.25@example.com,False
26,C000026,Lena,Garcia,Lena Garcia,M,1958-01-10,2023-04-03,Consumer,14,lena.garcia.26@example.com,False
27,C000027,Sofia,Klein,Sofia Klein,M,1971-12-12,2022-02-13,Consumer,28,sofia.klein.27@example.com,True
28,C000028,Hugo,Novak,Hugo Novak,Unknown,1973-02-13,2023-02-11,Consumer,13,hugo.novak.28@example.com,False
29,C000029,Sofia,Nowak,Sofia Nowak,M,1980-06-26,2024-03-06,Corporate,8,sofia.nowak.29@example.com,True
30,C000030,Eva,Novak,Eva Novak,M,1957-01-02,2023-06-27,Consumer,33,eva.novak.30@example.com,True
31,C000031,Sofia,Garcia,Sofia Garcia,Unknown,1994-06-06,2022-07-30,Consumer,33,sofia.garcia.31@example.com,False
32,C000032,Marek,Martin,Marek Martin,M,1991-05-16,2019-10-23,Consumer,35,marek.martin.32@example.com,True
33,C000033,Lena,Rossi,Lena Rossi,M,2001-12-21,2024-08-02,VIP,27,lena.rossi.33@example.com,False
34,C000034,Jan,Nilsson,Jan Nilsson,F,1985-03-17,2022-05-15,Small Business,15,jan.nilsson.34@example.com,True
35,C000035,Emma,Kowalski,Emma Kowalski,Unknown,1983-06-14,2023-11-22,Consumer,8,emma.kowalski.35@example.com,False
36,C000036,Jan,Martin,Jan Martin,Unknown,1963-09-07,2022-04-02,Consumer,31,jan.martin.36@example.com,True
37,C000037,Kasia,Klein,Kasia Klein,Unknown,1989-06-18,2022-06-29,Consumer,12,kasia.klein.37@example.com,False
38,C000038,Adam,Rossi,Adam Rossi,Unknown,1969-05-25,2022-05-10,Corporate,18,adam.rossi.38@example.com,True
39,C000039,Adam,Klein,Adam Klein,Unknown,2001-05-10,2024-11-16,Consumer,23,adam.klein.39@example.com,False
40,C000040,Hugo,Wojcik,Hugo Wojcik,M,1964-05-02,2021-08-21,Small Business,26,hugo.wojcik.40@example.com,False
41,C000041,Emma,Muller,Emma Muller,F,1989-05-18,2021-07-29,Consumer,31,emma.muller.41@example.com,False
42,C000042,Noah,Kowalski,Noah Kowalski,F,1997-09-08,2021-07-08,Consumer,16,noah.kowalski.42@example.com,True
43,C000043,Piotr,Brown,Piotr Brown,M,2004-03-01,2021-05-06,Corporate,31,piotr.brown.43@example.com,False
44,C000044,Marek,Brown,Marek Brown,F,1967-05-11,2021-07-14,Corporate,31,marek.brown.44@example.com,True
45,C000045,Lukas,Dubois,Lukas Dubois,F,1966-01-27,2023-09-01,Small Business,3,lukas.dubois.45@example.com,False
46,C000046,Jan,Kowalski,Jan Kowalski,M,1974-10-20,2023-08-01,Consumer,19,jan.kowalski.46@example.com,False
47,C000047,Marek,Klein,Marek Klein,F,1963-09-15,2022-04-26,Consumer,34,marek.klein.47@example.com,False
48,C000048,Lukas,Kowalski,Lukas Kowalski,Unknown,2002-06-26,2024-05-10,Corporate,17,lukas.kowalski.48@example.com,True
49,C000049,Tomas,Novak,Tomas Novak,F,1975-02-13,2020-08-29,VIP,26,tomas.novak.49@example.com,False
50,C000050,Anna,Rossi,Anna Rossi,M,1979-04-15,2021-05-21,Consumer,16,anna.rossi.50@example.com,False
51,C000051,Ola,Brown,Ola Brown,M,1978-12-08,2022-06-29,Consumer,1,ola.brown.51@example.com,True
52,C000052,Marco,Martin,Marco Martin,F,1962-11-10,2022-03-18,VIP,33,marco.martin.52@example.com,False
53,C000053,Filip,Garcia,Filip Garcia,Unknown,1981-12-18,2023-09-11,Small Business,30,filip.garcia.53@example.com,False
54,C000054,Julia,Jansen,Julia Jansen,F,1988-12-12,2024-12-12,Consumer,6,julia.jansen.54@example.com,False
55,C000055,Emma,Nilsson,Emma Nilsson,M,1989-03-06,2024-01-01,Consumer,33,emma.nilsson.55@example.com,True
56,C000056,Marta,Klein,Marta Klein,F,1987-08-26,2024-05-22,Consumer,32,marta.klein.56@example.com,False
57,C000057,Adam,Jansen,Adam Jansen,M,1998-05-24,2024-02-28,Small Business,4,adam.jansen.57@example.com,False
58,C000058,Jan,Dubois,Jan Dubois,F,1977-12-03,2020-10-27,VIP,5,jan.dubois.58@example.com,False
59,C000059,Tomas,Smith,Tomas Smith,M,2004-03-25,2022-07-24,VIP,19,tomas.smith.59@example.com,True
60,C000060,Eva,Nowak,Eva Nowak,Unknown,1998-11-28,2021-03-27,Small Business,25,eva.nowak.60@example.com,True
61,C000061,Eva,Novak,Eva Novak,F,1963-12-08,2019-09-07,VIP,35,eva.novak.61@example.com,False
62,C000062,Tomas,Novak,Tomas Novak,F,1979-04-08,2022-08-26,Consumer,35,tomas.novak.62@example.com,False
63,C000063,Jan,Wojcik,Jan Wojcik,F,1997-07-20,2019-12-11,Consumer,8,jan.wojcik.63@example.com,True
64,C000064,Kasia,Nilsson,Kasia Nilsson,Unknown,1998-12-28,2023-03-29,Consumer,3,kasia.nilsson.64@example.com,False
65,C000065,Emma,Wojcik,Emma Wojcik,F,2004-01-05,2022-03-19,Small Business,35,emma.wojcik.65@example.com,False
66,C000066,Lena,Nilsson,Lena Nilsson,M,2004-11-27,2022-06-07,Small Business,21,lena.nilsson.66@example.com,False
67,C000067,Noah,Dubois,Noah Dubois,Unknown,1974-05-02,2021-06-03,Corporate,34,noah.dubois.67@example.com,False
68,C000068,Hugo,Brown,Hugo Brown,Unknown,1997-07-26,2022-04-26,Consumer,4,hugo.brown.68@example.com,True
69,C000069,Lukas,Wojcik,Lukas Wojcik,M,1989-08-08,2020-11-19,Small Business,25,lukas.wojcik.69@example.com,True
70,C000070,Jan,Novak,Jan Novak,M,1981-07-18,2021-04-08,Consumer,30,jan.novak.70@example.com,True
71,C000071,Kasia,Lewandowski,Kasia Lewandowski,F,1978-02-18,2021-01-15,Consumer,6,kasia.lewandowski.71@example.com,False
72,C000072,Marta,Muller,Marta Muller,F,2003-10-24,2023-04-03,Consumer,3,marta.muller.72@example.com,False
73,C000073,Marco,Klein,Marco Klein,Unknown,1955-04-07,2020-07-31,VIP,22,marco.klein.73@example.com,False
74,C000074,Filip,Martin,Filip Martin,M,1968-07-08,2022-04-04,Consumer,16,filip.martin.74@example.com,False
75,C000075,Marco,Rossi,Marco Rossi,Unknown,1978-09-16,2021-03-31,Consumer,23,marco.rossi.75@example.com,False
76,C000076,Hugo,Garcia,Hugo Garcia,Unknown,1981-01-19,2020-10-27,Consumer,14,hugo.garcia.76@example.com,True
77,C000077,Marco,Smith,Marco Smith,F,1967-06-08,2024-02-18,Consumer,27,marco.smith.77@example.com,False
78,C000078,Ola,Wojcik,Ola Wojcik,M,1986-12-21,2022-09-05,Consumer,22,ola.wojcik.78@example.com,False
79,C000079,Sofia,Martin,Sofia Martin,Unknown,1989-08-06,2020-10-23,Consumer,11,sofia.martin.79@example.com,False
80,C000080,Anna,Dubois,Anna Dubois,F,1963-11-08,2022-08-29,Consumer,4,anna.dubois.80@example.com,False
81,C000081,Filip,Brown,Filip Brown,F,1997-10-16,2022-11-21,Consumer,4,filip.brown.81@example.com,False
82,C000082,Anna,Novak,Anna Novak,Unknown,2001-05-18,2021-04-18,Small Business,1,anna.novak.82@example.com,False
83,C000083,Piotr,Klein,Piotr Klein,Unknown,1961-09-05,2022-05-28,Consumer,12,piotr.klein.83@example.com,False
84,C000084,Eva,Nowak,Eva Nowak,Unknown,1978-07-15,2021-10-13,Consumer,18,eva.nowak.84@example.com,False
85,C000085,Jan,Nowak,Jan Nowak,F,1980-07-13,2023-02-14,Corporate,6,jan.nowak.85@example.com,False
86,C000086,Marek,Lewandowski,Marek Lewandowski,F,1982-11-26,2024-03-30,Small Business,6,marek.lewandowski.86@example.com,False
87,C000087,Emma,Klein,Emma Klein,F,1999-10-16,2021-07-03,Corporate,15,emma.klein.87@example.com,True
88,C000088,Lena,Brown,Lena Brown,F,1957-03-28,2021-03-17,Corporate,35,lena.brown.88@example.com,False
89,C000089,Marta,Rossi,Marta Rossi,Unknown,1965-10-08,2022-08-05,Small Business,26,marta.rossi.89@example.com,True
90,C000090,Marta,Novak,Marta Novak,F,2002-06-02,2024-03-06,Small Business,9,marta.novak.90@example.com,True
91,C000091,Lucia,Kowalski,Lucia Kowalski,F,1995-05-26,2023-06-28,Consumer,26,lucia.kowalski.91@example.com,False
92,C000092,Lukas,Brown,Lukas Brown,F,1992-11-13,2023-06-02,Corporate,28,lukas.brown.92@example.com,True
93,C000093,Eva,Martin,Eva Martin,M,1995-03-24,2022-09-08,Consumer,10,eva.martin.93@example.com,True
94,C000094,Kasia,Garcia,Kasia Garcia,F,2003-05-04,2022-02-13,Consumer,20,kasia.garcia.94@example.com,False
95,C000095,Tomas,Nowak,Tomas Nowak,Unknown,1956-02-12,2020-12-20,Corporate,33,tomas.nowak.95@example.com,True
96,C000096,Anna,Rossi,Anna Rossi,F,1981-07-25,2024-11-25,Corporate,25,anna.rossi.96@example.com,True
97,C000097,Lukas,Smith,Lukas Smith,F,1972-05-09,2021-06-09,Consumer,25,lukas.smith.97@example.com,True
98,C000098,Marek,Wojcik,Marek Wojcik,Unknown,1959-06-09,2024-02-03,Corporate,20,marek.wojcik.98@example.com,False
99,C000099,Marco,Kowalski,Marco Kowalski,M,1980-06-27,2022-05-24,Consumer,9,marco.kowalski.99@example.com,False
100,C000100,Marco,Garcia,Marco Garcia,F,1993-12-07,2022-06-03,VIP,9,marco.garcia.100@example.com,False
101,C000101,Marek,Nilsson,Marek Nilsson,M,1970-06-13,2023-06-02,Consumer,19,marek.nilsson.101@example.com,False
102,C000102,Lukas,Brown,Lukas Brown,Unknown,2004-09-01,2022-07-21,Consumer,35,lukas.brown.102@example.com,False
103,C000103,Tomas,Brown,Tomas Brown,M,1986-03-21,2022-07-05,Corporate,5,tomas.brown.103@example.com,False
104,C000104,Marta,Jansen,Marta Jansen,Unknown,1993-08-19,2023-11-16,Small Business,25,marta.jansen.104@example.com,False
105,C000105,Adam,Kowalski,Adam Kowalski,F,1978-12-26,2020-12-22,Corporate,27,adam.kowalski.105@example.com,False
106,C000106,Lukas,Brown,Lukas Brown,M,1994-01-19,2022-06-08,VIP,23,lukas.brown.106@example.com,False
107,C000107,Piotr,Rossi,Piotr Rossi,Unknown,1969-09-24,2023-09-04,Corporate,1,piotr.rossi.107@example.com,True
108,C000108,Eva,Jansen,Eva Jansen,F,2004-11-19,2022-11-14,Consumer,24,eva.jansen.108@example.com,True
109,C000109,Marco,Dubois,Marco Dubois,M,1960-02-27,2020-10-01,Consumer,7,marco.dubois.109@example.com,False
110,C000110,Julia,Jansen,Julia Jansen,M,1977-08-04,2023-04-24,Consumer,14,julia.jansen.110@example.com,True
111,C000111,Anna,Lewandowski,Anna Lewandowski,Unknown,1976-11-04,2021-01-09,Consumer,8,anna.lewandowski.111@example.com,True
112,C000112,Lucia,Novak,Lucia Novak,Unknown,1982-08-08,2022-01-14,Consumer,11,lucia.novak.112@example.com,False
113,C000113,Eva,Kowalski,Eva Kowalski,M,2002-10-07,2023-02-24,Consumer,28,eva.kowalski.113@example.com,True
114,C000114,Marta,Nilsson,Marta Nilsson,F,1961-09-06,2022-10-21,Consumer,18,marta.nilsson.114@example.com,True
115,C000115,Julia,Brown,Julia Brown,Unknown,1975-10-13,2022-06-28,Consumer,32,julia.brown.115@example.com,True
116,C000116,Filip,Smith,Filip Smith,Unknown,1998-12-26,2021-08-23,Consumer,30,filip.smith.116@example.com,True
117,C000117,Piotr,Smith,Piotr Smith,M,1978-12-05,2022-09-30,Corporate,20,piotr.smith.117@example.com,False
118,C000118,Lukas,Jansen,Lukas Jansen,Unknown,1995-09-23,2021-03-01,Consumer,28,lukas.jansen.118@example.com,True
119,C000119,Lucia,Lewandowski,Lucia Lewandowski,F,1983-10-02,2021-08-03,Consumer,12,lucia.lewandowski.119@example.com,True
120,C000120,Adam,Novak,Adam Novak,M,1996-08-14,2022-11-03,Corporate,25,adam.novak.120@example.com,False
121,C000121,Marta,Nilsson,Marta Nilsson,F,1956-04-10,2023-06-14,Consumer,11,marta.nilsson.121@example.com,True
122,C000122,Lena,Martin,Lena Martin,Unknown,2004-08-18,2021-03-15,Consumer,30,lena.martin.122@example.com,False
123,C000123,Adam,Lewandowski,Adam Lewandowski,Unknown,2003-01-25,2022-06-17,Consumer,24,adam.lewandowski.123@example.com,False
124,C000124,Marco,Lewandowski,Marco Lewandowski,M,1957-08-09,2021-07-07,Small Business,16,marco.lewandowski.124@example.com,True
125,C000125,Emma,Wojcik,Emma Wojcik,F,2002-10-23,2023-06-02,Corporate,16,emma.wojcik.125@example.com,False
126,C000126,Jan,Nilsson,Jan Nilsson,F,1977-09-09,2023-05-08,Consumer,14,jan.nilsson.126@example.com,False
127,C000127,Lena,Rossi,Lena Rossi,M,1987-11-27,2022-06-30,Small Business,19,lena.rossi.127@example.com,False
128,C000128,Sofia,Muller,Sofia Muller,Unknown,1964-12-11,2021-01-24,Consumer,9,sofia.muller.128@example.com,True
129,C000129,Tomas,Dubois,Tomas Dubois,M,1983-02-21,2020-04-18,Consumer,18,tomas.dubois.129@example.com,True
130,C000130,Kasia,Jansen,Kasia Jansen,Unknown,1975-10-01,2020-02-02,VIP,24,kasia.jansen.130@example.com,False
131,C000131,Marta,Wojcik,Marta Wojcik,M,1989-07-07,2021-12-26,Consumer,23,marta.wojcik.131@example.com,False
132,C000132,Adam,Nilsson,Adam Nilsson,Unknown,1963-10-28,2022-07-27,Corporate,22,adam.nilsson.132@example.com,True
133,C000133,Anna,Nowak,Anna Nowak,F,1965-08-15,2024-05-26,VIP,30,anna.nowak.133@example.com,False
134,C000134,Lukas,Lewandowski,Lukas Lewandowski,F,1972-02-21,2022-05-24,Consumer,20,lukas.lewandowski.134@example.com,False
135,C000135,Jan,Dubois,Jan Dubois,M,1995-05-24,2021-05-09,Corporate,11,jan.dubois.135@example.com,False
136,C000136,Emma,Jansen,Emma Jansen,Unknown,1959-03-19,2024-04-12,Consumer,1,emma.jansen.136@example.com,True
137,C000137,Piotr,Lewandowski,Piotr Lewandowski,F,1982-12-05,2021-01-22,Consumer,22,piotr.lewandowski.137@example.com,False
138,C000138,Piotr,Garcia,Piotr Garcia,Unknown,1978-05-05,2021-09-04,VIP,7,piotr.garcia.138@example.com,True
139,C000139,Lena,Kowalski,Lena Kowalski,Unknown,1994-11-06,2022-09-27,Consumer,34,lena.kowalski.139@example.com,False
140,C000140,Filip,Brown,Filip Brown,F,1983-04-03,2022-07-04,Corporate,27,filip.brown.140@example.com,True
141,C000141,Lucia,Wojcik,Lucia Wojcik,F,1963-04-09,2020-08-31,Corporate,28,lucia.wojcik.141@example.com,False
142,C000142,Anna,Lewandowski,Anna Lewandowski,F,1997-05-07,2023-05-29,Corporate,19,anna.lewandowski.142@example.com,True
143,C000143,Noah,Jansen,Noah Jansen,Unknown,1979-02-08,2020-12-31,Small Business,4,noah.jansen.143@example.com,True
144,C000144,Lucia,Smith,Lucia Smith,Unknown,1979-10-14,2024-01-15,Consumer,24,lucia.smith.144@example.com,False
145,C000145,Anna,Nilsson,Anna Nilsson,F,1959-01-09,2021-08-15,Small Business,5,anna.nilsson.145@example.com,True
146,C000146,Julia,Wojcik,Julia Wojcik,Unknown,1981-07-23,2021-05-03,Consumer,19,julia.wojcik.146@example.com,False
147,C000147,Marta,Rossi,Marta Rossi,Unknown,1960-09-07,2020-08-10,Consumer,18,marta.rossi.147@example.com,False
148,C000148,Marco,Martin,Marco Martin,F,1982-12-28,2021-08-28,Consumer,5,marco.martin.148@example.com,False
149,C000149,Filip,Nilsson,Filip Nilsson,F,1958-05-22,2020-11-27,Consumer,30,filip.nilsson.149@example.com,True
150,C000150,Lukas,Jansen,Lukas Jansen,F,1977-09-17,2021-04-05,Consumer,1,lukas.jansen.150@example.com,False
151,C000151,Piotr,Wojcik,Piotr Wojcik,Unknown,1956-06-26,2022-04-29,Consumer,18,piotr.wojcik.151@example.com,False
152,C000152,Marek,Jansen,Marek Jansen,F,1987-06-02,2023-10-12,Consumer,5,marek.jansen.152@example.com,True
153,C000153,Lena,Brown,Lena Brown,F,2001-02-08,2022-10-12,Consumer,7,lena.brown.153@example.com,False
154,C000154,Jan,Jansen,Jan Jansen,Unknown,1978-07-05,2021-09-12,Small Business,16,jan.jansen.154@example.com,False
155,C000155,Noah,Garcia,Noah Garcia,F,1970-07-24,2022-08-17,Corporate,27,noah.garcia.155@example.com,True
156,C000156,Lukas,Muller,Lukas Muller,M,1988-01-13,2024-06-01,Small Business,4,lukas.muller.156@example.com,True
157,C000157,Adam,Jansen,Adam Jansen,M,1955-06-07,2024-05-06,Corporate,6,adam.jansen.157@example.com,True
158,C000158,Lena,Jansen,Lena Jansen,F,2004-04-24,2021-11-05,Consumer,24,lena.jansen.158@example.com,True
159,C000159,Adam,Garcia,Adam Garcia,Unknown,1995-12-01,2021-01-25,Consumer,15,adam.garcia.159@example.com,False
160,C000160,Piotr,Muller,Piotr Muller,F,1988-04-14,2020-12-16,Corporate,20,piotr.muller.160@example.com,True
161,C000161,Julia,Dubois,Julia Dubois,Unknown,1999-06-15,2020-05-19,Consumer,15,julia.dubois.161@example.com,True
162,C000162,Marta,Nilsson,Marta Nilsson,F,1991-01-14,2020-11-16,Consumer,26,marta.nilsson.162@example.com,False
163,C000163,Lucia,Garcia,Lucia Garcia,F,1983-05-08,2022-12-06,Small Business,26,lucia.garcia.163@example.com,False
164,C000164,Piotr,Smith,Piotr Smith,Unknown,1983-08-11,2021-07-16,Consumer,10,piotr.smith.164@example.com,False
165,C000165,Marco,Jansen,Marco Jansen,Unknown,1971-02-03,2023-04-08,Corporate,29,marco.jansen.165@example.com,True
166,C000166,Sofia,Nowak,Sofia Nowak,F,2000-04-12,2023-10-09,Corporate,21,sofia.nowak.166@example.com,True
167,C000167,Anna,Dubois,Anna Dubois,F,1983-09-24,2021-11-10,Consumer,12,anna.dubois.167@example.com,False
168,C000168,Piotr,Kowalski,Piotr Kowalski,M,1958-04-05,2023-09-11,Corporate,9,piotr.kowalski.168@example.com,False
169,C000169,Lena,Nilsson,Lena Nilsson,Unknown,1971-02-01,2022-12-05,Consumer,6,lena.nilsson.169@example.com,True
170,C000170,Piotr,Kowalski,Piotr Kowalski,Unknown,1984-01-06,2022-10-28,Consumer,22,piotr.kowalski.170@example.com,True
171,C000171,Lukas,Garcia,Lukas Garcia,F,1968-03-09,2023-09-20,Consumer,28,lukas.garcia.171@example.com,False
172,C000172,Marco,Jansen,Marco Jansen,M,1981-09-16,2022-04-28,Consumer,16,marco.jansen.172@example.com,True
173,C000173,Noah,Brown,Noah Brown,M,1989-01-13,2021-10-28,Consumer,34,noah.brown.173@example.com,False
174,C000174,Lucia,Dubois,Lucia Dubois,F,1972-03-01,2022-05-03,Small Business,33,lucia.dubois.174@example.com,False
175,C000175,Marek,Novak,Marek Novak,F,1977-10-08,2022-02-12,Corporate,4,marek.novak.175@example.com,True
176,C000176,Noah,Nilsson,Noah Nilsson,F,1979-06-27,2020-08-09,Consumer,4,noah.nilsson.176@example.com,True
177,C000177,Lena,Kowalski,Lena Kowalski,F,2000-12-12,2023-07-28,Corporate,23,lena.kowalski.177@example.com,True
178,C000178,Adam,Rossi,Adam Rossi,F,1966-08-02,2022-01-24,Corporate,32,adam.rossi.178@example.com,True
179,C000179,Anna,Garcia,Anna Garcia,Unknown,1994-04-26,2023-07-19,Consumer,31,anna.garcia.179@example.com,False
180,C000180,Jan,Kowalski,Jan Kowalski,Unknown,1964-10-23,2022-03-24,Small Business,21,jan.kowalski.180@example.com,False
181,C000181,Eva,Nilsson,Eva Nilsson,F,1961-06-10,2021-11-11,Corporate,24,eva.nilsson.181@example.com,False
182,C000182,Lucia,Smith,Lucia Smith,F,2000-09-23,2022-04-13,Corporate,32,lucia.smith.182@example.com,False
183,C000183,Marco,Martin,Marco Martin,Unknown,1999-05-05,2021-07-07,Small Business,25,marco.martin.183@example.com,True
184,C000184,Lukas,Nilsson,Lukas Nilsson,F,1975-10-08,2023-05-20,Small Business,3,lukas.nilsson.184@example.com,True
185,C000185,Noah,Garcia,Noah Garcia,M,1975-03-21,2023-08-21,Consumer,5,noah.garcia.185@example.com,True
186,C000186,Hugo,Rossi,Hugo Rossi,M,1961-12-01,2024-01-12,Corporate,5,hugo.rossi.186@example.com,False
187,C000187,Marek,Klein,Marek Klein,M,1979-06-18,2021-07-08,Small Business,27,marek.klein.187@example.com,False
188,C000188,Lukas,Jansen,Lukas Jansen,M,1959-01-10,2023-09-25,VIP,15,lukas.jansen.188@example.com,True
189,C000189,Eva,Smith,Eva Smith,Unknown,2001-02-18,2023-08-21,VIP,11,eva.smith.189@example.com,False
190,C000190,Tomas,Brown,Tomas Brown,F,1965-10-14,2021-11-11,Consumer,2,tomas.brown.190@example.com,False
191,C000191,Adam,Martin,Adam Martin,M,2001-09-09,2021-09-23,Consumer,27,adam.martin.191@example.com,True
192,C000192,Sofia,Kowalski,Sofia Kowalski,Unknown,1978-01-14,2023-05-30,Corporate,32,sofia.kowalski.192@example.com,False
193,C000193,Anna,Muller,Anna Muller,F,1965-11-10,2024-06-05,Consumer,7,anna.muller.193@example.com,True
194,C000194,Ola,Nowak,Ola Nowak,M,1996-09-13,2023-07-25,Consumer,32,ola.nowak.194@example.com,False
195,C000195,Kasia,Jansen,Kasia Jansen,F,1971-04-27,2024-05-30,Consumer,17,kasia.jansen.195@example.com,False
196,C000196,Marta,Brown,Marta Brown,Unknown,1977-09-14,2021-02-26,Consumer,7,marta.brown.196@example.com,True
197,C000197,Tomas,Novak,Tomas Novak,M,1998-08-19,2024-01-05,Consumer,34,tomas.novak.197@example.com,False
198,C000198,Julia,Nilsson,Julia Nilsson,F,1988-10-22,2021-02-01,Small Business,3,julia.nilsson.198@example.com,False
199,C000199,Emma,Wojcik,Emma Wojcik,Unknown,1967-03-02,2021-04-03,Consumer,11,emma.wojcik.199@example.com,False
200,C000200,Filip,Rossi,Filip Rossi,M,1975-12-26,2022-04-21,Corporate,10,filip.rossi.200@example.com,False
201,C000201,Julia,Jansen,Julia Jansen,M,1955-12-20,2023-04-15,Consumer,18,julia.jansen.201@example.com,True
202,C000202,Piotr,Nilsson,Piotr Nilsson,M,2004-02-26,2024-03-15,Small Business,7,piotr.nilsson.202@example.com,True
203,C000203,Lena,Nilsson,Lena Nilsson,F,1985-01-06,2023-06-28,Corporate,32,lena.nilsson.203@example.com,False
204,C000204,Jan,Dubois,Jan Dubois,M,1976-12-08,2024-07-12,Small Business,26,jan.dubois.204@example.com,True
205,C000205,Marco,Rossi,Marco Rossi,F,1986-12-22,2023-01-02,Consumer,20,marco.rossi.205@example.com,False
206,C000206,Ola,Martin,Ola Martin,M,1981-10-21,2022-10-21,Consumer,21,ola.martin.206@example.com,False
207,C000207,Julia,Lewandowski,Julia Lewandowski,F,1978-01-17,2020-09-03,Consumer,32,julia.lewandowski.207@example.com,False
208,C000208,Julia,Klein,Julia Klein,F,1991-01-06,2022-08-03,Consumer,9,julia.klein.208@example.com,False
209,C000209,Emma,Rossi,Emma Rossi,Unknown,1978-08-17,2021-08-01,Consumer,24,emma.rossi.209@example.com,True
210,C000210,Lukas,Lewandowski,Lukas Lewandowski,F,1985-10-18,2022-12-14,Small Business,29,lukas.lewandowski.210@example.com,True
211,C000211,Marco,Kowalski,Marco Kowalski,F,1979-01-06,2022-10-25,Small Business,6,marco.kowalski.211@example.com,False
212,C000212,Ola,Brown,Ola Brown,M,1981-09-01,2019-08-18,Small Business,14,ola.brown.212@example.com,False
213,C000213,Noah,Rossi,Noah Rossi,M,1993-05-23,2021-07-22,Small Business,1,noah.rossi.213@example.com,False
214,C000214,Ola,Muller,Ola Muller,Unknown,1984-05-22,2022-10-08,Consumer,30,ola.muller.214@example.com,False
215,C000215,Adam,Brown,Adam Brown,M,1993-10-10,2021-10-09,Consumer,24,adam.brown.215@example.com,False
216,C000216,Ola,Rossi,Ola Rossi,F,1996-12-21,2022-03-22,Consumer,21,ola.rossi.216@example.com,True
217,C000217,Filip,Dubois,Filip Dubois,Unknown,1997-06-22,2021-10-02,Consumer,4,filip.dubois.217@example.com,True
218,C000218,Eva,Dubois,Eva Dubois,F,2002-01-19,2023-03-23,Consumer,27,eva.dubois.218@example.com,False
219,C000219,Marek,Klein,Marek Klein,Unknown,1997-06-17,2022-02-11,Small Business,35,marek.klein.219@example.com,True
220,C000220,Marek,Smith,Marek Smith,F,2002-05-24,2022-11-14,Small Business,7,marek.smith.220@example.com,False
221,C000221,Noah,Garcia,Noah Garcia,M,1969-12-28,2023-07-02,Consumer,6,noah.garcia.221@example.com,False
222,C000222,Piotr,Jansen,Piotr Jansen,M,1958-11-19,2020-10-09,Small Business,30,piotr.jansen.222@example.com,False
223,C000223,Julia,Rossi,Julia Rossi,F,1981-01-28,2020-06-14,VIP,25,julia.rossi.223@example.com,True
224,C000224,Sofia,Garcia,Sofia Garcia,M,2000-03-25,2024-07-05,Corporate,30,sofia.garcia.224@example.com,True
225,C000225,Anna,Jansen,Anna Jansen,Unknown,1972-04-25,2020-10-11,Corporate,4,anna.jansen.225@example.com,False
226,C000226,Sofia,Nilsson,Sofia Nilsson,M,1982-11-14,2023-04-11,Consumer,6,sofia.nilsson.226@example.com,True
227,C000227,Hugo,Kowalski,Hugo Kowalski,Unknown,1975-09-07,2021-12-22,Corporate,13,hugo.kowalski.227@example.com,True
228,C000228,Marco,Smith,Marco Smith,F,1961-07-17,2022-01-25,Consumer,23,marco.smith.228@example.com,True
229,C000229,Kasia,Martin,Kasia Martin,Unknown,1988-10-17,2023-06-28,VIP,19,kasia.martin.229@example.com,True
230,C000230,Hugo,Wojcik,Hugo Wojcik,F,1967-03-26,2020-12-23,Consumer,32,hugo.wojcik.230@example.com,False
231,C000231,Anna,Nilsson,Anna Nilsson,M,1987-03-04,2021-03-08,Small Business,14,anna.nilsson.231@example.com,True
232,C000232,Filip,Kowalski,Filip Kowalski,F,1993-01-22,2021-10-23,Corporate,35,filip.kowalski.232@example.com,True
233,C000233,Piotr,Novak,Piotr Novak,Unknown,1971-08-23,2022-09-22,Corporate,25,piotr.novak.233@example.com,True
234,C000234,Piotr,Brown,Piotr Brown,M,1988-05-20,2021-01-26,Small Business,27,piotr.brown.234@example.com,True
235,C000235,Marco,Nowak,Marco Nowak,M,1961-08-07,2021-06-01,Small Business,8,marco.nowak.235@example.com,False
236,C000236,Tomas,Rossi,Tomas Rossi,Unknown,1965-01-18,2021-10-10,Small Business,23,tomas.rossi.236@example.com,True
237,C000237,Anna,Brown,Anna Brown,F,1960-02-27,2023-03-01,Small Business,1,anna.brown.237@example.com,False
238,C000238,Piotr,Klein,Piotr Klein,M,1971-11-08,2022-05-20,Consumer,5,piotr.klein.238@example.com,True
239,C000239,Jan,Lewandowski,Jan Lewandowski,M,1973-06-26,2021-11-09,Corporate,12,jan.lewandowski.239@example.com,True
240,C000240,Anna,Lewandowski,Anna Lewandowski,M,1963-11-21,2023-05-15,Small Business,3,anna.lewandowski.240@example.com,False
241,C000241,Marta,Garcia,Marta Garcia,M,1976-03-04,2023-02-14,Consumer,18,marta.garcia.241@example.com,True
242,C000242,Tomas,Brown,Tomas Brown,F,1965-02-05,2020-05-19,Consumer,31,tomas.brown.242@example.com,False
243,C000243,Lena,Brown,Lena Brown,Unknown,1983-03-20,2022-12-13,Consumer,31,lena.brown.243@example.com,False
244,C000244,Marek,Klein,Marek Klein,F,1986-02-14,2021-01-09,Consumer,9,marek.klein.244@example.com,True
245,C000245,Lena,Martin,Lena Martin,Unknown,1991-04-22,2021-06-13,Consumer,34,lena.martin.245@example.com,False
246,C000246,Tomas,Brown,Tomas Brown,F,2001-04-16,2023-03-11,Small Business,7,tomas.brown.246@example.com,False
247,C000247,Anna,Brown,Anna Brown,F,1965-09-28,2023-06-20,Consumer,4,anna.brown.247@example.com,False
248,C000248,Lucia,Rossi,Lucia Rossi,M,1958-09-08,2022-08-01,Small Business,16,lucia.rossi.248@example.com,True
249,C000249,Lena,Jansen,Lena Jansen,M,1960-08-15,2021-10-13,Corporate,29,lena.jansen.249@example.com,True
250,C000250,Tomas,Kowalski,Tomas Kowalski,Unknown,1990-09-01,2020-03-13,VIP,26,tomas.kowalski.250@example.com,False
251,C000251,Adam,Muller,Adam Muller,F,1996-11-15,2023-01-31,Small Business,33,adam.muller.251@example.com,False
252,C000252,Adam,Wojcik,Adam Wojcik,Unknown,1994-10-16,2022-01-12,Consumer,22,adam.wojcik.252@example.com,True
253,C000253,Anna,Garcia,Anna Garcia,Unknown,1977-11-26,2024-04-03,Consumer,15,anna.garcia.253@example.com,True
254,C000254,Marek,Smith,Marek Smith,M,2000-12-24,2021-06-15,Corporate,11,marek.smith.254@example.com,True
255,C000255,Emma,Jansen,Emma Jansen,F,1967-12-11,2024-01-09,Small Business,26,emma.jansen.255@example.com,False
256,C000256,Kasia,Jansen,Kasia Jansen,F,1997-10-17,2024-06-03,Consumer,8,kasia.jansen.256@example.com,True
257,C000257,Lena,Jansen,Lena Jansen,Unknown,1987-03-23,2021-05-09,Small Business,28,lena.jansen.257@example.com,True
258,C000258,Julia,Klein,Julia Klein,M,1979-07-20,2021-06-14,Consumer,21,julia.klein.258@example.com,True
259,C000259,Kasia,Wojcik,Kasia Wojcik,M,1963-03-14,2023-03-10,Small Business,19,kasia.wojcik.259@example.com,False
260,C000260,Adam,Brown,Adam Brown,Unknown,1968-04-07,2021-11-18,Consumer,21,adam.brown.260@example.com,False
261,C000261,Julia,Novak,Julia Novak,M,1999-11-11,2020-08-28,Corporate,12,julia.novak.261@example.com,False
262,C000262,Adam,Rossi,Adam Rossi,M,1982-01-17,2021-11-04,Consumer,27,adam.rossi.262@example.com,False
263,C000263,Ola,Wojcik,Ola Wojcik,F,1965-05-22,2022-02-13,Corporate,13,ola.wojcik.263@example.com,True
264,C000264,Jan,Garcia,Jan Garcia,F,1983-02-20,2022-09-20,Corporate,35,jan.garcia.264@example.com,False
265,C000265,Julia,Wojcik,Julia Wojcik,M,1999-05-23,2020-05-27,Consumer,16,julia.wojcik.265@example.com,False
266,C000266,Adam,Kowalski,Adam Kowalski,F,1955-12-09,2023-12-02,Small Business,21,adam.kowalski.266@example.com,False
267,C000267,Lena,Novak,Lena Novak,M,2002-10-07,2020-11-29,Consumer,24,lena.novak.267@example.com,False
268,C000268,Lukas,Smith,Lukas Smith,M,2002-09-04,2021-03-04,Consumer,5,lukas.smith.268@example.com,True
269,C000269,Lena,Lewandowski,Lena Lewandowski,F,1971-01-11,2021-07-25,Consumer,11,lena.lewandowski.269@example.com,True
270,C000270,Filip,Lewandowski,Filip Lewandowski,Unknown,1997-05-16,2022-12-31,Consumer,4,filip.lewandowski.270@example.com,False
271,C000271,Julia,Muller,Julia Muller,F,1966-09-03,2022-08-18,Consumer,21,julia.muller.271@example.com,False
272,C000272,Hugo,Muller,Hugo Muller,M,1968-11-11,2023-02-04,Consumer,6,hugo.muller.272@example.com,False
273,C000273,Marek,Novak,Marek Novak,M,2003-11-01,2023-08-15,Consumer,34,marek.novak.273@example.com,False
274,C000274,Jan,Brown,Jan Brown,M,1975-07-26,2023-11-06,Consumer,16,jan.brown.274@example.com,True
275,C000275,Hugo,Novak,Hugo Novak,Unknown,1987-08-16,2023-07-18,Consumer,34,hugo.novak.275@example.com,False
276,C000276,Lukas,Wojcik,Lukas Wojcik,F,1989-09-01,2020-08-12,Corporate,7,lukas.wojcik.276@example.com,False
277,C000277,Piotr,Muller,Piotr Muller,Unknown,1989-12-24,2022-04-09,Small Business,28,piotr.muller.277@example.com,True
278,C000278,Anna,Jansen,Anna Jansen,F,2000-06-02,2022-03-03,Consumer,10,anna.jansen.278@example.com,True
279,C000279,Lena,Lewandowski,Lena Lewandowski,Unknown,1969-05-14,2023-06-11,Consumer,5,lena.lewandowski.279@example.com,True
280,C000280,Piotr,Novak,Piotr Novak,Unknown,1955-11-24,2020-08-15,Corporate,25,piotr.novak.280@example.com,False
281,C000281,Hugo,Klein,Hugo Klein,Unknown,1987-02-10,2021-06-27,Consumer,5,hugo.klein.281@example.com,False
282,C000282,Eva,Dubois,Eva Dubois,F,1997-01-16,2024-07-21,Consumer,29,eva.dubois.282@example.com,True
283,C000283,Marco,Brown,Marco Brown,F,1964-05-22,2021-11-12,Corporate,35,marco.brown.283@example.com,False
284,C000284,Jan,Kowalski,Jan Kowalski,F,1991-10-13,2023-07-26,Consumer,8,jan.kowalski.284@example.com,False
285,C000285,Emma,Dubois,Emma Dubois,F,1996-09-05,2022-08-01,Corporate,23,emma.dubois.285@example.com,True
286,C000286,Lukas,Brown,Lukas Brown,M,1991-01-28,2022-12-22,Corporate,8,lukas.brown.286@example.com,True
287,C000287,Ola,Nowak,Ola Nowak,M,1967-12-19,2022-06-29,Consumer,5,ola.nowak.287@example.com,False
288,C000288,Marco,Nilsson,Marco Nilsson,M,1959-04-11,2023-03-02,Corporate,7,marco.nilsson.288@example.com,True
289,C000289,Lena,Nilsson,Lena Nilsson,M,1978-06-14,2021-07-22,Consumer,10,lena.nilsson.289@example.com,True
290,C000290,Ola,Lewandowski,Ola Lewandowski,M,1978-03-22,2021-10-22,Consumer,28,ola.lewandowski.290@example.com,True
291,C000291,Marek,Novak,Marek Novak,M,1961-03-21,2020-10-04,Small Business,20,marek.novak.291@example.com,True
292,C000292,Emma,Rossi,Emma Rossi,F,2001-11-03,2020-05-21,Small Business,35,emma.rossi.292@example.com,False
293,C000293,Lena,Muller,Lena Muller,M,1957-09-09,2023-07-04,Corporate,26,lena.muller.293@example.com,True
294,C000294,Noah,Klein,Noah Klein,F,2004-10-24,2021-03-25,Consumer,26,noah.klein.294@example.com,False
295,C000295,Hugo,Novak,Hugo Novak,Unknown,1955-11-08,2020-07-21,Consumer,26,hugo.novak.295@example.com,True
296,C000296,Marek,Garcia,Marek Garcia,F,1957-04-25,2021-12-07,Consumer,10,marek.garcia.296@example.com,True
297,C000297,Julia,Klein,Julia Klein,F,1978-07-16,2020-12-27,VIP,14,julia.klein.297@example.com,True
298,C000298,Ola,Lewandowski,Ola Lewandowski,F,2002-05-19,2023-09-03,Consumer,34,ola.lewandowski.298@example.com,True
299,C000299,Julia,Rossi,Julia Rossi,M,1979-04-17,2022-11-04,Consumer,5,julia.rossi.299@example.com,False
300,C000300,Julia,Klein,Julia Klein,Unknown,1963-08-06,2021-10-15,Corporate,1,julia.klein.300@example.com,True
301,C000301,Lukas,Garcia,Lukas Garcia,M,1993-12-27,2022-12-17,Small Business,12,lukas.garcia.301@example.com,False
302,C000302,Marek,Jansen,Marek Jansen,F,1968-10-06,2022-06-29,Consumer,31,marek.jansen.302@example.com,True
303,C000303,Sofia,Brown,Sofia Brown,F,1987-01-19,2021-11-26,Consumer,11,sofia.brown.303@example.com,True
304,C000304,Filip,Nilsson,Filip Nilsson,F,1995-01-24,2021-07-20,Consumer,26,filip.nilsson.304@example.com,False
305,C000305,Marek,Smith,Marek Smith,F,1969-07-20,2024-11-13,Corporate,31,marek.smith.305@example.com,False
306,C000306,Lucia,Klein,Lucia Klein,M,1984-10-19,2023-02-05,Consumer,11,lucia.klein.306@example.com,True
307,C000307,Julia,Lewandowski,Julia Lewandowski,Unknown,1987-11-14,2020-07-10,Consumer,13,julia.lewandowski.307@example.com,False
308,C000308,Adam,Novak,Adam Novak,Unknown,2003-02-03,2021-05-19,Consumer,3,adam.novak.308@example.com,True
309,C000309,Julia,Dubois,Julia Dubois,F,1978-01-23,2022-12-03,Small Business,28,julia.dubois.309@example.com,False
310,C000310,Hugo,Nilsson,Hugo Nilsson,F,2002-12-19,2024-02-11,Consumer,25,hugo.nilsson.310@example.com,False
311,C000311,Marco,Nilsson,Marco Nilsson,Unknown,1989-07-09,2021-07-03,Corporate,6,marco.nilsson.311@example.com,True
312,C000312,Piotr,Novak,Piotr Novak,M,1955-07-21,2023-03-13,Consumer,34,piotr.novak.312@example.com,True
313,C000313,Ola,Lewandowski,Ola Lewandowski,Unknown,1989-07-19,2022-07-10,Consumer,17,ola.lewandowski.313@example.com,True
314,C000314,Lukas,Garcia,Lukas Garcia,Unknown,1990-09-16,2023-01-05,Consumer,31,lukas.garcia.314@example.com,False
315,C000315,Piotr,Martin,Piotr Martin,F,1969-08-26,2020-12-12,Consumer,9,piotr.martin.315@example.com,True
316,C000316,Adam,Nilsson,Adam Nilsson,M,1999-11-23,2022-10-04,VIP,22,adam.nilsson.316@example.com,True
317,C000317,Sofia,Jansen,Sofia Jansen,F,1993-07-03,2023-04-19,Consumer,6,sofia.jansen.317@example.com,False
318,C000318,Eva,Nilsson,Eva Nilsson,F,1996-09-10,2020-04-30,Corporate,25,eva.nilsson.318@example.com,False
319,C000319,Julia,Rossi,Julia Rossi,Unknown,1967-01-26,2023-03-09,Corporate,13,julia.rossi.319@example.com,False
320,C000320,Hugo,Muller,Hugo Muller,M,1996-01-06,2023-04-23,Consumer,3,hugo.muller.320@example.com,True
321,C000321,Julia,Kowalski,Julia Kowalski,M,2002-12-03,2024-10-30,Corporate,13,julia.kowalski.321@example.com,False
322,C000322,Hugo,Lewandowski,Hugo Lewandowski,M,1972-04-20,2024-01-03,Corporate,23,hugo.lewandowski.322@example.com,True
323,C000323,Julia,Nowak,Julia Nowak,F,1990-02-17,2023-01-31,Small Business,27,julia.nowak.323@example.com,False
324,C000324,Lena,Rossi,Lena Rossi,F,1999-08-13,2023-02-19,Corporate,35,lena.rossi.324@example.com,False
325,C000325,Kasia,Klein,Kasia Klein,F,1992-01-16,2023-02-14,Consumer,30,kasia.klein.325@example.com,False
326,C000326,Noah,Wojcik,Noah Wojcik,F,1975-07-12,2023-07-24,Corporate,15,noah.wojcik.326@example.com,True
327,C000327,Marta,Dubois,Marta Dubois,Unknown,1998-12-27,2021-06-20,Small Business,19,marta.dubois.327@example.com,False
328,C000328,Emma,Klein,Emma Klein,M,1991-05-06,2020-12-22,Corporate,23,emma.klein.328@example.com,True
329,C000329,Ola,Muller,Ola Muller,F,1969-04-27,2023-04-20,Small Business,16,ola.muller.329@example.com,True
330,C000330,Marek,Nilsson,Marek Nilsson,M,1955-09-02,2022-04-30,Corporate,6,marek.nilsson.330@example.com,False
331,C000331,Marek,Smith,Marek Smith,Unknown,2003-09-09,2022-02-17,Consumer,18,marek.smith.331@example.com,False
332,C000332,Marek,Novak,Marek Novak,M,1957-09-12,2021-11-16,VIP,28,marek.novak.332@example.com,False
333,C000333,Lucia,Martin,Lucia Martin,Unknown,1955-01-22,2023-07-17,Consumer,30,lucia.martin.333@example.com,True
334,C000334,Lukas,Novak,Lukas Novak,M,1971-04-09,2022-08-09,Consumer,17,lukas.novak.334@example.com,False
335,C000335,Hugo,Garcia,Hugo Garcia,F,1980-05-15,2024-09-13,VIP,27,hugo.garcia.335@example.com,False
336,C000336,Ola,Wojcik,Ola Wojcik,F,1970-09-14,2021-09-27,Consumer,7,ola.wojcik.336@example.com,False
337,C000337,Marek,Wojcik,Marek Wojcik,Unknown,1955-03-14,2021-05-10,Consumer,10,marek.wojcik.337@example.com,False
338,C000338,Marco,Rossi,Marco Rossi,Unknown,1990-10-02,2021-06-10,Consumer,32,marco.rossi.338@example.com,True
339,C000339,Marek,Lewandowski,Marek Lewandowski,M,1995-02-15,2021-10-16,Consumer,17,marek.lewandowski.339@example.com,False
340,C000340,Hugo,Kowalski,Hugo Kowalski,Unknown,1981-02-12,2020-09-07,Corporate,17,hugo.kowalski.340@example.com,False
341,C000341,Marco,Garcia,Marco Garcia,F,1975-11-17,2023-02-21,Consumer,12,marco.garcia.341@example.com,True
342,C000342,Lukas,Brown,Lukas Brown,M,1976-07-21,2023-06-28,Small Business,10,lukas.brown.342@example.com,True
343,C000343,Lucia,Muller,Lucia Muller,Unknown,1975-06-21,2022-09-07,Corporate,11,lucia.muller.343@example.com,True
344,C000344,Hugo,Martin,Hugo Martin,F,1992-09-15,2021-10-12,Small Business,29,hugo.martin.344@example.com,True
345,C000345,Ola,Martin,Ola Martin,M,1999-12-03,2022-05-07,Consumer,16,ola.martin.345@example.com,True
346,C000346,Adam,Kowalski,Adam Kowalski,F,1956-07-17,2020-04-28,Consumer,31,adam.kowalski.346@example.com,True
347,C000347,Marco,Muller,Marco Muller,F,1970-12-10,2021-06-20,Consumer,25,marco.muller.347@example.com,True
348,C000348,Hugo,Lewandowski,Hugo Lewandowski,M,1975-08-15,2022-08-05,Consumer,3,hugo.lewandowski.348@example.com,True
349,C000349,Lukas,Nilsson,Lukas Nilsson,M,1993-08-21,2023-01-25,Consumer,35,lukas.nilsson.349@example.com,False
350,C000350,Hugo,Jansen,Hugo Jansen,M,1989-04-26,2024-03-24,Consumer,20,hugo.jansen.350@example.com,True
351,C000351,Anna,Kowalski,Anna Kowalski,Unknown,1988-03-12,2023-10-30,Consumer,20,anna.kowalski.351@example.com,False
352,C000352,Marco,Kowalski,Marco Kowalski,F,2004-07-26,2022-06-24,Consumer,31,marco.kowalski.352@example.com,True
353,C000353,Eva,Muller,Eva Muller,M,1965-12-24,2022-05-18,Consumer,28,eva.muller.353@example.com,True
354,C000354,Julia,Wojcik,Julia Wojcik,Unknown,1994-12-22,2022-11-02,Corporate,16,julia.wojcik.354@example.com,False
355,C000355,Emma,Lewandowski,Emma Lewandowski,Unknown,1959-03-05,2021-10-23,Consumer,27,emma.lewandowski.355@example.com,False
356,C000356,Emma,Garcia,Emma Garcia,F,1956-03-02,2020-08-17,VIP,32,emma.garcia.356@example.com,True
357,C000357,Kasia,Martin,Kasia Martin,M,1955-04-03,2021-08-30,Consumer,9,kasia.martin.357@example.com,False
358,C000358,Hugo,Jansen,Hugo Jansen,F,1999-01-11,2022-08-06,Consumer,32,hugo.jansen.358@example.com,True
359,C000359,Marek,Smith,Marek Smith,F,1967-05-27,2021-01-01,VIP,35,marek.smith.359@example.com,False
360,C000360,Kasia,Muller,Kasia Muller,Unknown,2002-01-07,2021-03-28,Corporate,25,kasia.muller.360@example.com,True
361,C000361,Marco,Klein,Marco Klein,Unknown,1975-03-21,2020-03-13,Small Business,25,marco.klein.361@example.com,False
362,C000362,Marek,Brown,Marek Brown,F,1974-04-12,2023-01-29,Consumer,17,marek.brown.362@example.com,False
363,C000363,Lukas,Wojcik,Lukas Wojcik,F,1972-10-04,2022-04-03,VIP,1,lukas.wojcik.363@example.com,False
364,C000364,Filip,Smith,Filip Smith,F,1978-02-08,2024-05-12,Corporate,31,filip.smith.364@example.com,True
365,C000365,Jan,Garcia,Jan Garcia,F,1996-03-23,2021-02-05,Consumer,4,jan.garcia.365@example.com,True
366,C000366,Kasia,Martin,Kasia Martin,Unknown,1967-01-23,2022-12-14,Consumer,23,kasia.martin.366@example.com,False
367,C000367,Kasia,Novak,Kasia Novak,Unknown,1973-09-23,2021-09-10,Consumer,32,kasia.novak.367@example.com,True
368,C000368,Ola,Lewandowski,Ola Lewandowski,F,1993-09-06,2024-10-14,Consumer,30,ola.lewandowski.368@example.com,False
369,C000369,Hugo,Jansen,Hugo Jansen,F,1955-11-17,2021-12-23,Corporate,35,hugo.jansen.369@example.com,True
370,C000370,Lucia,Martin,Lucia Martin,F,1959-11-18,2021-11-17,Consumer,16,lucia.martin.370@example.com,False
371,C000371,Filip,Rossi,Filip Rossi,F,1975-07-21,2021-09-20,Consumer,10,filip.rossi.371@example.com,True
372,C000372,Lukas,Lewandowski,Lukas Lewandowski,F,1957-04-04,2021-09-18,Consumer,9,lukas.lewandowski.372@example.com,False
373,C000373,Marek,Novak,Marek Novak,M,1994-12-19,2021-07-23,Consumer,25,marek.novak.373@example.com,False
374,C000374,Emma,Brown,Emma Brown,M,1986-02-15,2020-02-05,Corporate,1,emma.brown.374@example.com,False
375,C000375,Hugo,Wojcik,Hugo Wojcik,Unknown,2000-01-27,2021-10-06,Consumer,27,hugo.wojcik.375@example.com,True
376,C000376,Marta,Muller,Marta Muller,Unknown,1988-02-04,2021-04-07,Consumer,20,marta.muller.376@example.com,True
377,C000377,Lena,Brown,Lena Brown,Unknown,1966-09-24,2022-10-07,Consumer,16,lena.brown.377@example.com,False
378,C000378,Kasia,Martin,Kasia Martin,Unknown,1997-07-04,2022-07-19,Consumer,23,kasia.martin.378@example.com,True
379,C000379,Adam,Nilsson,Adam Nilsson,M,1983-06-11,2022-04-12,Consumer,11,adam.nilsson.379@example.com,False
380,C000380,Filip,Muller,Filip Muller,Unknown,1991-09-07,2024-01-13,Consumer,21,filip.muller.380@example.com,False
381,C000381,Eva,Kowalski,Eva Kowalski,Unknown,2001-01-10,2020-06-03,Consumer,29,eva.kowalski.381@example.com,False
382,C000382,Marco,Muller,Marco Muller,Unknown,1968-06-01,2021-05-21,Consumer,1,marco.muller.382@example.com,False
383,C000383,Piotr,Kowalski,Piotr Kowalski,M,1984-06-05,2023-02-06,Small Business,10,piotr.kowalski.383@example.com,True
384,C000384,Marco,Nowak,Marco Nowak,Unknown,1991-07-19,2021-10-29,Consumer,17,marco.nowak.384@example.com,False
385,C000385,Lena,Lewandowski,Lena Lewandowski,Unknown,1961-10-21,2021-05-15,Small Business,32,lena.lewandowski.385@example.com,True
386,C000386,Lucia,Garcia,Lucia Garcia,Unknown,1982-07-28,2022-12-08,Corporate,4,lucia.garcia.386@example.com,False
387,C000387,Eva,Kowalski,Eva Kowalski,Unknown,1974-09-02,2024-02-19,Consumer,1,eva.kowalski.387@example.com,False
388,C000388,Sofia,Kowalski,Sofia Kowalski,Unknown,1998-12-13,2023-12-24,Consumer,15,sofia.kowalski.388@example.com,False
389,C000389,Sofia,Smith,Sofia Smith,Unknown,1976-02-16,2020-09-03,Consumer,26,sofia.smith.389@example.com,True
390,C000390,Tomas,Wojcik,Tomas Wojcik,Unknown,1999-03-25,2024-04-26,Consumer,33,tomas.wojcik.390@example.com,True
391,C000391,Adam,Nilsson,Adam Nilsson,M,2002-09-08,2021-09-21,Small Business,13,adam.nilsson.391@example.com,True
392,C000392,Piotr,Brown,Piotr Brown,M,1981-07-12,2022-02-04,Consumer,6,piotr.brown.392@example.com,False
393,C000393,Lukas,Garcia,Lukas Garcia,F,1994-08-20,2024-01-24,Small Business,20,lukas.garcia.393@example.com,True
394,C000394,Sofia,Wojcik,Sofia Wojcik,F,2001-02-04,2020-03-26,Small Business,24,sofia.wojcik.394@example.com,False
395,C000395,Anna,Garcia,Anna Garcia,F,1999-02-10,2023-05-20,Consumer,19,anna.garcia.395@example.com,False
396,C000396,Emma,Novak,Emma Novak,Unknown,1988-05-18,2021-06-10,Corporate,14,emma.novak.396@example.com,True
397,C000397,Jan,Rossi,Jan Rossi,F,1965-01-10,2022-12-17,Consumer,34,jan.rossi.397@example.com,False
398,C000398,Eva,Brown,Eva Brown,F,1972-11-28,2022-03-04,Consumer,5,eva.brown.398@example.com,False
399,C000399,Noah,Dubois,Noah Dubois,Unknown,1987-12-04,2023-11-01,Consumer,25,noah.dubois.399@example.com,True
400,C000400,Kasia,Novak,Kasia Novak,M,2000-01-02,2024-04-11,Consumer,33,kasia.novak.400@example.com,True
401,C000401,Anna,Garcia,Anna Garcia,F,1998-06-12,2021-12-11,VIP,11,anna.garcia.401@example.com,False
402,C000402,Jan,Brown,Jan Brown,M,1971-07-27,2025-01-11,Consumer,18,jan.brown.402@example.com,True
403,C000403,Sofia,Nowak,Sofia Nowak,M,2001-07-17,2021-05-17,Consumer,26,sofia.nowak.403@example.com,True
404,C000404,Filip,Garcia,Filip Garcia,Unknown,1983-09-05,2022-03-14,Consumer,20,filip.garcia.404@example.com,False
405,C000405,Marco,Martin,Marco Martin,Unknown,2000-09-05,2021-08-11,Small Business,9,marco.martin.405@example.com,False
406,C000406,Marta,Novak,Marta Novak,F,1989-12-04,2023-04-08,Corporate,21,marta.novak.406@example.com,False
407,C000407,Tomas,Rossi,Tomas Rossi,F,1983-12-27,2021-10-01,Small Business,27,tomas.rossi.407@example.com,True
408,C000408,Anna,Wojcik,Anna Wojcik,Unknown,1994-10-09,2023-06-26,Consumer,12,anna.wojcik.408@example.com,True
409,C000409,Hugo,Nowak,Hugo Nowak,Unknown,1999-08-05,2023-03-23,Corporate,2,hugo.nowak.409@example.com,True
410,C000410,Marek,Jansen,Marek Jansen,M,1963-03-07,2021-07-20,Corporate,25,marek.jansen.410@example.com,True
411,C000411,Tomas,Muller,Tomas Muller,F,2002-11-07,2021-01-09,Consumer,18,tomas.muller.411@example.com,False
412,C000412,Filip,Jansen,Filip Jansen,M,1999-06-28,2022-02-07,Consumer,29,filip.jansen.412@example.com,True
413,C000413,Lucia,Dubois,Lucia Dubois,Unknown,1994-12-19,2023-05-06,Corporate,25,lucia.dubois.413@example.com,False
414,C000414,Julia,Nowak,Julia Nowak,F,1983-08-27,2019-10-12,Consumer,3,julia.nowak.414@example.com,True
415,C000415,Adam,Dubois,Adam Dubois,M,1988-11-02,2023-02-07,Consumer,3,adam.dubois.415@example.com,True
416,C000416,Kasia,Smith,Kasia Smith,F,1982-05-20,2024-09-30,Consumer,19,kasia.smith.416@example.com,False
417,C000417,Julia,Nowak,Julia Nowak,M,1966-10-23,2021-03-25,Consumer,6,julia.nowak.417@example.com,False
418,C000418,Kasia,Nilsson,Kasia Nilsson,M,2000-04-15,2023-02-25,Corporate,12,kasia.nilsson.418@example.com,False
419,C000419,Piotr,Nowak,Piotr Nowak,F,1962-12-15,2022-04-05,Consumer,11,piotr.nowak.419@example.com,True
420,C000420,Filip,Smith,Filip Smith,M,1979-09-13,2022-11-02,Corporate,33,filip.smith.420@example.com,False
421,C000421,Lukas,Lewandowski,Lukas Lewandowski,M,1964-03-25,2020-04-17,Consumer,10,lukas.lewandowski.421@example.com,False
422,C000422,Marco,Brown,Marco Brown,Unknown,1966-02-05,2021-06-15,Corporate,29,marco.brown.422@example.com,True
423,C000423,Marek,Novak,Marek Novak,Unknown,1955-10-16,2022-07-21,Corporate,32,marek.novak.423@example.com,False
424,C000424,Marta,Nilsson,Marta Nilsson,Unknown,1993-01-08,2022-01-10,Corporate,29,marta.nilsson.424@example.com,False
425,C000425,Jan,Smith,Jan Smith,F,1964-01-21,2021-03-25,Small Business,14,jan.smith.425@example.com,False
426,C000426,Lucia,Klein,Lucia Klein,F,1960-01-04,2021-11-01,Corporate,20,lucia.klein.426@example.com,False
427,C000427,Kasia,Martin,Kasia Martin,M,1992-06-02,2023-06-02,Consumer,12,kasia.martin.427@example.com,True
428,C000428,Tomas,Lewandowski,Tomas Lewandowski,F,1990-02-10,2021-06-08,Corporate,5,tomas.lewandowski.428@example.com,True
429,C000429,Tomas,Novak,Tomas Novak,F,1968-12-07,2020-08-12,Corporate,34,tomas.novak.429@example.com,False
430,C000430,Marta,Jansen,Marta Jansen,M,2001-12-20,2021-05-27,Corporate,34,marta.jansen.430@example.com,True
431,C000431,Lena,Nilsson,Lena Nilsson,Unknown,1977-03-20,2023-03-17,Corporate,34,lena.nilsson.431@example.com,False
432,C000432,Filip,Muller,Filip Muller,F,2000-05-07,2022-08-30,Consumer,12,filip.muller.432@example.com,False
433,C000433,Filip,Dubois,Filip Dubois,Unknown,1981-01-11,2024-02-29,Consumer,14,filip.dubois.433@example.com,False
434,C000434,Ola,Wojcik,Ola Wojcik,M,1959-05-10,2023-09-01,Corporate,19,ola.wojcik.434@example.com,True
435,C000435,Lucia,Dubois,Lucia Dubois,F,2001-10-20,2022-11-27,Consumer,22,lucia.dubois.435@example.com,True
436,C000436,Marek,Wojcik,Marek Wojcik,Unknown,1957-11-05,2021-07-10,Consumer,31,marek.wojcik.436@example.com,False
437,C000437,Kasia,Wojcik,Kasia Wojcik,M,1981-12-02,2022-08-01,Corporate,22,kasia.wojcik.437@example.com,False
438,C000438,Anna,Muller,Anna Muller,F,1991-11-11,2021-09-29,VIP,35,anna.muller.438@example.com,True
439,C000439,Lucia,Dubois,Lucia Dubois,Unknown,1995-09-27,2024-09-27,Consumer,2,lucia.dubois.439@example.com,False
440,C000440,Lucia,Martin,Lucia Martin,F,1957-05-14,2024-07-18,Consumer,20,lucia.martin.440@example.com,False
441,C000441,Emma,Novak,Emma Novak,F,1974-03-04,2021-02-28,Small Business,20,emma.novak.441@example.com,False
442,C000442,Marek,Klein,Marek Klein,Unknown,1987-03-07,2023-10-05,Small Business,2,marek.klein.442@example.com,True
443,C000443,Sofia,Wojcik,Sofia Wojcik,Unknown,1961-09-22,2022-10-13,Consumer,21,sofia.wojcik.443@example.com,True
444,C000444,Piotr,Kowalski,Piotr Kowalski,M,1974-01-22,2020-02-11,Consumer,34,piotr.kowalski.444@example.com,True
445,C000445,Marco,Kowalski,Marco Kowalski,F,1991-05-21,2023-03-20,Consumer,34,marco.kowalski.445@example.com,True
446,C000446,Kasia,Brown,Kasia Brown,F,1962-05-05,2023-02-04,Consumer,21,kasia.brown.446@example.com,False
447,C000447,Piotr,Muller,Piotr Muller,F,1989-06-18,2022-08-18,Small Business,33,piotr.muller.447@example.com,False
448,C000448,Lukas,Nowak,Lukas Nowak,F,1974-10-11,2022-12-22,Consumer,16,lukas.nowak.448@example.com,False
449,C000449,Piotr,Dubois,Piotr Dubois,Unknown,1958-02-14,2021-11-27,Corporate,4,piotr.dubois.449@example.com,False
450,C000450,Filip,Garcia,Filip Garcia,F,1974-06-27,2024-06-09,VIP,29,filip.garcia.450@example.com,False
451,C000451,Lena,Smith,Lena Smith,M,1960-12-15,2024-04-14,Corporate,30,lena.smith.451@example.com,False
452,C000452,Marek,Muller,Marek Muller,M,1969-03-28,2021-09-20,Consumer,30,marek.muller.452@example.com,False
453,C000453,Lucia,Jansen,Lucia Jansen,M,1986-01-03,2021-04-21,Consumer,22,lucia.jansen.453@example.com,False
454,C000454,Hugo,Nilsson,Hugo Nilsson,Unknown,1991-03-17,2023-12-27,Small Business,19,hugo.nilsson.454@example.com,True
455,C000455,Marco,Novak,Marco Novak,Unknown,1984-07-19,2022-03-07,Consumer,5,marco.novak.455@example.com,True
456,C000456,Eva,Nowak,Eva Nowak,M,1976-04-27,2022-06-22,Corporate,31,eva.nowak.456@example.com,True
457,C000457,Lukas,Brown,Lukas Brown,M,1997-02-24,2023-03-24,Consumer,16,lukas.brown.457@example.com,False
458,C000458,Adam,Nowak,Adam Nowak,Unknown,1983-03-10,2021-04-03,Consumer,21,adam.nowak.458@example.com,False
459,C000459,Lucia,Jansen,Lucia Jansen,F,1996-11-02,2022-12-20,Small Business,25,lucia.jansen.459@example.com,False
460,C000460,Sofia,Brown,Sofia Brown,Unknown,1964-08-18,2023-05-16,Corporate,1,sofia.brown.460@example.com,True
461,C000461,Marco,Nilsson,Marco Nilsson,F,1998-05-14,2021-12-02,Corporate,21,marco.nilsson.461@example.com,False
462,C000462,Eva,Lewandowski,Eva Lewandowski,F,1963-05-02,2024-01-17,Consumer,33,eva.lewandowski.462@example.com,False
463,C000463,Piotr,Lewandowski,Piotr Lewandowski,Unknown,1973-01-08,2023-01-01,Consumer,23,piotr.lewandowski.463@example.com,True
464,C000464,Tomas,Novak,Tomas Novak,F,1968-11-06,2021-06-13,Corporate,25,tomas.novak.464@example.com,False
465,C000465,Tomas,Smith,Tomas Smith,F,1973-11-05,2021-09-09,Corporate,24,tomas.smith.465@example.com,True
466,C000466,Tomas,Smith,Tomas Smith,M,1960-03-21,2022-01-27,Small Business,32,tomas.smith.466@example.com,False
467,C000467,Filip,Smith,Filip Smith,M,1984-09-14,2022-12-23,Consumer,28,filip.smith.467@example.com,True
468,C000468,Lena,Jansen,Lena Jansen,M,2001-04-23,2022-02-08,Small Business,1,lena.jansen.468@example.com,False
469,C000469,Jan,Nilsson,Jan Nilsson,M,1985-12-12,2024-12-09,VIP,3,jan.nilsson.469@example.com,True
470,C000470,Ola,Jansen,Ola Jansen,F,1988-02-17,2020-10-15,Consumer,34,ola.jansen.470@example.com,False
471,C000471,Adam,Wojcik,Adam Wojcik,Unknown,1992-05-20,2023-10-12,Small Business,5,adam.wojcik.471@example.com,False
472,C000472,Marek,Nilsson,Marek Nilsson,M,2001-06-14,2022-08-31,Consumer,33,marek.nilsson.472@example.com,False
473,C000473,Lena,Rossi,Lena Rossi,Unknown,1958-11-16,2021-04-30,Consumer,20,lena.rossi.473@example.com,False
474,C000474,Marco,Jansen,Marco Jansen,M,1960-03-17,2023-05-07,Consumer,2,marco.jansen.474@example.com,True
475,C000475,Anna,Martin,Anna Martin,Unknown,1962-10-06,2021-03-11,Consumer,17,anna.martin.475@example.com,False
476,C000476,Noah,Jansen,Noah Jansen,F,1966-09-28,2023-11-01,VIP,17,noah.jansen.476@example.com,False
477,C000477,Marek,Wojcik,Marek Wojcik,Unknown,1981-07-08,2022-08-14,Corporate,10,marek.wojcik.477@example.com,True
478,C000478,Jan,Brown,Jan Brown,M,1971-02-02,2024-02-19,Consumer,23,jan.brown.478@example.com,False
479,C000479,Noah,Dubois,Noah Dubois,F,1998-12-13,2022-02-22,Consumer,35,noah.dubois.479@example.com,False
480,C000480,Kasia,Dubois,Kasia Dubois,F,1998-06-17,2020-04-26,Small Business,19,kasia.dubois.480@example.com,False
481,C000481,Filip,Klein,Filip Klein,F,1996-05-11,2022-09-28,Consumer,28,filip.klein.481@example.com,False
482,C000482,Noah,Martin,Noah Martin,M,1998-10-25,2024-05-15,Corporate,30,noah.martin.482@example.com,False
483,C000483,Adam,Kowalski,Adam Kowalski,M,1998-01-27,2021-11-17,Consumer,21,adam.kowalski.483@example.com,True
484,C000484,Hugo,Muller,Hugo Muller,F,2001-05-09,2021-08-26,Corporate,29,hugo.muller.484@example.com,True
485,C000485,Filip,Brown,Filip Brown,M,1962-12-04,2022-06-28,Corporate,14,filip.brown.485@example.com,False
486,C000486,Piotr,Martin,Piotr Martin,Unknown,1966-05-10,2021-02-12,Consumer,12,piotr.martin.486@example.com,False
487,C000487,Lucia,Rossi,Lucia Rossi,M,1965-02-09,2020-03-04,Consumer,28,lucia.rossi.487@example.com,False
488,C000488,Ola,Smith,Ola Smith,F,1983-02-16,2023-08-23,Corporate,17,ola.smith.488@example.com,True
489,C000489,Tomas,Muller,Tomas Muller,F,1994-11-04,2022-03-20,Consumer,35,tomas.muller.489@example.com,True
490,C000490,Kasia,Kowalski,Kasia Kowalski,F,1986-03-21,2020-03-18,Corporate,17,kasia.kowalski.490@example.com,True
491,C000491,Eva,Nilsson,Eva Nilsson,M,1955-09-23,2022-08-04,Consumer,22,eva.nilsson.491@example.com,False
492,C000492,Adam,Muller,Adam Muller,F,1955-07-23,2022-05-31,Corporate,5,adam.muller.492@example.com,False
493,C000493,Lucia,Brown,Lucia Brown,M,1974-07-02,2020-09-26,Consumer,23,lucia.brown.493@example.com,False
494,C000494,Kasia,Wojcik,Kasia Wojcik,Unknown,2004-05-21,2022-06-04,Consumer,6,kasia.wojcik.494@example.com,True
495,C000495,Marco,Martin,Marco Martin,M,1979-02-21,2022-01-31,Consumer,13,marco.martin.495@example.com,False
496,C000496,Sofia,Kowalski,Sofia Kowalski,M,1967-01-24,2021-09-04,Consumer,13,sofia.kowalski.496@example.com,False
497,C000497,Marek,Novak,Marek Novak,M,1983-01-02,2021-05-13,Small Business,20,marek.novak.497@example.com,True
498,C000498,Emma,Wojcik,Emma Wojcik,F,1996-11-17,2023-09-22,Corporate,8,emma.wojcik.498@example.com,True
499,C000499,Jan,Martin,Jan Martin,Unknown,1964-08-21,2024-08-04,Consumer,5,jan.martin.499@example.com,False
500,C000500,Anna,Smith,Anna Smith,M,1995-01-10,2020-03-31,Corporate,9,anna.smith.500@example.com,False
501,C000501,Piotr,Nowak,Piotr Nowak,F,1986-10-26,2021-07-06,Small Business,5,piotr.nowak.501@example.com,False
502,C000502,Lucia,Nowak,Lucia Nowak,F,1998-10-18,2023-06-03,Corporate,26,lucia.nowak.502@example.com,False
503,C000503,Marta,Nowak,Marta Nowak,Unknown,1972-03-25,2021-10-12,Consumer,22,marta.nowak.503@example.com,True
504,C000504,Lena,Kowalski,Lena Kowalski,F,1963-02-26,2021-09-26,Consumer,16,lena.kowalski.504@example.com,False
505,C000505,Anna,Smith,Anna Smith,M,1960-12-21,2021-12-06,Corporate,1,anna.smith.505@example.com,False
506,C000506,Sofia,Muller,Sofia Muller,M,1964-11-09,2023-01-23,Consumer,31,sofia.muller.506@example.com,True
507,C000507,Filip,Smith,Filip Smith,M,2000-08-20,2023-06-11,Consumer,3,filip.smith.507@example.com,False
508,C000508,Piotr,Novak,Piotr Novak,Unknown,1961-10-12,2022-08-11,Consumer,13,piotr.novak.508@example.com,False
509,C000509,Ola,Kowalski,Ola Kowalski,M,1967-02-26,2024-03-30,Consumer,14,ola.kowalski.509@example.com,False
510,C000510,Jan,Brown,Jan Brown,M,1978-05-07,2022-03-11,Corporate,3,jan.brown.510@example.com,False
511,C000511,Jan,Nowak,Jan Nowak,F,2002-01-18,2022-05-24,Consumer,30,jan.nowak.511@example.com,True
512,C000512,Kasia,Nilsson,Kasia Nilsson,F,1992-06-14,2023-04-10,Small Business,16,kasia.nilsson.512@example.com,True
513,C000513,Noah,Martin,Noah Martin,M,1981-04-13,2021-10-18,Corporate,7,noah.martin.513@example.com,True
514,C000514,Sofia,Muller,Sofia Muller,F,1994-08-06,2023-01-04,Consumer,28,sofia.muller.514@example.com,True
515,C000515,Ola,Muller,Ola Muller,F,1976-03-02,2023-04-02,Consumer,23,ola.muller.515@example.com,True
516,C000516,Kasia,Dubois,Kasia Dubois,Unknown,1965-06-08,2022-01-20,VIP,30,kasia.dubois.516@example.com,False
517,C000517,Marta,Dubois,Marta Dubois,M,1988-08-28,2024-01-19,Consumer,15,marta.dubois.517@example.com,False
518,C000518,Noah,Garcia,Noah Garcia,Unknown,1982-10-08,2021-03-07,Small Business,16,noah.garcia.518@example.com,True
519,C000519,Jan,Jansen,Jan Jansen,M,2001-09-02,2023-10-15,Consumer,3,jan.jansen.519@example.com,False
520,C000520,Kasia,Jansen,Kasia Jansen,Unknown,1970-02-18,2019-12-17,Corporate,7,kasia.jansen.520@example.com,False
521,C000521,Hugo,Rossi,Hugo Rossi,Unknown,1970-11-03,2024-08-24,Consumer,9,hugo.rossi.521@example.com,False
522,C000522,Kasia,Jansen,Kasia Jansen,F,2004-03-28,2022-04-21,Small Business,2,kasia.jansen.522@example.com,True
523,C000523,Anna,Lewandowski,Anna Lewandowski,Unknown,1995-02-13,2021-12-06,Consumer,30,anna.lewandowski.523@example.com,False
524,C000524,Filip,Novak,Filip Novak,Unknown,1991-04-26,2020-07-14,Small Business,18,filip.novak.524@example.com,False
525,C000525,Julia,Klein,Julia Klein,M,1998-06-02,2023-11-03,Consumer,4,julia.klein.525@example.com,True
526,C000526,Lukas,Brown,Lukas Brown,F,1990-12-03,2021-07-30,VIP,24,lukas.brown.526@example.com,True
527,C000527,Marek,Martin,Marek Martin,Unknown,2003-10-28,2021-03-17,Corporate,8,marek.martin.527@example.com,True
528,C000528,Julia,Brown,Julia Brown,M,1982-05-02,2023-12-01,Consumer,18,julia.brown.528@example.com,False
529,C000529,Marek,Martin,Marek Martin,M,1989-11-27,2022-02-23,Corporate,8,marek.martin.529@example.com,False
530,C000530,Emma,Klein,Emma Klein,M,1984-02-03,2021-11-28,VIP,5,emma.klein.530@example.com,True
531,C000531,Ola,Nowak,Ola Nowak,Unknown,1999-03-16,2022-09-22,VIP,11,ola.nowak.531@example.com,True
532,C000532,Adam,Klein,Adam Klein,Unknown,1963-08-12,2023-04-25,Corporate,27,adam.klein.532@example.com,True
533,C000533,Anna,Lewandowski,Anna Lewandowski,Unknown,1969-09-21,2023-05-16,Consumer,5,anna.lewandowski.533@example.com,False
534,C000534,Marek,Nilsson,Marek Nilsson,M,1997-12-17,2022-09-19,Consumer,21,marek.nilsson.534@example.com,False
535,C000535,Lukas,Wojcik,Lukas Wojcik,F,1971-04-16,2022-07-30,Consumer,20,lukas.wojcik.535@example.com,True
536,C000536,Filip,Klein,Filip Klein,F,1965-12-18,2022-03-23,Small Business,11,filip.klein.536@example.com,False
537,C000537,Lukas,Muller,Lukas Muller,M,1962-01-11,2021-02-06,Consumer,10,lukas.muller.537@example.com,True
538,C000538,Lucia,Garcia,Lucia Garcia,Unknown,1964-06-15,2021-05-26,Consumer,3,lucia.garcia.538@example.com,False
539,C000539,Marek,Wojcik,Marek Wojcik,Unknown,1964-08-11,2021-08-03,Consumer,26,marek.wojcik.539@example.com,False
540,C000540,Marek,Klein,Marek Klein,Unknown,1973-10-22,2024-10-04,Small Business,19,marek.klein.540@example.com,False
541,C000541,Marek,Klein,Marek Klein,M,1957-03-22,2021-02-10,Consumer,8,marek.klein.541@example.com,False
542,C000542,Kasia,Garcia,Kasia Garcia,Unknown,1960-06-02,2021-05-23,Consumer,15,kasia.garcia.542@example.com,False
543,C000543,Emma,Kowalski,Emma Kowalski,Unknown,1960-09-28,2021-03-29,Consumer,18,emma.kowalski.543@example.com,False
544,C000544,Jan,Klein,Jan Klein,M,1997-06-13,2023-12-26,Consumer,33,jan.klein.544@example.com,True
545,C000545,Hugo,Rossi,Hugo Rossi,Unknown,1983-09-03,2023-11-21,VIP,23,hugo.rossi.545@example.com,False
546,C000546,Lukas,Wojcik,Lukas Wojcik,Unknown,2001-07-24,2021-08-15,Corporate,19,lukas.wojcik.546@example.com,True
547,C000547,Marek,Lewandowski,Marek Lewandowski,F,1988-06-03,2022-06-15,Consumer,20,marek.lewandowski.547@example.com,False
548,C000548,Tomas,Smith,Tomas Smith,F,1990-08-23,2021-03-06,Consumer,18,tomas.smith.548@example.com,True
549,C000549,Jan,Lewandowski,Jan Lewandowski,Unknown,1974-10-10,2023-10-03,Consumer,32,jan.lewandowski.549@example.com,True
550,C000550,Sofia,Rossi,Sofia Rossi,F,1974-11-27,2022-11-13,Corporate,1,sofia.rossi.550@example.com,False
551,C000551,Lukas,Jansen,Lukas Jansen,M,1999-11-08,2022-08-04,Consumer,27,lukas.jansen.551@example.com,False
552,C000552,Lena,Jansen,Lena Jansen,Unknown,1991-07-28,2023-12-12,Small Business,24,lena.jansen.552@example.com,True
553,C000553,Ola,Smith,Ola Smith,Unknown,1992-01-05,2023-09-10,Consumer,2,ola.smith.553@example.com,True
554,C000554,Hugo,Dubois,Hugo Dubois,Unknown,1995-06-02,2022-10-29,Corporate,18,hugo.dubois.554@example.com,True
555,C000555,Lukas,Wojcik,Lukas Wojcik,M,1961-10-25,2024-07-31,Small Business,13,lukas.wojcik.555@example.com,False
556,C000556,Ola,Brown,Ola Brown,Unknown,1999-12-12,2024-09-23,Consumer,20,ola.brown.556@example.com,True
557,C000557,Julia,Rossi,Julia Rossi,F,1978-08-14,2021-12-17,Consumer,9,julia.rossi.557@example.com,False
558,C000558,Adam,Nilsson,Adam Nilsson,Unknown,1999-09-28,2023-08-08,Corporate,13,adam.nilsson.558@example.com,True
559,C000559,Marta,Nowak,Marta Nowak,Unknown,1963-01-16,2022-10-10,Consumer,30,marta.nowak.559@example.com,False
560,C000560,Lucia,Smith,Lucia Smith,F,2000-05-01,2020-07-30,Consumer,34,lucia.smith.560@example.com,False
561,C000561,Marco,Smith,Marco Smith,F,1968-03-03,2021-06-08,Consumer,15,marco.smith.561@example.com,False
562,C000562,Jan,Muller,Jan Muller,Unknown,1961-01-26,2023-01-12,Consumer,28,jan.muller.562@example.com,True
563,C000563,Jan,Nowak,Jan Nowak,F,1974-11-01,2020-06-05,Small Business,17,jan.nowak.563@example.com,True
564,C000564,Lukas,Brown,Lukas Brown,Unknown,1977-01-03,2023-02-24,Consumer,13,lukas.brown.564@example.com,True
565,C000565,Filip,Muller,Filip Muller,F,1987-10-03,2024-12-19,Consumer,33,filip.muller.565@example.com,False
566,C000566,Lukas,Klein,Lukas Klein,F,2003-09-01,2020-07-10,Small Business,19,lukas.klein.566@example.com,False
567,C000567,Hugo,Martin,Hugo Martin,F,1992-03-15,2020-09-18,Small Business,31,hugo.martin.567@example.com,False
568,C000568,Emma,Novak,Emma Novak,F,1969-07-04,2021-08-18,Consumer,28,emma.novak.568@example.com,False
569,C000569,Hugo,Martin,Hugo Martin,M,1973-09-24,2022-05-08,Consumer,32,hugo.martin.569@example.com,True
570,C000570,Filip,Martin,Filip Martin,Unknown,1974-11-27,2022-01-09,Consumer,30,filip.martin.570@example.com,False
571,C000571,Emma,Lewandowski,Emma Lewandowski,F,1959-08-22,2021-12-23,VIP,28,emma.lewandowski.571@example.com,False
572,C000572,Eva,Jansen,Eva Jansen,F,1988-11-22,2022-06-07,Consumer,7,eva.jansen.572@example.com,False
573,C000573,Lukas,Nowak,Lukas Nowak,F,1978-04-11,2023-09-15,Consumer,7,lukas.nowak.573@example.com,False
574,C000574,Ola,Wojcik,Ola Wojcik,M,2000-10-19,2023-06-25,Consumer,32,ola.wojcik.574@example.com,False
575,C000575,Marek,Novak,Marek Novak,F,1972-03-25,2021-05-02,Consumer,26,marek.novak.575@example.com,False
576,C000576,Anna,Nowak,Anna Nowak,Unknown,2002-01-27,2024-08-09,Consumer,9,anna.nowak.576@example.com,True
577,C000577,Sofia,Rossi,Sofia Rossi,Unknown,1994-10-04,2020-04-19,Corporate,21,sofia.rossi.577@example.com,False
578,C000578,Emma,Rossi,Emma Rossi,Unknown,1997-08-16,2022-01-20,Consumer,30,emma.rossi.578@example.com,False
579,C000579,Anna,Wojcik,Anna Wojcik,M,1957-07-04,2023-06-14,Small Business,35,anna.wojcik.579@example.com,False
580,C000580,Jan,Smith,Jan Smith,Unknown,1990-11-28,2021-07-07,Consumer,3,jan.smith.580@example.com,False
581,C000581,Eva,Jansen,Eva Jansen,Unknown,2003-02-19,2022-11-10,Corporate,20,eva.jansen.581@example.com,False
582,C000582,Marek,Novak,Marek Novak,M,1965-09-02,2022-05-20,Corporate,31,marek.novak.582@example.com,True
583,C000583,Marco,Garcia,Marco Garcia,M,1958-01-19,2022-08-05,Consumer,23,marco.garcia.583@example.com,False
584,C000584,Lucia,Dubois,Lucia Dubois,M,1961-07-12,2023-04-24,Consumer,2,lucia.dubois.584@example.com,True
585,C000585,Marco,Nilsson,Marco Nilsson,F,1960-12-03,2021-04-11,Consumer,16,marco.nilsson.585@example.com,True
586,C000586,Jan,Jansen,Jan Jansen,M,1997-07-19,2022-12-02,Consumer,21,jan.jansen.586@example.com,False
587,C000587,Lucia,Dubois,Lucia Dubois,M,1991-07-11,2020-12-11,Consumer,2,lucia.dubois.587@example.com,False
588,C000588,Marek,Novak,Marek Novak,M,2003-11-11,2023-03-20,VIP,22,marek.novak.588@example.com,True
589,C000589,Adam,Muller,Adam Muller,M,1973-05-02,2024-05-20,Small Business,5,adam.muller.589@example.com,False
590,C000590,Lena,Nowak,Lena Nowak,Unknown,1992-06-09,2024-12-28,Consumer,6,lena.nowak.590@example.com,True
591,C000591,Marco,Novak,Marco Novak,F,1974-07-22,2022-03-31,Consumer,5,marco.novak.591@example.com,True
592,C000592,Kasia,Brown,Kasia Brown,F,2003-09-06,2024-11-04,Corporate,33,kasia.brown.592@example.com,True
593,C000593,Ola,Klein,Ola Klein,Unknown,1995-09-26,2022-09-17,Corporate,30,ola.klein.593@example.com,True
594,C000594,Hugo,Jansen,Hugo Jansen,M,1964-04-05,2021-08-04,Consumer,13,hugo.jansen.594@example.com,False
595,C000595,Emma,Lewandowski,Emma Lewandowski,M,1981-05-27,2022-02-05,Corporate,5,emma.lewandowski.595@example.com,True
596,C000596,Piotr,Smith,Piotr Smith,M,1967-01-08,2021-07-04,Consumer,16,piotr.smith.596@example.com,False
597,C000597,Jan,Muller,Jan Muller,M,1965-05-05,2023-05-16,Corporate,28,jan.muller.597@example.com,True
598,C000598,Marek,Wojcik,Marek Wojcik,Unknown,1956-01-28,2023-07-12,Consumer,3,marek.wojcik.598@example.com,True
599,C000599,Hugo,Brown,Hugo Brown,F,1997-02-13,2020-06-08,Consumer,27,hugo.brown.599@example.com,False
600,C000600,Julia,Brown,Julia Brown,F,1992-09-09,2021-02-11,Corporate,8,julia.brown.600@example.com,False
601,C000601,Lucia,Lewandowski,Lucia Lewandowski,M,1992-12-13,2021-01-24,Consumer,21,lucia.lewandowski.601@example.com,True
602,C000602,Ola,Jansen,Ola Jansen,M,1981-05-28,2020-08-30,Consumer,14,ola.jansen.602@example.com,False
603,C000603,Lucia,Novak,Lucia Novak,F,1982-08-22,2022-11-13,Consumer,8,lucia.novak.603@example.com,False
604,C000604,Anna,Brown,Anna Brown,Unknown,1993-01-27,2020-03-26,Small Business,20,anna.brown.604@example.com,False
605,C000605,Adam,Dubois,Adam Dubois,Unknown,1974-11-23,2021-09-01,Small Business,17,adam.dubois.605@example.com,False
606,C000606,Anna,Klein,Anna Klein,M,1980-05-10,2023-01-26,Consumer,25,anna.klein.606@example.com,False
607,C000607,Lucia,Klein,Lucia Klein,M,2004-11-14,2019-12-24,Small Business,29,lucia.klein.607@example.com,False
608,C000608,Marek,Martin,Marek Martin,F,1981-06-23,2021-05-19,Corporate,32,marek.martin.608@example.com,False
609,C000609,Tomas,Nilsson,Tomas Nilsson,Unknown,2001-09-24,2023-08-18,Consumer,23,tomas.nilsson.609@example.com,True
610,C000610,Kasia,Wojcik,Kasia Wojcik,Unknown,1996-03-01,2021-12-31,Consumer,12,kasia.wojcik.610@example.com,False
611,C000611,Lukas,Muller,Lukas Muller,Unknown,1988-12-25,2020-05-27,Corporate,8,lukas.muller.611@example.com,False
612,C000612,Kasia,Jansen,Kasia Jansen,M,2002-03-09,2023-05-09,Consumer,21,kasia.jansen.612@example.com,True
613,C000613,Eva,Klein,Eva Klein,Unknown,1979-10-08,2022-01-27,Corporate,12,eva.klein.613@example.com,False
614,C000614,Kasia,Muller,Kasia Muller,M,1971-12-28,2021-10-22,Corporate,6,kasia.muller.614@example.com,False
615,C000615,Marta,Garcia,Marta Garcia,M,1965-10-04,2024-11-28,Small Business,10,marta.garcia.615@example.com,False
616,C000616,Piotr,Muller,Piotr Muller,M,2000-04-07,2021-01-29,Corporate,32,piotr.muller.616@example.com,True
617,C000617,Emma,Nilsson,Emma Nilsson,M,1968-05-24,2021-03-01,Consumer,28,emma.nilsson.617@example.com,False
618,C000618,Marco,Rossi,Marco Rossi,Unknown,1970-10-15,2023-05-19,Corporate,2,marco.rossi.618@example.com,False
619,C000619,Marek,Smith,Marek Smith,Unknown,1975-12-13,2021-04-07,Consumer,1,marek.smith.619@example.com,False
620,C000620,Marta,Nowak,Marta Nowak,M,1990-01-02,2022-05-21,Small Business,17,marta.nowak.620@example.com,False
621,C000621,Anna,Rossi,Anna Rossi,Unknown,1987-10-13,2023-05-15,Consumer,3,anna.rossi.621@example.com,False
622,C000622,Lena,Smith,Lena Smith,M,1971-03-17,2022-07-10,Consumer,3,lena.smith.622@example.com,True
623,C000623,Tomas,Smith,Tomas Smith,M,1971-02-11,2022-08-05,Small Business,34,tomas.smith.623@example.com,False
624,C000624,Tomas,Rossi,Tomas Rossi,Unknown,1971-10-27,2021-05-07,Consumer,24,tomas.rossi.624@example.com,False
625,C000625,Marek,Wojcik,Marek Wojcik,F,1964-09-28,2022-08-17,Consumer,21,marek.wojcik.625@example.com,True
626,C000626,Jan,Jansen,Jan Jansen,F,1971-03-23,2023-02-20,VIP,12,jan.jansen.626@example.com,False
627,C000627,Kasia,Garcia,Kasia Garcia,F,2000-09-16,2023-06-26,Small Business,3,kasia.garcia.627@example.com,False
628,C000628,Hugo,Nowak,Hugo Nowak,Unknown,1968-05-06,2020-08-09,Consumer,8,hugo.nowak.628@example.com,True
629,C000629,Lena,Kowalski,Lena Kowalski,F,1988-10-06,2021-04-07,Corporate,14,lena.kowalski.629@example.com,False
630,C000630,Anna,Rossi,Anna Rossi,Unknown,1998-11-04,2022-12-29,Small Business,22,anna.rossi.630@example.com,True
631,C000631,Sofia,Kowalski,Sofia Kowalski,M,1960-08-27,2022-09-16,Corporate,21,sofia.kowalski.631@example.com,True
632,C000632,Lucia,Kowalski,Lucia Kowalski,F,1996-10-15,2024-04-13,Consumer,1,lucia.kowalski.632@example.com,True
633,C000633,Lucia,Wojcik,Lucia Wojcik,F,1958-12-03,2022-08-10,Consumer,19,lucia.wojcik.633@example.com,True
634,C000634,Marta,Kowalski,Marta Kowalski,M,1968-03-13,2022-01-27,Corporate,26,marta.kowalski.634@example.com,False
635,C000635,Piotr,Rossi,Piotr Rossi,Unknown,1986-07-24,2021-06-25,Corporate,10,piotr.rossi.635@example.com,True
636,C000636,Hugo,Novak,Hugo Novak,M,1967-08-15,2023-08-02,Corporate,7,hugo.novak.636@example.com,False
637,C000637,Hugo,Nilsson,Hugo Nilsson,F,1966-07-21,2021-04-30,Consumer,28,hugo.nilsson.637@example.com,False
638,C000638,Sofia,Klein,Sofia Klein,F,1986-09-21,2023-02-17,Consumer,15,sofia.klein.638@example.com,False
639,C000639,Marco,Smith,Marco Smith,Unknown,1963-11-10,2021-01-14,Consumer,31,marco.smith.639@example.com,False
640,C000640,Jan,Novak,Jan Novak,M,1961-09-14,2021-05-17,Corporate,5,jan.novak.640@example.com,False
641,C000641,Hugo,Rossi,Hugo Rossi,F,1992-02-25,2020-09-06,Corporate,17,hugo.rossi.641@example.com,False
642,C000642,Eva,Kowalski,Eva Kowalski,Unknown,1960-07-23,2022-12-05,Corporate,12,eva.kowalski.642@example.com,False
643,C000643,Filip,Wojcik,Filip Wojcik,F,1971-06-28,2020-10-12,Consumer,29,filip.wojcik.643@example.com,False
644,C000644,Piotr,Dubois,Piotr Dubois,F,1989-01-01,2021-07-19,Consumer,17,piotr.dubois.644@example.com,False
645,C000645,Filip,Martin,Filip Martin,Unknown,1986-05-20,2021-09-29,Corporate,26,filip.martin.645@example.com,False
646,C000646,Marco,Nowak,Marco Nowak,F,1963-03-01,2022-02-04,Corporate,26,marco.nowak.646@example.com,True
647,C000647,Emma,Jansen,Emma Jansen,Unknown,1996-03-21,2023-10-08,Small Business,2,emma.jansen.647@example.com,False
648,C000648,Marco,Wojcik,Marco Wojcik,F,1984-03-16,2020-12-09,Consumer,6,marco.wojcik.648@example.com,True
649,C000649,Marek,Jansen,Marek Jansen,M,1956-08-19,2022-06-14,Corporate,29,marek.jansen.649@example.com,False
650,C000650,Lucia,Kowalski,Lucia Kowalski,M,1961-11-28,2022-06-04,Small Business,4,lucia.kowalski.650@example.com,False
651,C000651,Jan,Jansen,Jan Jansen,F,1980-08-17,2023-01-30,Corporate,19,jan.jansen.651@example.com,False
652,C000652,Lena,Garcia,Lena Garcia,M,1990-02-09,2022-07-11,Consumer,28,lena.garcia.652@example.com,False
653,C000653,Kasia,Martin,Kasia Martin,M,1982-01-06,2022-04-10,Consumer,23,kasia.martin.653@example.com,True
654,C000654,Lena,Klein,Lena Klein,F,1998-06-20,2022-03-28,Small Business,15,lena.klein.654@example.com,False
655,C000655,Tomas,Lewandowski,Tomas Lewandowski,F,1998-11-24,2023-08-23,Corporate,25,tomas.lewandowski.655@example.com,True
656,C000656,Marek,Smith,Marek Smith,F,1966-04-06,2023-01-23,Small Business,6,marek.smith.656@example.com,False
657,C000657,Marco,Muller,Marco Muller,M,1968-09-02,2023-12-18,Consumer,32,marco.muller.657@example.com,True
658,C000658,Jan,Wojcik,Jan Wojcik,F,1959-06-14,2022-12-15,Corporate,33,jan.wojcik.658@example.com,False
659,C000659,Hugo,Wojcik,Hugo Wojcik,Unknown,1957-09-09,2024-06-20,Corporate,22,hugo.wojcik.659@example.com,False
660,C000660,Kasia,Lewandowski,Kasia Lewandowski,Unknown,2003-02-04,2020-05-19,Consumer,29,kasia.lewandowski.660@example.com,True
661,C000661,Emma,Klein,Emma Klein,Unknown,1978-03-24,2023-08-29,Consumer,8,emma.klein.661@example.com,False
662,C000662,Hugo,Garcia,Hugo Garcia,M,1963-02-28,2023-11-25,Corporate,10,hugo.garcia.662@example.com,True
663,C000663,Lucia,Rossi,Lucia Rossi,Unknown,1987-03-03,2023-05-06,Corporate,31,lucia.rossi.663@example.com,True
664,C000664,Sofia,Wojcik,Sofia Wojcik,F,2003-09-14,2021-01-27,Small Business,16,sofia.wojcik.664@example.com,True
665,C000665,Kasia,Lewandowski,Kasia Lewandowski,F,1988-11-12,2024-05-26,Small Business,27,kasia.lewandowski.665@example.com,False
666,C000666,Marta,Nowak,Marta Nowak,M,1976-06-13,2020-10-04,Consumer,34,marta.nowak.666@example.com,False
667,C000667,Lena,Kowalski,Lena Kowalski,M,1995-12-26,2023-01-24,Consumer,10,lena.kowalski.667@example.com,False
668,C000668,Lucia,Klein,Lucia Klein,Unknown,1977-01-27,2024-03-05,Small Business,20,lucia.klein.668@example.com,False
669,C000669,Emma,Klein,Emma Klein,Unknown,1989-10-26,2022-09-30,Consumer,29,emma.klein.669@example.com,False
670,C000670,Emma,Klein,Emma Klein,M,1974-02-02,2022-05-16,Corporate,26,emma.klein.670@example.com,False
671,C000671,Julia,Novak,Julia Novak,M,1973-04-03,2023-08-31,Consumer,9,julia.novak.671@example.com,False
672,C000672,Anna,Kowalski,Anna Kowalski,Unknown,1989-10-09,2023-01-11,Consumer,11,anna.kowalski.672@example.com,False
673,C000673,Hugo,Rossi,Hugo Rossi,Unknown,1995-09-12,2021-12-03,Small Business,4,hugo.rossi.673@example.com,False
674,C000674,Kasia,Garcia,Kasia Garcia,Unknown,1970-12-19,2023-05-29,Consumer,1,kasia.garcia.674@example.com,True
675,C000675,Eva,Novak,Eva Novak,Unknown,2002-04-04,2023-12-24,Consumer,9,eva.novak.675@example.com,False
676,C000676,Piotr,Smith,Piotr Smith,F,2000-07-27,2021-04-22,Consumer,30,piotr.smith.676@example.com,False
677,C000677,Emma,Jansen,Emma Jansen,Unknown,1959-06-22,2022-10-14,Corporate,31,emma.jansen.677@example.com,False
678,C000678,Lena,Jansen,Lena Jansen,Unknown,1995-07-15,2022-10-25,VIP,17,lena.jansen.678@example.com,False
679,C000679,Julia,Smith,Julia Smith,Unknown,1986-12-15,2024-07-08,Consumer,10,julia.smith.679@example.com,True
680,C000680,Jan,Martin,Jan Martin,F,1965-09-12,2023-12-17,Consumer,31,jan.martin.680@example.com,False
681,C000681,Julia,Smith,Julia Smith,M,1962-06-10,2022-08-27,Consumer,3,julia.smith.681@example.com,False
682,C000682,Lena,Dubois,Lena Dubois,Unknown,1958-05-10,2022-06-04,Consumer,10,lena.dubois.682@example.com,True
683,C000683,Marta,Lewandowski,Marta Lewandowski,Unknown,1957-07-16,2022-02-18,Consumer,23,marta.lewandowski.683@example.com,True
684,C000684,Marek,Lewandowski,Marek Lewandowski,Unknown,2001-10-05,2020-08-22,Corporate,25,marek.lewandowski.684@example.com,False
685,C000685,Sofia,Lewandowski,Sofia Lewandowski,M,2001-06-03,2022-01-20,Consumer,29,sofia.lewandowski.685@example.com,True
686,C000686,Jan,Brown,Jan Brown,F,1983-12-09,2020-09-08,Corporate,35,jan.brown.686@example.com,False
687,C000687,Adam,Brown,Adam Brown,Unknown,1962-11-18,2022-11-04,Consumer,20,adam.brown.687@example.com,False
688,C000688,Emma,Wojcik,Emma Wojcik,F,1985-09-01,2024-08-24,VIP,34,emma.wojcik.688@example.com,True
689,C000689,Noah,Lewandowski,Noah Lewandowski,Unknown,2000-10-15,2024-10-03,Consumer,14,noah.lewandowski.689@example.com,False
690,C000690,Anna,Garcia,Anna Garcia,M,1982-03-14,2024-11-23,Consumer,32,anna.garcia.690@example.com,True
691,C000691,Adam,Smith,Adam Smith,F,1973-03-06,2021-10-15,Consumer,7,adam.smith.691@example.com,True
692,C000692,Jan,Nilsson,Jan Nilsson,M,1975-03-01,2020-04-30,Consumer,11,jan.nilsson.692@example.com,True
693,C000693,Lucia,Rossi,Lucia Rossi,Unknown,1979-02-02,2022-10-11,Corporate,27,lucia.rossi.693@example.com,False
694,C000694,Eva,Nowak,Eva Nowak,M,1972-01-11,2023-10-20,Consumer,33,eva.nowak.694@example.com,True
695,C000695,Anna,Rossi,Anna Rossi,Unknown,1990-10-22,2023-02-06,Corporate,15,anna.rossi.695@example.com,True
696,C000696,Kasia,Nowak,Kasia Nowak,M,1995-09-07,2020-08-09,Consumer,27,kasia.nowak.696@example.com,True
697,C000697,Adam,Dubois,Adam Dubois,Unknown,1990-08-02,2024-08-08,Consumer,16,adam.dubois.697@example.com,False
698,C000698,Jan,Klein,Jan Klein,M,1985-05-20,2023-06-07,Small Business,1,jan.klein.698@example.com,True
699,C000699,Marco,Kowalski,Marco Kowalski,M,1965-12-18,2020-10-25,Consumer,33,marco.kowalski.699@example.com,False
700,C000700,Adam,Rossi,Adam Rossi,Unknown,1982-04-20,2022-05-16,Small Business,9,adam.rossi.700@example.com,False
701,C000701,Ola,Muller,Ola Muller,Unknown,1997-06-11,2023-12-28,Consumer,29,ola.muller.701@example.com,False
702,C000702,Anna,Nilsson,Anna Nilsson,M,1985-01-01,2021-02-02,Corporate,9,anna.nilsson.702@example.com,False
703,C000703,Eva,Novak,Eva Novak,F,1960-11-21,2024-10-21,Small Business,32,eva.novak.703@example.com,False
704,C000704,Piotr,Garcia,Piotr Garcia,Unknown,1979-10-12,2021-11-28,VIP,29,piotr.garcia.704@example.com,True
705,C000705,Emma,Jansen,Emma Jansen,Unknown,1955-04-24,2023-07-10,Small Business,24,emma.jansen.705@example.com,True
706,C000706,Filip,Brown,Filip Brown,M,1974-12-08,2024-02-12,Consumer,6,filip.brown.706@example.com,False
707,C000707,Anna,Muller,Anna Muller,Unknown,1995-07-04,2021-02-13,Consumer,14,anna.muller.707@example.com,True
708,C000708,Lena,Brown,Lena Brown,Unknown,1998-10-19,2021-11-16,Consumer,13,lena.brown.708@example.com,True
709,C000709,Lena,Lewandowski,Lena Lewandowski,F,1969-09-24,2021-05-06,Small Business,17,lena.lewandowski.709@example.com,True
710,C000710,Filip,Rossi,Filip Rossi,Unknown,1998-09-15,2024-05-22,Corporate,35,filip.rossi.710@example.com,False
711,C000711,Tomas,Lewandowski,Tomas Lewandowski,M,1981-05-04,2023-01-01,Consumer,21,tomas.lewandowski.711@example.com,False
712,C000712,Noah,Kowalski,Noah Kowalski,F,1972-07-18,2022-07-08,Consumer,3,noah.kowalski.712@example.com,True
713,C000713,Noah,Martin,Noah Martin,M,1982-02-08,2022-05-16,Consumer,2,noah.martin.713@example.com,False
714,C000714,Anna,Jansen,Anna Jansen,M,1982-01-19,2021-08-22,Consumer,7,anna.jansen.714@example.com,False
715,C000715,Jan,Lewandowski,Jan Lewandowski,Unknown,1976-09-26,2021-09-30,Corporate,22,jan.lewandowski.715@example.com,False
716,C000716,Lena,Nowak,Lena Nowak,Unknown,1960-01-02,2022-09-13,Consumer,29,lena.nowak.716@example.com,True
717,C000717,Jan,Rossi,Jan Rossi,Unknown,1994-11-14,2022-05-22,Consumer,29,jan.rossi.717@example.com,True
718,C000718,Eva,Nowak,Eva Nowak,M,1994-07-08,2019-08-21,Consumer,25,eva.nowak.718@example.com,False
719,C000719,Lucia,Brown,Lucia Brown,Unknown,1998-01-15,2022-05-24,Consumer,7,lucia.brown.719@example.com,True
720,C000720,Lena,Wojcik,Lena Wojcik,M,1967-10-05,2023-01-26,Consumer,5,lena.wojcik.720@example.com,False
721,C000721,Lukas,Muller,Lukas Muller,Unknown,1963-01-02,2023-05-24,Consumer,29,lukas.muller.721@example.com,False
722,C000722,Marco,Nilsson,Marco Nilsson,Unknown,1989-03-05,2022-06-02,Consumer,23,marco.nilsson.722@example.com,True
723,C000723,Julia,Nilsson,Julia Nilsson,Unknown,1997-11-05,2023-03-05,Small Business,1,julia.nilsson.723@example.com,False
724,C000724,Tomas,Garcia,Tomas Garcia,M,1967-04-21,2021-10-27,Consumer,4,tomas.garcia.724@example.com,False
725,C000725,Filip,Martin,Filip Martin,M,1976-10-19,2022-09-28,Consumer,30,filip.martin.725@example.com,True
726,C000726,Marek,Muller,Marek Muller,M,1955-11-08,2021-05-08,Corporate,3,marek.muller.726@example.com,True
727,C000727,Eva,Muller,Eva Muller,F,1980-03-27,2024-01-08,Consumer,22,eva.muller.727@example.com,True
728,C000728,Sofia,Rossi,Sofia Rossi,F,1983-04-21,2022-05-19,VIP,8,sofia.rossi.728@example.com,True
729,C000729,Lukas,Muller,Lukas Muller,F,1971-12-06,2024-02-28,Consumer,19,lukas.muller.729@example.com,True
730,C000730,Piotr,Kowalski,Piotr Kowalski,M,1998-03-13,2020-10-15,Small Business,17,piotr.kowalski.730@example.com,True
731,C000731,Hugo,Wojcik,Hugo Wojcik,Unknown,1978-11-06,2022-12-16,Consumer,16,hugo.wojcik.731@example.com,True
732,C000732,Emma,Muller,Emma Muller,Unknown,1989-07-23,2022-09-26,Consumer,9,emma.muller.732@example.com,False
733,C000733,Filip,Nilsson,Filip Nilsson,M,1967-09-10,2020-08-15,Consumer,3,filip.nilsson.733@example.com,False
734,C000734,Sofia,Lewandowski,Sofia Lewandowski,M,1987-10-16,2021-11-14,Small Business,18,sofia.lewandowski.734@example.com,False
735,C000735,Julia,Dubois,Julia Dubois,M,2003-11-25,2022-09-03,Consumer,11,julia.dubois.735@example.com,True
736,C000736,Julia,Martin,Julia Martin,Unknown,1985-12-16,2022-03-06,Consumer,24,julia.martin.736@example.com,False
737,C000737,Emma,Muller,Emma Muller,F,1967-08-28,2023-07-25,Consumer,3,emma.muller.737@example.com,False
738,C000738,Hugo,Rossi,Hugo Rossi,M,1990-02-05,2020-05-14,Consumer,11,hugo.rossi.738@example.com,True
739,C000739,Kasia,Novak,Kasia Novak,M,1994-06-14,2023-05-12,Consumer,3,kasia.novak.739@example.com,False
740,C000740,Ola,Dubois,Ola Dubois,Unknown,1956-03-15,2022-11-01,Consumer,21,ola.dubois.740@example.com,False
741,C000741,Julia,Novak,Julia Novak,F,1989-11-03,2021-05-08,Consumer,19,julia.novak.741@example.com,True
742,C000742,Adam,Muller,Adam Muller,M,1976-04-22,2022-06-25,Corporate,3,adam.muller.742@example.com,False
743,C000743,Emma,Martin,Emma Martin,M,1993-03-28,2022-12-09,Consumer,18,emma.martin.743@example.com,True
744,C000744,Eva,Dubois,Eva Dubois,F,1992-11-01,2023-07-21,Small Business,23,eva.dubois.744@example.com,True
745,C000745,Marek,Muller,Marek Muller,Unknown,1988-10-26,2023-01-30,Small Business,14,marek.muller.745@example.com,True
746,C000746,Lucia,Lewandowski,Lucia Lewandowski,F,1967-07-25,2022-05-22,Consumer,6,lucia.lewandowski.746@example.com,False
747,C000747,Hugo,Smith,Hugo Smith,M,1991-03-10,2019-12-27,Small Business,2,hugo.smith.747@example.com,False
748,C000748,Noah,Dubois,Noah Dubois,M,1982-11-25,2023-11-20,Consumer,22,noah.dubois.748@example.com,True
749,C000749,Sofia,Smith,Sofia Smith,M,1976-10-21,2022-12-24,VIP,3,sofia.smith.749@example.com,True
750,C000750,Marta,Novak,Marta Novak,Unknown,1979-04-16,2023-07-17,VIP,26,marta.novak.750@example.com,False
751,C000751,Marta,Smith,Marta Smith,Unknown,1961-11-18,2021-09-07,Corporate,20,marta.smith.751@example.com,True
752,C000752,Marta,Klein,Marta Klein,Unknown,1979-05-07,2022-12-25,Consumer,13,marta.klein.752@example.com,False
753,C000753,Julia,Kowalski,Julia Kowalski,F,1965-06-28,2023-01-16,VIP,24,julia.kowalski.753@example.com,True
754,C000754,Marek,Martin,Marek Martin,F,1959-07-28,2022-02-25,Consumer,27,marek.martin.754@example.com,False
755,C000755,Lukas,Nilsson,Lukas Nilsson,Unknown,1991-05-19,2024-04-02,Corporate,31,lukas.nilsson.755@example.com,True
756,C000756,Sofia,Jansen,Sofia Jansen,Unknown,1959-07-20,2021-02-14,Consumer,1,sofia.jansen.756@example.com,False
757,C000757,Kasia,Jansen,Kasia Jansen,Unknown,1991-01-24,2023-05-12,Small Business,32,kasia.jansen.757@example.com,False
758,C000758,Eva,Nilsson,Eva Nilsson,M,1966-07-08,2023-12-03,Consumer,20,eva.nilsson.758@example.com,False
759,C000759,Eva,Martin,Eva Martin,Unknown,1957-04-28,2023-02-04,Consumer,7,eva.martin.759@example.com,False
760,C000760,Emma,Klein,Emma Klein,M,1986-07-25,2021-02-17,Consumer,5,emma.klein.760@example.com,True
761,C000761,Tomas,Jansen,Tomas Jansen,M,1965-05-07,2020-10-31,Consumer,21,tomas.jansen.761@example.com,False
762,C000762,Eva,Garcia,Eva Garcia,F,2002-07-28,2023-09-06,Consumer,30,eva.garcia.762@example.com,True
763,C000763,Lucia,Brown,Lucia Brown,F,2002-08-16,2021-02-02,Consumer,9,lucia.brown.763@example.com,True
764,C000764,Sofia,Jansen,Sofia Jansen,Unknown,1972-03-06,2019-10-02,Consumer,29,sofia.jansen.764@example.com,True
765,C000765,Eva,Smith,Eva Smith,F,1959-11-25,2023-07-03,Consumer,35,eva.smith.765@example.com,True
766,C000766,Adam,Muller,Adam Muller,Unknown,1983-12-02,2022-08-03,Corporate,3,adam.muller.766@example.com,False
767,C000767,Eva,Martin,Eva Martin,F,1974-08-02,2020-05-08,Small Business,7,eva.martin.767@example.com,False
768,C000768,Hugo,Klein,Hugo Klein,F,1970-04-03,2024-04-27,VIP,16,hugo.klein.768@example.com,True
769,C000769,Marta,Muller,Marta Muller,F,1961-11-06,2020-11-28,Consumer,13,marta.muller.769@example.com,True
770,C000770,Lucia,Novak,Lucia Novak,M,1995-04-20,2024-06-16,Small Business,21,lucia.novak.770@example.com,True
771,C000771,Piotr,Garcia,Piotr Garcia,F,1975-03-01,2022-08-25,Consumer,14,piotr.garcia.771@example.com,False
772,C000772,Ola,Brown,Ola Brown,M,1994-06-02,2023-01-15,Consumer,5,ola.brown.772@example.com,False
773,C000773,Adam,Wojcik,Adam Wojcik,Unknown,1991-03-09,2023-07-22,Corporate,7,adam.wojcik.773@example.com,False
774,C000774,Lucia,Smith,Lucia Smith,F,1995-12-11,2022-04-27,Consumer,9,lucia.smith.774@example.com,False
775,C000775,Eva,Novak,Eva Novak,F,1995-12-08,2020-08-31,Consumer,29,eva.novak.775@example.com,False
776,C000776,Marco,Muller,Marco Muller,F,2002-07-25,2021-10-06,Consumer,8,marco.muller.776@example.com,False
777,C000777,Sofia,Dubois,Sofia Dubois,Unknown,1968-11-02,2023-10-28,Small Business,13,sofia.dubois.777@example.com,True
778,C000778,Jan,Novak,Jan Novak,F,1981-11-27,2021-04-29,Small Business,21,jan.novak.778@example.com,True
779,C000779,Emma,Novak,Emma Novak,Unknown,1958-11-08,2021-01-01,Small Business,16,emma.novak.779@example.com,False
780,C000780,Kasia,Brown,Kasia Brown,F,1955-02-28,2021-01-06,Consumer,12,kasia.brown.780@example.com,False
781,C000781,Sofia,Nowak,Sofia Nowak,F,1966-10-18,2020-10-25,Consumer,14,sofia.nowak.781@example.com,False
782,C000782,Marco,Smith,Marco Smith,Unknown,2001-04-08,2021-10-20,Consumer,30,marco.smith.782@example.com,True
783,C000783,Emma,Rossi,Emma Rossi,F,1985-02-12,2023-01-02,Consumer,29,emma.rossi.783@example.com,False
784,C000784,Sofia,Lewandowski,Sofia Lewandowski,F,1985-01-25,2023-05-01,Corporate,28,sofia.lewandowski.784@example.com,False
785,C000785,Sofia,Novak,Sofia Novak,M,2001-03-09,2023-07-15,Consumer,35,sofia.novak.785@example.com,True
786,C000786,Marta,Garcia,Marta Garcia,F,1963-12-16,2022-04-27,Consumer,31,marta.garcia.786@example.com,False
787,C000787,Marek,Dubois,Marek Dubois,M,1981-07-24,2023-02-09,Consumer,24,marek.dubois.787@example.com,False
788,C000788,Tomas,Klein,Tomas Klein,F,1957-02-13,2021-04-29,Corporate,5,tomas.klein.788@example.com,False
789,C000789,Julia,Martin,Julia Martin,Unknown,1986-11-23,2021-04-17,Consumer,23,julia.martin.789@example.com,False
790,C000790,Noah,Jansen,Noah Jansen,Unknown,1957-06-21,2020-03-06,Corporate,16,noah.jansen.790@example.com,True
791,C000791,Sofia,Rossi,Sofia Rossi,F,1970-10-19,2021-01-18,Consumer,30,sofia.rossi.791@example.com,True
792,C000792,Eva,Martin,Eva Martin,F,1992-02-17,2023-11-05,Small Business,25,eva.martin.792@example.com,True
793,C000793,Julia,Novak,Julia Novak,Unknown,1997-07-19,2023-06-12,Small Business,20,julia.novak.793@example.com,True
794,C000794,Sofia,Rossi,Sofia Rossi,F,2002-04-24,2022-08-12,VIP,23,sofia.rossi.794@example.com,False
795,C000795,Piotr,Nowak,Piotr Nowak,Unknown,2004-12-14,2022-11-13,Consumer,1,piotr.nowak.795@example.com,False
796,C000796,Hugo,Smith,Hugo Smith,Unknown,2000-03-07,2021-08-28,Small Business,12,hugo.smith.796@example.com,False
797,C000797,Lukas,Muller,Lukas Muller,M,1958-12-06,2020-10-22,VIP,14,lukas.muller.797@example.com,False
798,C000798,Filip,Nowak,Filip Nowak,M,1995-03-03,2021-08-29,Consumer,29,filip.nowak.798@example.com,True
799,C000799,Lena,Muller,Lena Muller,F,1985-08-22,2020-06-08,Consumer,2,lena.muller.799@example.com,False
800,C000800,Lena,Wojcik,Lena Wojcik,M,1957-02-07,2020-07-30,Corporate,1,lena.wojcik.800@example.com,False
801,C000801,Marek,Jansen,Marek Jansen,M,2003-06-20,2022-09-08,Corporate,18,marek.jansen.801@example.com,True
802,C000802,Noah,Garcia,Noah Garcia,M,1997-07-13,2020-08-11,Small Business,21,noah.garcia.802@example.com,False
803,C000803,Kasia,Lewandowski,Kasia Lewandowski,F,1999-07-24,2020-06-09,Corporate,1,kasia.lewandowski.803@example.com,False
804,C000804,Noah,Garcia,Noah Garcia,Unknown,1983-10-22,2022-10-27,Consumer,18,noah.garcia.804@example.com,True
805,C000805,Anna,Brown,Anna Brown,Unknown,1978-01-26,2021-10-06,Consumer,21,anna.brown.805@example.com,False
806,C000806,Filip,Wojcik,Filip Wojcik,Unknown,1960-06-14,2021-03-25,Consumer,26,filip.wojcik.806@example.com,False
807,C000807,Julia,Klein,Julia Klein,M,1991-12-17,2022-08-18,Small Business,10,julia.klein.807@example.com,True
808,C000808,Lukas,Klein,Lukas Klein,F,1983-02-16,2023-03-06,Consumer,30,lukas.klein.808@example.com,True
809,C000809,Piotr,Dubois,Piotr Dubois,M,2000-01-06,2023-03-28,Consumer,6,piotr.dubois.809@example.com,True
810,C000810,Piotr,Brown,Piotr Brown,F,1963-09-21,2022-09-23,Small Business,31,piotr.brown.810@example.com,True
811,C000811,Lena,Wojcik,Lena Wojcik,Unknown,1993-02-21,2023-02-26,Corporate,15,lena.wojcik.811@example.com,False
812,C000812,Noah,Muller,Noah Muller,F,1971-02-10,2022-05-20,Consumer,28,noah.muller.812@example.com,False
813,C000813,Piotr,Nilsson,Piotr Nilsson,Unknown,1978-03-28,2023-04-04,Corporate,13,piotr.nilsson.813@example.com,True
814,C000814,Emma,Lewandowski,Emma Lewandowski,Unknown,1979-07-11,2021-11-20,Small Business,35,emma.lewandowski.814@example.com,True
815,C000815,Piotr,Dubois,Piotr Dubois,F,1955-09-28,2022-06-26,Small Business,15,piotr.dubois.815@example.com,True
816,C000816,Marek,Brown,Marek Brown,Unknown,1984-03-20,2022-01-09,Corporate,15,marek.brown.816@example.com,False
817,C000817,Filip,Garcia,Filip Garcia,Unknown,1974-09-23,2023-03-11,Corporate,3,filip.garcia.817@example.com,False
818,C000818,Marek,Rossi,Marek Rossi,F,2000-07-02,2021-08-07,Small Business,14,marek.rossi.818@example.com,True
819,C000819,Jan,Klein,Jan Klein,M,2004-03-28,2022-10-31,VIP,15,jan.klein.819@example.com,False
820,C000820,Anna,Novak,Anna Novak,M,1980-06-14,2022-10-03,Corporate,11,anna.novak.820@example.com,True
821,C000821,Marco,Rossi,Marco Rossi,M,1999-04-23,2022-09-04,Consumer,34,marco.rossi.821@example.com,True
822,C000822,Marco,Jansen,Marco Jansen,Unknown,1996-03-19,2024-02-04,Consumer,4,marco.jansen.822@example.com,False
823,C000823,Emma,Wojcik,Emma Wojcik,M,2002-04-24,2020-03-24,Corporate,14,emma.wojcik.823@example.com,False
824,C000824,Eva,Dubois,Eva Dubois,M,1998-03-02,2023-09-23,Consumer,10,eva.dubois.824@example.com,True
825,C000825,Lucia,Nilsson,Lucia Nilsson,F,1982-03-21,2022-03-30,Consumer,33,lucia.nilsson.825@example.com,True
826,C000826,Marco,Martin,Marco Martin,Unknown,1993-03-21,2022-01-06,VIP,32,marco.martin.826@example.com,False
827,C000827,Kasia,Lewandowski,Kasia Lewandowski,M,1996-07-09,2022-09-22,Consumer,6,kasia.lewandowski.827@example.com,True
828,C000828,Marek,Brown,Marek Brown,Unknown,1997-09-08,2025-02-24,Consumer,8,marek.brown.828@example.com,False
829,C000829,Lena,Smith,Lena Smith,M,1979-08-21,2022-06-19,Corporate,7,lena.smith.829@example.com,True
830,C000830,Adam,Smith,Adam Smith,Unknown,1980-12-01,2024-01-06,Small Business,5,adam.smith.830@example.com,False
831,C000831,Julia,Lewandowski,Julia Lewandowski,F,1992-09-23,2020-05-27,VIP,5,julia.lewandowski.831@example.com,False
832,C000832,Filip,Martin,Filip Martin,F,1966-01-18,2022-07-06,Consumer,12,filip.martin.832@example.com,False
833,C000833,Marta,Novak,Marta Novak,M,1971-01-03,2024-06-28,Consumer,11,marta.novak.833@example.com,False
834,C000834,Anna,Muller,Anna Muller,Unknown,1974-01-17,2021-06-14,Consumer,28,anna.muller.834@example.com,True
835,C000835,Lucia,Novak,Lucia Novak,Unknown,1977-10-18,2021-09-30,Consumer,32,lucia.novak.835@example.com,False
836,C000836,Jan,Muller,Jan Muller,F,1964-05-28,2020-11-15,Corporate,16,jan.muller.836@example.com,True
837,C000837,Ola,Smith,Ola Smith,M,2001-10-14,2024-11-16,Consumer,23,ola.smith.837@example.com,False
838,C000838,Eva,Jansen,Eva Jansen,Unknown,1960-05-22,2021-08-12,Consumer,11,eva.jansen.838@example.com,False
839,C000839,Emma,Martin,Emma Martin,Unknown,1978-10-22,2023-01-20,Consumer,18,emma.martin.839@example.com,False
840,C000840,Tomas,Dubois,Tomas Dubois,F,1956-10-08,2023-04-20,Consumer,21,tomas.dubois.840@example.com,False
841,C000841,Marta,Garcia,Marta Garcia,F,1995-02-12,2022-08-07,Small Business,27,marta.garcia.841@example.com,True
842,C000842,Piotr,Dubois,Piotr Dubois,F,1969-07-04,2020-07-01,Consumer,1,piotr.dubois.842@example.com,False
843,C000843,Piotr,Novak,Piotr Novak,Unknown,1977-12-19,2021-02-26,Consumer,32,piotr.novak.843@example.com,True
844,C000844,Lukas,Garcia,Lukas Garcia,Unknown,2003-07-06,2024-01-06,Corporate,4,lukas.garcia.844@example.com,False
845,C000845,Lena,Smith,Lena Smith,Unknown,1971-01-22,2021-06-08,Consumer,31,lena.smith.845@example.com,True
846,C000846,Jan,Klein,Jan Klein,Unknown,2001-11-12,2021-06-01,Corporate,18,jan.klein.846@example.com,False
847,C000847,Kasia,Garcia,Kasia Garcia,Unknown,1984-09-10,2023-08-18,Small Business,12,kasia.garcia.847@example.com,False
848,C000848,Marco,Brown,Marco Brown,F,1960-05-14,2021-08-05,Corporate,15,marco.brown.848@example.com,True
849,C000849,Marta,Smith,Marta Smith,Unknown,1991-01-03,2021-07-09,Small Business,16,marta.smith.849@example.com,False
850,C000850,Tomas,Brown,Tomas Brown,Unknown,1987-12-05,2023-06-13,Corporate,1,tomas.brown.850@example.com,False
851,C000851,Piotr,Dubois,Piotr Dubois,Unknown,1955-10-07,2019-09-17,Consumer,35,piotr.dubois.851@example.com,False
852,C000852,Noah,Martin,Noah Martin,Unknown,1997-09-22,2020-07-13,Consumer,23,noah.martin.852@example.com,True
853,C000853,Noah,Smith,Noah Smith,M,1959-06-27,2024-07-05,VIP,34,noah.smith.853@example.com,False
854,C000854,Lukas,Garcia,Lukas Garcia,F,1962-06-22,2024-04-29,Consumer,25,lukas.garcia.854@example.com,False
855,C000855,Emma,Kowalski,Emma Kowalski,M,2002-11-19,2022-02-12,Small Business,17,emma.kowalski.855@example.com,False
856,C000856,Jan,Klein,Jan Klein,M,1984-10-28,2020-12-15,Consumer,33,jan.klein.856@example.com,False
857,C000857,Hugo,Nowak,Hugo Nowak,M,1955-06-24,2023-09-26,Consumer,20,hugo.nowak.857@example.com,False
858,C000858,Marta,Novak,Marta Novak,F,1987-03-14,2024-05-22,Consumer,13,marta.novak.858@example.com,False
859,C000859,Marek,Dubois,Marek Dubois,Unknown,1978-05-12,2021-10-28,Small Business,15,marek.dubois.859@example.com,True
860,C000860,Kasia,Smith,Kasia Smith,M,1963-06-24,2020-10-25,Small Business,29,kasia.smith.860@example.com,False
861,C000861,Emma,Rossi,Emma Rossi,F,1957-03-13,2022-09-05,Consumer,8,emma.rossi.861@example.com,True
862,C000862,Ola,Nowak,Ola Nowak,M,1981-08-18,2021-04-29,Corporate,31,ola.nowak.862@example.com,False
863,C000863,Julia,Martin,Julia Martin,F,2002-07-05,2022-04-19,Consumer,26,julia.martin.863@example.com,True
864,C000864,Noah,Kowalski,Noah Kowalski,M,1998-06-14,2020-05-16,Consumer,1,noah.kowalski.864@example.com,True
865,C000865,Tomas,Muller,Tomas Muller,F,1994-03-24,2021-08-13,Consumer,6,tomas.muller.865@example.com,True
866,C000866,Noah,Brown,Noah Brown,Unknown,1982-04-16,2020-08-07,Corporate,17,noah.brown.866@example.com,False
867,C000867,Lena,Brown,Lena Brown,M,1995-03-08,2022-05-28,Consumer,13,lena.brown.867@example.com,False
868,C000868,Tomas,Kowalski,Tomas Kowalski,M,1994-04-03,2019-11-12,Consumer,10,tomas.kowalski.868@example.com,True
869,C000869,Noah,Garcia,Noah Garcia,Unknown,1982-08-02,2022-12-19,Consumer,15,noah.garcia.869@example.com,True
870,C000870,Ola,Garcia,Ola Garcia,F,2000-07-08,2021-05-16,Consumer,24,ola.garcia.870@example.com,True
871,C000871,Emma,Rossi,Emma Rossi,F,1985-05-20,2024-02-19,Consumer,21,emma.rossi.871@example.com,False
872,C000872,Marco,Nowak,Marco Nowak,F,1961-11-01,2023-03-08,Consumer,22,marco.nowak.872@example.com,False
873,C000873,Lena,Novak,Lena Novak,F,1993-06-08,2021-09-23,Corporate,24,lena.novak.873@example.com,True
874,C000874,Sofia,Brown,Sofia Brown,F,2002-10-04,2022-12-15,Corporate,7,sofia.brown.874@example.com,False
875,C000875,Adam,Nilsson,Adam Nilsson,Unknown,1976-05-24,2021-10-21,Corporate,5,adam.nilsson.875@example.com,True
876,C000876,Tomas,Novak,Tomas Novak,M,2000-05-25,2022-10-02,Small Business,13,tomas.novak.876@example.com,False
877,C000877,Tomas,Nowak,Tomas Nowak,F,1985-07-17,2020-09-17,Corporate,8,tomas.nowak.877@example.com,False
878,C000878,Marco,Kowalski,Marco Kowalski,Unknown,1991-01-26,2021-02-14,Small Business,9,marco.kowalski.878@example.com,False
879,C000879,Julia,Nowak,Julia Nowak,Unknown,1965-08-25,2022-09-23,Small Business,35,julia.nowak.879@example.com,True
880,C000880,Emma,Smith,Emma Smith,Unknown,1955-03-19,2021-06-10,Consumer,18,emma.smith.880@example.com,False
881,C000881,Ola,Rossi,Ola Rossi,F,1969-05-23,2024-05-06,Consumer,34,ola.rossi.881@example.com,True
882,C000882,Marco,Kowalski,Marco Kowalski,F,1995-03-09,2023-02-22,Corporate,16,marco.kowalski.882@example.com,True
883,C000883,Adam,Nowak,Adam Nowak,M,1955-11-12,2022-04-19,Consumer,14,adam.nowak.883@example.com,False
884,C000884,Sofia,Dubois,Sofia Dubois,M,1994-05-11,2021-11-25,Consumer,17,sofia.dubois.884@example.com,False
885,C000885,Ola,Kowalski,Ola Kowalski,F,1989-11-28,2023-02-03,Corporate,12,ola.kowalski.885@example.com,False
886,C000886,Filip,Novak,Filip Novak,F,1968-08-08,2022-08-07,Corporate,17,filip.novak.886@example.com,False
887,C000887,Sofia,Jansen,Sofia Jansen,F,1969-12-24,2022-11-07,Small Business,26,sofia.jansen.887@example.com,True
888,C000888,Kasia,Smith,Kasia Smith,Unknown,1966-04-19,2021-08-21,Consumer,12,kasia.smith.888@example.com,True
889,C000889,Eva,Brown,Eva Brown,M,1993-04-03,2022-01-02,Consumer,12,eva.brown.889@example.com,False
890,C000890,Piotr,Martin,Piotr Martin,Unknown,1988-03-24,2019-12-19,Consumer,26,piotr.martin.890@example.com,True
891,C000891,Anna,Wojcik,Anna Wojcik,M,1996-01-05,2021-10-10,Consumer,8,anna.wojcik.891@example.com,False
892,C000892,Anna,Wojcik,Anna Wojcik,Unknown,1961-09-24,2021-08-10,Consumer,1,anna.wojcik.892@example.com,True
893,C000893,Lukas,Rossi,Lukas Rossi,Unknown,1976-08-05,2021-08-19,Corporate,29,lukas.rossi.893@example.com,False
894,C000894,Anna,Lewandowski,Anna Lewandowski,Unknown,1957-02-18,2021-09-30,Small Business,8,anna.lewandowski.894@example.com,True
895,C000895,Noah,Kowalski,Noah Kowalski,Unknown,1969-07-13,2023-07-28,Consumer,1,noah.kowalski.895@example.com,False
896,C000896,Piotr,Jansen,Piotr Jansen,M,1965-02-08,2023-04-19,Consumer,25,piotr.jansen.896@example.com,True
897,C000897,Marta,Klein,Marta Klein,Unknown,1957-10-05,2023-11-27,Consumer,24,marta.klein.897@example.com,True
898,C000898,Sofia,Klein,Sofia Klein,M,1997-11-10,2021-11-10,Small Business,28,sofia.klein.898@example.com,True
899,C000899,Hugo,Klein,Hugo Klein,F,1971-12-26,2021-10-19,Small Business,32,hugo.klein.899@example.com,True
900,C000900,Eva,Jansen,Eva Jansen,Unknown,2001-08-27,2022-06-13,Consumer,10,eva.jansen.900@example.com,False
901,C000901,Marta,Garcia,Marta Garcia,M,1963-03-25,2022-11-25,Consumer,10,marta.garcia.901@example.com,False
902,C000902,Filip,Wojcik,Filip Wojcik,M,1995-06-05,2021-02-17,Consumer,27,filip.wojcik.902@example.com,False
903,C000903,Marek,Novak,Marek Novak,Unknown,1989-04-13,2025-01-09,Consumer,35,marek.novak.903@example.com,False
904,C000904,Marta,Muller,Marta Muller,M,1978-01-07,2019-09-18,Corporate,15,marta.muller.904@example.com,False
905,C000905,Jan,Klein,Jan Klein,M,1977-06-28,2020-05-27,Consumer,8,jan.klein.905@example.com,False
906,C000906,Noah,Muller,Noah Muller,Unknown,1969-01-24,2022-04-10,Corporate,27,noah.muller.906@example.com,True
907,C000907,Tomas,Garcia,Tomas Garcia,F,1958-12-04,2023-05-29,Consumer,2,tomas.garcia.907@example.com,False
908,C000908,Anna,Smith,Anna Smith,F,1978-03-03,2021-09-30,Corporate,11,anna.smith.908@example.com,False
909,C000909,Lukas,Jansen,Lukas Jansen,M,2002-03-24,2022-03-15,Consumer,10,lukas.jansen.909@example.com,True
910,C000910,Marco,Nowak,Marco Nowak,Unknown,1964-01-21,2022-11-20,Consumer,1,marco.nowak.910@example.com,True
911,C000911,Kasia,Novak,Kasia Novak,Unknown,2000-05-19,2022-04-24,Consumer,28,kasia.novak.911@example.com,False
912,C000912,Marta,Novak,Marta Novak,Unknown,1979-03-24,2023-08-28,Consumer,18,marta.novak.912@example.com,True
913,C000913,Kasia,Jansen,Kasia Jansen,F,1975-11-21,2023-01-01,Consumer,5,kasia.jansen.913@example.com,True
914,C000914,Emma,Rossi,Emma Rossi,F,1961-02-03,2022-11-13,Consumer,28,emma.rossi.914@example.com,True
915,C000915,Marta,Muller,Marta Muller,Unknown,1993-01-25,2022-03-10,Consumer,7,marta.muller.915@example.com,False
916,C000916,Ola,Nowak,Ola Nowak,F,1991-10-02,2023-02-18,Consumer,16,ola.nowak.916@example.com,True
917,C000917,Anna,Garcia,Anna Garcia,M,2003-05-13,2021-09-10,Corporate,20,anna.garcia.917@example.com,False
918,C000918,Piotr,Garcia,Piotr Garcia,F,1981-12-17,2024-07-14,Consumer,9,piotr.garcia.918@example.com,False
919,C000919,Lena,Lewandowski,Lena Lewandowski,F,1957-05-06,2024-03-04,Small Business,31,lena.lewandowski.919@example.com,True
920,C000920,Emma,Wojcik,Emma Wojcik,Unknown,1998-11-05,2020-09-30,Consumer,15,emma.wojcik.920@example.com,False
921,C000921,Lucia,Jansen,Lucia Jansen,F,1963-06-10,2023-05-30,Small Business,34,lucia.jansen.921@example.com,False
922,C000922,Noah,Muller,Noah Muller,Unknown,1994-10-03,2024-10-02,VIP,25,noah.muller.922@example.com,True
923,C000923,Sofia,Wojcik,Sofia Wojcik,M,1974-09-28,2020-04-03,Consumer,1,sofia.wojcik.923@example.com,True
924,C000924,Lukas,Nowak,Lukas Nowak,F,1972-10-12,2021-07-06,Consumer,19,lukas.nowak.924@example.com,False
925,C000925,Marek,Rossi,Marek Rossi,Unknown,2003-08-21,2022-04-21,Consumer,17,marek.rossi.925@example.com,True
926,C000926,Eva,Dubois,Eva Dubois,Unknown,1994-11-05,2022-10-28,Small Business,19,eva.dubois.926@example.com,False
927,C000927,Marta,Brown,Marta Brown,Unknown,1981-09-15,2021-07-03,VIP,24,marta.brown.927@example.com,True
928,C000928,Adam,Kowalski,Adam Kowalski,Unknown,1964-02-10,2021-11-02,Consumer,16,adam.kowalski.928@example.com,True
929,C000929,Kasia,Brown,Kasia Brown,M,1960-06-15,2023-09-09,Consumer,25,kasia.brown.929@example.com,True
930,C000930,Eva,Wojcik,Eva Wojcik,M,1982-04-13,2021-06-11,Consumer,7,eva.wojcik.930@example.com,False
931,C000931,Marek,Nowak,Marek Nowak,M,1972-08-02,2021-05-06,Consumer,14,marek.nowak.931@example.com,True
932,C000932,Filip,Wojcik,Filip Wojcik,M,1979-01-26,2023-05-26,Consumer,3,filip.wojcik.932@example.com,True
933,C000933,Tomas,Rossi,Tomas Rossi,F,1971-11-06,2022-07-25,Consumer,2,tomas.rossi.933@example.com,True
934,C000934,Tomas,Novak,Tomas Novak,F,1968-11-09,2021-10-15,Small Business,29,tomas.novak.934@example.com,False
935,C000935,Lukas,Muller,Lukas Muller,Unknown,1977-07-16,2023-09-03,Small Business,20,lukas.muller.935@example.com,False
936,C000936,Hugo,Klein,Hugo Klein,Unknown,1999-10-13,2019-10-02,Small Business,28,hugo.klein.936@example.com,False
937,C000937,Lena,Nilsson,Lena Nilsson,F,1964-06-22,2021-06-20,Consumer,5,lena.nilsson.937@example.com,False
938,C000938,Marek,Lewandowski,Marek Lewandowski,M,1975-02-26,2022-05-23,Consumer,10,marek.lewandowski.938@example.com,True
939,C000939,Sofia,Brown,Sofia Brown,F,1983-11-19,2021-12-07,Corporate,29,sofia.brown.939@example.com,True
940,C000940,Lukas,Nilsson,Lukas Nilsson,Unknown,1979-04-12,2022-06-27,Corporate,35,lukas.nilsson.940@example.com,True
941,C000941,Anna,Rossi,Anna Rossi,Unknown,1974-09-27,2020-04-08,Consumer,24,anna.rossi.941@example.com,False
942,C000942,Tomas,Garcia,Tomas Garcia,F,1977-09-14,2022-06-02,Small Business,27,tomas.garcia.942@example.com,False
943,C000943,Lukas,Novak,Lukas Novak,M,1993-03-18,2022-12-02,Small Business,24,lukas.novak.943@example.com,False
944,C000944,Marco,Martin,Marco Martin,F,1994-02-03,2020-04-28,Corporate,28,marco.martin.944@example.com,False
945,C000945,Piotr,Jansen,Piotr Jansen,Unknown,2002-10-18,2024-03-18,Corporate,27,piotr.jansen.945@example.com,True
946,C000946,Tomas,Muller,Tomas Muller,F,1969-08-18,2021-07-29,Small Business,19,tomas.muller.946@example.com,False
947,C000947,Kasia,Dubois,Kasia Dubois,F,1996-12-26,2022-02-22,Small Business,23,kasia.dubois.947@example.com,False
948,C000948,Marco,Rossi,Marco Rossi,Unknown,1997-05-10,2021-12-23,Consumer,33,marco.rossi.948@example.com,False
949,C000949,Jan,Kowalski,Jan Kowalski,Unknown,1956-03-26,2023-11-11,Corporate,27,jan.kowalski.949@example.com,True
950,C000950,Noah,Novak,Noah Novak,F,1980-04-20,2022-05-27,Small Business,28,noah.novak.950@example.com,False
951,C000951,Eva,Martin,Eva Martin,M,1966-07-11,2021-06-10,Consumer,9,eva.martin.951@example.com,False
952,C000952,Julia,Nowak,Julia Nowak,Unknown,1995-10-26,2022-05-12,Consumer,9,julia.nowak.952@example.com,True
953,C000953,Marta,Kowalski,Marta Kowalski,F,1982-01-21,2020-09-13,Corporate,6,marta.kowalski.953@example.com,False
954,C000954,Lena,Dubois,Lena Dubois,Unknown,1956-12-24,2024-03-07,Corporate,6,lena.dubois.954@example.com,True
955,C000955,Noah,Rossi,Noah Rossi,M,1967-09-27,2023-06-08,Corporate,16,noah.rossi.955@example.com,True
956,C000956,Anna,Brown,Anna Brown,F,1992-02-04,2021-05-27,Consumer,10,anna.brown.956@example.com,True
957,C000957,Marta,Nowak,Marta Nowak,F,1986-06-27,2023-08-12,Consumer,12,marta.nowak.957@example.com,True
958,C000958,Marek,Brown,Marek Brown,M,1959-04-22,2022-12-06,Corporate,5,marek.brown.958@example.com,False
959,C000959,Lukas,Rossi,Lukas Rossi,F,1955-03-22,2020-08-03,VIP,11,lukas.rossi.959@example.com,False
960,C000960,Filip,Nilsson,Filip Nilsson,F,1989-01-06,2021-12-19,Consumer,31,filip.nilsson.960@example.com,True
961,C000961,Julia,Novak,Julia Novak,F,2003-03-07,2021-08-14,Small Business,2,julia.novak.961@example.com,True
962,C000962,Noah,Nowak,Noah Nowak,M,2001-12-05,2022-10-14,Consumer,9,noah.nowak.962@example.com,True
963,C000963,Kasia,Martin,Kasia Martin,M,1986-07-17,2021-12-18,Consumer,19,kasia.martin.963@example.com,False
964,C000964,Eva,Nowak,Eva Nowak,Unknown,1992-10-10,2022-09-10,Consumer,18,eva.nowak.964@example.com,False
965,C000965,Filip,Martin,Filip Martin,M,1972-06-20,2023-11-06,Consumer,28,filip.martin.965@example.com,True
966,C000966,Kasia,Smith,Kasia Smith,M,1957-09-09,2022-08-28,Corporate,5,kasia.smith.966@example.com,False
967,C000967,Hugo,Dubois,Hugo Dubois,M,1956-02-06,2021-07-17,Small Business,34,hugo.dubois.967@example.com,True
968,C000968,Emma,Brown,Emma Brown,F,1978-06-05,2021-07-30,Consumer,5,emma.brown.968@example.com,False
969,C000969,Emma,Jansen,Emma Jansen,M,1991-06-08,2020-10-18,Consumer,22,emma.jansen.969@example.com,True
970,C000970,Piotr,Novak,Piotr Novak,Unknown,1972-12-20,2020-02-28,Small Business,14,piotr.novak.970@example.com,False
971,C000971,Lucia,Lewandowski,Lucia Lewandowski,M,1975-04-07,2024-08-19,Consumer,28,lucia.lewandowski.971@example.com,True
972,C000972,Piotr,Jansen,Piotr Jansen,F,1965-10-11,2022-06-29,Corporate,8,piotr.jansen.972@example.com,True
973,C000973,Kasia,Rossi,Kasia Rossi,F,1963-07-02,2023-06-19,Consumer,1,kasia.rossi.973@example.com,True
974,C000974,Piotr,Lewandowski,Piotr Lewandowski,M,1981-12-10,2023-01-04,Consumer,31,piotr.lewandowski.974@example.com,False
975,C000975,Marek,Nilsson,Marek Nilsson,M,1958-07-10,2022-08-06,Small Business,21,marek.nilsson.975@example.com,False
976,C000976,Hugo,Nilsson,Hugo Nilsson,F,1961-01-08,2021-12-05,Consumer,8,hugo.nilsson.976@example.com,True
977,C000977,Noah,Smith,Noah Smith,Unknown,1960-04-24,2021-10-17,VIP,28,noah.smith.977@example.com,False
978,C000978,Ola,Klein,Ola Klein,M,1957-02-02,2021-07-27,Consumer,4,ola.klein.978@example.com,False
979,C000979,Ola,Martin,Ola Martin,F,1965-03-19,2021-05-20,Consumer,25,ola.martin.979@example.com,True
980,C000980,Kasia,Brown,Kasia Brown,M,1962-09-17,2024-07-26,Corporate,27,kasia.brown.980@example.com,False
981,C000981,Marek,Muller,Marek Muller,M,1960-05-25,2021-08-20,Corporate,21,marek.muller.981@example.com,False
982,C000982,Marta,Nowak,Marta Nowak,M,1986-01-07,2023-03-06,Small Business,14,marta.nowak.982@example.com,True
983,C000983,Lucia,Muller,Lucia Muller,M,1992-09-17,2021-05-08,Corporate,7,lucia.muller.983@example.com,False
984,C000984,Piotr,Klein,Piotr Klein,Unknown,1963-04-12,2023-06-17,Consumer,33,piotr.klein.984@example.com,False
985,C000985,Marta,Rossi,Marta Rossi,Unknown,1982-03-22,2024-05-18,Consumer,13,marta.rossi.985@example.com,False
986,C000986,Piotr,Muller,Piotr Muller,M,1956-08-06,2021-05-31,Corporate,7,piotr.muller.986@example.com,False
987,C000987,Piotr,Klein,Piotr Klein,F,1990-02-12,2021-12-25,Consumer,17,piotr.klein.987@example.com,False
988,C000988,Jan,Jansen,Jan Jansen,Unknown,1972-06-04,2024-01-04,Small Business,22,jan.jansen.988@example.com,True
989,C000989,Eva,Smith,Eva Smith,Unknown,1993-05-17,2023-01-24,Consumer,13,eva.smith.989@example.com,False
990,C000990,Piotr,Muller,Piotr Muller,F,1962-01-02,2021-11-18,Consumer,16,piotr.muller.990@example.com,True
991,C000991,Filip,Martin,Filip Martin,F,2000-07-13,2021-06-20,Corporate,15,filip.martin.991@example.com,False
992,C000992,Marek,Muller,Marek Muller,Unknown,1965-04-12,2021-10-30,Corporate,18,marek.muller.992@example.com,False
993,C000993,Lukas,Novak,Lukas Novak,Unknown,1999-10-16,2021-08-23,Consumer,7,lukas.novak.993@example.com,True
994,C000994,Lukas,Smith,Lukas Smith,M,1976-08-05,2024-08-16,Consumer,5,lukas.smith.994@example.com,True
995,C000995,Marta,Smith,Marta Smith,Unknown,1998-01-20,2023-09-03,Consumer,17,marta.smith.995@example.com,False
996,C000996,Piotr,Kowalski,Piotr Kowalski,Unknown,1956-10-22,2022-06-20,Consumer,31,piotr.kowalski.996@example.com,False
997,C000997,Piotr,Rossi,Piotr Rossi,Unknown,2002-06-15,2022-08-05,Consumer,7,piotr.rossi.997@example.com,False
998,C000998,Kasia,Kowalski,Kasia Kowalski,Unknown,1977-05-23,2023-12-21,Small Business,24,kasia.kowalski.998@example.com,False
999,C000999,Piotr,Rossi,Piotr Rossi,F,1998-09-24,2020-04-28,VIP,31,piotr.rossi.999@example.com,False
1000,C001000,Hugo,Jansen,Hugo Jansen,M,1956-04-19,2022-05-05,Consumer,10,hugo.jansen.1000@example.com,True
1001,C001001,Piotr,Rossi,Piotr Rossi,F,1995-11-18,2023-09-12,Consumer,25,piotr.rossi.1001@example.com,False
1002,C001002,Eva,Nilsson,Eva Nilsson,Unknown,1981-05-10,2021-09-12,Consumer,22,eva.nilsson.1002@example.com,True
1003,C001003,Tomas,Wojcik,Tomas Wojcik,M,1984-10-26,2021-09-22,Consumer,8,tomas.wojcik.1003@example.com,True
1004,C001004,Kasia,Brown,Kasia Brown,Unknown,1964-09-10,2023-05-21,Consumer,10,kasia.brown.1004@example.com,False
1005,C001005,Marco,Kowalski,Marco Kowalski,F,1984-01-07,2021-11-25,Consumer,5,marco.kowalski.1005@example.com,True
1006,C001006,Anna,Kowalski,Anna Kowalski,Unknown,1971-03-12,2021-02-16,Corporate,23,anna.kowalski.1006@example.com,False
1007,C001007,Marta,Martin,Marta Martin,Unknown,1972-03-24,2023-11-15,Small Business,10,marta.martin.1007@example.com,True
1008,C001008,Marek,Klein,Marek Klein,M,1977-04-26,2022-04-08,Consumer,3,marek.klein.1008@example.com,False
1009,C001009,Marco,Nilsson,Marco Nilsson,Unknown,1974-03-19,2022-08-03,Consumer,17,marco.nilsson.1009@example.com,False
1010,C001010,Sofia,Dubois,Sofia Dubois,M,1990-04-10,2021-08-17,Corporate,17,sofia.dubois.1010@example.com,False
1011,C001011,Lukas,Dubois,Lukas Dubois,Unknown,1982-02-05,2023-01-02,Consumer,35,lukas.dubois.1011@example.com,False
1012,C001012,Kasia,Garcia,Kasia Garcia,F,1982-08-14,2023-06-09,Small Business,23,kasia.garcia.1012@example.com,True
1013,C001013,Marta,Wojcik,Marta Wojcik,Unknown,1963-10-10,2021-02-26,Consumer,27,marta.wojcik.1013@example.com,True
1014,C001014,Lena,Klein,Lena Klein,F,1973-01-25,2021-11-01,Consumer,35,lena.klein.1014@example.com,True
1015,C001015,Kasia,Lewandowski,Kasia Lewandowski,M,1958-02-02,2021-11-05,Corporate,34,kasia.lewandowski.1015@example.com,False
1016,C001016,Lucia,Lewandowski,Lucia Lewandowski,Unknown,1958-02-24,2023-03-25,Corporate,31,lucia.lewandowski.1016@example.com,False
1017,C001017,Sofia,Novak,Sofia Novak,M,2002-08-05,2022-03-30,Corporate,34,sofia.novak.1017@example.com,False
1018,C001018,Marek,Nilsson,Marek Nilsson,F,1999-04-04,2021-10-25,Corporate,1,marek.nilsson.1018@example.com,True
1019,C001019,Noah,Muller,Noah Muller,M,1961-08-01,2022-07-03,Consumer,7,noah.muller.1019@example.com,False
1020,C001020,Eva,Jansen,Eva Jansen,M,1966-04-27,2022-09-09,Small Business,20,eva.jansen.1020@example.com,False
1021,C001021,Tomas,Smith,Tomas Smith,F,1995-01-06,2022-12-14,Consumer,8,tomas.smith.1021@example.com,False
1022,C001022,Marek,Jansen,Marek Jansen,M,1973-05-22,2024-06-26,Corporate,13,marek.jansen.1022@example.com,True
1023,C001023,Kasia,Dubois,Kasia Dubois,F,1982-03-01,2023-10-09,Corporate,7,kasia.dubois.1023@example.com,True
1024,C001024,Jan,Brown,Jan Brown,M,1996-11-20,2020-12-29,VIP,20,jan.brown.1024@example.com,False
1025,C001025,Ola,Kowalski,Ola Kowalski,F,1965-06-17,2022-06-04,Consumer,30,ola.kowalski.1025@example.com,False
1026,C001026,Julia,Nowak,Julia Nowak,M,1966-11-05,2024-03-04,Consumer,25,julia.nowak.1026@example.com,False
1027,C001027,Ola,Wojcik,Ola Wojcik,Unknown,2003-11-10,2021-04-12,Consumer,9,ola.wojcik.1027@example.com,False
1028,C001028,Lena,Martin,Lena Martin,Unknown,1987-11-17,2022-01-01,Consumer,12,lena.martin.1028@example.com,False
1029,C001029,Lena,Nilsson,Lena Nilsson,F,1980-02-02,2022-10-23,Consumer,23,lena.nilsson.1029@example.com,True
1030,C001030,Lucia,Wojcik,Lucia Wojcik,F,1969-12-26,2021-12-05,Corporate,31,lucia.wojcik.1030@example.com,True
1031,C001031,Marta,Kowalski,Marta Kowalski,M,1994-05-04,2022-04-22,Corporate,27,marta.kowalski.1031@example.com,False
1032,C001032,Lukas,Garcia,Lukas Garcia,Unknown,1961-12-15,2021-09-09,Corporate,2,lukas.garcia.1032@example.com,True
1033,C001033,Marek,Jansen,Marek Jansen,M,1998-05-08,2022-05-06,Small Business,17,marek.jansen.1033@example.com,False
1034,C001034,Marta,Nilsson,Marta Nilsson,F,1956-11-22,2022-11-15,Small Business,13,marta.nilsson.1034@example.com,False
1035,C001035,Tomas,Nilsson,Tomas Nilsson,M,1989-02-11,2024-06-11,Consumer,24,tomas.nilsson.1035@example.com,True
1036,C001036,Julia,Garcia,Julia Garcia,F,1977-10-18,2020-05-20,Consumer,31,julia.garcia.1036@example.com,False
1037,C001037,Lena,Nowak,Lena Nowak,M,1963-09-10,2022-05-19,Consumer,5,lena.nowak.1037@example.com,False
1038,C001038,Anna,Muller,Anna Muller,F,1973-05-13,2022-01-13,Small Business,22,anna.muller.1038@example.com,True
1039,C001039,Marta,Novak,Marta Novak,M,1991-04-28,2023-05-10,Consumer,19,marta.novak.1039@example.com,True
1040,C001040,Lena,Jansen,Lena Jansen,M,1971-11-01,2023-10-22,Consumer,8,lena.jansen.1040@example.com,True
1041,C001041,Sofia,Muller,Sofia Muller,F,1990-12-11,2020-03-24,Consumer,4,sofia.muller.1041@example.com,False
1042,C001042,Hugo,Nowak,Hugo Nowak,Unknown,1981-10-24,2020-09-26,Consumer,3,hugo.nowak.1042@example.com,True
1043,C001043,Piotr,Kowalski,Piotr Kowalski,M,1986-09-08,2022-02-22,Consumer,3,piotr.kowalski.1043@example.com,False
1044,C001044,Anna,Klein,Anna Klein,Unknown,1958-01-25,2020-11-28,Corporate,15,anna.klein.1044@example.com,True
1045,C001045,Adam,Jansen,Adam Jansen,M,1958-07-25,2021-08-24,Corporate,2,adam.jansen.1045@example.com,False
1046,C001046,Kasia,Nowak,Kasia Nowak,M,1994-06-12,2023-05-20,Small Business,8,kasia.nowak.1046@example.com,True
1047,C001047,Lena,Kowalski,Lena Kowalski,Unknown,1969-07-24,2022-11-25,Consumer,6,lena.kowalski.1047@example.com,False
1048,C001048,Jan,Nowak,Jan Nowak,F,1958-03-15,2023-01-30,Consumer,16,jan.nowak.1048@example.com,False
1049,C001049,Marco,Smith,Marco Smith,Unknown,1993-07-16,2020-11-04,Consumer,16,marco.smith.1049@example.com,True
1050,C001050,Emma,Jansen,Emma Jansen,M,2000-12-27,2022-03-28,Corporate,35,emma.jansen.1050@example.com,False
1051,C001051,Noah,Novak,Noah Novak,F,1972-06-23,2023-04-23,Consumer,19,noah.novak.1051@example.com,False
1052,C001052,Ola,Nowak,Ola Nowak,M,1968-03-27,2021-11-01,Corporate,32,ola.nowak.1052@example.com,True
1053,C001053,Sofia,Kowalski,Sofia Kowalski,F,1970-12-15,2022-09-22,Consumer,24,sofia.kowalski.1053@example.com,False
1054,C001054,Ola,Nilsson,Ola Nilsson,M,1979-05-27,2022-02-06,Small Business,18,ola.nilsson.1054@example.com,True
1055,C001055,Eva,Dubois,Eva Dubois,F,1983-01-08,2023-07-21,Corporate,2,eva.dubois.1055@example.com,False
1056,C001056,Jan,Novak,Jan Novak,M,2003-06-01,2022-03-07,Small Business,20,jan.novak.1056@example.com,False
1057,C001057,Lucia,Martin,Lucia Martin,F,1994-07-28,2021-02-14,Corporate,2,lucia.martin.1057@example.com,False
1058,C001058,Adam,Jansen,Adam Jansen,M,1982-10-24,2023-04-27,Consumer,19,adam.jansen.1058@example.com,True
1059,C001059,Sofia,Klein,Sofia Klein,F,1955-05-26,2021-08-17,VIP,16,sofia.klein.1059@example.com,False
1060,C001060,Lucia,Nilsson,Lucia Nilsson,M,1980-01-20,2023-04-06,Corporate,19,lucia.nilsson.1060@example.com,False
1061,C001061,Piotr,Rossi,Piotr Rossi,F,1991-11-11,2021-02-20,Consumer,1,piotr.rossi.1061@example.com,True
1062,C001062,Kasia,Kowalski,Kasia Kowalski,F,1977-08-21,2022-10-03,Consumer,1,kasia.kowalski.1062@example.com,False
1063,C001063,Ola,Klein,Ola Klein,F,1994-09-11,2024-04-17,Consumer,6,ola.klein.1063@example.com,False
1064,C001064,Marek,Smith,Marek Smith,F,1969-11-06,2021-11-13,Consumer,17,marek.smith.1064@example.com,True
1065,C001065,Kasia,Nilsson,Kasia Nilsson,F,1975-01-18,2021-04-08,VIP,33,kasia.nilsson.1065@example.com,False
1066,C001066,Anna,Brown,Anna Brown,M,1977-09-23,2023-03-12,Consumer,17,anna.brown.1066@example.com,False
1067,C001067,Julia,Nowak,Julia Nowak,Unknown,1970-04-11,2022-06-26,Consumer,8,julia.nowak.1067@example.com,False
1068,C001068,Sofia,Kowalski,Sofia Kowalski,M,1975-10-26,2022-11-15,Small Business,19,sofia.kowalski.1068@example.com,True
1069,C001069,Filip,Kowalski,Filip Kowalski,Unknown,1965-06-02,2022-01-11,Consumer,19,filip.kowalski.1069@example.com,False
1070,C001070,Julia,Martin,Julia Martin,Unknown,2004-12-17,2023-01-24,Consumer,21,julia.martin.1070@example.com,True
1071,C001071,Sofia,Dubois,Sofia Dubois,Unknown,2003-11-03,2023-01-16,Consumer,3,sofia.dubois.1071@example.com,False
1072,C001072,Adam,Martin,Adam Martin,Unknown,1962-09-26,2024-07-04,Consumer,27,adam.martin.1072@example.com,False
1073,C001073,Emma,Lewandowski,Emma Lewandowski,M,1991-05-08,2022-06-11,Consumer,18,emma.lewandowski.1073@example.com,True
1074,C001074,Noah,Jansen,Noah Jansen,Unknown,2001-07-12,2023-10-02,Consumer,8,noah.jansen.1074@example.com,False
1075,C001075,Filip,Muller,Filip Muller,Unknown,1983-07-08,2021-02-08,Consumer,31,filip.muller.1075@example.com,False
1076,C001076,Filip,Rossi,Filip Rossi,M,1973-06-11,2022-02-16,Consumer,9,filip.rossi.1076@example.com,False
1077,C001077,Emma,Klein,Emma Klein,M,1966-08-01,2022-03-19,Consumer,32,emma.klein.1077@example.com,False
1078,C001078,Piotr,Smith,Piotr Smith,F,1957-07-01,2021-01-01,Consumer,31,piotr.smith.1078@example.com,False
1079,C001079,Tomas,Garcia,Tomas Garcia,Unknown,1963-07-23,2021-10-17,Consumer,25,tomas.garcia.1079@example.com,True
1080,C001080,Lena,Nilsson,Lena Nilsson,Unknown,1994-02-24,2022-04-16,Small Business,22,lena.nilsson.1080@example.com,False
1081,C001081,Kasia,Martin,Kasia Martin,Unknown,1982-05-25,2021-06-02,Consumer,27,kasia.martin.1081@example.com,False
1082,C001082,Marta,Smith,Marta Smith,M,1955-10-19,2023-07-05,Consumer,33,marta.smith.1082@example.com,True
1083,C001083,Piotr,Muller,Piotr Muller,Unknown,1974-08-11,2025-01-11,Small Business,18,piotr.muller.1083@example.com,False
1084,C001084,Marco,Garcia,Marco Garcia,F,1979-06-25,2022-04-22,Small Business,28,marco.garcia.1084@example.com,False
1085,C001085,Tomas,Novak,Tomas Novak,M,1972-10-20,2021-09-05,Consumer,14,tomas.novak.1085@example.com,True
1086,C001086,Marek,Jansen,Marek Jansen,F,1969-03-10,2021-11-14,Corporate,18,marek.jansen.1086@example.com,True
1087,C001087,Adam,Lewandowski,Adam Lewandowski,Unknown,1987-03-01,2020-07-19,Consumer,14,adam.lewandowski.1087@example.com,True
1088,C001088,Anna,Garcia,Anna Garcia,Unknown,1968-05-19,2023-04-21,Consumer,32,anna.garcia.1088@example.com,False
1089,C001089,Piotr,Jansen,Piotr Jansen,M,1982-08-09,2022-07-12,Corporate,8,piotr.jansen.1089@example.com,True
1090,C001090,Marta,Martin,Marta Martin,Unknown,1969-12-03,2021-12-18,Consumer,23,marta.martin.1090@example.com,False
1091,C001091,Marta,Martin,Marta Martin,Unknown,1999-06-02,2021-05-08,Small Business,33,marta.martin.1091@example.com,True
1092,C001092,Anna,Muller,Anna Muller,Unknown,1963-10-13,2020-10-15,Consumer,3,anna.muller.1092@example.com,False
1093,C001093,Lukas,Martin,Lukas Martin,Unknown,1986-05-05,2021-12-10,Small Business,32,lukas.martin.1093@example.com,False
1094,C001094,Tomas,Nowak,Tomas Nowak,F,1986-09-20,2022-06-01,Consumer,1,tomas.nowak.1094@example.com,True
1095,C001095,Lena,Muller,Lena Muller,M,1995-06-16,2021-07-10,Small Business,25,lena.muller.1095@example.com,False
1096,C001096,Marek,Wojcik,Marek Wojcik,M,1995-07-20,2024-01-18,Consumer,32,marek.wojcik.1096@example.com,True
1097,C001097,Tomas,Jansen,Tomas Jansen,F,1975-04-22,2021-06-17,Consumer,19,tomas.jansen.1097@example.com,True
1098,C001098,Hugo,Martin,Hugo Martin,M,1980-12-05,2022-07-18,Corporate,8,hugo.martin.1098@example.com,False
1099,C001099,Marco,Rossi,Marco Rossi,F,1987-04-28,2022-02-06,Corporate,2,marco.rossi.1099@example.com,True
1100,C001100,Tomas,Dubois,Tomas Dubois,M,1983-07-13,2021-07-30,Consumer,21,tomas.dubois.1100@example.com,True
1101,C001101,Marco,Jansen,Marco Jansen,Unknown,1981-04-19,2020-06-25,Consumer,3,marco.jansen.1101@example.com,False
1102,C001102,Sofia,Nilsson,Sofia Nilsson,F,1989-01-24,2024-01-26,Small Business,22,sofia.nilsson.1102@example.com,True
1103,C001103,Adam,Nowak,Adam Nowak,Unknown,1996-01-17,2023-06-11,Consumer,23,adam.nowak.1103@example.com,True
1104,C001104,Eva,Lewandowski,Eva Lewandowski,M,2000-04-10,2020-08-29,Consumer,35,eva.lewandowski.1104@example.com,True
1105,C001105,Anna,Kowalski,Anna Kowalski,M,1956-09-04,2022-10-29,Consumer,16,anna.kowalski.1105@example.com,True
1106,C001106,Noah,Brown,Noah Brown,Unknown,2004-12-08,2023-06-08,Consumer,2,noah.brown.1106@example.com,False
1107,C001107,Sofia,Lewandowski,Sofia Lewandowski,F,2002-05-28,2022-03-12,Consumer,26,sofia.lewandowski.1107@example.com,False
1108,C001108,Anna,Kowalski,Anna Kowalski,Unknown,2002-09-20,2022-02-10,Corporate,27,anna.kowalski.1108@example.com,True
1109,C001109,Lucia,Dubois,Lucia Dubois,M,1987-12-01,2022-09-10,Consumer,20,lucia.dubois.1109@example.com,True
1110,C001110,Eva,Rossi,Eva Rossi,M,1982-02-08,2024-01-03,Consumer,31,eva.rossi.1110@example.com,False
1111,C001111,Julia,Muller,Julia Muller,M,1979-01-16,2022-03-03,Corporate,35,julia.muller.1111@example.com,False
1112,C001112,Noah,Nilsson,Noah Nilsson,M,1956-07-25,2023-11-10,Consumer,29,noah.nilsson.1112@example.com,True
1113,C001113,Lucia,Smith,Lucia Smith,F,1995-02-04,2021-05-18,Small Business,20,lucia.smith.1113@example.com,False
1114,C001114,Marta,Smith,Marta Smith,Unknown,1980-10-27,2023-08-11,Small Business,16,marta.smith.1114@example.com,False
1115,C001115,Marek,Rossi,Marek Rossi,F,1981-05-24,2021-11-25,Consumer,4,marek.rossi.1115@example.com,False
1116,C001116,Anna,Rossi,Anna Rossi,Unknown,1999-04-25,2023-03-02,Consumer,27,anna.rossi.1116@example.com,False
1117,C001117,Lucia,Jansen,Lucia Jansen,F,2000-08-17,2020-11-25,Consumer,16,lucia.jansen.1117@example.com,True
1118,C001118,Anna,Smith,Anna Smith,M,1988-12-04,2022-08-23,Small Business,9,anna.smith.1118@example.com,True
1119,C001119,Marek,Smith,Marek Smith,M,1995-09-16,2024-09-04,Consumer,28,marek.smith.1119@example.com,True
1120,C001120,Marco,Martin,Marco Martin,Unknown,1998-05-17,2023-03-08,Corporate,28,marco.martin.1120@example.com,True
1121,C001121,Emma,Wojcik,Emma Wojcik,M,1994-12-12,2021-12-15,Consumer,34,emma.wojcik.1121@example.com,False
1122,C001122,Lukas,Novak,Lukas Novak,F,2000-08-01,2023-06-12,Consumer,9,lukas.novak.1122@example.com,True
1123,C001123,Marco,Martin,Marco Martin,M,1967-04-23,2024-10-02,Consumer,1,marco.martin.1123@example.com,True
1124,C001124,Filip,Smith,Filip Smith,M,1959-06-21,2021-09-13,Corporate,30,filip.smith.1124@example.com,False
1125,C001125,Marco,Lewandowski,Marco Lewandowski,Unknown,1982-10-24,2023-03-16,Corporate,18,marco.lewandowski.1125@example.com,False
1126,C001126,Emma,Nowak,Emma Nowak,M,1992-03-04,2021-03-02,Consumer,35,emma.nowak.1126@example.com,False
1127,C001127,Julia,Nilsson,Julia Nilsson,Unknown,1996-07-11,2021-12-10,Small Business,9,julia.nilsson.1127@example.com,False
1128,C001128,Emma,Smith,Emma Smith,F,1955-04-07,2022-07-27,Consumer,31,emma.smith.1128@example.com,False
1129,C001129,Marta,Klein,Marta Klein,M,1958-03-17,2022-03-16,Corporate,21,marta.klein.1129@example.com,True
1130,C001130,Piotr,Muller,Piotr Muller,Unknown,1990-07-13,2021-12-29,Consumer,33,piotr.muller.1130@example.com,True
1131,C001131,Lucia,Novak,Lucia Novak,Unknown,1960-10-27,2022-05-02,Small Business,34,lucia.novak.1131@example.com,False
1132,C001132,Adam,Jansen,Adam Jansen,Unknown,1986-12-26,2021-12-22,Small Business,28,adam.jansen.1132@example.com,False
1133,C001133,Anna,Lewandowski,Anna Lewandowski,Unknown,1978-08-25,2022-01-23,Consumer,12,anna.lewandowski.1133@example.com,False
1134,C001134,Eva,Garcia,Eva Garcia,M,1966-12-01,2023-12-07,Consumer,13,eva.garcia.1134@example.com,True
1135,C001135,Lucia,Nowak,Lucia Nowak,F,1978-05-17,2023-07-01,Corporate,20,lucia.nowak.1135@example.com,False
1136,C001136,Jan,Martin,Jan Martin,Unknown,2000-05-09,2020-07-27,Small Business,26,jan.martin.1136@example.com,False
1137,C001137,Filip,Brown,Filip Brown,F,1984-08-06,2023-09-26,Consumer,31,filip.brown.1137@example.com,True
1138,C001138,Lukas,Lewandowski,Lukas Lewandowski,F,1963-02-14,2020-05-01,Consumer,10,lukas.lewandowski.1138@example.com,False
1139,C001139,Piotr,Lewandowski,Piotr Lewandowski,M,1989-05-28,2021-07-21,Small Business,21,piotr.lewandowski.1139@example.com,False
1140,C001140,Lukas,Klein,Lukas Klein,Unknown,1992-12-12,2020-08-20,Consumer,21,lukas.klein.1140@example.com,False
1141,C001141,Marta,Muller,Marta Muller,F,2003-09-05,2021-06-15,Consumer,4,marta.muller.1141@example.com,True
1142,C001142,Julia,Dubois,Julia Dubois,M,1966-11-24,2019-08-29,Consumer,13,julia.dubois.1142@example.com,True
1143,C001143,Kasia,Nilsson,Kasia Nilsson,F,1999-02-19,2021-03-13,Small Business,22,kasia.nilsson.1143@example.com,True
1144,C001144,Lukas,Garcia,Lukas Garcia,F,1992-11-01,2020-10-19,Consumer,6,lukas.garcia.1144@example.com,True
1145,C001145,Noah,Rossi,Noah Rossi,M,1998-11-28,2022-03-18,Consumer,6,noah.rossi.1145@example.com,False
1146,C001146,Ola,Smith,Ola Smith,M,1991-06-14,2022-06-04,Small Business,12,ola.smith.1146@example.com,True
1147,C001147,Ola,Martin,Ola Martin,Unknown,1983-05-03,2022-08-15,Consumer,19,ola.martin.1147@example.com,False
1148,C001148,Kasia,Lewandowski,Kasia Lewandowski,Unknown,1995-11-27,2021-09-24,Consumer,34,kasia.lewandowski.1148@example.com,False
1149,C001149,Tomas,Garcia,Tomas Garcia,M,1996-11-26,2022-05-10,Corporate,14,tomas.garcia.1149@example.com,False
1150,C001150,Marta,Novak,Marta Novak,M,2004-04-09,2024-01-05,Consumer,18,marta.novak.1150@example.com,True
1151,C001151,Marek,Smith,Marek Smith,M,1984-10-11,2024-02-13,Corporate,12,marek.smith.1151@example.com,False
1152,C001152,Piotr,Brown,Piotr Brown,M,1977-01-06,2023-06-27,Consumer,21,piotr.brown.1152@example.com,False
1153,C001153,Hugo,Rossi,Hugo Rossi,M,1965-08-18,2021-08-08,Small Business,12,hugo.rossi.1153@example.com,False
1154,C001154,Eva,Jansen,Eva Jansen,M,1970-05-24,2022-11-06,Corporate,28,eva.jansen.1154@example.com,True
1155,C001155,Julia,Nowak,Julia Nowak,M,1981-07-25,2024-06-26,Corporate,15,julia.nowak.1155@example.com,True
1156,C001156,Marco,Klein,Marco Klein,F,1993-12-17,2024-08-18,Consumer,11,marco.klein.1156@example.com,True
1157,C001157,Marta,Rossi,Marta Rossi,M,2004-03-26,2023-08-09,Consumer,4,marta.rossi.1157@example.com,True
1158,C001158,Emma,Klein,Emma Klein,F,1966-05-10,2022-10-24,Small Business,10,emma.klein.1158@example.com,False
1159,C001159,Sofia,Brown,Sofia Brown,M,1990-06-01,2021-07-23,Consumer,16,sofia.brown.1159@example.com,False
1160,C001160,Emma,Klein,Emma Klein,Unknown,1985-11-13,2022-04-09,Consumer,26,emma.klein.1160@example.com,False
1161,C001161,Sofia,Garcia,Sofia Garcia,M,2003-03-13,2021-09-01,Small Business,25,sofia.garcia.1161@example.com,False
1162,C001162,Filip,Dubois,Filip Dubois,F,1989-02-12,2020-10-13,Small Business,28,filip.dubois.1162@example.com,True
1163,C001163,Hugo,Garcia,Hugo Garcia,F,1976-09-27,2024-03-25,Corporate,16,hugo.garcia.1163@example.com,True
1164,C001164,Jan,Muller,Jan Muller,Unknown,1974-07-03,2023-03-16,Consumer,13,jan.muller.1164@example.com,True
1165,C001165,Eva,Brown,Eva Brown,F,1985-01-09,2021-10-29,Consumer,20,eva.brown.1165@example.com,False
1166,C001166,Kasia,Wojcik,Kasia Wojcik,Unknown,1960-06-22,2020-07-07,Small Business,7,kasia.wojcik.1166@example.com,False
1167,C001167,Lukas,Garcia,Lukas Garcia,F,1963-10-17,2023-06-23,Consumer,1,lukas.garcia.1167@example.com,False
1168,C001168,Tomas,Wojcik,Tomas Wojcik,Unknown,1958-05-14,2021-12-05,Small Business,26,tomas.wojcik.1168@example.com,False
1169,C001169,Hugo,Wojcik,Hugo Wojcik,M,1985-12-11,2022-08-20,Consumer,33,hugo.wojcik.1169@example.com,True
1170,C001170,Adam,Wojcik,Adam Wojcik,M,1979-11-03,2021-08-15,Small Business,28,adam.wojcik.1170@example.com,False
1171,C001171,Emma,Novak,Emma Novak,F,1994-12-28,2023-03-02,Consumer,17,emma.novak.1171@example.com,True
1172,C001172,Kasia,Garcia,Kasia Garcia,M,1958-10-22,2022-05-19,Consumer,32,kasia.garcia.1172@example.com,True
1173,C001173,Adam,Rossi,Adam Rossi,M,1966-05-12,2020-12-05,Consumer,2,adam.rossi.1173@example.com,False
1174,C001174,Hugo,Martin,Hugo Martin,F,1957-09-24,2022-04-15,Consumer,8,hugo.martin.1174@example.com,True
1175,C001175,Marek,Dubois,Marek Dubois,Unknown,1972-06-15,2021-06-09,Small Business,10,marek.dubois.1175@example.com,False
1176,C001176,Marta,Garcia,Marta Garcia,M,1978-01-05,2020-11-11,Consumer,3,marta.garcia.1176@example.com,False
1177,C001177,Marco,Dubois,Marco Dubois,Unknown,1980-01-06,2021-05-08,Corporate,22,marco.dubois.1177@example.com,False
1178,C001178,Piotr,Wojcik,Piotr Wojcik,Unknown,1967-10-09,2024-01-13,Small Business,28,piotr.wojcik.1178@example.com,True
1179,C001179,Hugo,Nilsson,Hugo Nilsson,Unknown,1985-04-25,2022-04-26,Corporate,4,hugo.nilsson.1179@example.com,True
1180,C001180,Jan,Nilsson,Jan Nilsson,F,1980-03-22,2022-09-25,Consumer,33,jan.nilsson.1180@example.com,True
1181,C001181,Sofia,Rossi,Sofia Rossi,F,1972-08-20,2021-07-27,Consumer,27,sofia.rossi.1181@example.com,True
1182,C001182,Noah,Nowak,Noah Nowak,Unknown,1994-05-24,2022-08-03,Consumer,21,noah.nowak.1182@example.com,False
1183,C001183,Eva,Jansen,Eva Jansen,M,1990-01-11,2022-11-03,Small Business,35,eva.jansen.1183@example.com,True
1184,C001184,Emma,Novak,Emma Novak,M,1999-03-22,2022-05-05,Consumer,32,emma.novak.1184@example.com,False
1185,C001185,Marek,Novak,Marek Novak,M,1977-02-07,2022-11-16,Consumer,6,marek.novak.1185@example.com,False
1186,C001186,Kasia,Kowalski,Kasia Kowalski,Unknown,1964-10-19,2023-07-05,Consumer,29,kasia.kowalski.1186@example.com,False
1187,C001187,Marco,Novak,Marco Novak,F,2002-08-08,2023-12-18,Consumer,2,marco.novak.1187@example.com,False
1188,C001188,Piotr,Dubois,Piotr Dubois,F,1968-04-04,2022-01-09,Small Business,8,piotr.dubois.1188@example.com,False
1189,C001189,Adam,Dubois,Adam Dubois,M,1977-04-14,2021-11-20,Small Business,26,adam.dubois.1189@example.com,False
1190,C001190,Julia,Novak,Julia Novak,M,1989-07-08,2021-11-10,Corporate,21,julia.novak.1190@example.com,True
1191,C001191,Lukas,Klein,Lukas Klein,M,1966-07-10,2024-12-23,Corporate,29,lukas.klein.1191@example.com,False
1192,C001192,Eva,Nilsson,Eva Nilsson,Unknown,1996-07-14,2021-11-28,Consumer,7,eva.nilsson.1192@example.com,True
1193,C001193,Marta,Nilsson,Marta Nilsson,Unknown,1991-12-14,2023-10-05,Consumer,33,marta.nilsson.1193@example.com,False
1194,C001194,Marta,Garcia,Marta Garcia,Unknown,1956-12-20,2021-12-21,Consumer,31,marta.garcia.1194@example.com,True
1195,C001195,Kasia,Garcia,Kasia Garcia,M,2001-04-06,2021-10-19,Consumer,11,kasia.garcia.1195@example.com,True
1196,C001196,Emma,Nilsson,Emma Nilsson,F,1984-08-08,2022-07-28,Small Business,2,emma.nilsson.1196@example.com,False
1197,C001197,Piotr,Wojcik,Piotr Wojcik,M,1993-06-28,2022-12-05,Corporate,33,piotr.wojcik.1197@example.com,True
1198,C001198,Tomas,Lewandowski,Tomas Lewandowski,M,1988-08-28,2021-04-26,VIP,3,tomas.lewandowski.1198@example.com,False
1199,C001199,Piotr,Martin,Piotr Martin,M,2004-10-21,2020-08-21,Consumer,35,piotr.martin.1199@example.com,False
1200,C001200,Eva,Lewandowski,Eva Lewandowski,Unknown,2001-01-12,2023-10-01,Corporate,19,eva.lewandowski.1200@example.com,False
1201,C001201,Piotr,Smith,Piotr Smith,Unknown,1971-10-25,2020-05-29,Consumer,8,piotr.smith.1201@example.com,True
1202,C001202,Sofia,Klein,Sofia Klein,M,1970-08-07,2021-10-21,Corporate,22,sofia.klein.1202@example.com,True
1203,C001203,Noah,Wojcik,Noah Wojcik,M,1971-06-10,2022-07-25,Small Business,32,noah.wojcik.1203@example.com,False
1204,C001204,Filip,Kowalski,Filip Kowalski,F,2003-03-05,2022-02-26,Consumer,18,filip.kowalski.1204@example.com,True
1205,C001205,Marco,Rossi,Marco Rossi,M,2000-03-19,2021-12-07,Corporate,24,marco.rossi.1205@example.com,False
1206,C001206,Sofia,Smith,Sofia Smith,Unknown,1993-05-28,2022-05-14,Consumer,10,sofia.smith.1206@example.com,False
1207,C001207,Sofia,Nilsson,Sofia Nilsson,Unknown,1955-05-12,2022-10-31,Small Business,20,sofia.nilsson.1207@example.com,False
1208,C001208,Filip,Klein,Filip Klein,M,1965-06-21,2024-05-17,Consumer,31,filip.klein.1208@example.com,True
1209,C001209,Lukas,Lewandowski,Lukas Lewandowski,F,1988-08-06,2022-10-10,Corporate,32,lukas.lewandowski.1209@example.com,True
1210,C001210,Marco,Muller,Marco Muller,Unknown,1969-03-09,2020-12-18,Consumer,15,marco.muller.1210@example.com,False
1211,C001211,Julia,Klein,Julia Klein,M,1969-12-07,2021-03-02,Corporate,1,julia.klein.1211@example.com,False
1212,C001212,Marta,Rossi,Marta Rossi,F,1990-09-28,2022-12-09,VIP,33,marta.rossi.1212@example.com,True
1213,C001213,Noah,Muller,Noah Muller,F,1971-12-06,2021-06-10,Corporate,34,noah.muller.1213@example.com,False
1214,C001214,Filip,Rossi,Filip Rossi,Unknown,1990-05-03,2020-12-26,Small Business,3,filip.rossi.1214@example.com,True
1215,C001215,Julia,Rossi,Julia Rossi,Unknown,1958-04-08,2024-08-08,Consumer,9,julia.rossi.1215@example.com,True
1216,C001216,Lucia,Wojcik,Lucia Wojcik,M,1995-02-07,2021-04-25,Consumer,4,lucia.wojcik.1216@example.com,True
1217,C001217,Lena,Muller,Lena Muller,Unknown,1993-08-10,2020-06-17,Consumer,35,lena.muller.1217@example.com,False
1218,C001218,Emma,Nilsson,Emma Nilsson,M,1995-10-25,2020-09-22,Corporate,29,emma.nilsson.1218@example.com,False
1219,C001219,Lukas,Garcia,Lukas Garcia,M,1987-08-17,2022-11-20,Small Business,32,lukas.garcia.1219@example.com,True
1220,C001220,Adam,Novak,Adam Novak,M,1974-11-15,2022-09-17,Consumer,18,adam.novak.1220@example.com,False
1221,C001221,Marek,Jansen,Marek Jansen,Unknown,1965-03-03,2022-04-17,Consumer,33,marek.jansen.1221@example.com,False
1222,C001222,Lucia,Brown,Lucia Brown,F,1998-09-27,2022-07-29,Corporate,29,lucia.brown.1222@example.com,True
1223,C001223,Marco,Garcia,Marco Garcia,Unknown,2004-09-16,2023-05-25,Consumer,33,marco.garcia.1223@example.com,False
1224,C001224,Lukas,Muller,Lukas Muller,Unknown,2004-07-26,2022-05-29,Corporate,21,lukas.muller.1224@example.com,True
1225,C001225,Marek,Brown,Marek Brown,F,1993-07-25,2021-06-23,Small Business,34,marek.brown.1225@example.com,False
1226,C001226,Hugo,Smith,Hugo Smith,M,1974-06-24,2022-10-11,Consumer,20,hugo.smith.1226@example.com,False
1227,C001227,Anna,Wojcik,Anna Wojcik,M,1980-01-14,2021-10-17,Corporate,27,anna.wojcik.1227@example.com,True
1228,C001228,Emma,Brown,Emma Brown,F,2000-05-10,2021-10-05,Consumer,13,emma.brown.1228@example.com,False
1229,C001229,Adam,Novak,Adam Novak,M,2002-04-26,2024-03-21,Small Business,21,adam.novak.1229@example.com,True
1230,C001230,Lukas,Garcia,Lukas Garcia,F,2001-08-24,2022-12-22,Small Business,16,lukas.garcia.1230@example.com,True
1231,C001231,Noah,Rossi,Noah Rossi,F,1993-10-13,2022-05-28,Corporate,32,noah.rossi.1231@example.com,True
1232,C001232,Kasia,Klein,Kasia Klein,M,1973-02-16,2022-01-15,VIP,24,kasia.klein.1232@example.com,False
1233,C001233,Sofia,Nilsson,Sofia Nilsson,M,1974-10-07,2020-12-02,Consumer,10,sofia.nilsson.1233@example.com,False
1234,C001234,Adam,Novak,Adam Novak,Unknown,1973-12-01,2021-12-28,Corporate,17,adam.novak.1234@example.com,True
1235,C001235,Kasia,Martin,Kasia Martin,M,1968-03-11,2021-12-19,Consumer,24,kasia.martin.1235@example.com,True
1236,C001236,Ola,Nilsson,Ola Nilsson,M,2002-01-05,2023-12-21,Consumer,17,ola.nilsson.1236@example.com,False
1237,C001237,Julia,Kowalski,Julia Kowalski,F,1987-06-01,2022-11-13,VIP,4,julia.kowalski.1237@example.com,False
1238,C001238,Adam,Jansen,Adam Jansen,Unknown,1973-10-11,2020-08-07,Consumer,21,adam.jansen.1238@example.com,True
1239,C001239,Adam,Smith,Adam Smith,F,1987-02-19,2021-10-04,Corporate,8,adam.smith.1239@example.com,False
1240,C001240,Kasia,Jansen,Kasia Jansen,F,2002-03-21,2021-06-26,Corporate,18,kasia.jansen.1240@example.com,True
1241,C001241,Tomas,Klein,Tomas Klein,Unknown,1956-07-19,2021-03-20,Small Business,34,tomas.klein.1241@example.com,True
1242,C001242,Lucia,Dubois,Lucia Dubois,Unknown,1964-05-28,2024-08-26,Corporate,15,lucia.dubois.1242@example.com,False
1243,C001243,Lena,Klein,Lena Klein,F,1977-12-28,2021-03-29,Small Business,13,lena.klein.1243@example.com,True
1244,C001244,Piotr,Kowalski,Piotr Kowalski,Unknown,1989-10-28,2022-08-09,Consumer,12,piotr.kowalski.1244@example.com,True
1245,C001245,Noah,Brown,Noah Brown,M,1968-04-10,2023-12-03,Consumer,21,noah.brown.1245@example.com,False
1246,C001246,Anna,Smith,Anna Smith,M,1983-02-27,2021-02-03,Small Business,23,anna.smith.1246@example.com,False
1247,C001247,Eva,Kowalski,Eva Kowalski,M,1983-08-13,2022-08-07,Corporate,14,eva.kowalski.1247@example.com,True
1248,C001248,Julia,Klein,Julia Klein,F,1992-12-17,2022-07-29,Consumer,12,julia.klein.1248@example.com,False
1249,C001249,Lucia,Dubois,Lucia Dubois,M,1967-04-03,2022-08-09,Consumer,23,lucia.dubois.1249@example.com,False
1250,C001250,Anna,Kowalski,Anna Kowalski,M,1979-07-13,2020-02-27,Consumer,30,anna.kowalski.1250@example.com,True
1251,C001251,Tomas,Lewandowski,Tomas Lewandowski,Unknown,1996-05-08,2020-07-04,Corporate,5,tomas.lewandowski.1251@example.com,True
1252,C001252,Anna,Rossi,Anna Rossi,F,2001-11-11,2022-08-31,Consumer,31,anna.rossi.1252@example.com,True
1253,C001253,Sofia,Smith,Sofia Smith,Unknown,1999-08-25,2022-03-28,Small Business,34,sofia.smith.1253@example.com,False
1254,C001254,Hugo,Nilsson,Hugo Nilsson,Unknown,1981-03-14,2022-07-01,VIP,19,hugo.nilsson.1254@example.com,False
1255,C001255,Hugo,Klein,Hugo Klein,M,1962-03-01,2021-10-01,Consumer,12,hugo.klein.1255@example.com,True
1256,C001256,Filip,Garcia,Filip Garcia,F,1956-01-11,2024-07-23,Corporate,17,filip.garcia.1256@example.com,True
1257,C001257,Jan,Novak,Jan Novak,F,1979-10-24,2021-06-25,Consumer,27,jan.novak.1257@example.com,True
1258,C001258,Marta,Dubois,Marta Dubois,Unknown,1959-02-16,2023-01-11,Consumer,15,marta.dubois.1258@example.com,False
1259,C001259,Marco,Jansen,Marco Jansen,M,1985-05-05,2024-02-15,VIP,1,marco.jansen.1259@example.com,False
1260,C001260,Marek,Jansen,Marek Jansen,Unknown,2002-10-07,2022-11-18,Consumer,7,marek.jansen.1260@example.com,False
1261,C001261,Marta,Martin,Marta Martin,F,1961-12-13,2021-10-19,Consumer,15,marta.martin.1261@example.com,True
1262,C001262,Lucia,Martin,Lucia Martin,Unknown,1984-11-19,2023-06-11,VIP,20,lucia.martin.1262@example.com,True
1263,C001263,Lucia,Dubois,Lucia Dubois,Unknown,1978-11-05,2020-07-27,Small Business,9,lucia.dubois.1263@example.com,True
1264,C001264,Emma,Smith,Emma Smith,F,1955-03-21,2023-03-30,Consumer,4,emma.smith.1264@example.com,True
1265,C001265,Marek,Lewandowski,Marek Lewandowski,M,1977-04-21,2022-10-20,Consumer,31,marek.lewandowski.1265@example.com,True
1266,C001266,Adam,Jansen,Adam Jansen,M,1962-12-09,2023-01-18,Consumer,17,adam.jansen.1266@example.com,False
1267,C001267,Lucia,Wojcik,Lucia Wojcik,Unknown,1986-09-15,2020-09-06,Small Business,17,lucia.wojcik.1267@example.com,False
1268,C001268,Marta,Wojcik,Marta Wojcik,F,1978-07-21,2024-12-22,Consumer,17,marta.wojcik.1268@example.com,False
1269,C001269,Piotr,Novak,Piotr Novak,M,2000-05-05,2021-07-02,Consumer,8,piotr.novak.1269@example.com,False
1270,C001270,Julia,Smith,Julia Smith,F,1980-09-07,2022-11-06,Consumer,6,julia.smith.1270@example.com,False
1271,C001271,Filip,Wojcik,Filip Wojcik,F,1964-10-28,2023-06-17,Small Business,34,filip.wojcik.1271@example.com,True
1272,C001272,Julia,Smith,Julia Smith,Unknown,1978-03-04,2021-01-09,Corporate,15,julia.smith.1272@example.com,False
1273,C001273,Adam,Nilsson,Adam Nilsson,M,1982-04-09,2024-02-10,Consumer,10,adam.nilsson.1273@example.com,False
1274,C001274,Marek,Jansen,Marek Jansen,F,1975-03-24,2021-02-28,Consumer,27,marek.jansen.1274@example.com,False
1275,C001275,Emma,Klein,Emma Klein,M,2001-10-20,2022-02-23,Consumer,20,emma.klein.1275@example.com,False
1276,C001276,Noah,Dubois,Noah Dubois,F,1965-11-14,2021-12-28,Small Business,11,noah.dubois.1276@example.com,True
1277,C001277,Sofia,Klein,Sofia Klein,Unknown,1980-02-24,2023-03-19,Consumer,18,sofia.klein.1277@example.com,False
1278,C001278,Lucia,Kowalski,Lucia Kowalski,F,1995-02-17,2024-01-26,Small Business,18,lucia.kowalski.1278@example.com,False
1279,C001279,Kasia,Rossi,Kasia Rossi,F,1962-09-24,2022-11-03,Consumer,15,kasia.rossi.1279@example.com,False
1280,C001280,Ola,Kowalski,Ola Kowalski,M,1979-05-04,2022-11-11,Corporate,22,ola.kowalski.1280@example.com,False
1281,C001281,Marco,Muller,Marco Muller,F,1988-02-03,2021-12-25,Small Business,32,marco.muller.1281@example.com,False
1282,C001282,Tomas,Kowalski,Tomas Kowalski,Unknown,1995-02-28,2021-05-31,Corporate,28,tomas.kowalski.1282@example.com,False
1283,C001283,Lucia,Dubois,Lucia Dubois,F,1997-05-12,2021-11-03,Corporate,33,lucia.dubois.1283@example.com,False
1284,C001284,Noah,Nilsson,Noah Nilsson,Unknown,1982-11-09,2024-06-12,Corporate,32,noah.nilsson.1284@example.com,False
1285,C001285,Eva,Kowalski,Eva Kowalski,Unknown,1993-02-19,2020-03-15,Consumer,34,eva.kowalski.1285@example.com,False
1286,C001286,Hugo,Nilsson,Hugo Nilsson,Unknown,1998-12-20,2023-01-11,Corporate,16,hugo.nilsson.1286@example.com,True
1287,C001287,Kasia,Nilsson,Kasia Nilsson,Unknown,1988-01-13,2022-02-22,Small Business,29,kasia.nilsson.1287@example.com,True
1288,C001288,Anna,Brown,Anna Brown,Unknown,1976-02-10,2021-01-02,Consumer,12,anna.brown.1288@example.com,False
1289,C001289,Hugo,Garcia,Hugo Garcia,M,1970-05-15,2020-01-27,Consumer,23,hugo.garcia.1289@example.com,False
1290,C001290,Lukas,Muller,Lukas Muller,M,1990-09-21,2023-05-08,Small Business,17,lukas.muller.1290@example.com,True
1291,C001291,Marta,Garcia,Marta Garcia,M,1977-10-18,2021-03-16,Small Business,32,marta.garcia.1291@example.com,True
1292,C001292,Eva,Garcia,Eva Garcia,F,1994-08-21,2023-08-17,Consumer,6,eva.garcia.1292@example.com,False
1293,C001293,Lucia,Wojcik,Lucia Wojcik,M,1983-06-25,2022-07-02,Consumer,23,lucia.wojcik.1293@example.com,True
1294,C001294,Julia,Martin,Julia Martin,Unknown,1996-09-10,2023-01-08,Consumer,20,julia.martin.1294@example.com,False
1295,C001295,Emma,Nowak,Emma Nowak,M,1960-12-20,2021-10-24,Consumer,5,emma.nowak.1295@example.com,True
1296,C001296,Eva,Smith,Eva Smith,Unknown,1979-02-28,2021-08-02,Corporate,23,eva.smith.1296@example.com,True
1297,C001297,Kasia,Lewandowski,Kasia Lewandowski,F,1957-04-18,2023-02-07,Consumer,15,kasia.lewandowski.1297@example.com,False
1298,C001298,Noah,Klein,Noah Klein,F,1969-08-21,2020-12-08,Consumer,15,noah.klein.1298@example.com,True
1299,C001299,Filip,Jansen,Filip Jansen,F,1983-07-18,2023-08-23,Consumer,2,filip.jansen.1299@example.com,False
1300,C001300,Lena,Klein,Lena Klein,M,1979-12-09,2022-01-23,Consumer,26,lena.klein.1300@example.com,True
1301,C001301,Lucia,Novak,Lucia Novak,Unknown,1977-02-23,2023-06-06,Consumer,16,lucia.novak.1301@example.com,False
1302,C001302,Piotr,Klein,Piotr Klein,F,1987-12-16,2022-04-05,Small Business,9,piotr.klein.1302@example.com,False
1303,C001303,Adam,Lewandowski,Adam Lewandowski,M,1969-08-09,2020-09-08,Corporate,23,adam.lewandowski.1303@example.com,False
1304,C001304,Marta,Smith,Marta Smith,M,1956-09-15,2020-10-03,Consumer,28,marta.smith.1304@example.com,False
1305,C001305,Hugo,Nowak,Hugo Nowak,Unknown,2001-05-19,2021-06-13,Corporate,5,hugo.nowak.1305@example.com,False
1306,C001306,Eva,Muller,Eva Muller,M,1997-08-10,2022-03-14,Consumer,9,eva.muller.1306@example.com,False
1307,C001307,Tomas,Smith,Tomas Smith,F,2004-09-22,2022-02-14,VIP,33,tomas.smith.1307@example.com,True
1308,C001308,Lena,Nowak,Lena Nowak,M,2004-02-20,2024-10-16,Corporate,23,lena.nowak.1308@example.com,False
1309,C001309,Filip,Wojcik,Filip Wojcik,Unknown,2003-03-27,2021-08-29,Small Business,16,filip.wojcik.1309@example.com,False
1310,C001310,Marta,Nowak,Marta Nowak,M,1980-10-23,2022-04-03,Consumer,22,marta.nowak.1310@example.com,False
1311,C001311,Lukas,Nowak,Lukas Nowak,M,1974-06-06,2022-06-07,Consumer,22,lukas.nowak.1311@example.com,True
1312,C001312,Emma,Muller,Emma Muller,M,1977-11-21,2023-09-05,Corporate,26,emma.muller.1312@example.com,False
1313,C001313,Filip,Kowalski,Filip Kowalski,F,1990-01-22,2021-06-28,Consumer,2,filip.kowalski.1313@example.com,False
1314,C001314,Anna,Garcia,Anna Garcia,Unknown,1979-05-01,2022-12-11,Consumer,1,anna.garcia.1314@example.com,True
1315,C001315,Emma,Brown,Emma Brown,M,1994-08-06,2021-09-22,Consumer,12,emma.brown.1315@example.com,False
1316,C001316,Filip,Garcia,Filip Garcia,Unknown,1991-03-15,2021-01-06,Consumer,10,filip.garcia.1316@example.com,False
1317,C001317,Filip,Kowalski,Filip Kowalski,F,1989-02-26,2022-10-05,Consumer,2,filip.kowalski.1317@example.com,True
1318,C001318,Lukas,Klein,Lukas Klein,Unknown,1961-08-07,2021-03-07,Small Business,34,lukas.klein.1318@example.com,False
1319,C001319,Kasia,Nowak,Kasia Nowak,M,1997-09-03,2022-06-08,Consumer,25,kasia.nowak.1319@example.com,False
1320,C001320,Emma,Wojcik,Emma Wojcik,Unknown,1980-01-12,2024-07-12,Corporate,32,emma.wojcik.1320@example.com,False
1321,C001321,Julia,Nowak,Julia Nowak,Unknown,1997-11-11,2023-09-07,Corporate,7,julia.nowak.1321@example.com,False
1322,C001322,Emma,Rossi,Emma Rossi,M,1975-03-15,2020-12-21,Small Business,35,emma.rossi.1322@example.com,False
1323,C001323,Eva,Nowak,Eva Nowak,Unknown,1986-01-16,2023-07-07,Consumer,28,eva.nowak.1323@example.com,True
1324,C001324,Marco,Wojcik,Marco Wojcik,F,1998-12-02,2020-10-03,Small Business,32,marco.wojcik.1324@example.com,True
1325,C001325,Lukas,Brown,Lukas Brown,F,1975-12-02,2020-08-29,VIP,35,lukas.brown.1325@example.com,True
1326,C001326,Adam,Kowalski,Adam Kowalski,F,1998-07-24,2023-07-08,Consumer,23,adam.kowalski.1326@example.com,False
1327,C001327,Emma,Nowak,Emma Nowak,F,1984-03-08,2021-10-19,Corporate,3,emma.nowak.1327@example.com,False
1328,C001328,Jan,Klein,Jan Klein,F,1979-04-23,2023-04-21,Small Business,1,jan.klein.1328@example.com,False
1329,C001329,Lukas,Dubois,Lukas Dubois,F,1969-06-27,2021-02-15,Consumer,22,lukas.dubois.1329@example.com,True
1330,C001330,Tomas,Brown,Tomas Brown,F,1991-12-28,2021-12-25,Small Business,17,tomas.brown.1330@example.com,False
1331,C001331,Tomas,Martin,Tomas Martin,M,1955-07-27,2022-12-16,Small Business,18,tomas.martin.1331@example.com,True
1332,C001332,Ola,Nilsson,Ola Nilsson,Unknown,1955-11-23,2021-02-16,Corporate,32,ola.nilsson.1332@example.com,True
1333,C001333,Marta,Brown,Marta Brown,F,1962-02-06,2022-07-10,Consumer,15,marta.brown.1333@example.com,True
1334,C001334,Eva,Rossi,Eva Rossi,M,1989-05-10,2022-10-19,Consumer,17,eva.rossi.1334@example.com,True
1335,C001335,Marta,Novak,Marta Novak,M,1986-04-05,2020-10-01,Consumer,13,marta.novak.1335@example.com,True
1336,C001336,Eva,Smith,Eva Smith,M,1960-12-26,2023-03-03,Corporate,3,eva.smith.1336@example.com,False
1337,C001337,Kasia,Nilsson,Kasia Nilsson,F,2004-01-22,2021-08-26,Corporate,10,kasia.nilsson.1337@example.com,True
1338,C001338,Sofia,Garcia,Sofia Garcia,Unknown,1971-03-12,2021-10-30,Consumer,1,sofia.garcia.1338@example.com,True
1339,C001339,Julia,Nowak,Julia Nowak,Unknown,1969-03-21,2023-05-04,Corporate,19,julia.nowak.1339@example.com,True
1340,C001340,Marta,Lewandowski,Marta Lewandowski,F,1970-10-17,2024-04-26,Consumer,29,marta.lewandowski.1340@example.com,False
1341,C001341,Piotr,Brown,Piotr Brown,Unknown,1959-07-17,2020-08-07,Corporate,4,piotr.brown.1341@example.com,False
1342,C001342,Hugo,Kowalski,Hugo Kowalski,M,1964-02-22,2021-05-19,Consumer,21,hugo.kowalski.1342@example.com,True
1343,C001343,Lena,Nowak,Lena Nowak,F,1969-11-02,2023-06-25,Consumer,25,lena.nowak.1343@example.com,False
1344,C001344,Lena,Brown,Lena Brown,M,1979-05-22,2022-06-12,Small Business,31,lena.brown.1344@example.com,True
1345,C001345,Filip,Rossi,Filip Rossi,M,1977-11-15,2021-07-08,Consumer,32,filip.rossi.1345@example.com,True
1346,C001346,Marco,Brown,Marco Brown,M,2001-03-13,2022-03-07,Corporate,10,marco.brown.1346@example.com,False
1347,C001347,Sofia,Kowalski,Sofia Kowalski,F,1984-07-23,2022-07-28,VIP,20,sofia.kowalski.1347@example.com,True
1348,C001348,Emma,Dubois,Emma Dubois,M,1981-07-15,2022-06-25,VIP,23,emma.dubois.1348@example.com,False
1349,C001349,Lucia,Brown,Lucia Brown,F,1980-03-24,2021-09-02,Consumer,22,lucia.brown.1349@example.com,True
1350,C001350,Filip,Garcia,Filip Garcia,M,1984-09-28,2022-02-24,Corporate,13,filip.garcia.1350@example.com,True
1351,C001351,Marek,Nowak,Marek Nowak,F,1989-11-15,2023-06-22,Consumer,10,marek.nowak.1351@example.com,True
1352,C001352,Eva,Klein,Eva Klein,Unknown,1988-07-06,2020-11-22,Consumer,11,eva.klein.1352@example.com,False
1353,C001353,Ola,Martin,Ola Martin,Unknown,1998-10-25,2023-10-27,Small Business,12,ola.martin.1353@example.com,True
1354,C001354,Lucia,Jansen,Lucia Jansen,M,1970-12-05,2022-08-05,Corporate,27,lucia.jansen.1354@example.com,False
1355,C001355,Jan,Brown,Jan Brown,F,1961-02-03,2021-12-28,Consumer,34,jan.brown.1355@example.com,True
1356,C001356,Emma,Martin,Emma Martin,M,1964-04-10,2020-01-07,Corporate,23,emma.martin.1356@example.com,True
1357,C001357,Marek,Garcia,Marek Garcia,Unknown,2000-03-10,2021-09-20,Consumer,29,marek.garcia.1357@example.com,False
1358,C001358,Tomas,Nowak,Tomas Nowak,Unknown,1989-10-14,2024-09-15,Corporate,11,tomas.nowak.1358@example.com,False
1359,C001359,Noah,Nowak,Noah Nowak,F,1997-03-15,2021-12-13,Small Business,18,noah.nowak.1359@example.com,False
1360,C001360,Lukas,Wojcik,Lukas Wojcik,M,1956-10-23,2021-09-28,Corporate,31,lukas.wojcik.1360@example.com,True
1361,C001361,Marek,Brown,Marek Brown,F,1991-06-11,2023-11-02,Consumer,2,marek.brown.1361@example.com,False
1362,C001362,Sofia,Nowak,Sofia Nowak,Unknown,1997-04-21,2022-09-28,Small Business,26,sofia.nowak.1362@example.com,False
1363,C001363,Filip,Wojcik,Filip Wojcik,F,1986-01-20,2022-09-09,Consumer,23,filip.wojcik.1363@example.com,True
1364,C001364,Ola,Novak,Ola Novak,Unknown,1956-08-11,2021-10-29,Consumer,33,ola.novak.1364@example.com,True
1365,C001365,Tomas,Garcia,Tomas Garcia,Unknown,1957-05-24,2022-06-11,Consumer,29,tomas.garcia.1365@example.com,False
1366,C001366,Filip,Kowalski,Filip Kowalski,F,2002-10-01,2023-04-16,Small Business,9,filip.kowalski.1366@example.com,True
1367,C001367,Ola,Martin,Ola Martin,M,1979-06-12,2022-08-16,Consumer,3,ola.martin.1367@example.com,True
1368,C001368,Ola,Novak,Ola Novak,M,1967-08-10,2021-09-20,Small Business,23,ola.novak.1368@example.com,True
1369,C001369,Julia,Klein,Julia Klein,F,1962-01-26,2022-03-30,Consumer,21,julia.klein.1369@example.com,True
1370,C001370,Lena,Wojcik,Lena Wojcik,Unknown,1970-02-28,2021-11-04,Consumer,10,lena.wojcik.1370@example.com,False
1371,C001371,Sofia,Nilsson,Sofia Nilsson,Unknown,1995-08-21,2021-05-29,Consumer,5,sofia.nilsson.1371@example.com,True
1372,C001372,Emma,Klein,Emma Klein,F,2002-02-06,2022-04-05,Consumer,9,emma.klein.1372@example.com,False
1373,C001373,Jan,Martin,Jan Martin,F,1960-07-11,2023-03-21,Consumer,14,jan.martin.1373@example.com,True
1374,C001374,Filip,Martin,Filip Martin,M,1966-08-10,2020-04-17,Consumer,32,filip.martin.1374@example.com,True
1375,C001375,Emma,Rossi,Emma Rossi,Unknown,1964-09-19,2022-03-02,Corporate,12,emma.rossi.1375@example.com,True
1376,C001376,Noah,Smith,Noah Smith,Unknown,1980-11-27,2022-01-02,Consumer,21,noah.smith.1376@example.com,False
1377,C001377,Tomas,Rossi,Tomas Rossi,Unknown,1977-12-08,2020-07-21,Small Business,14,tomas.rossi.1377@example.com,False
1378,C001378,Lukas,Nowak,Lukas Nowak,Unknown,1958-02-16,2021-05-17,Corporate,19,lukas.nowak.1378@example.com,False
1379,C001379,Anna,Martin,Anna Martin,Unknown,1998-02-11,2022-05-19,Corporate,29,anna.martin.1379@example.com,False
1380,C001380,Lena,Rossi,Lena Rossi,M,2001-06-15,2023-09-10,Consumer,5,lena.rossi.1380@example.com,False
1381,C001381,Adam,Martin,Adam Martin,Unknown,1967-04-19,2021-10-06,Consumer,21,adam.martin.1381@example.com,False
1382,C001382,Lucia,Klein,Lucia Klein,F,1980-08-28,2023-03-28,Consumer,30,lucia.klein.1382@example.com,False
1383,C001383,Anna,Lewandowski,Anna Lewandowski,M,1963-06-13,2020-05-25,Consumer,27,anna.lewandowski.1383@example.com,False
1384,C001384,Sofia,Nilsson,Sofia Nilsson,M,1966-04-04,2024-02-25,Consumer,12,sofia.nilsson.1384@example.com,True
1385,C001385,Marek,Dubois,Marek Dubois,M,1965-05-27,2022-09-09,Consumer,2,marek.dubois.1385@example.com,False
1386,C001386,Tomas,Dubois,Tomas Dubois,F,1965-08-22,2023-10-25,Consumer,32,tomas.dubois.1386@example.com,True
1387,C001387,Filip,Rossi,Filip Rossi,M,1964-04-17,2021-10-30,Consumer,31,filip.rossi.1387@example.com,False
1388,C001388,Lucia,Brown,Lucia Brown,Unknown,1974-11-20,2021-06-25,Consumer,11,lucia.brown.1388@example.com,True
1389,C001389,Sofia,Garcia,Sofia Garcia,M,1991-08-03,2024-06-16,Consumer,24,sofia.garcia.1389@example.com,True
1390,C001390,Noah,Klein,Noah Klein,Unknown,1975-11-16,2021-05-15,Consumer,21,noah.klein.1390@example.com,False
1391,C001391,Sofia,Garcia,Sofia Garcia,F,1995-10-08,2021-05-06,Consumer,13,sofia.garcia.1391@example.com,False
1392,C001392,Lucia,Novak,Lucia Novak,F,1961-07-25,2023-05-23,Consumer,2,lucia.novak.1392@example.com,False
1393,C001393,Marta,Jansen,Marta Jansen,Unknown,1979-04-26,2021-05-23,Consumer,18,marta.jansen.1393@example.com,False
1394,C001394,Marek,Muller,Marek Muller,Unknown,1969-11-01,2023-01-30,Consumer,4,marek.muller.1394@example.com,True
1395,C001395,Lucia,Jansen,Lucia Jansen,Unknown,1975-10-18,2022-07-01,Corporate,18,lucia.jansen.1395@example.com,True
1396,C001396,Emma,Novak,Emma Novak,M,1987-05-08,2021-11-23,Corporate,4,emma.novak.1396@example.com,False
1397,C001397,Ola,Muller,Ola Muller,F,1964-05-01,2024-04-14,Consumer,20,ola.muller.1397@example.com,False
1398,C001398,Kasia,Brown,Kasia Brown,M,1979-09-06,2022-10-29,Consumer,10,kasia.brown.1398@example.com,True
1399,C001399,Emma,Martin,Emma Martin,M,1993-08-10,2022-04-08,VIP,18,emma.martin.1399@example.com,True
1400,C001400,Adam,Jansen,Adam Jansen,Unknown,1978-03-11,2021-10-10,Consumer,21,adam.jansen.1400@example.com,False
1401,C001401,Eva,Smith,Eva Smith,Unknown,1975-10-27,2020-01-24,Consumer,21,eva.smith.1401@example.com,False
1402,C001402,Julia,Kowalski,Julia Kowalski,F,2001-12-23,2024-06-01,Small Business,3,julia.kowalski.1402@example.com,True
1403,C001403,Julia,Smith,Julia Smith,M,2000-04-03,2021-11-27,Consumer,7,julia.smith.1403@example.com,True
1404,C001404,Marek,Dubois,Marek Dubois,Unknown,1989-01-17,2023-01-20,Consumer,5,marek.dubois.1404@example.com,False
1405,C001405,Kasia,Smith,Kasia Smith,Unknown,1962-05-08,2021-08-24,Corporate,14,kasia.smith.1405@example.com,True
1406,C001406,Marek,Kowalski,Marek Kowalski,F,1957-04-25,2022-03-16,Consumer,15,marek.kowalski.1406@example.com,True
1407,C001407,Anna,Novak,Anna Novak,Unknown,2003-05-16,2024-04-05,Consumer,26,anna.novak.1407@example.com,True
1408,C001408,Emma,Muller,Emma Muller,Unknown,1992-08-01,2021-06-23,Small Business,3,emma.muller.1408@example.com,False
1409,C001409,Eva,Muller,Eva Muller,M,1964-09-01,2021-10-27,Corporate,11,eva.muller.1409@example.com,False
1410,C001410,Emma,Wojcik,Emma Wojcik,M,1993-05-11,2023-04-15,Consumer,11,emma.wojcik.1410@example.com,False
1411,C001411,Anna,Jansen,Anna Jansen,F,1993-11-22,2022-11-03,Consumer,29,anna.jansen.1411@example.com,True
1412,C001412,Emma,Muller,Emma Muller,Unknown,2003-10-24,2021-07-31,Corporate,7,emma.muller.1412@example.com,False
1413,C001413,Hugo,Jansen,Hugo Jansen,M,1958-11-21,2024-07-14,Consumer,20,hugo.jansen.1413@example.com,True
1414,C001414,Emma,Lewandowski,Emma Lewandowski,Unknown,1966-06-07,2022-10-12,Consumer,1,emma.lewandowski.1414@example.com,False
1415,C001415,Marek,Jansen,Marek Jansen,F,1990-10-10,2021-03-01,Corporate,11,marek.jansen.1415@example.com,False
1416,C001416,Filip,Kowalski,Filip Kowalski,M,1955-05-01,2023-08-25,Corporate,2,filip.kowalski.1416@example.com,False
1417,C001417,Jan,Garcia,Jan Garcia,F,1968-11-07,2022-11-27,Consumer,7,jan.garcia.1417@example.com,False
1418,C001418,Jan,Klein,Jan Klein,F,1962-05-05,2023-10-29,Consumer,20,jan.klein.1418@example.com,False
1419,C001419,Marek,Smith,Marek Smith,M,1955-02-03,2021-04-14,Small Business,2,marek.smith.1419@example.com,False
1420,C001420,Ola,Kowalski,Ola Kowalski,F,1999-10-16,2022-09-07,Consumer,18,ola.kowalski.1420@example.com,False
1421,C001421,Jan,Jansen,Jan Jansen,Unknown,1982-08-14,2021-08-02,Small Business,2,jan.jansen.1421@example.com,False
1422,C001422,Marco,Martin,Marco Martin,Unknown,1985-04-26,2021-05-22,Consumer,18,marco.martin.1422@example.com,False
1423,C001423,Kasia,Wojcik,Kasia Wojcik,M,1955-11-02,2022-09-17,Corporate,16,kasia.wojcik.1423@example.com,False
1424,C001424,Jan,Rossi,Jan Rossi,M,1978-02-20,2023-07-13,Consumer,15,jan.rossi.1424@example.com,True
1425,C001425,Adam,Novak,Adam Novak,M,1964-06-24,2022-02-26,Consumer,24,adam.novak.1425@example.com,True
1426,C001426,Hugo,Wojcik,Hugo Wojcik,Unknown,1973-03-27,2022-11-21,Consumer,30,hugo.wojcik.1426@example.com,True
1427,C001427,Marta,Nilsson,Marta Nilsson,M,1971-03-11,2023-08-12,Corporate,28,marta.nilsson.1427@example.com,False
1428,C001428,Jan,Garcia,Jan Garcia,Unknown,1987-11-05,2022-03-28,Corporate,11,jan.garcia.1428@example.com,False
1429,C001429,Emma,Lewandowski,Emma Lewandowski,F,1999-07-03,2022-01-16,VIP,9,emma.lewandowski.1429@example.com,False
1430,C001430,Piotr,Nilsson,Piotr Nilsson,Unknown,1955-05-18,2021-01-23,Consumer,34,piotr.nilsson.1430@example.com,False
1431,C001431,Marek,Nowak,Marek Nowak,Unknown,1975-12-27,2021-11-10,Small Business,22,marek.nowak.1431@example.com,False
1432,C001432,Noah,Nilsson,Noah Nilsson,F,1977-12-14,2020-09-01,Corporate,26,noah.nilsson.1432@example.com,False
1433,C001433,Anna,Klein,Anna Klein,Unknown,1987-02-16,2022-01-01,VIP,13,anna.klein.1433@example.com,True
1434,C001434,Marco,Lewandowski,Marco Lewandowski,F,1968-09-21,2022-10-21,Consumer,26,marco.lewandowski.1434@example.com,True
1435,C001435,Lukas,Lewandowski,Lukas Lewandowski,M,2004-11-03,2023-03-28,VIP,14,lukas.lewandowski.1435@example.com,False
1436,C001436,Eva,Kowalski,Eva Kowalski,M,1999-10-10,2023-03-20,Consumer,23,eva.kowalski.1436@example.com,False
1437,C001437,Filip,Nilsson,Filip Nilsson,M,1957-11-16,2024-09-18,Consumer,31,filip.nilsson.1437@example.com,True
1438,C001438,Eva,Wojcik,Eva Wojcik,Unknown,1989-02-14,2022-01-14,Consumer,31,eva.wojcik.1438@example.com,True
1439,C001439,Marek,Wojcik,Marek Wojcik,F,1960-08-09,2020-12-29,Consumer,3,marek.wojcik.1439@example.com,False
1440,C001440,Kasia,Dubois,Kasia Dubois,F,2002-06-08,2022-12-10,Consumer,7,kasia.dubois.1440@example.com,False
1441,C001441,Emma,Nilsson,Emma Nilsson,Unknown,1981-02-01,2020-10-20,Small Business,29,emma.nilsson.1441@example.com,False
1442,C001442,Kasia,Nowak,Kasia Nowak,M,1987-03-15,2024-05-26,Small Business,33,kasia.nowak.1442@example.com,False
1443,C001443,Ola,Nilsson,Ola Nilsson,M,1962-12-17,2021-08-08,Consumer,4,ola.nilsson.1443@example.com,True
1444,C001444,Filip,Garcia,Filip Garcia,F,1982-02-22,2021-12-31,Consumer,19,filip.garcia.1444@example.com,True
1445,C001445,Lukas,Wojcik,Lukas Wojcik,M,1979-01-10,2022-09-28,Small Business,25,lukas.wojcik.1445@example.com,False
1446,C001446,Noah,Martin,Noah Martin,F,1983-12-04,2022-08-22,Consumer,32,noah.martin.1446@example.com,False
1447,C001447,Kasia,Jansen,Kasia Jansen,Unknown,1978-12-14,2024-11-20,Consumer,2,kasia.jansen.1447@example.com,False
1448,C001448,Marek,Kowalski,Marek Kowalski,F,1972-07-18,2022-05-27,Consumer,27,marek.kowalski.1448@example.com,True
1449,C001449,Marek,Dubois,Marek Dubois,F,1987-04-05,2021-10-19,Consumer,23,marek.dubois.1449@example.com,True
1450,C001450,Kasia,Brown,Kasia Brown,F,1989-06-18,2023-12-11,VIP,13,kasia.brown.1450@example.com,False
1451,C001451,Piotr,Novak,Piotr Novak,F,1957-04-07,2023-04-11,Corporate,27,piotr.novak.1451@example.com,True
1452,C001452,Jan,Novak,Jan Novak,Unknown,1955-02-17,2021-08-17,Consumer,24,jan.novak.1452@example.com,True
1453,C001453,Lucia,Klein,Lucia Klein,Unknown,1970-08-26,2022-06-18,Consumer,9,lucia.klein.1453@example.com,False
1454,C001454,Lukas,Dubois,Lukas Dubois,F,1990-11-21,2020-11-18,Corporate,7,lukas.dubois.1454@example.com,False
1455,C001455,Marta,Jansen,Marta Jansen,Unknown,1987-02-19,2022-12-04,Corporate,10,marta.jansen.1455@example.com,False
1456,C001456,Noah,Lewandowski,Noah Lewandowski,F,1971-07-02,2022-04-25,Small Business,24,noah.lewandowski.1456@example.com,False
1457,C001457,Emma,Brown,Emma Brown,Unknown,2001-06-13,2022-01-01,Small Business,2,emma.brown.1457@example.com,False
1458,C001458,Tomas,Brown,Tomas Brown,M,2003-11-06,2024-03-31,Consumer,33,tomas.brown.1458@example.com,True
1459,C001459,Tomas,Nowak,Tomas Nowak,Unknown,1990-02-23,2020-08-22,Consumer,2,tomas.nowak.1459@example.com,True
1460,C001460,Kasia,Brown,Kasia Brown,M,1976-05-27,2022-05-02,Small Business,18,kasia.brown.1460@example.com,False
1461,C001461,Eva,Wojcik,Eva Wojcik,F,1999-10-23,2023-08-26,Consumer,32,eva.wojcik.1461@example.com,True
1462,C001462,Lucia,Novak,Lucia Novak,Unknown,1988-10-21,2023-03-28,Consumer,32,lucia.novak.1462@example.com,True
1463,C001463,Filip,Novak,Filip Novak,F,1969-06-11,2024-07-03,Consumer,19,filip.novak.1463@example.com,True
1464,C001464,Julia,Brown,Julia Brown,Unknown,1981-05-09,2022-09-14,Corporate,22,julia.brown.1464@example.com,False
1465,C001465,Marco,Muller,Marco Muller,Unknown,1998-11-12,2023-01-18,Consumer,9,marco.muller.1465@example.com,False
1466,C001466,Lukas,Nowak,Lukas Nowak,F,2001-12-10,2021-08-06,Corporate,34,lukas.nowak.1466@example.com,False
1467,C001467,Lukas,Klein,Lukas Klein,M,1996-08-12,2023-07-06,Corporate,22,lukas.klein.1467@example.com,False
1468,C001468,Adam,Garcia,Adam Garcia,F,1964-05-20,2023-03-21,VIP,30,adam.garcia.1468@example.com,False
1469,C001469,Anna,Nowak,Anna Nowak,Unknown,1967-05-16,2023-10-25,Small Business,26,anna.nowak.1469@example.com,False
1470,C001470,Emma,Rossi,Emma Rossi,M,1958-07-21,2021-03-27,Consumer,27,emma.rossi.1470@example.com,True
1471,C001471,Lukas,Nowak,Lukas Nowak,M,1978-01-02,2020-01-08,Consumer,9,lukas.nowak.1471@example.com,False
1472,C001472,Piotr,Klein,Piotr Klein,Unknown,2002-11-14,2021-08-26,Corporate,9,piotr.klein.1472@example.com,True
1473,C001473,Filip,Martin,Filip Martin,F,1972-05-14,2022-08-15,Corporate,22,filip.martin.1473@example.com,False
1474,C001474,Adam,Garcia,Adam Garcia,M,1970-03-01,2023-09-23,Corporate,18,adam.garcia.1474@example.com,True
1475,C001475,Emma,Novak,Emma Novak,Unknown,1994-01-06,2024-12-12,Corporate,25,emma.novak.1475@example.com,False
1476,C001476,Piotr,Nowak,Piotr Nowak,Unknown,1970-07-08,2023-11-26,Consumer,32,piotr.nowak.1476@example.com,True
1477,C001477,Ola,Nowak,Ola Nowak,Unknown,1955-04-22,2023-07-31,Small Business,15,ola.nowak.1477@example.com,False
1478,C001478,Emma,Muller,Emma Muller,M,1961-02-14,2022-06-30,Consumer,29,emma.muller.1478@example.com,False
1479,C001479,Anna,Novak,Anna Novak,M,2003-05-07,2022-11-14,Small Business,25,anna.novak.1479@example.com,False
1480,C001480,Anna,Jansen,Anna Jansen,Unknown,1987-10-13,2022-02-17,Consumer,21,anna.jansen.1480@example.com,True
1481,C001481,Filip,Lewandowski,Filip Lewandowski,F,1999-11-13,2023-10-18,Consumer,5,filip.lewandowski.1481@example.com,True
1482,C001482,Noah,Martin,Noah Martin,F,1973-04-13,2022-12-14,Corporate,18,noah.martin.1482@example.com,False
1483,C001483,Kasia,Martin,Kasia Martin,M,1956-07-19,2023-01-19,Consumer,5,kasia.martin.1483@example.com,False
1484,C001484,Tomas,Nowak,Tomas Nowak,M,1982-05-12,2022-11-14,Small Business,29,tomas.nowak.1484@example.com,True
1485,C001485,Lukas,Muller,Lukas Muller,F,1992-11-17,2023-04-20,Small Business,11,lukas.muller.1485@example.com,False
1486,C001486,Jan,Wojcik,Jan Wojcik,Unknown,1969-02-23,2022-01-28,Corporate,24,jan.wojcik.1486@example.com,True
1487,C001487,Julia,Klein,Julia Klein,M,1971-08-05,2021-12-22,Consumer,6,julia.klein.1487@example.com,False
1488,C001488,Tomas,Rossi,Tomas Rossi,Unknown,1965-09-03,2021-11-13,Consumer,15,tomas.rossi.1488@example.com,False
1489,C001489,Marco,Novak,Marco Novak,F,1985-07-06,2021-06-09,Corporate,12,marco.novak.1489@example.com,True
1490,C001490,Ola,Lewandowski,Ola Lewandowski,Unknown,1966-09-04,2022-05-31,Corporate,7,ola.lewandowski.1490@example.com,False
1491,C001491,Adam,Klein,Adam Klein,F,1966-04-26,2023-10-21,Corporate,10,adam.klein.1491@example.com,False
1492,C001492,Julia,Novak,Julia Novak,M,1958-07-05,2021-10-21,Consumer,2,julia.novak.1492@example.com,True
1493,C001493,Lena,Wojcik,Lena Wojcik,Unknown,1972-08-08,2021-09-16,Consumer,24,lena.wojcik.1493@example.com,True
1494,C001494,Marta,Dubois,Marta Dubois,M,1963-01-10,2023-09-05,Corporate,3,marta.dubois.1494@example.com,True
1495,C001495,Eva,Klein,Eva Klein,Unknown,1988-08-21,2022-07-12,Corporate,35,eva.klein.1495@example.com,False
1496,C001496,Ola,Novak,Ola Novak,F,1981-03-17,2022-05-26,Small Business,26,ola.novak.1496@example.com,True
1497,C001497,Marco,Nowak,Marco Nowak,M,1993-07-13,2022-08-18,Consumer,24,marco.nowak.1497@example.com,False
1498,C001498,Emma,Dubois,Emma Dubois,Unknown,2004-11-25,2024-02-11,Small Business,2,emma.dubois.1498@example.com,False
1499,C001499,Eva,Muller,Eva Muller,M,1964-01-08,2022-03-10,Consumer,20,eva.muller.1499@example.com,False
1500,C001500,Emma,Jansen,Emma Jansen,Unknown,1963-07-02,2022-02-17,Small Business,24,emma.jansen.1500@example.com,True
1501,C001501,Hugo,Jansen,Hugo Jansen,Unknown,1979-11-28,2021-03-23,Consumer,4,hugo.jansen.1501@example.com,False
1502,C001502,Jan,Klein,Jan Klein,M,1985-02-12,2022-02-27,Small Business,31,jan.klein.1502@example.com,True
1503,C001503,Sofia,Martin,Sofia Martin,Unknown,2000-09-09,2021-12-21,Consumer,7,sofia.martin.1503@example.com,False
1504,C001504,Kasia,Dubois,Kasia Dubois,M,1976-10-15,2022-11-10,Consumer,2,kasia.dubois.1504@example.com,False
1505,C001505,Kasia,Wojcik,Kasia Wojcik,Unknown,1986-07-25,2020-10-06,Small Business,8,kasia.wojcik.1505@example.com,False
1506,C001506,Marta,Smith,Marta Smith,Unknown,1979-06-22,2022-06-19,Corporate,33,marta.smith.1506@example.com,True
1507,C001507,Emma,Nowak,Emma Nowak,F,1994-07-09,2022-02-18,Consumer,10,emma.nowak.1507@example.com,True
1508,C001508,Emma,Dubois,Emma Dubois,M,1991-04-14,2020-08-11,Consumer,9,emma.dubois.1508@example.com,True
1509,C001509,Anna,Nowak,Anna Nowak,F,1965-01-09,2022-09-02,Consumer,14,anna.nowak.1509@example.com,False
1510,C001510,Marek,Nowak,Marek Nowak,Unknown,1960-11-15,2021-08-24,Corporate,11,marek.nowak.1510@example.com,True
1511,C001511,Ola,Nilsson,Ola Nilsson,Unknown,1990-09-27,2021-10-11,Corporate,31,ola.nilsson.1511@example.com,False
1512,C001512,Ola,Wojcik,Ola Wojcik,M,1993-04-08,2019-11-04,Consumer,34,ola.wojcik.1512@example.com,True
1513,C001513,Marco,Jansen,Marco Jansen,M,2001-07-02,2022-01-11,Consumer,33,marco.jansen.1513@example.com,True
1514,C001514,Noah,Klein,Noah Klein,Unknown,1970-08-05,2024-10-07,Consumer,15,noah.klein.1514@example.com,False
1515,C001515,Lena,Garcia,Lena Garcia,Unknown,1974-02-08,2024-03-30,Consumer,27,lena.garcia.1515@example.com,True
1516,C001516,Tomas,Dubois,Tomas Dubois,M,1982-03-14,2020-11-05,Small Business,4,tomas.dubois.1516@example.com,True
1517,C001517,Marek,Klein,Marek Klein,M,1986-07-19,2023-09-04,Small Business,16,marek.klein.1517@example.com,True
1518,C001518,Lucia,Smith,Lucia Smith,F,1993-06-19,2021-05-30,Consumer,11,lucia.smith.1518@example.com,False
1519,C001519,Sofia,Novak,Sofia Novak,F,1982-08-03,2020-08-18,Consumer,1,sofia.novak.1519@example.com,True
1520,C001520,Marco,Lewandowski,Marco Lewandowski,Unknown,1978-11-22,2021-09-08,Corporate,9,marco.lewandowski.1520@example.com,True
1521,C001521,Lucia,Nowak,Lucia Nowak,F,1957-10-03,2021-11-22,Small Business,20,lucia.nowak.1521@example.com,False
1522,C001522,Piotr,Rossi,Piotr Rossi,F,1992-05-20,2022-08-10,Small Business,32,piotr.rossi.1522@example.com,True
1523,C001523,Kasia,Nilsson,Kasia Nilsson,F,1971-03-21,2022-09-18,Consumer,5,kasia.nilsson.1523@example.com,True
1524,C001524,Jan,Dubois,Jan Dubois,M,1976-11-06,2022-09-15,Consumer,19,jan.dubois.1524@example.com,False
1525,C001525,Eva,Dubois,Eva Dubois,F,1970-05-22,2022-04-08,Consumer,19,eva.dubois.1525@example.com,False
1526,C001526,Marta,Kowalski,Marta Kowalski,F,1992-02-05,2024-03-20,Consumer,3,marta.kowalski.1526@example.com,True
1527,C001527,Lucia,Nilsson,Lucia Nilsson,F,1970-12-16,2023-01-30,Small Business,22,lucia.nilsson.1527@example.com,False
1528,C001528,Emma,Klein,Emma Klein,M,1985-11-02,2021-11-10,Consumer,20,emma.klein.1528@example.com,True
1529,C001529,Ola,Dubois,Ola Dubois,Unknown,1966-08-15,2022-05-21,Small Business,3,ola.dubois.1529@example.com,False
1530,C001530,Tomas,Brown,Tomas Brown,F,1975-10-28,2021-01-26,Small Business,21,tomas.brown.1530@example.com,True
1531,C001531,Tomas,Nowak,Tomas Nowak,F,1986-06-05,2022-09-02,Consumer,17,tomas.nowak.1531@example.com,False
1532,C001532,Emma,Martin,Emma Martin,Unknown,1966-07-02,2019-11-22,Consumer,18,emma.martin.1532@example.com,True
1533,C001533,Lucia,Kowalski,Lucia Kowalski,F,1961-08-25,2022-07-02,Consumer,24,lucia.kowalski.1533@example.com,True
1534,C001534,Ola,Novak,Ola Novak,M,1980-09-19,2021-05-21,Corporate,33,ola.novak.1534@example.com,False
1535,C001535,Kasia,Martin,Kasia Martin,F,1992-09-10,2023-01-19,Consumer,3,kasia.martin.1535@example.com,True
1536,C001536,Marek,Lewandowski,Marek Lewandowski,M,1981-08-20,2021-09-10,Small Business,5,marek.lewandowski.1536@example.com,True
1537,C001537,Marco,Klein,Marco Klein,M,1996-01-27,2024-08-10,Consumer,17,marco.klein.1537@example.com,True
1538,C001538,Jan,Muller,Jan Muller,F,1983-04-13,2024-05-28,VIP,15,jan.muller.1538@example.com,False
1539,C001539,Adam,Lewandowski,Adam Lewandowski,Unknown,1989-07-01,2022-04-25,Corporate,18,adam.lewandowski.1539@example.com,False
1540,C001540,Adam,Brown,Adam Brown,M,1990-05-25,2022-12-29,Corporate,14,adam.brown.1540@example.com,True
1541,C001541,Emma,Kowalski,Emma Kowalski,M,1998-07-03,2022-06-16,Consumer,35,emma.kowalski.1541@example.com,True
1542,C001542,Lukas,Brown,Lukas Brown,M,1973-11-09,2021-09-29,Consumer,17,lukas.brown.1542@example.com,True
1543,C001543,Marco,Rossi,Marco Rossi,F,1989-12-18,2020-08-05,VIP,7,marco.rossi.1543@example.com,False
1544,C001544,Noah,Nowak,Noah Nowak,M,2004-05-06,2024-03-19,Consumer,1,noah.nowak.1544@example.com,False
1545,C001545,Kasia,Novak,Kasia Novak,F,1962-08-22,2021-11-02,Consumer,35,kasia.novak.1545@example.com,True
1546,C001546,Eva,Wojcik,Eva Wojcik,Unknown,1967-09-09,2020-01-27,Small Business,12,eva.wojcik.1546@example.com,False
1547,C001547,Marta,Smith,Marta Smith,F,1964-06-06,2023-07-16,Consumer,6,marta.smith.1547@example.com,False
1548,C001548,Anna,Garcia,Anna Garcia,M,1979-07-04,2022-08-12,Consumer,23,anna.garcia.1548@example.com,True
1549,C001549,Lena,Martin,Lena Martin,Unknown,1999-02-24,2024-02-20,Small Business,31,lena.martin.1549@example.com,True
1550,C001550,Emma,Klein,Emma Klein,Unknown,1957-01-15,2021-06-30,Consumer,24,emma.klein.1550@example.com,False
1551,C001551,Lucia,Dubois,Lucia Dubois,F,2002-01-11,2022-03-09,Consumer,24,lucia.dubois.1551@example.com,True
1552,C001552,Adam,Wojcik,Adam Wojcik,Unknown,1962-10-05,2023-06-13,VIP,34,adam.wojcik.1552@example.com,False
1553,C001553,Piotr,Nilsson,Piotr Nilsson,Unknown,1957-11-11,2023-01-24,Small Business,22,piotr.nilsson.1553@example.com,True
1554,C001554,Jan,Rossi,Jan Rossi,F,1997-03-23,2023-05-29,Consumer,7,jan.rossi.1554@example.com,False
1555,C001555,Julia,Garcia,Julia Garcia,M,1959-08-10,2021-08-12,Consumer,5,julia.garcia.1555@example.com,False
1556,C001556,Lukas,Martin,Lukas Martin,M,1960-03-17,2020-11-15,Consumer,21,lukas.martin.1556@example.com,False
1557,C001557,Lucia,Klein,Lucia Klein,F,1962-03-19,2024-09-02,Consumer,22,lucia.klein.1557@example.com,True
1558,C001558,Marta,Wojcik,Marta Wojcik,M,2000-09-19,2022-08-16,Small Business,35,marta.wojcik.1558@example.com,False
1559,C001559,Eva,Wojcik,Eva Wojcik,M,1957-05-14,2023-08-11,Corporate,7,eva.wojcik.1559@example.com,True
1560,C001560,Lena,Kowalski,Lena Kowalski,M,1961-08-02,2022-09-17,Consumer,7,lena.kowalski.1560@example.com,True
1561,C001561,Marta,Garcia,Marta Garcia,Unknown,1965-03-21,2020-12-27,Small Business,16,marta.garcia.1561@example.com,False
1562,C001562,Lukas,Martin,Lukas Martin,Unknown,1998-09-08,2020-11-20,Consumer,9,lukas.martin.1562@example.com,True
1563,C001563,Marek,Novak,Marek Novak,F,1970-01-14,2023-08-03,Small Business,13,marek.novak.1563@example.com,True
1564,C001564,Eva,Nilsson,Eva Nilsson,Unknown,1981-10-10,2022-08-24,Small Business,9,eva.nilsson.1564@example.com,True
1565,C001565,Ola,Brown,Ola Brown,Unknown,1993-08-01,2023-12-15,Consumer,27,ola.brown.1565@example.com,True
1566,C001566,Lena,Smith,Lena Smith,F,1996-10-04,2021-07-07,Corporate,9,lena.smith.1566@example.com,True
1567,C001567,Jan,Martin,Jan Martin,M,1959-11-13,2022-11-07,VIP,16,jan.martin.1567@example.com,False
1568,C001568,Piotr,Lewandowski,Piotr Lewandowski,F,1999-01-14,2023-08-14,Consumer,14,piotr.lewandowski.1568@example.com,True
1569,C001569,Hugo,Garcia,Hugo Garcia,M,1981-07-22,2022-02-02,Corporate,8,hugo.garcia.1569@example.com,False
1570,C001570,Emma,Dubois,Emma Dubois,M,1977-04-28,2021-07-01,Consumer,10,emma.dubois.1570@example.com,True
1571,C001571,Ola,Kowalski,Ola Kowalski,Unknown,1982-08-06,2022-03-02,Consumer,4,ola.kowalski.1571@example.com,True
1572,C001572,Piotr,Klein,Piotr Klein,M,1973-03-10,2022-03-18,Corporate,27,piotr.klein.1572@example.com,False
1573,C001573,Marta,Nilsson,Marta Nilsson,M,1984-06-10,2021-06-15,Consumer,34,marta.nilsson.1573@example.com,False
1574,C001574,Eva,Rossi,Eva Rossi,F,1965-08-08,2021-07-10,Small Business,31,eva.rossi.1574@example.com,False
1575,C001575,Noah,Novak,Noah Novak,Unknown,1987-11-05,2023-03-13,Consumer,25,noah.novak.1575@example.com,True
1576,C001576,Ola,Lewandowski,Ola Lewandowski,F,1997-09-26,2023-05-25,Consumer,7,ola.lewandowski.1576@example.com,False
1577,C001577,Noah,Klein,Noah Klein,Unknown,1973-05-26,2024-06-07,Corporate,7,noah.klein.1577@example.com,False
1578,C001578,Marek,Novak,Marek Novak,M,1955-03-01,2024-03-10,Corporate,12,marek.novak.1578@example.com,True
1579,C001579,Lukas,Nowak,Lukas Nowak,M,2001-05-24,2022-03-30,Corporate,13,lukas.nowak.1579@example.com,True
1580,C001580,Eva,Brown,Eva Brown,M,1993-10-19,2021-07-16,Consumer,13,eva.brown.1580@example.com,True
1581,C001581,Lucia,Kowalski,Lucia Kowalski,Unknown,1976-06-16,2021-03-23,Consumer,16,lucia.kowalski.1581@example.com,True
1582,C001582,Marta,Nowak,Marta Nowak,F,1991-03-08,2021-02-04,Consumer,2,marta.nowak.1582@example.com,False
1583,C001583,Piotr,Brown,Piotr Brown,Unknown,1990-08-23,2022-11-11,Consumer,5,piotr.brown.1583@example.com,True
1584,C001584,Ola,Kowalski,Ola Kowalski,F,1992-07-04,2023-09-27,Consumer,3,ola.kowalski.1584@example.com,False
1585,C001585,Marta,Wojcik,Marta Wojcik,F,1971-10-18,2021-04-05,Consumer,8,marta.wojcik.1585@example.com,True
1586,C001586,Anna,Klein,Anna Klein,F,1986-04-26,2022-09-14,Consumer,11,anna.klein.1586@example.com,False
1587,C001587,Anna,Dubois,Anna Dubois,Unknown,1999-06-12,2022-06-05,Corporate,18,anna.dubois.1587@example.com,True
1588,C001588,Lena,Kowalski,Lena Kowalski,F,1997-05-07,2022-05-26,Corporate,7,lena.kowalski.1588@example.com,False
1589,C001589,Emma,Muller,Emma Muller,F,1963-05-15,2024-05-08,Corporate,13,emma.muller.1589@example.com,True
1590,C001590,Hugo,Brown,Hugo Brown,F,2003-05-27,2022-07-01,Corporate,14,hugo.brown.1590@example.com,False
1591,C001591,Marek,Dubois,Marek Dubois,F,1955-03-12,2024-11-22,Corporate,11,marek.dubois.1591@example.com,False
1592,C001592,Marta,Wojcik,Marta Wojcik,F,1965-04-03,2023-11-25,Consumer,7,marta.wojcik.1592@example.com,False
1593,C001593,Ola,Martin,Ola Martin,Unknown,1988-12-18,2023-01-30,Small Business,11,ola.martin.1593@example.com,False
1594,C001594,Kasia,Smith,Kasia Smith,M,1993-09-22,2021-08-15,Consumer,22,kasia.smith.1594@example.com,False
1595,C001595,Ola,Garcia,Ola Garcia,F,1971-10-07,2020-01-22,Consumer,29,ola.garcia.1595@example.com,True
1596,C001596,Kasia,Klein,Kasia Klein,F,1960-10-04,2020-06-24,Consumer,35,kasia.klein.1596@example.com,False
1597,C001597,Adam,Jansen,Adam Jansen,F,1980-11-19,2020-10-05,Consumer,8,adam.jansen.1597@example.com,False
1598,C001598,Sofia,Muller,Sofia Muller,F,1958-09-28,2023-05-08,Consumer,15,sofia.muller.1598@example.com,False
1599,C001599,Julia,Novak,Julia Novak,F,1960-05-09,2024-02-24,Small Business,22,julia.novak.1599@example.com,True
1600,C001600,Emma,Smith,Emma Smith,F,1969-12-21,2024-08-27,Corporate,32,emma.smith.1600@example.com,True
1601,C001601,Marta,Martin,Marta Martin,M,2003-06-15,2023-02-02,Consumer,35,marta.martin.1601@example.com,False
1602,C001602,Anna,Lewandowski,Anna Lewandowski,Unknown,2001-01-03,2022-01-08,Small Business,2,anna.lewandowski.1602@example.com,False
1603,C001603,Emma,Jansen,Emma Jansen,F,1961-08-26,2022-07-29,Small Business,6,emma.jansen.1603@example.com,False
1604,C001604,Sofia,Garcia,Sofia Garcia,Unknown,1975-07-22,2024-07-04,Consumer,2,sofia.garcia.1604@example.com,True
1605,C001605,Marta,Novak,Marta Novak,M,1964-10-22,2023-05-31,Consumer,11,marta.novak.1605@example.com,False
1606,C001606,Sofia,Smith,Sofia Smith,M,2003-05-17,2020-06-30,Consumer,5,sofia.smith.1606@example.com,True
1607,C001607,Kasia,Kowalski,Kasia Kowalski,F,1957-10-02,2023-06-18,Consumer,28,kasia.kowalski.1607@example.com,False
1608,C001608,Hugo,Martin,Hugo Martin,M,1988-05-17,2023-11-08,Corporate,6,hugo.martin.1608@example.com,True
1609,C001609,Ola,Novak,Ola Novak,M,1969-06-12,2020-06-03,Consumer,10,ola.novak.1609@example.com,True
1610,C001610,Jan,Novak,Jan Novak,M,2000-01-21,2020-12-24,Consumer,25,jan.novak.1610@example.com,True
1611,C001611,Filip,Garcia,Filip Garcia,F,1956-10-25,2023-03-02,Consumer,30,filip.garcia.1611@example.com,True
1612,C001612,Piotr,Lewandowski,Piotr Lewandowski,Unknown,1980-05-27,2021-03-20,Small Business,4,piotr.lewandowski.1612@example.com,False
1613,C001613,Ola,Lewandowski,Ola Lewandowski,F,1996-03-18,2023-06-20,Consumer,17,ola.lewandowski.1613@example.com,True
1614,C001614,Julia,Brown,Julia Brown,Unknown,1959-07-09,2022-03-11,Consumer,13,julia.brown.1614@example.com,False
1615,C001615,Lukas,Novak,Lukas Novak,M,1991-11-22,2021-11-09,Consumer,19,lukas.novak.1615@example.com,True
1616,C001616,Sofia,Garcia,Sofia Garcia,F,2001-12-28,2022-12-08,Consumer,27,sofia.garcia.1616@example.com,False
1617,C001617,Marta,Jansen,Marta Jansen,F,1957-07-10,2022-06-02,Consumer,17,marta.jansen.1617@example.com,False
1618,C001618,Jan,Smith,Jan Smith,M,1980-04-24,2022-03-06,Consumer,19,jan.smith.1618@example.com,True
1619,C001619,Anna,Brown,Anna Brown,M,1960-08-13,2023-06-12,Small Business,13,anna.brown.1619@example.com,False
1620,C001620,Julia,Klein,Julia Klein,F,1956-04-24,2023-10-06,Corporate,34,julia.klein.1620@example.com,False
1621,C001621,Ola,Garcia,Ola Garcia,Unknown,2001-03-15,2020-08-21,Corporate,12,ola.garcia.1621@example.com,True
1622,C001622,Marco,Muller,Marco Muller,F,1968-04-07,2021-11-06,Small Business,4,marco.muller.1622@example.com,True
1623,C001623,Piotr,Dubois,Piotr Dubois,F,2001-04-26,2022-03-07,Consumer,21,piotr.dubois.1623@example.com,False
1624,C001624,Kasia,Martin,Kasia Martin,F,1962-09-02,2021-05-31,Corporate,34,kasia.martin.1624@example.com,False
1625,C001625,Marek,Muller,Marek Muller,F,1963-07-21,2022-05-13,Small Business,13,marek.muller.1625@example.com,False
1626,C001626,Marta,Klein,Marta Klein,M,2003-10-25,2023-05-16,VIP,5,marta.klein.1626@example.com,True
1627,C001627,Tomas,Wojcik,Tomas Wojcik,F,1990-12-28,2020-07-30,Small Business,33,tomas.wojcik.1627@example.com,True
1628,C001628,Anna,Nilsson,Anna Nilsson,Unknown,1961-06-25,2021-06-20,Consumer,2,anna.nilsson.1628@example.com,False
1629,C001629,Noah,Martin,Noah Martin,M,1979-06-16,2023-01-02,Corporate,1,noah.martin.1629@example.com,False
1630,C001630,Tomas,Klein,Tomas Klein,M,1955-10-22,2023-08-08,Corporate,8,tomas.klein.1630@example.com,True
1631,C001631,Marta,Rossi,Marta Rossi,Unknown,1993-02-26,2024-08-09,Small Business,4,marta.rossi.1631@example.com,True
1632,C001632,Marco,Muller,Marco Muller,F,1969-07-17,2022-08-03,Corporate,35,marco.muller.1632@example.com,False
1633,C001633,Emma,Smith,Emma Smith,F,2001-03-07,2023-02-19,Consumer,27,emma.smith.1633@example.com,False
1634,C001634,Lucia,Dubois,Lucia Dubois,F,1959-02-09,2023-07-20,Consumer,22,lucia.dubois.1634@example.com,True
1635,C001635,Hugo,Brown,Hugo Brown,M,1956-06-08,2022-11-02,Consumer,3,hugo.brown.1635@example.com,False
1636,C001636,Julia,Martin,Julia Martin,F,1961-02-24,2024-01-13,Small Business,3,julia.martin.1636@example.com,False
1637,C001637,Julia,Klein,Julia Klein,F,1968-06-13,2021-05-20,Consumer,4,julia.klein.1637@example.com,False
1638,C001638,Lucia,Martin,Lucia Martin,M,1968-02-06,2021-01-27,Small Business,5,lucia.martin.1638@example.com,True
1639,C001639,Julia,Novak,Julia Novak,Unknown,1966-07-19,2024-06-02,Small Business,28,julia.novak.1639@example.com,False
1640,C001640,Filip,Muller,Filip Muller,F,1988-05-10,2020-02-16,Consumer,10,filip.muller.1640@example.com,False
1641,C001641,Julia,Jansen,Julia Jansen,M,2004-04-11,2022-07-01,Small Business,1,julia.jansen.1641@example.com,False
1642,C001642,Sofia,Dubois,Sofia Dubois,Unknown,1957-04-08,2022-04-17,Corporate,34,sofia.dubois.1642@example.com,True
1643,C001643,Kasia,Martin,Kasia Martin,Unknown,1999-01-20,2019-12-19,Consumer,24,kasia.martin.1643@example.com,False
1644,C001644,Marco,Rossi,Marco Rossi,M,1991-03-01,2022-07-16,Corporate,5,marco.rossi.1644@example.com,True
1645,C001645,Filip,Nilsson,Filip Nilsson,Unknown,1979-11-10,2022-10-09,Corporate,27,filip.nilsson.1645@example.com,False
1646,C001646,Marta,Klein,Marta Klein,Unknown,1988-05-05,2022-07-21,Consumer,30,marta.klein.1646@example.com,False
1647,C001647,Sofia,Garcia,Sofia Garcia,M,1991-02-10,2024-09-30,Corporate,16,sofia.garcia.1647@example.com,False
1648,C001648,Lukas,Klein,Lukas Klein,M,1967-02-06,2020-11-24,Small Business,13,lukas.klein.1648@example.com,False
1649,C001649,Eva,Nilsson,Eva Nilsson,Unknown,1990-01-14,2020-05-21,Consumer,28,eva.nilsson.1649@example.com,True
1650,C001650,Kasia,Wojcik,Kasia Wojcik,Unknown,1981-01-21,2021-09-27,Consumer,8,kasia.wojcik.1650@example.com,False
1651,C001651,Julia,Nilsson,Julia Nilsson,Unknown,1969-06-22,2022-03-04,Consumer,15,julia.nilsson.1651@example.com,False
1652,C001652,Adam,Wojcik,Adam Wojcik,M,1956-05-27,2023-12-04,Small Business,9,adam.wojcik.1652@example.com,True
1653,C001653,Lena,Nilsson,Lena Nilsson,M,1982-06-01,2021-04-15,Corporate,10,lena.nilsson.1653@example.com,True
1654,C001654,Tomas,Brown,Tomas Brown,Unknown,1972-02-26,2022-08-09,Consumer,10,tomas.brown.1654@example.com,True
1655,C001655,Emma,Kowalski,Emma Kowalski,Unknown,1990-08-26,2021-05-11,Small Business,5,emma.kowalski.1655@example.com,False
1656,C001656,Julia,Garcia,Julia Garcia,F,1991-06-25,2023-01-28,Small Business,13,julia.garcia.1656@example.com,True
1657,C001657,Noah,Nilsson,Noah Nilsson,Unknown,2004-05-28,2022-02-05,Small Business,10,noah.nilsson.1657@example.com,False
1658,C001658,Marek,Wojcik,Marek Wojcik,M,1969-01-01,2023-01-05,Corporate,11,marek.wojcik.1658@example.com,False
1659,C001659,Marta,Kowalski,Marta Kowalski,F,1962-07-17,2021-11-09,Corporate,25,marta.kowalski.1659@example.com,False
1660,C001660,Anna,Kowalski,Anna Kowalski,F,1959-07-17,2023-05-30,Consumer,22,anna.kowalski.1660@example.com,False
1661,C001661,Jan,Jansen,Jan Jansen,F,1981-03-28,2023-03-01,Small Business,21,jan.jansen.1661@example.com,False
1662,C001662,Sofia,Kowalski,Sofia Kowalski,M,2001-06-08,2021-10-14,Consumer,27,sofia.kowalski.1662@example.com,False
1663,C001663,Filip,Rossi,Filip Rossi,F,1980-03-02,2022-07-08,Corporate,29,filip.rossi.1663@example.com,False
1664,C001664,Sofia,Nilsson,Sofia Nilsson,Unknown,1963-06-01,2020-12-17,Small Business,27,sofia.nilsson.1664@example.com,False
1665,C001665,Eva,Klein,Eva Klein,M,1958-03-19,2020-05-31,Consumer,31,eva.klein.1665@example.com,False
1666,C001666,Ola,Nowak,Ola Nowak,F,1967-04-07,2022-01-12,Small Business,35,ola.nowak.1666@example.com,False
1667,C001667,Hugo,Martin,Hugo Martin,M,1965-04-12,2021-06-27,Consumer,21,hugo.martin.1667@example.com,True
1668,C001668,Emma,Lewandowski,Emma Lewandowski,F,1965-11-04,2022-09-12,Consumer,1,emma.lewandowski.1668@example.com,True
1669,C001669,Noah,Lewandowski,Noah Lewandowski,M,1987-11-11,2024-04-02,Consumer,28,noah.lewandowski.1669@example.com,False
1670,C001670,Piotr,Muller,Piotr Muller,M,1968-08-03,2023-03-10,Consumer,25,piotr.muller.1670@example.com,False
1671,C001671,Lena,Garcia,Lena Garcia,Unknown,1958-03-28,2022-07-17,Consumer,11,lena.garcia.1671@example.com,False
1672,C001672,Ola,Rossi,Ola Rossi,F,1958-04-15,2022-10-31,Consumer,28,ola.rossi.1672@example.com,False
1673,C001673,Kasia,Martin,Kasia Martin,F,1986-11-17,2022-07-28,Consumer,10,kasia.martin.1673@example.com,True
1674,C001674,Marek,Klein,Marek Klein,Unknown,1992-09-27,2022-01-24,Consumer,6,marek.klein.1674@example.com,False
1675,C001675,Lukas,Nilsson,Lukas Nilsson,Unknown,1989-06-24,2022-06-07,Corporate,27,lukas.nilsson.1675@example.com,False
1676,C001676,Noah,Lewandowski,Noah Lewandowski,F,1989-04-04,2022-07-07,Consumer,28,noah.lewandowski.1676@example.com,False
1677,C001677,Anna,Garcia,Anna Garcia,M,1969-10-25,2020-11-13,Small Business,27,anna.garcia.1677@example.com,False
1678,C001678,Eva,Brown,Eva Brown,M,1962-08-16,2020-05-20,Small Business,28,eva.brown.1678@example.com,False
1679,C001679,Julia,Wojcik,Julia Wojcik,M,1964-01-12,2019-11-15,Consumer,26,julia.wojcik.1679@example.com,True
1680,C001680,Lukas,Muller,Lukas Muller,F,1995-06-11,2021-01-02,VIP,11,lukas.muller.1680@example.com,False
1681,C001681,Anna,Wojcik,Anna Wojcik,M,1976-09-15,2023-03-12,Corporate,24,anna.wojcik.1681@example.com,False
1682,C001682,Lukas,Nowak,Lukas Nowak,M,1991-03-11,2022-08-22,Corporate,34,lukas.nowak.1682@example.com,False
1683,C001683,Ola,Muller,Ola Muller,Unknown,1982-10-20,2022-02-07,Small Business,35,ola.muller.1683@example.com,False
1684,C001684,Jan,Lewandowski,Jan Lewandowski,Unknown,1976-01-20,2021-05-08,Small Business,9,jan.lewandowski.1684@example.com,False
1685,C001685,Julia,Rossi,Julia Rossi,Unknown,1996-03-10,2022-03-13,Corporate,17,julia.rossi.1685@example.com,False
1686,C001686,Marta,Rossi,Marta Rossi,M,1977-08-21,2023-04-27,VIP,5,marta.rossi.1686@example.com,False
1687,C001687,Kasia,Nowak,Kasia Nowak,M,1977-03-08,2022-09-23,Consumer,3,kasia.nowak.1687@example.com,True
1688,C001688,Anna,Klein,Anna Klein,Unknown,1994-08-09,2021-05-16,Consumer,12,anna.klein.1688@example.com,False
1689,C001689,Marek,Nilsson,Marek Nilsson,Unknown,1989-08-13,2021-04-29,Corporate,30,marek.nilsson.1689@example.com,False
1690,C001690,Sofia,Lewandowski,Sofia Lewandowski,M,1963-06-17,2021-06-26,VIP,32,sofia.lewandowski.1690@example.com,True
1691,C001691,Lucia,Brown,Lucia Brown,Unknown,1988-01-13,2021-03-30,Corporate,35,lucia.brown.1691@example.com,True
1692,C001692,Ola,Klein,Ola Klein,M,1956-11-28,2023-03-07,Corporate,4,ola.klein.1692@example.com,True
1693,C001693,Lena,Kowalski,Lena Kowalski,Unknown,1956-11-04,2023-02-06,Consumer,30,lena.kowalski.1693@example.com,False
1694,C001694,Ola,Rossi,Ola Rossi,F,1966-09-13,2022-12-03,Consumer,24,ola.rossi.1694@example.com,False
1695,C001695,Lukas,Brown,Lukas Brown,Unknown,1970-11-05,2023-01-27,Corporate,19,lukas.brown.1695@example.com,True
1696,C001696,Noah,Lewandowski,Noah Lewandowski,M,1967-09-19,2023-08-15,Consumer,26,noah.lewandowski.1696@example.com,True
1697,C001697,Lukas,Novak,Lukas Novak,M,2003-06-24,2021-08-24,Consumer,21,lukas.novak.1697@example.com,False
1698,C001698,Eva,Nilsson,Eva Nilsson,Unknown,1969-12-08,2024-01-04,Small Business,11,eva.nilsson.1698@example.com,True
1699,C001699,Julia,Nowak,Julia Nowak,F,1990-12-13,2023-01-07,VIP,15,julia.nowak.1699@example.com,False
1700,C001700,Eva,Lewandowski,Eva Lewandowski,M,1990-06-01,2022-02-02,Small Business,17,eva.lewandowski.1700@example.com,True
1701,C001701,Noah,Kowalski,Noah Kowalski,Unknown,1967-05-21,2020-12-04,Small Business,17,noah.kowalski.1701@example.com,False
1702,C001702,Piotr,Klein,Piotr Klein,F,1985-10-16,2021-10-21,Consumer,5,piotr.klein.1702@example.com,False
1703,C001703,Ola,Wojcik,Ola Wojcik,M,1957-02-27,2022-02-28,Consumer,16,ola.wojcik.1703@example.com,True
1704,C001704,Piotr,Garcia,Piotr Garcia,M,1975-04-04,2022-05-15,Corporate,30,piotr.garcia.1704@example.com,True
1705,C001705,Marek,Martin,Marek Martin,M,1988-02-08,2022-02-25,Small Business,27,marek.martin.1705@example.com,True
1706,C001706,Sofia,Martin,Sofia Martin,F,1996-02-10,2020-05-01,Small Business,18,sofia.martin.1706@example.com,True
1707,C001707,Filip,Novak,Filip Novak,Unknown,1962-12-19,2023-03-09,Consumer,25,filip.novak.1707@example.com,False
1708,C001708,Marek,Kowalski,Marek Kowalski,Unknown,1972-06-05,2024-03-24,Corporate,9,marek.kowalski.1708@example.com,False
1709,C001709,Lukas,Klein,Lukas Klein,M,1963-06-18,2022-02-18,Consumer,26,lukas.klein.1709@example.com,True
1710,C001710,Tomas,Wojcik,Tomas Wojcik,M,2003-08-18,2022-05-01,Small Business,33,tomas.wojcik.1710@example.com,True
1711,C001711,Julia,Garcia,Julia Garcia,Unknown,2002-11-09,2022-05-22,Corporate,22,julia.garcia.1711@example.com,False
1712,C001712,Filip,Rossi,Filip Rossi,F,1966-09-05,2021-10-25,Small Business,21,filip.rossi.1712@example.com,False
1713,C001713,Anna,Smith,Anna Smith,M,1955-01-02,2023-04-15,Corporate,22,anna.smith.1713@example.com,False
1714,C001714,Marta,Muller,Marta Muller,M,1963-11-27,2020-05-02,Small Business,15,marta.muller.1714@example.com,True
1715,C001715,Lucia,Garcia,Lucia Garcia,Unknown,1985-01-17,2023-10-26,Corporate,1,lucia.garcia.1715@example.com,False
1716,C001716,Marco,Rossi,Marco Rossi,Unknown,1988-09-20,2023-02-03,Corporate,19,marco.rossi.1716@example.com,False
1717,C001717,Marek,Lewandowski,Marek Lewandowski,Unknown,1999-04-14,2023-03-21,Small Business,10,marek.lewandowski.1717@example.com,False
1718,C001718,Anna,Smith,Anna Smith,M,1978-09-24,2020-12-20,Consumer,10,anna.smith.1718@example.com,False
1719,C001719,Julia,Muller,Julia Muller,Unknown,1966-12-18,2020-04-30,Consumer,5,julia.muller.1719@example.com,False
1720,C001720,Emma,Nilsson,Emma Nilsson,Unknown,1964-11-01,2021-12-15,Consumer,9,emma.nilsson.1720@example.com,True
1721,C001721,Marta,Novak,Marta Novak,F,1970-07-09,2021-07-11,Corporate,1,marta.novak.1721@example.com,False
1722,C001722,Adam,Smith,Adam Smith,Unknown,2004-08-13,2021-01-13,Consumer,2,adam.smith.1722@example.com,False
1723,C001723,Marek,Jansen,Marek Jansen,Unknown,1975-05-24,2024-02-20,Consumer,23,marek.jansen.1723@example.com,True
1724,C001724,Lena,Kowalski,Lena Kowalski,Unknown,1975-03-20,2024-08-12,Corporate,10,lena.kowalski.1724@example.com,True
1725,C001725,Piotr,Dubois,Piotr Dubois,F,1958-09-28,2023-12-16,Corporate,16,piotr.dubois.1725@example.com,True
1726,C001726,Emma,Muller,Emma Muller,Unknown,1983-12-24,2024-07-23,Corporate,30,emma.muller.1726@example.com,True
1727,C001727,Lucia,Smith,Lucia Smith,Unknown,1966-03-19,2021-08-12,Consumer,2,lucia.smith.1727@example.com,True
1728,C001728,Tomas,Wojcik,Tomas Wojcik,Unknown,1975-11-28,2020-10-13,Consumer,7,tomas.wojcik.1728@example.com,False
1729,C001729,Noah,Klein,Noah Klein,Unknown,1965-06-21,2022-05-09,Small Business,10,noah.klein.1729@example.com,False
1730,C001730,Adam,Rossi,Adam Rossi,Unknown,1972-07-04,2023-03-25,Corporate,21,adam.rossi.1730@example.com,False
1731,C001731,Eva,Rossi,Eva Rossi,M,1970-01-19,2022-07-14,Corporate,11,eva.rossi.1731@example.com,False
1732,C001732,Filip,Martin,Filip Martin,M,2001-02-06,2024-01-06,Consumer,32,filip.martin.1732@example.com,False
1733,C001733,Marta,Smith,Marta Smith,Unknown,1958-06-08,2022-10-05,Small Business,29,marta.smith.1733@example.com,False
1734,C001734,Marek,Martin,Marek Martin,F,1975-03-19,2023-05-07,Consumer,14,marek.martin.1734@example.com,True
1735,C001735,Sofia,Wojcik,Sofia Wojcik,Unknown,1978-07-24,2020-02-03,Consumer,7,sofia.wojcik.1735@example.com,True
1736,C001736,Ola,Wojcik,Ola Wojcik,Unknown,1990-08-20,2022-05-04,Consumer,3,ola.wojcik.1736@example.com,False
1737,C001737,Hugo,Brown,Hugo Brown,Unknown,1968-12-24,2022-01-24,Consumer,29,hugo.brown.1737@example.com,True
1738,C001738,Eva,Klein,Eva Klein,M,1958-01-07,2023-07-07,Consumer,35,eva.klein.1738@example.com,True
1739,C001739,Lena,Lewandowski,Lena Lewandowski,M,1991-06-04,2021-01-31,Small Business,6,lena.lewandowski.1739@example.com,True
1740,C001740,Lena,Klein,Lena Klein,F,1960-01-25,2024-10-27,Small Business,14,lena.klein.1740@example.com,False
1741,C001741,Anna,Nowak,Anna Nowak,F,1974-04-16,2024-02-04,Consumer,23,anna.nowak.1741@example.com,False
1742,C001742,Lena,Dubois,Lena Dubois,F,1985-02-07,2022-11-17,Corporate,1,lena.dubois.1742@example.com,True
1743,C001743,Jan,Brown,Jan Brown,F,1964-12-05,2022-11-03,Consumer,26,jan.brown.1743@example.com,False
1744,C001744,Tomas,Jansen,Tomas Jansen,Unknown,2003-11-05,2022-07-01,Small Business,30,tomas.jansen.1744@example.com,False
1745,C001745,Piotr,Dubois,Piotr Dubois,F,1980-02-05,2021-09-23,Corporate,8,piotr.dubois.1745@example.com,True
1746,C001746,Lucia,Brown,Lucia Brown,F,2002-09-25,2022-03-03,Small Business,9,lucia.brown.1746@example.com,False
1747,C001747,Jan,Rossi,Jan Rossi,F,1991-04-14,2022-10-29,Consumer,14,jan.rossi.1747@example.com,False
1748,C001748,Marco,Wojcik,Marco Wojcik,F,1988-02-05,2021-06-10,Consumer,30,marco.wojcik.1748@example.com,True
1749,C001749,Julia,Smith,Julia Smith,F,1976-01-19,2021-12-20,Consumer,26,julia.smith.1749@example.com,True
1750,C001750,Anna,Lewandowski,Anna Lewandowski,M,1992-04-23,2021-09-07,Corporate,9,anna.lewandowski.1750@example.com,False
1751,C001751,Anna,Wojcik,Anna Wojcik,F,1968-12-22,2022-05-06,Small Business,5,anna.wojcik.1751@example.com,False
1752,C001752,Piotr,Muller,Piotr Muller,M,1984-02-05,2022-04-19,Small Business,2,piotr.muller.1752@example.com,False
1753,C001753,Hugo,Dubois,Hugo Dubois,M,1974-03-07,2019-10-13,Small Business,35,hugo.dubois.1753@example.com,False
1754,C001754,Anna,Smith,Anna Smith,Unknown,1985-01-14,2023-09-08,Consumer,10,anna.smith.1754@example.com,True
1755,C001755,Ola,Kowalski,Ola Kowalski,Unknown,1965-10-20,2024-04-25,Corporate,32,ola.kowalski.1755@example.com,True
1756,C001756,Lena,Kowalski,Lena Kowalski,Unknown,1981-04-05,2023-03-24,Corporate,28,lena.kowalski.1756@example.com,False
1757,C001757,Lucia,Rossi,Lucia Rossi,F,1965-11-21,2020-03-30,Corporate,22,lucia.rossi.1757@example.com,False
1758,C001758,Noah,Kowalski,Noah Kowalski,M,1962-01-20,2023-04-05,Corporate,3,noah.kowalski.1758@example.com,False
1759,C001759,Hugo,Dubois,Hugo Dubois,Unknown,1974-10-03,2023-06-12,Corporate,29,hugo.dubois.1759@example.com,False
1760,C001760,Marco,Dubois,Marco Dubois,F,1966-04-09,2021-04-02,Small Business,24,marco.dubois.1760@example.com,True
1761,C001761,Anna,Nowak,Anna Nowak,Unknown,1957-09-02,2020-07-05,Consumer,28,anna.nowak.1761@example.com,True
1762,C001762,Adam,Muller,Adam Muller,M,1961-08-13,2021-09-25,Consumer,27,adam.muller.1762@example.com,False
1763,C001763,Anna,Novak,Anna Novak,F,1961-12-22,2023-06-27,Consumer,35,anna.novak.1763@example.com,True
1764,C001764,Lucia,Martin,Lucia Martin,F,1958-08-03,2024-04-21,Consumer,7,lucia.martin.1764@example.com,True
1765,C001765,Kasia,Martin,Kasia Martin,M,1969-06-03,2023-06-26,VIP,4,kasia.martin.1765@example.com,False
1766,C001766,Marco,Muller,Marco Muller,F,1980-03-04,2021-02-17,Consumer,32,marco.muller.1766@example.com,False
1767,C001767,Adam,Lewandowski,Adam Lewandowski,Unknown,1988-11-12,2023-02-20,Consumer,23,adam.lewandowski.1767@example.com,True
1768,C001768,Emma,Nowak,Emma Nowak,Unknown,1990-01-11,2022-07-27,Consumer,2,emma.nowak.1768@example.com,False
1769,C001769,Ola,Lewandowski,Ola Lewandowski,F,1982-07-14,2020-07-12,Consumer,29,ola.lewandowski.1769@example.com,True
1770,C001770,Sofia,Martin,Sofia Martin,M,1985-01-02,2023-05-02,Consumer,16,sofia.martin.1770@example.com,True
1771,C001771,Lena,Kowalski,Lena Kowalski,M,2003-02-26,2021-12-16,Corporate,22,lena.kowalski.1771@example.com,False
1772,C001772,Ola,Kowalski,Ola Kowalski,F,1956-12-21,2024-07-20,Consumer,8,ola.kowalski.1772@example.com,False
1773,C001773,Lena,Wojcik,Lena Wojcik,Unknown,1999-12-21,2021-07-24,Consumer,5,lena.wojcik.1773@example.com,True
1774,C001774,Lucia,Wojcik,Lucia Wojcik,F,1966-01-09,2023-02-07,Small Business,5,lucia.wojcik.1774@example.com,True
1775,C001775,Eva,Wojcik,Eva Wojcik,Unknown,1993-09-16,2021-06-19,Consumer,32,eva.wojcik.1775@example.com,False
1776,C001776,Piotr,Lewandowski,Piotr Lewandowski,F,1981-07-20,2022-01-31,Consumer,29,piotr.lewandowski.1776@example.com,True
1777,C001777,Sofia,Muller,Sofia Muller,Unknown,1986-05-02,2023-05-02,Consumer,7,sofia.muller.1777@example.com,True
1778,C001778,Lucia,Dubois,Lucia Dubois,Unknown,1966-04-24,2022-12-17,Corporate,12,lucia.dubois.1778@example.com,True
1779,C001779,Filip,Jansen,Filip Jansen,F,1955-02-23,2021-03-05,Small Business,8,filip.jansen.1779@example.com,False
1780,C001780,Anna,Muller,Anna Muller,F,1984-01-17,2023-09-29,Consumer,9,anna.muller.1780@example.com,True
1781,C001781,Anna,Brown,Anna Brown,F,1997-11-09,2024-10-17,Consumer,11,anna.brown.1781@example.com,False
1782,C001782,Filip,Novak,Filip Novak,F,2004-10-15,2022-03-21,VIP,33,filip.novak.1782@example.com,False
1783,C001783,Julia,Brown,Julia Brown,F,1992-05-22,2020-09-30,VIP,35,julia.brown.1783@example.com,False
1784,C001784,Marco,Novak,Marco Novak,M,1963-03-25,2024-03-12,Consumer,17,marco.novak.1784@example.com,False
1785,C001785,Lena,Jansen,Lena Jansen,F,1987-06-15,2024-12-29,Consumer,15,lena.jansen.1785@example.com,True
1786,C001786,Jan,Dubois,Jan Dubois,F,1985-06-16,2020-08-28,Small Business,35,jan.dubois.1786@example.com,True
1787,C001787,Marco,Nilsson,Marco Nilsson,F,1980-02-25,2020-08-28,Consumer,6,marco.nilsson.1787@example.com,False
1788,C001788,Lukas,Nilsson,Lukas Nilsson,M,1997-07-18,2021-06-07,Corporate,18,lukas.nilsson.1788@example.com,True
1789,C001789,Jan,Rossi,Jan Rossi,M,1957-10-12,2022-01-08,Small Business,31,jan.rossi.1789@example.com,True
1790,C001790,Piotr,Garcia,Piotr Garcia,F,1982-01-16,2021-11-05,Consumer,28,piotr.garcia.1790@example.com,False
1791,C001791,Lucia,Martin,Lucia Martin,Unknown,1979-06-04,2022-05-26,Small Business,15,lucia.martin.1791@example.com,False
1792,C001792,Lukas,Rossi,Lukas Rossi,Unknown,1995-01-20,2022-05-29,Consumer,26,lukas.rossi.1792@example.com,False
1793,C001793,Filip,Dubois,Filip Dubois,F,1956-05-15,2022-04-27,Consumer,17,filip.dubois.1793@example.com,True
1794,C001794,Piotr,Dubois,Piotr Dubois,Unknown,1964-03-12,2021-09-27,Consumer,22,piotr.dubois.1794@example.com,False
1795,C001795,Anna,Novak,Anna Novak,Unknown,1991-04-09,2022-09-30,Corporate,9,anna.novak.1795@example.com,True
1796,C001796,Tomas,Smith,Tomas Smith,M,1971-07-16,2024-07-14,Corporate,3,tomas.smith.1796@example.com,True
1797,C001797,Filip,Lewandowski,Filip Lewandowski,F,1959-02-10,2022-12-31,Corporate,2,filip.lewandowski.1797@example.com,False
1798,C001798,Hugo,Brown,Hugo Brown,F,2003-10-21,2020-08-19,Corporate,16,hugo.brown.1798@example.com,True
1799,C001799,Marek,Martin,Marek Martin,F,1981-01-11,2022-11-15,Small Business,14,marek.martin.1799@example.com,True
1800,C001800,Piotr,Dubois,Piotr Dubois,M,1976-12-01,2023-07-23,Corporate,33,piotr.dubois.1800@example.com,False
1801,C001801,Piotr,Nilsson,Piotr Nilsson,F,1961-07-11,2020-05-10,Corporate,17,piotr.nilsson.1801@example.com,True
1802,C001802,Eva,Lewandowski,Eva Lewandowski,Unknown,1959-08-25,2022-08-22,Consumer,27,eva.lewandowski.1802@example.com,False
1803,C001803,Filip,Novak,Filip Novak,Unknown,1991-09-21,2024-12-13,VIP,17,filip.novak.1803@example.com,False
1804,C001804,Kasia,Lewandowski,Kasia Lewandowski,M,1990-03-04,2021-09-08,Consumer,26,kasia.lewandowski.1804@example.com,False
1805,C001805,Noah,Lewandowski,Noah Lewandowski,M,1975-10-06,2023-01-04,Consumer,7,noah.lewandowski.1805@example.com,False
1806,C001806,Filip,Wojcik,Filip Wojcik,M,1970-12-19,2023-12-22,Consumer,35,filip.wojcik.1806@example.com,False
1807,C001807,Marta,Garcia,Marta Garcia,F,1976-10-09,2021-05-25,Consumer,20,marta.garcia.1807@example.com,True
1808,C001808,Jan,Lewandowski,Jan Lewandowski,Unknown,1998-08-12,2023-06-14,Consumer,12,jan.lewandowski.1808@example.com,True
1809,C001809,Marta,Dubois,Marta Dubois,Unknown,1998-12-02,2024-05-19,Small Business,31,marta.dubois.1809@example.com,True
1810,C001810,Noah,Dubois,Noah Dubois,Unknown,2000-11-05,2024-08-10,Consumer,21,noah.dubois.1810@example.com,True
1811,C001811,Eva,Jansen,Eva Jansen,M,1955-01-01,2023-07-19,Small Business,4,eva.jansen.1811@example.com,True
1812,C001812,Lukas,Kowalski,Lukas Kowalski,Unknown,1973-07-13,2021-08-17,Small Business,17,lukas.kowalski.1812@example.com,False
1813,C001813,Marek,Dubois,Marek Dubois,F,1958-06-26,2022-04-01,Consumer,28,marek.dubois.1813@example.com,False
1814,C001814,Lucia,Dubois,Lucia Dubois,Unknown,1978-08-25,2022-09-01,Small Business,20,lucia.dubois.1814@example.com,False
1815,C001815,Lucia,Muller,Lucia Muller,M,1967-09-26,2020-06-16,Consumer,20,lucia.muller.1815@example.com,False
1816,C001816,Ola,Wojcik,Ola Wojcik,M,1980-07-26,2022-09-02,Consumer,24,ola.wojcik.1816@example.com,True
1817,C001817,Eva,Brown,Eva Brown,F,1976-10-20,2022-04-24,Consumer,7,eva.brown.1817@example.com,False
1818,C001818,Lukas,Lewandowski,Lukas Lewandowski,F,1966-02-06,2023-03-24,VIP,28,lukas.lewandowski.1818@example.com,False
1819,C001819,Marek,Martin,Marek Martin,M,1997-08-10,2021-08-19,Corporate,28,marek.martin.1819@example.com,True
1820,C001820,Marta,Smith,Marta Smith,Unknown,1972-12-04,2023-10-31,Small Business,7,marta.smith.1820@example.com,True
1821,C001821,Eva,Kowalski,Eva Kowalski,Unknown,1955-09-01,2024-05-11,Consumer,34,eva.kowalski.1821@example.com,True
1822,C001822,Adam,Smith,Adam Smith,M,1967-02-06,2022-05-23,Small Business,32,adam.smith.1822@example.com,False
1823,C001823,Kasia,Smith,Kasia Smith,Unknown,2000-07-26,2022-03-09,Small Business,18,kasia.smith.1823@example.com,True
1824,C001824,Lukas,Kowalski,Lukas Kowalski,M,1968-09-09,2024-01-17,Consumer,8,lukas.kowalski.1824@example.com,True
1825,C001825,Adam,Kowalski,Adam Kowalski,M,1984-09-12,2020-08-26,VIP,25,adam.kowalski.1825@example.com,False
1826,C001826,Marco,Smith,Marco Smith,Unknown,1962-11-18,2021-05-11,Consumer,12,marco.smith.1826@example.com,True
1827,C001827,Jan,Kowalski,Jan Kowalski,M,1998-07-09,2023-03-17,Corporate,18,jan.kowalski.1827@example.com,True
1828,C001828,Emma,Lewandowski,Emma Lewandowski,Unknown,1959-02-05,2022-04-28,VIP,10,emma.lewandowski.1828@example.com,True
1829,C001829,Filip,Wojcik,Filip Wojcik,M,2002-12-16,2020-07-25,Consumer,35,filip.wojcik.1829@example.com,False
1830,C001830,Noah,Brown,Noah Brown,M,1973-11-21,2021-01-12,Consumer,14,noah.brown.1830@example.com,True
1831,C001831,Eva,Brown,Eva Brown,Unknown,1965-02-16,2021-01-29,Consumer,35,eva.brown.1831@example.com,False
1832,C001832,Filip,Wojcik,Filip Wojcik,M,1979-04-27,2023-04-26,Corporate,5,filip.wojcik.1832@example.com,True
1833,C001833,Filip,Wojcik,Filip Wojcik,F,1969-06-24,2023-04-18,Consumer,25,filip.wojcik.1833@example.com,False
1834,C001834,Noah,Klein,Noah Klein,Unknown,1974-01-02,2020-03-06,Consumer,22,noah.klein.1834@example.com,False
1835,C001835,Marek,Novak,Marek Novak,M,1973-09-03,2022-01-09,VIP,29,marek.novak.1835@example.com,True
1836,C001836,Hugo,Rossi,Hugo Rossi,F,1971-07-02,2022-09-01,Small Business,17,hugo.rossi.1836@example.com,False
1837,C001837,Marek,Nilsson,Marek Nilsson,F,1994-04-15,2023-02-15,Consumer,5,marek.nilsson.1837@example.com,False
1838,C001838,Noah,Brown,Noah Brown,Unknown,1993-02-05,2023-01-21,Consumer,21,noah.brown.1838@example.com,True
1839,C001839,Eva,Wojcik,Eva Wojcik,Unknown,1994-10-19,2024-02-05,Consumer,35,eva.wojcik.1839@example.com,True
1840,C001840,Marco,Garcia,Marco Garcia,F,1985-10-23,2024-04-25,Consumer,4,marco.garcia.1840@example.com,False
1841,C001841,Ola,Dubois,Ola Dubois,Unknown,1969-01-26,2024-10-12,VIP,9,ola.dubois.1841@example.com,False
1842,C001842,Ola,Smith,Ola Smith,F,1968-09-21,2023-11-21,Consumer,12,ola.smith.1842@example.com,True
1843,C001843,Sofia,Nowak,Sofia Nowak,M,1996-11-18,2020-10-08,Small Business,7,sofia.nowak.1843@example.com,True
1844,C001844,Lukas,Novak,Lukas Novak,F,1987-01-23,2023-07-04,Consumer,14,lukas.novak.1844@example.com,True
1845,C001845,Anna,Smith,Anna Smith,Unknown,1969-03-01,2022-04-24,Consumer,8,anna.smith.1845@example.com,False
1846,C001846,Piotr,Kowalski,Piotr Kowalski,Unknown,1956-09-27,2023-05-13,Consumer,25,piotr.kowalski.1846@example.com,True
1847,C001847,Adam,Nowak,Adam Nowak,M,1973-04-12,2021-06-13,Consumer,1,adam.nowak.1847@example.com,False
1848,C001848,Lucia,Brown,Lucia Brown,F,1970-11-03,2023-03-19,Small Business,19,lucia.brown.1848@example.com,True
1849,C001849,Emma,Garcia,Emma Garcia,Unknown,1974-07-28,2022-02-15,Small Business,9,emma.garcia.1849@example.com,True
1850,C001850,Anna,Jansen,Anna Jansen,M,2003-07-06,2024-01-25,Small Business,13,anna.jansen.1850@example.com,False
1851,C001851,Kasia,Lewandowski,Kasia Lewandowski,M,1959-06-01,2020-04-30,Consumer,25,kasia.lewandowski.1851@example.com,False
1852,C001852,Tomas,Rossi,Tomas Rossi,M,1960-02-01,2022-05-23,Consumer,25,tomas.rossi.1852@example.com,True
1853,C001853,Noah,Rossi,Noah Rossi,M,1955-08-18,2021-08-28,Corporate,6,noah.rossi.1853@example.com,False
1854,C001854,Filip,Jansen,Filip Jansen,Unknown,1957-09-20,2024-01-08,Corporate,18,filip.jansen.1854@example.com,False
1855,C001855,Marco,Novak,Marco Novak,Unknown,1964-07-18,2023-02-24,Corporate,13,marco.novak.1855@example.com,True
1856,C001856,Anna,Novak,Anna Novak,Unknown,1969-09-14,2023-07-21,Small Business,30,anna.novak.1856@example.com,False
1857,C001857,Julia,Brown,Julia Brown,M,1997-11-16,2020-03-20,Consumer,31,julia.brown.1857@example.com,False
1858,C001858,Lukas,Garcia,Lukas Garcia,F,1984-02-19,2022-11-04,Corporate,28,lukas.garcia.1858@example.com,True
1859,C001859,Marta,Smith,Marta Smith,Unknown,1982-12-25,2023-07-18,Consumer,2,marta.smith.1859@example.com,False
1860,C001860,Eva,Kowalski,Eva Kowalski,Unknown,1974-02-18,2019-08-21,Consumer,12,eva.kowalski.1860@example.com,True
1861,C001861,Kasia,Garcia,Kasia Garcia,M,1976-09-11,2024-04-03,Consumer,5,kasia.garcia.1861@example.com,False
1862,C001862,Marek,Rossi,Marek Rossi,F,1979-10-06,2020-03-22,Consumer,9,marek.rossi.1862@example.com,False
1863,C001863,Ola,Nowak,Ola Nowak,M,1993-12-19,2021-08-24,Consumer,10,ola.nowak.1863@example.com,True
1864,C001864,Lucia,Novak,Lucia Novak,Unknown,1992-02-15,2023-05-03,Corporate,31,lucia.novak.1864@example.com,True
1865,C001865,Piotr,Lewandowski,Piotr Lewandowski,M,1990-06-22,2023-04-09,Small Business,9,piotr.lewandowski.1865@example.com,True
1866,C001866,Julia,Smith,Julia Smith,M,1955-10-05,2023-09-15,Small Business,28,julia.smith.1866@example.com,False
1867,C001867,Jan,Nowak,Jan Nowak,M,1995-07-08,2021-12-11,Consumer,2,jan.nowak.1867@example.com,True
1868,C001868,Emma,Lewandowski,Emma Lewandowski,F,1963-05-28,2022-03-19,Consumer,11,emma.lewandowski.1868@example.com,False
1869,C001869,Ola,Kowalski,Ola Kowalski,F,1958-02-16,2023-06-11,Consumer,21,ola.kowalski.1869@example.com,True
1870,C001870,Noah,Nowak,Noah Nowak,M,1963-07-03,2023-12-14,Consumer,29,noah.nowak.1870@example.com,True
1871,C001871,Adam,Brown,Adam Brown,M,1999-01-03,2024-11-24,VIP,23,adam.brown.1871@example.com,False
1872,C001872,Piotr,Lewandowski,Piotr Lewandowski,F,1997-02-11,2023-11-17,Corporate,30,piotr.lewandowski.1872@example.com,True
1873,C001873,Noah,Lewandowski,Noah Lewandowski,F,1983-01-27,2021-03-02,Consumer,24,noah.lewandowski.1873@example.com,False
1874,C001874,Lena,Garcia,Lena Garcia,Unknown,1998-01-01,2022-01-31,Small Business,28,lena.garcia.1874@example.com,False
1875,C001875,Lena,Wojcik,Lena Wojcik,F,1974-09-23,2022-09-23,Small Business,33,lena.wojcik.1875@example.com,True
1876,C001876,Kasia,Dubois,Kasia Dubois,M,1992-09-19,2023-09-19,Consumer,34,kasia.dubois.1876@example.com,True
1877,C001877,Piotr,Dubois,Piotr Dubois,F,2001-02-20,2022-08-31,VIP,31,piotr.dubois.1877@example.com,True
1878,C001878,Adam,Nowak,Adam Nowak,M,1968-12-25,2022-01-01,Consumer,20,adam.nowak.1878@example.com,True
1879,C001879,Noah,Brown,Noah Brown,Unknown,1966-02-15,2022-05-14,Consumer,26,noah.brown.1879@example.com,True
1880,C001880,Lucia,Lewandowski,Lucia Lewandowski,M,1964-07-17,2024-02-09,VIP,16,lucia.lewandowski.1880@example.com,False
1881,C001881,Kasia,Muller,Kasia Muller,M,1992-09-08,2021-05-26,Small Business,28,kasia.muller.1881@example.com,False
1882,C001882,Lukas,Garcia,Lukas Garcia,M,1969-07-26,2021-11-27,Small Business,20,lukas.garcia.1882@example.com,False
1883,C001883,Lucia,Kowalski,Lucia Kowalski,M,1983-08-09,2020-04-22,Consumer,22,lucia.kowalski.1883@example.com,False
1884,C001884,Marta,Garcia,Marta Garcia,Unknown,1980-03-07,2021-06-11,Small Business,23,marta.garcia.1884@example.com,False
1885,C001885,Lucia,Klein,Lucia Klein,Unknown,2004-06-04,2024-08-25,Corporate,35,lucia.klein.1885@example.com,False
1886,C001886,Noah,Nowak,Noah Nowak,M,1960-02-15,2022-08-31,Consumer,7,noah.nowak.1886@example.com,False
1887,C001887,Sofia,Garcia,Sofia Garcia,F,1973-12-15,2022-04-09,Corporate,2,sofia.garcia.1887@example.com,True
1888,C001888,Eva,Martin,Eva Martin,Unknown,1994-06-08,2022-08-15,Small Business,2,eva.martin.1888@example.com,False
1889,C001889,Marta,Brown,Marta Brown,M,1963-03-15,2024-04-17,Small Business,1,marta.brown.1889@example.com,True
1890,C001890,Tomas,Wojcik,Tomas Wojcik,M,1999-01-03,2021-09-23,Consumer,11,tomas.wojcik.1890@example.com,False
1891,C001891,Hugo,Wojcik,Hugo Wojcik,M,1996-11-22,2021-10-22,Corporate,12,hugo.wojcik.1891@example.com,False
1892,C001892,Kasia,Rossi,Kasia Rossi,Unknown,1957-08-04,2022-05-05,Consumer,3,kasia.rossi.1892@example.com,True
1893,C001893,Hugo,Martin,Hugo Martin,F,2002-10-22,2021-02-18,Corporate,4,hugo.martin.1893@example.com,False
1894,C001894,Anna,Dubois,Anna Dubois,Unknown,1973-11-20,2023-02-06,Consumer,4,anna.dubois.1894@example.com,False
1895,C001895,Anna,Rossi,Anna Rossi,M,1977-03-02,2020-09-28,Consumer,8,anna.rossi.1895@example.com,False
1896,C001896,Marta,Nowak,Marta Nowak,F,1989-05-21,2020-10-22,VIP,19,marta.nowak.1896@example.com,True
1897,C001897,Adam,Garcia,Adam Garcia,M,1977-04-12,2023-04-05,Consumer,12,adam.garcia.1897@example.com,True
1898,C001898,Jan,Kowalski,Jan Kowalski,Unknown,1981-08-19,2020-06-15,Consumer,5,jan.kowalski.1898@example.com,False
1899,C001899,Marta,Novak,Marta Novak,F,1979-12-15,2022-02-20,Small Business,4,marta.novak.1899@example.com,False
1900,C001900,Julia,Rossi,Julia Rossi,Unknown,1999-11-05,2021-03-20,Consumer,31,julia.rossi.1900@example.com,False
1901,C001901,Lena,Martin,Lena Martin,M,1978-04-01,2024-03-13,Consumer,20,lena.martin.1901@example.com,False
1902,C001902,Lucia,Garcia,Lucia Garcia,F,1955-04-06,2022-03-06,Consumer,11,lucia.garcia.1902@example.com,True
1903,C001903,Lucia,Rossi,Lucia Rossi,M,1963-07-06,2021-10-17,Consumer,25,lucia.rossi.1903@example.com,True
1904,C001904,Lukas,Brown,Lukas Brown,F,1991-12-25,2022-10-23,Consumer,4,lukas.brown.1904@example.com,False
1905,C001905,Anna,Martin,Anna Martin,Unknown,1957-10-02,2022-07-25,Consumer,5,anna.martin.1905@example.com,True
1906,C001906,Adam,Klein,Adam Klein,F,1981-09-09,2021-05-26,Small Business,35,adam.klein.1906@example.com,True
1907,C001907,Eva,Jansen,Eva Jansen,Unknown,1969-03-20,2023-07-25,Consumer,25,eva.jansen.1907@example.com,False
1908,C001908,Lucia,Wojcik,Lucia Wojcik,M,1991-09-26,2023-01-03,Small Business,30,lucia.wojcik.1908@example.com,False
1909,C001909,Lukas,Nilsson,Lukas Nilsson,F,2002-10-25,2022-07-25,Consumer,6,lukas.nilsson.1909@example.com,True
1910,C001910,Tomas,Brown,Tomas Brown,M,1966-01-23,2024-03-04,Consumer,16,tomas.brown.1910@example.com,True
1911,C001911,Kasia,Jansen,Kasia Jansen,M,1956-12-20,2021-08-27,Consumer,17,kasia.jansen.1911@example.com,False
1912,C001912,Noah,Martin,Noah Martin,M,2003-09-01,2022-07-22,Corporate,11,noah.martin.1912@example.com,True
1913,C001913,Marta,Garcia,Marta Garcia,Unknown,1988-02-17,2023-02-20,Consumer,11,marta.garcia.1913@example.com,True
1914,C001914,Tomas,Nowak,Tomas Nowak,Unknown,2004-02-17,2021-12-18,Consumer,7,tomas.nowak.1914@example.com,False
1915,C001915,Lena,Klein,Lena Klein,F,1975-10-24,2023-05-05,Corporate,6,lena.klein.1915@example.com,True
1916,C001916,Jan,Martin,Jan Martin,Unknown,1958-06-08,2023-08-29,Corporate,34,jan.martin.1916@example.com,True
1917,C001917,Filip,Smith,Filip Smith,M,1987-10-16,2024-05-16,Consumer,25,filip.smith.1917@example.com,False
1918,C001918,Piotr,Novak,Piotr Novak,F,1963-03-24,2022-07-24,Consumer,4,piotr.novak.1918@example.com,True
1919,C001919,Filip,Rossi,Filip Rossi,F,1989-03-21,2020-12-07,Corporate,14,filip.rossi.1919@example.com,True
1920,C001920,Marta,Rossi,Marta Rossi,Unknown,1972-08-09,2021-05-08,Consumer,17,marta.rossi.1920@example.com,False
1921,C001921,Piotr,Nowak,Piotr Nowak,Unknown,1981-06-19,2021-05-31,Consumer,34,piotr.nowak.1921@example.com,True
1922,C001922,Sofia,Kowalski,Sofia Kowalski,F,1995-04-02,2022-01-23,Small Business,1,sofia.kowalski.1922@example.com,True
1923,C001923,Marek,Garcia,Marek Garcia,Unknown,1963-12-04,2023-05-30,Consumer,29,marek.garcia.1923@example.com,False
1924,C001924,Julia,Nowak,Julia Nowak,M,1981-06-02,2022-04-14,Consumer,9,julia.nowak.1924@example.com,False
1925,C001925,Hugo,Martin,Hugo Martin,M,1993-04-27,2023-05-01,Consumer,4,hugo.martin.1925@example.com,False
1926,C001926,Filip,Novak,Filip Novak,Unknown,1969-03-25,2021-12-06,Consumer,7,filip.novak.1926@example.com,False
1927,C001927,Marta,Jansen,Marta Jansen,F,1974-07-28,2020-07-11,Corporate,27,marta.jansen.1927@example.com,False
1928,C001928,Piotr,Wojcik,Piotr Wojcik,M,1956-05-08,2022-09-04,Consumer,14,piotr.wojcik.1928@example.com,True
1929,C001929,Sofia,Nilsson,Sofia Nilsson,F,1960-04-04,2023-07-23,Consumer,11,sofia.nilsson.1929@example.com,True
1930,C001930,Tomas,Lewandowski,Tomas Lewandowski,M,1980-08-25,2019-10-09,Consumer,24,tomas.lewandowski.1930@example.com,True
1931,C001931,Marta,Nilsson,Marta Nilsson,M,1987-07-12,2021-04-29,Corporate,10,marta.nilsson.1931@example.com,False
1932,C001932,Marco,Brown,Marco Brown,Unknown,1957-08-14,2022-01-03,Consumer,17,marco.brown.1932@example.com,False
1933,C001933,Lena,Dubois,Lena Dubois,F,1977-01-10,2022-04-20,Consumer,15,lena.dubois.1933@example.com,True
1934,C001934,Eva,Smith,Eva Smith,M,1982-02-03,2021-12-30,Consumer,11,eva.smith.1934@example.com,True
1935,C001935,Lucia,Brown,Lucia Brown,F,1990-12-11,2022-02-07,Corporate,9,lucia.brown.1935@example.com,False
1936,C001936,Adam,Martin,Adam Martin,Unknown,1986-10-22,2020-10-26,Corporate,3,adam.martin.1936@example.com,True
1937,C001937,Marco,Klein,Marco Klein,Unknown,2000-02-22,2023-07-09,Consumer,16,marco.klein.1937@example.com,True
1938,C001938,Noah,Klein,Noah Klein,M,1963-12-10,2021-10-04,Corporate,22,noah.klein.1938@example.com,True
1939,C001939,Noah,Muller,Noah Muller,F,1971-04-27,2023-04-04,Consumer,16,noah.muller.1939@example.com,False
1940,C001940,Marek,Dubois,Marek Dubois,M,1956-06-24,2023-04-30,Small Business,34,marek.dubois.1940@example.com,True
1941,C001941,Marek,Garcia,Marek Garcia,Unknown,1984-07-19,2021-07-05,Small Business,18,marek.garcia.1941@example.com,False
1942,C001942,Emma,Garcia,Emma Garcia,M,1970-07-12,2023-01-26,Consumer,22,emma.garcia.1942@example.com,False
1943,C001943,Eva,Wojcik,Eva Wojcik,F,1959-07-07,2021-12-04,Consumer,33,eva.wojcik.1943@example.com,True
1944,C001944,Adam,Martin,Adam Martin,Unknown,1955-10-11,2021-05-15,Consumer,2,adam.martin.1944@example.com,True
1945,C001945,Filip,Smith,Filip Smith,M,1975-06-19,2023-02-28,Small Business,26,filip.smith.1945@example.com,True
1946,C001946,Anna,Jansen,Anna Jansen,M,1972-03-08,2021-08-21,Consumer,16,anna.jansen.1946@example.com,True
1947,C001947,Jan,Brown,Jan Brown,F,1971-11-18,2021-06-18,Small Business,19,jan.brown.1947@example.com,True
1948,C001948,Piotr,Rossi,Piotr Rossi,M,2004-06-10,2021-09-19,Corporate,27,piotr.rossi.1948@example.com,True
1949,C001949,Noah,Nowak,Noah Nowak,M,1998-01-01,2021-03-10,Small Business,30,noah.nowak.1949@example.com,False
1950,C001950,Sofia,Klein,Sofia Klein,M,1962-02-12,2023-01-13,Consumer,11,sofia.klein.1950@example.com,False
1951,C001951,Lucia,Smith,Lucia Smith,Unknown,1968-06-27,2021-09-22,Small Business,18,lucia.smith.1951@example.com,False
1952,C001952,Kasia,Rossi,Kasia Rossi,F,1972-11-21,2022-11-22,Consumer,33,kasia.rossi.1952@example.com,True
1953,C001953,Anna,Martin,Anna Martin,F,1988-07-26,2021-11-15,Small Business,11,anna.martin.1953@example.com,False
1954,C001954,Lena,Dubois,Lena Dubois,F,1980-11-11,2021-12-01,Consumer,9,lena.dubois.1954@example.com,True
1955,C001955,Jan,Klein,Jan Klein,M,2003-11-23,2021-11-09,Small Business,4,jan.klein.1955@example.com,True
1956,C001956,Lucia,Brown,Lucia Brown,F,1988-11-02,2022-01-15,Consumer,24,lucia.brown.1956@example.com,False
1957,C001957,Marta,Rossi,Marta Rossi,F,1966-06-15,2021-03-28,Consumer,9,marta.rossi.1957@example.com,False
1958,C001958,Lena,Martin,Lena Martin,Unknown,1962-04-25,2023-11-08,Corporate,15,lena.martin.1958@example.com,False
1959,C001959,Jan,Muller,Jan Muller,M,1962-04-13,2022-03-13,Corporate,11,jan.muller.1959@example.com,False
1960,C001960,Lukas,Klein,Lukas Klein,Unknown,2001-01-20,2021-03-28,Corporate,26,lukas.klein.1960@example.com,False
1961,C001961,Hugo,Smith,Hugo Smith,F,2001-06-20,2022-03-18,Consumer,16,hugo.smith.1961@example.com,True
1962,C001962,Noah,Martin,Noah Martin,F,1994-04-17,2021-04-15,Consumer,29,noah.martin.1962@example.com,False
1963,C001963,Hugo,Muller,Hugo Muller,Unknown,1963-04-14,2021-04-17,Consumer,15,hugo.muller.1963@example.com,True
1964,C001964,Marta,Klein,Marta Klein,F,1958-09-15,2024-09-28,Consumer,26,marta.klein.1964@example.com,False
1965,C001965,Julia,Wojcik,Julia Wojcik,F,1965-04-13,2022-06-13,Consumer,8,julia.wojcik.1965@example.com,True
1966,C001966,Hugo,Brown,Hugo Brown,Unknown,1990-04-18,2023-03-30,VIP,7,hugo.brown.1966@example.com,False
1967,C001967,Tomas,Klein,Tomas Klein,M,2000-05-18,2021-01-14,Consumer,32,tomas.klein.1967@example.com,True
1968,C001968,Sofia,Smith,Sofia Smith,F,1968-04-23,2022-05-15,Small Business,17,sofia.smith.1968@example.com,False
1969,C001969,Filip,Rossi,Filip Rossi,F,1971-03-12,2023-08-10,Corporate,7,filip.rossi.1969@example.com,False
1970,C001970,Lukas,Martin,Lukas Martin,Unknown,1977-07-02,2021-12-20,VIP,12,lukas.martin.1970@example.com,True
1971,C001971,Jan,Klein,Jan Klein,F,1979-04-27,2022-11-27,Consumer,24,jan.klein.1971@example.com,False
1972,C001972,Jan,Rossi,Jan Rossi,F,1980-11-26,2022-03-03,Small Business,35,jan.rossi.1972@example.com,True
1973,C001973,Noah,Lewandowski,Noah Lewandowski,M,1990-05-25,2024-10-23,Consumer,21,noah.lewandowski.1973@example.com,False
1974,C001974,Noah,Wojcik,Noah Wojcik,Unknown,1979-03-13,2020-06-21,Small Business,5,noah.wojcik.1974@example.com,False
1975,C001975,Lena,Lewandowski,Lena Lewandowski,F,2001-08-22,2023-02-21,Consumer,15,lena.lewandowski.1975@example.com,True
1976,C001976,Jan,Garcia,Jan Garcia,Unknown,1975-05-19,2022-10-10,Corporate,31,jan.garcia.1976@example.com,True
1977,C001977,Ola,Nowak,Ola Nowak,M,1959-10-25,2022-01-12,Consumer,28,ola.nowak.1977@example.com,True
1978,C001978,Lena,Martin,Lena Martin,M,1979-10-07,2022-02-22,Consumer,6,lena.martin.1978@example.com,True
1979,C001979,Jan,Jansen,Jan Jansen,M,1955-03-01,2022-03-28,VIP,12,jan.jansen.1979@example.com,False
1980,C001980,Filip,Lewandowski,Filip Lewandowski,F,1996-08-04,2022-02-14,Consumer,5,filip.lewandowski.1980@example.com,False
1981,C001981,Tomas,Klein,Tomas Klein,Unknown,1994-07-15,2023-09-09,Consumer,16,tomas.klein.1981@example.com,True
1982,C001982,Marek,Muller,Marek Muller,F,1959-03-14,2023-05-04,Consumer,34,marek.muller.1982@example.com,False
1983,C001983,Sofia,Jansen,Sofia Jansen,M,1996-07-22,2020-01-07,VIP,12,sofia.jansen.1983@example.com,False
1984,C001984,Adam,Nilsson,Adam Nilsson,F,1985-11-18,2022-10-19,Small Business,34,adam.nilsson.1984@example.com,False
1985,C001985,Emma,Nowak,Emma Nowak,M,1993-02-21,2021-12-26,Consumer,20,emma.nowak.1985@example.com,True
1986,C001986,Lena,Brown,Lena Brown,F,1976-03-08,2022-06-19,Consumer,33,lena.brown.1986@example.com,False
1987,C001987,Anna,Wojcik,Anna Wojcik,M,1977-08-26,2022-06-20,Corporate,23,anna.wojcik.1987@example.com,False
1988,C001988,Marek,Kowalski,Marek Kowalski,Unknown,2000-01-01,2023-12-20,Consumer,19,marek.kowalski.1988@example.com,True
1989,C001989,Tomas,Jansen,Tomas Jansen,M,1980-05-19,2023-04-09,Small Business,35,tomas.jansen.1989@example.com,True
1990,C001990,Eva,Klein,Eva Klein,M,1977-07-23,2023-05-08,Consumer,13,eva.klein.1990@example.com,True
1991,C001991,Lucia,Martin,Lucia Martin,M,1969-08-07,2024-01-23,Corporate,23,lucia.martin.1991@example.com,False
1992,C001992,Kasia,Nowak,Kasia Nowak,F,1962-11-19,2022-03-10,Corporate,30,kasia.nowak.1992@example.com,True
1993,C001993,Emma,Kowalski,Emma Kowalski,F,1999-06-19,2020-09-27,Consumer,21,emma.kowalski.1993@example.com,True
1994,C001994,Lukas,Jansen,Lukas Jansen,F,1981-11-07,2022-06-27,VIP,34,lukas.jansen.1994@example.com,False
1995,C001995,Julia,Nilsson,Julia Nilsson,M,1990-10-25,2023-04-08,Small Business,19,julia.nilsson.1995@example.com,True
1996,C001996,Noah,Rossi,Noah Rossi,M,1976-05-28,2022-06-04,Corporate,28,noah.rossi.1996@example.com,False
1997,C001997,Filip,Nowak,Filip Nowak,Unknown,1980-10-20,2021-09-20,Consumer,20,filip.nowak.1997@example.com,False
1998,C001998,Ola,Nilsson,Ola Nilsson,M,1983-05-08,2021-11-26,Consumer,17,ola.nilsson.1998@example.com,False
1999,C001999,Sofia,Muller,Sofia Muller,F,1958-10-11,2022-12-15,Corporate,11,sofia.muller.1999@example.com,False
2000,C002000,Lena,Brown,Lena Brown,M,1989-11-25,2023-10-22,Consumer,14,lena.brown.2000@example.com,True
