DateKey,Date,Year,Quarter,QuarterLabel,YearQuarter,MonthNumber,MonthName,MonthShort,YearMonth,MonthStartDateKey,WeekNumberISO,ISOYear,WeekdayNumber,WeekdayName,IsWeekend,IsWorkingDay,HolidayName,FiscalYear,FiscalQuarter,FiscalMonthNumber,DaysFromStart
20220101,2022-01-01,2022,1,Q1,2022-Q1,1,January,Jan,2022-01,20220101,52,2021,6,Saturday,True,False,New Year,2022,3,7,0
20220102,2022-01-02,2022,1,Q1,2022-Q1,1,January,Jan,2022-01,20220101,52,2021,7,Sunday,True,False,,2022,3,7,1
20220103,2022-01-03,2022,1,Q1,2022-Q1,1,January,Jan,2022-01,20220101,1,2022,1,Monday,False,True,,2022,3,7,2
20220104,2022-01-04,2022,1,Q1,2022-Q1,1,January,Jan,2022-01,20220101,1,2022,2,Tuesday,False,True,,2022,3,7,3
20220105,2022-01-05,2022,1,Q1,2022-Q1,1,January,Jan,2022-01,20220101,1,2022,3,Wednesday,False,True,,2022,3,7,4
20220106,2022-01-06,2022,1,Q1,2022-Q1,1,January,Jan,2022-01,20220101,1,2022,4,Thursday,False,True,,2022,3,7,5
20220107,2022-01-07,2022,1,Q1,2022-Q1,1,January,Jan,2022-01,20220101,1,2022,5,Friday,False,True,,2022,3,7,6
20220108,2022-01-08,2022,1,Q1,2022-Q1,1,January,Jan,2022-01,20220101,1,2022,6,Saturday,True,False,,2022,3,7,7
20220109,2022-01-09,2022,1,Q1,2022-Q1,1,January,Jan,2022-01,20220101,1,2022,7,Sunday,True,False,,2022,3,7,8
20220110,2022-01-10,2022,1,Q1,2022-Q1,1,January,Jan,2022-01,20220101,2,2022,1,Monday,False,True,,2022,3,7,9
20220111,2022-01-11,2022,1,Q1,2022-Q1,1,January,Jan,2022-01,20220101,2,2022,2,Tuesday,False,True,,2022,3,7,10
20220112,2022-01-12,2022,1,Q1,2022-Q1,1,January,Jan,2022-01,20220101,2,2022,3,Wednesday,False,True,,2022,3,7,11
20220113,2022-01-13,2022,1,Q1,2022-Q1,1,January,Jan,2022-01,20220101,2,2022,4,Thursday,False,True,,2022,3,7,12
20220114,2022-01-14,2022,1,Q1,2022-Q1,1,January,Jan,2022-01,20220101,2,2022,5,Friday,False,True,,2022,3,7,13
20220115,2022-01-15,2022,1,Q1,2022-Q1,1,January,Jan,2022-01,20220101,2,2022,6,Saturday,True,False,,2022,3,7,14
20220116,2022-01-16,2022,1,Q1,2022-Q1,1,January,Jan,2022-01,20220101,2,2022,7,Sunday,True,False,,2022,3,7,15
20220117,2022-01-17,2022,1,Q1,2022-Q1,1,January,Jan,2022-01,20220101,3,2022,1,Monday,False,True,,2022,3,7,16
20220118,2022-01-18,2022,1,Q1,2022-Q1,1,January,Jan,2022-01,20220101,3,2022,2,Tuesday,False,True,,2022,3,7,17
20220119,2022-01-19,2022,1,Q1,2022-Q1,1,January,Jan,2022-01,20220101,3,2022,3,Wednesday,False,True,,2022,3,7,18
20220120,2022-01-20,2022,1,Q1,2022-Q1,1,January,Jan,2022-01,20220101,3,2022,4,Thursday,False,True,,2022,3,7,19
20220121,2022-01-21,2022,1,Q1,2022-Q1,1,January,Jan,2022-01,20220101,3,2022,5,Friday,False,True,,2022,3,7,20
20220122,2022-01-22,2022,1,Q1,2022-Q1,1,January,Jan,2022-01,20220101,3,2022,6,Saturday,True,False,,2022,3,7,21
20220123,2022-01-23,2022,1,Q1,2022-Q1,1,January,Jan,2022-01,20220101,3,2022,7,Sunday,True,False,,2022,3,7,22
20220124,2022-01-24,2022,1,Q1,2022-Q1,1,January,Jan,2022-01,20220101,4,2022,1,Monday,False,True,,2022,3,7,23
20220125,2022-01-25,2022,1,Q1,2022-Q1,1,January,Jan,2022-01,20220101,4,2022,2,Tuesday,False,True,,2022,3,7,24
20220126,2022-01-26,2022,1,Q1,2022-Q1,1,January,Jan,2022-01,20220101,4,2022,3,Wednesday,False,True,,2022,3,7,25
20220127,2022-01-27,2022,1,Q1,2022-Q1,1,January,Jan,2022-01,20220101,4,2022,4,Thursday,False,True,,2022,3,7,26
20220128,2022-01-28,2022,1,Q1,2022-Q1,1,January,Jan,2022-01,20220101,4,2022,5,Friday,False,True,,2022,3,7,27
20220129,2022-01-29,2022,1,Q1,2022-Q1,1,January,Jan,2022-01,20220101,4,2022,6,Saturday,True,False,,2022,3,7,28
20220130,2022-01-30,2022,1,Q1,2022-Q1,1,January,Jan,2022-01,20220101,4,2022,7,Sunday,True,False,,2022,3,7,29
20220131,2022-01-31,2022,1,Q1,2022-Q1,1,January,Jan,2022-01,20220101,5,2022,1,Monday,False,True,,2022,3,7,30
20220201,2022-02-01,2022,1,Q1,2022-Q1,2,February,Feb,2022-02,20220201,5,2022,2,Tuesday,False,True,,2022,3,8,31
20220202,2022-02-02,2022,1,Q1,2022-Q1,2,February,Feb,2022-02,20220201,5,2022,3,Wednesday,False,True,,2022,3,8,32
20220203,2022-02-03,2022,1,Q1,2022-Q1,2,February,Feb,2022-02,20220201,5,2022,4,Thursday,False,True,,2022,3,8,33
20220204,2022-02-04,2022,1,Q1,2022-Q1,2,February,Feb,2022-02,20220201,5,2022,5,Friday,False,True,,2022,3,8,34
20220205,2022-02-05,2022,1,Q1,2022-Q1,2,February,Feb,2022-02,20220201,5,2022,6,Saturday,True,False,,2022,3,8,35
20220206,2022-02-06,2022,1,Q1,2022-Q1,2,February,Feb,2022-02,20220201,5,2022,7,Sunday,True,False,,2022,3,8,36
20220207,2022-02-07,2022,1,Q1,2022-Q1,2,February,Feb,2022-02,20220201,6,2022,1,Monday,False,True,,2022,3,8,37
20220208,2022-02-08,2022,1,Q1,2022-Q1,2,February,Feb,2022-02,20220201,6,2022,2,Tuesday,False,True,,2022,3,8,38
20220209,2022-02-09,2022,1,Q1,2022-Q1,2,February,Feb,2022-02,20220201,6,2022,3,Wednesday,False,True,,2022,3,8,39
20220210,2022-02-10,2022,1,Q1,2022-Q1,2,February,Feb,2022-02,20220201,6,2022,4,Thursday,False,True,,2022,3,8,40
20220211,2022-02-11,2022,1,Q1,2022-Q1,2,February,Feb,2022-02,20220201,6,2022,5,Friday,False,True,,2022,3,8,41
20220212,2022-02-12,2022,1,Q1,2022-Q1,2,February,Feb,2022-02,20220201,6,2022,6,Saturday,True,False,,2022,3,8,42
20220213,2022-02-13,2022,1,Q1,2022-Q1,2,February,Feb,2022-02,20220201,6,2022,7,Sunday,True,False,,2022,3,8,43
20220214,2022-02-14,2022,1,Q1,2022-Q1,2,February,Feb,2022-02,20220201,7,2022,1,Monday,False,True,,2022,3,8,44
20220215,2022-02-15,2022,1,Q1,2022-Q1,2,February,Feb,2022-02,20220201,7,2022,2,Tuesday,False,True,,2022,3,8,45
20220216,2022-02-16,2022,1,Q1,2022-Q1,2,February,Feb,2022-02,20220201,7,2022,3,Wednesday,False,True,,2022,3,8,46
20220217,2022-02-17,2022,1,Q1,2022-Q1,2,February,Feb,2022-02,20220201,7,2022,4,Thursday,False,True,,2022,3,8,47
20220218,2022-02-18,2022,1,Q1,2022-Q1,2,February,Feb,2022-02,20220201,7,2022,5,Friday,False,True,,2022,3,8,48
20220219,2022-02-19,2022,1,Q1,2022-Q1,2,February,Feb,2022-02,20220201,7,2022,6,Saturday,True,False,,2022,3,8,49
20220220,2022-02-20,2022,1,Q1,2022-Q1,2,February,Feb,2022-02,20220201,7,2022,7,Sunday,True,False,,2022,3,8,50
20220221,2022-02-21,2022,1,Q1,2022-Q1,2,February,Feb,2022-02,20220201,8,2022,1,Monday,False,True,,2022,3,8,51
20220222,2022-02-22,2022,1,Q1,2022-Q1,2,February,Feb,2022-02,20220201,8,2022,2,Tuesday,False,True,,2022,3,8,52
20220223,2022-02-23,2022,1,Q1,2022-Q1,2,February,Feb,2022-02,20220201,8,2022,3,Wednesday,False,True,,2022,3,8,53
20220224,2022-02-24,2022,1,Q1,2022-Q1,2,February,Feb,2022-02,20220201,8,2022,4,Thursday,False,True,,2022,3,8,54
20220225,2022-02-25,2022,1,Q1,2022-Q1,2,February,Feb,2022-02,20220201,8,2022,5,Friday,False,True,,2022,3,8,55
20220226,2022-02-26,2022,1,Q1,2022-Q1,2,February,Feb,2022-02,20220201,8,2022,6,Saturday,True,False,,2022,3,8,56
20220227,2022-02-27,2022,1,Q1,2022-Q1,2,February,Feb,2022-02,20220201,8,2022,7,Sunday,True,False,,2022,3,8,57
20220228,2022-02-28,2022,1,Q1,2022-Q1,2,February,Feb,2022-02,20220201,9,2022,1,Monday,False,True,,2022,3,8,58
20220301,2022-03-01,2022,1,Q1,2022-Q1,3,March,Mar,2022-03,20220301,9,2022,2,Tuesday,False,True,,2022,3,9,59
20220302,2022-03-02,2022,1,Q1,2022-Q1,3,March,Mar,2022-03,20220301,9,2022,3,Wednesday,False,True,,2022,3,9,60
20220303,2022-03-03,2022,1,Q1,2022-Q1,3,March,Mar,2022-03,20220301,9,2022,4,Thursday,False,True,,2022,3,9,61
20220304,2022-03-04,2022,1,Q1,2022-Q1,3,March,Mar,2022-03,20220301,9,2022,5,Friday,False,True,,2022,3,9,62
20220305,2022-03-05,2022,1,Q1,2022-Q1,3,March,Mar,2022-03,20220301,9,2022,6,Saturday,True,False,,2022,3,9,63
20220306,2022-03-06,2022,1,Q1,2022-Q1,3,March,Mar,2022-03,20220301,9,2022,7,Sunday,True,False,,2022,3,9,64
20220307,2022-03-07,2022,1,Q1,2022-Q1,3,March,Mar,2022-03,20220301,10,2022,1,Monday,False,True,,2022,3,9,65
20220308,2022-03-08,2022,1,Q1,2022-Q1,3,March,Mar,2022-03,20220301,10,2022,2,Tuesday,False,True,,2022,3,9,66
20220309,2022-03-09,2022,1,Q1,2022-Q1,3,March,Mar,2022-03,20220301,10,2022,3,Wednesday,False,True,,2022,3,9,67
20220310,2022-03-10,2022,1,Q1,2022-Q1,3,March,Mar,2022-03,20220301,10,2022,4,Thursday,False,True,,2022,3,9,68
20220311,2022-03-11,2022,1,Q1,2022-Q1,3,March,Mar,2022-03,20220301,10,2022,5,Friday,False,True,,2022,3,9,69
20220312,2022-03-12,2022,1,Q1,2022-Q1,3,March,Mar,2022-03,20220301,10,2022,6,Saturday,True,False,,2022,3,9,70
20220313,2022-03-13,2022,1,Q1,2022-Q1,3,March,Mar,2022-03,20220301,10,2022,7,Sunday,True,False,,2022,3,9,71
20220314,2022-03-14,2022,1,Q1,2022-Q1,3,March,Mar,2022-03,20220301,11,2022,1,Monday,False,True,,2022,3,9,72
20220315,2022-03-15,2022,1,Q1,2022-Q1,3,March,Mar,2022-03,20220301,11,2022,2,Tuesday,False,True,,2022,3,9,73
20220316,2022-03-16,2022,1,Q1,2022-Q1,3,March,Mar,2022-03,20220301,11,2022,3,Wednesday,False,True,,2022,3,9,74
20220317,2022-03-17,2022,1,Q1,2022-Q1,3,March,Mar,2022-03,20220301,11,2022,4,Thursday,False,True,,2022,3,9,75
20220318,2022-03-18,2022,1,Q1,2022-Q1,3,March,Mar,2022-03,20220301,11,2022,5,Friday,False,True,,2022,3,9,76
20220319,2022-03-19,2022,1,Q1,2022-Q1,3,March,Mar,2022-03,20220301,11,2022,6,Saturday,True,False,,2022,3,9,77
20220320,2022-03-20,2022,1,Q1,2022-Q1,3,March,Mar,2022-03,20220301,11,2022,7,Sunday,True,False,,2022,3,9,78
20220321,2022-03-21,2022,1,Q1,2022-Q1,3,March,Mar,2022-03,20220301,12,2022,1,Monday,False,True,,2022,3,9,79
20220322,2022-03-22,2022,1,Q1,2022-Q1,3,March,Mar,2022-03,20220301,12,2022,2,Tuesday,False,True,,2022,3,9,80
20220323,2022-03-23,2022,1,Q1,2022-Q1,3,March,Mar,2022-03,20220301,12,2022,3,Wednesday,False,True,,2022,3,9,81
20220324,2022-03-24,2022,1,Q1,2022-Q1,3,March,Mar,2022-03,20220301,12,2022,4,Thursday,False,True,,2022,3,9,82
20220325,2022-03-25,2022,1,Q1,2022-Q1,3,March,Mar,2022-03,20220301,12,2022,5,Friday,False,True,,2022,3,9,83
20220326,2022-03-26,2022,1,Q1,2022-Q1,3,March,Mar,2022-03,20220301,12,2022,6,Saturday,True,False,,2022,3,9,84
20220327,2022-03-27,2022,1,Q1,2022-Q1,3,March,Mar,2022-03,20220301,12,2022,7,Sunday,True,False,,2022,3,9,85
20220328,2022-03-28,2022,1,Q1,2022-Q1,3,March,Mar,2022-03,20220301,13,2022,1,Monday,False,True,,2022,3,9,86
20220329,2022-03-29,2022,1,Q1,2022-Q1,3,March,Mar,2022-03,20220301,13,2022,2,Tuesday,False,True,,2022,3,9,87
20220330,2022-03-30,2022,1,Q1,2022-Q1,3,March,Mar,2022-03,20220301,13,2022,3,Wednesday,False,True,,2022,3,9,88
20220331,2022-03-31,2022,1,Q1,2022-Q1,3,March,Mar,2022-03,20220301,13,2022,4,Thursday,False,True,,2022,3,9,89
20220401,2022-04-01,2022,2,Q2,2022-Q2,4,April,Apr,2022-04,20220401,13,2022,5,Friday,False,True,,2022,4,10,90
20220402,2022-04-02,2022,2,Q2,2022-Q2,4,April,Apr,2022-04,20220401,13,2022,6,Saturday,True,False,,2022,4,10,91
20220403,2022-04-03,2022,2,Q2,2022-Q2,4,April,Apr,2022-04,20220401,13,2022,7,Sunday,True,False,,2022,4,10,92
20220404,2022-04-04,2022,2,Q2,2022-Q2,4,April,Apr,2022-04,20220401,14,2022,1,Monday,False,True,,2022,4,10,93
20220405,2022-04-05,2022,2,Q2,2022-Q2,4,April,Apr,2022-04,20220401,14,2022,2,Tuesday,False,True,,2022,4,10,94
20220406,2022-04-06,2022,2,Q2,2022-Q2,4,April,Apr,2022-04,20220401,14,2022,3,Wednesday,False,True,,2022,4,10,95
20220407,2022-04-07,2022,2,Q2,2022-Q2,4,April,Apr,2022-04,20220401,14,2022,4,Thursday,False,True,,2022,4,10,96
20220408,2022-04-08,2022,2,Q2,2022-Q2,4,April,Apr,2022-04,20220401,14,2022,5,Friday,False,True,,2022,4,10,97
20220409,2022-04-09,2022,2,Q2,2022-Q2,4,April,Apr,2022-04,20220401,14,2022,6,Saturday,True,False,,2022,4,10,98
20220410,2022-04-10,2022,2,Q2,2022-Q2,4,April,Apr,2022-04,20220401,14,2022,7,Sunday,True,False,,2022,4,10,99
20220411,2022-04-11,2022,2,Q2,2022-Q2,4,April,Apr,2022-04,20220401,15,2022,1,Monday,False,True,,2022,4,10,100
20220412,2022-04-12,2022,2,Q2,2022-Q2,4,April,Apr,2022-04,20220401,15,2022,2,Tuesday,False,True,,2022,4,10,101
20220413,2022-04-13,2022,2,Q2,2022-Q2,4,April,Apr,2022-04,20220401,15,2022,3,Wednesday,False,True,,2022,4,10,102
20220414,2022-04-14,2022,2,Q2,2022-Q2,4,April,Apr,2022-04,20220401,15,2022,4,Thursday,False,True,,2022,4,10,103
20220415,2022-04-15,2022,2,Q2,2022-Q2,4,April,Apr,2022-04,20220401,15,2022,5,Friday,False,True,,2022,4,10,104
20220416,2022-04-16,2022,2,Q2,2022-Q2,4,April,Apr,2022-04,20220401,15,2022,6,Saturday,True,False,,2022,4,10,105
20220417,2022-04-17,2022,2,Q2,2022-Q2,4,April,Apr,2022-04,20220401,15,2022,7,Sunday,True,False,,2022,4,10,106
20220418,2022-04-18,2022,2,Q2,2022-Q2,4,April,Apr,2022-04,20220401,16,2022,1,Monday,False,True,,2022,4,10,107
20220419,2022-04-19,2022,2,Q2,2022-Q2,4,April,Apr,2022-04,20220401,16,2022,2,Tuesday,False,True,,2022,4,10,108
20220420,2022-04-20,2022,2,Q2,2022-Q2,4,April,Apr,2022-04,20220401,16,2022,3,Wednesday,False,True,,2022,4,10,109
20220421,2022-04-21,2022,2,Q2,2022-Q2,4,April,Apr,2022-04,20220401,16,2022,4,Thursday,False,True,,2022,4,10,110
20220422,2022-04-22,2022,2,Q2,2022-Q2,4,April,Apr,2022-04,20220401,16,2022,5,Friday,False,True,,2022,4,10,111
20220423,2022-04-23,2022,2,Q2,2022-Q2,4,April,Apr,2022-04,20220401,16,2022,6,Saturday,True,False,,2022,4,10,112
20220424,2022-04-24,2022,2,Q2,2022-Q2,4,April,Apr,2022-04,20220401,16,2022,7,Sunday,True,False,,2022,4,10,113
20220425,2022-04-25,2022,2,Q2,2022-Q2,4,April,Apr,2022-04,20220401,17,2022,1,Monday,False,True,,2022,4,10,114
20220426,2022-04-26,2022,2,Q2,2022-Q2,4,April,Apr,2022-04,20220401,17,2022,2,Tuesday,False,True,,2022,4,10,115
20220427,2022-04-27,2022,2,Q2,2022-Q2,4,April,Apr,2022-04,20220401,17,2022,3,Wednesday,False,True,,2022,4,10,116
20220428,2022-04-28,2022,2,Q2,2022-Q2,4,April,Apr,2022-04,20220401,17,2022,4,Thursday,False,True,,2022,4,10,117
20220429,2022-04-29,2022,2,Q2,2022-Q2,4,April,Apr,2022-04,20220401,17,2022,5,Friday,False,True,,2022,4,10,118
20220430,2022-04-30,2022,2,Q2,2022-Q2,4,April,Apr,2022-04,20220401,17,2022,6,Saturday,True,False,,2022,4,10,119
20220501,2022-05-01,2022,2,Q2,2022-Q2,5,May,May,2022-05,20220501,17,2022,7,Sunday,True,False,Labour Day,2022,4,11,120
20220502,2022-05-02,2022,2,Q2,2022-Q2,5,May,May,2022-05,20220501,18,2022,1,Monday,False,True,,2022,4,11,121
20220503,2022-05-03,2022,2,Q2,2022-Q2,5,May,May,2022-05,20220501,18,2022,2,Tuesday,False,False,Constitution Day PL,2022,4,11,122
20220504,2022-05-04,2022,2,Q2,2022-Q2,5,May,May,2022-05,20220501,18,2022,3,Wednesday,False,True,,2022,4,11,123
20220505,2022-05-05,2022,2,Q2,2022-Q2,5,May,May,2022-05,20220501,18,2022,4,Thursday,False,True,,2022,4,11,124
20220506,2022-05-06,2022,2,Q2,2022-Q2,5,May,May,2022-05,20220501,18,2022,5,Friday,False,True,,2022,4,11,125
20220507,2022-05-07,2022,2,Q2,2022-Q2,5,May,May,2022-05,20220501,18,2022,6,Saturday,True,False,,2022,4,11,126
20220508,2022-05-08,2022,2,Q2,2022-Q2,5,May,May,2022-05,20220501,18,2022,7,Sunday,True,False,,2022,4,11,127
20220509,2022-05-09,2022,2,Q2,2022-Q2,5,May,May,2022-05,20220501,19,2022,1,Monday,False,True,,2022,4,11,128
20220510,2022-05-10,2022,2,Q2,2022-Q2,5,May,May,2022-05,20220501,19,2022,2,Tuesday,False,True,,2022,4,11,129
20220511,2022-05-11,2022,2,Q2,2022-Q2,5,May,May,2022-05,20220501,19,2022,3,Wednesday,False,True,,2022,4,11,130
20220512,2022-05-12,2022,2,Q2,2022-Q2,5,May,May,2022-05,20220501,19,2022,4,Thursday,False,True,,2022,4,11,131
20220513,2022-05-13,2022,2,Q2,2022-Q2,5,May,May,2022-05,20220501,19,2022,5,Friday,False,True,,2022,4,11,132
20220514,2022-05-14,2022,2,Q2,2022-Q2,5,May,May,2022-05,20220501,19,2022,6,Saturday,True,False,,2022,4,11,133
20220515,2022-05-15,2022,2,Q2,2022-Q2,5,May,May,2022-05,20220501,19,2022,7,Sunday,True,False,,2022,4,11,134
20220516,2022-05-16,2022,2,Q2,2022-Q2,5,May,May,2022-05,20220501,20,2022,1,Monday,False,True,,2022,4,11,135
20220517,2022-05-17,2022,2,Q2,2022-Q2,5,May,May,2022-05,20220501,20,2022,2,Tuesday,False,True,,2022,4,11,136
20220518,2022-05-18,2022,2,Q2,2022-Q2,5,May,May,2022-05,20220501,20,2022,3,Wednesday,False,True,,2022,4,11,137
20220519,2022-05-19,2022,2,Q2,2022-Q2,5,May,May,2022-05,20220501,20,2022,4,Thursday,False,True,,2022,4,11,138
20220520,2022-05-20,2022,2,Q2,2022-Q2,5,May,May,2022-05,20220501,20,2022,5,Friday,False,True,,2022,4,11,139
20220521,2022-05-21,2022,2,Q2,2022-Q2,5,May,May,2022-05,20220501,20,2022,6,Saturday,True,False,,2022,4,11,140
20220522,2022-05-22,2022,2,Q2,2022-Q2,5,May,May,2022-05,20220501,20,2022,7,Sunday,True,False,,2022,4,11,141
20220523,2022-05-23,2022,2,Q2,2022-Q2,5,May,May,2022-05,20220501,21,2022,1,Monday,False,True,,2022,4,11,142
20220524,2022-05-24,2022,2,Q2,2022-Q2,5,May,May,2022-05,20220501,21,2022,2,Tuesday,False,True,,2022,4,11,143
20220525,2022-05-25,2022,2,Q2,2022-Q2,5,May,May,2022-05,20220501,21,2022,3,Wednesday,False,True,,2022,4,11,144
20220526,2022-05-26,2022,2,Q2,2022-Q2,5,May,May,2022-05,20220501,21,2022,4,Thursday,False,True,,2022,4,11,145
20220527,2022-05-27,2022,2,Q2,2022-Q2,5,May,May,2022-05,20220501,21,2022,5,Friday,False,True,,2022,4,11,146
20220528,2022-05-28,2022,2,Q2,2022-Q2,5,May,May,2022-05,20220501,21,2022,6,Saturday,True,False,,2022,4,11,147
20220529,2022-05-29,2022,2,Q2,2022-Q2,5,May,May,2022-05,20220501,21,2022,7,Sunday,True,False,,2022,4,11,148
20220530,2022-05-30,2022,2,Q2,2022-Q2,5,May,May,2022-05,20220501,22,2022,1,Monday,False,True,,2022,4,11,149
20220531,2022-05-31,2022,2,Q2,2022-Q2,5,May,May,2022-05,20220501,22,2022,2,Tuesday,False,True,,2022,4,11,150
20220601,2022-06-01,2022,2,Q2,2022-Q2,6,June,Jun,2022-06,20220601,22,2022,3,Wednesday,False,True,,2022,4,12,151
20220602,2022-06-02,2022,2,Q2,2022-Q2,6,June,Jun,2022-06,20220601,22,2022,4,Thursday,False,True,,2022,4,12,152
20220603,2022-06-03,2022,2,Q2,2022-Q2,6,June,Jun,2022-06,20220601,22,2022,5,Friday,False,True,,2022,4,12,153
20220604,2022-06-04,2022,2,Q2,2022-Q2,6,June,Jun,2022-06,20220601,22,2022,6,Saturday,True,False,,2022,4,12,154
20220605,2022-06-05,2022,2,Q2,2022-Q2,6,June,Jun,2022-06,20220601,22,2022,7,Sunday,True,False,,2022,4,12,155
20220606,2022-06-06,2022,2,Q2,2022-Q2,6,June,Jun,2022-06,20220601,23,2022,1,Monday,False,True,,2022,4,12,156
20220607,2022-06-07,2022,2,Q2,2022-Q2,6,June,Jun,2022-06,20220601,23,2022,2,Tuesday,False,True,,2022,4,12,157
20220608,2022-06-08,2022,2,Q2,2022-Q2,6,June,Jun,2022-06,20220601,23,2022,3,Wednesday,False,True,,2022,4,12,158
20220609,2022-06-09,2022,2,Q2,2022-Q2,6,June,Jun,2022-06,20220601,23,2022,4,Thursday,False,True,,2022,4,12,159
20220610,2022-06-10,2022,2,Q2,2022-Q2,6,June,Jun,2022-06,20220601,23,2022,5,Friday,False,True,,2022,4,12,160
20220611,2022-06-11,2022,2,Q2,2022-Q2,6,June,Jun,2022-06,20220601,23,2022,6,Saturday,True,False,,2022,4,12,161
20220612,2022-06-12,2022,2,Q2,2022-Q2,6,June,Jun,2022-06,20220601,23,2022,7,Sunday,True,False,,2022,4,12,162
20220613,2022-06-13,2022,2,Q2,2022-Q2,6,June,Jun,2022-06,20220601,24,2022,1,Monday,False,True,,2022,4,12,163
20220614,2022-06-14,2022,2,Q2,2022-Q2,6,June,Jun,2022-06,20220601,24,2022,2,Tuesday,False,True,,2022,4,12,164
20220615,2022-06-15,2022,2,Q2,2022-Q2,6,June,Jun,2022-06,20220601,24,2022,3,Wednesday,False,True,,2022,4,12,165
20220616,2022-06-16,2022,2,Q2,2022-Q2,6,June,Jun,2022-06,20220601,24,2022,4,Thursday,False,True,,2022,4,12,166
20220617,2022-06-17,2022,2,Q2,2022-Q2,6,June,Jun,2022-06,20220601,24,2022,5,Friday,False,True,,2022,4,12,167
20220618,2022-06-18,2022,2,Q2,2022-Q2,6,June,Jun,2022-06,20220601,24,2022,6,Saturday,True,False,,2022,4,12,168
20220619,2022-06-19,2022,2,Q2,2022-Q2,6,June,Jun,2022-06,20220601,24,2022,7,Sunday,True,False,,2022,4,12,169
20220620,2022-06-20,2022,2,Q2,2022-Q2,6,June,Jun,2022-06,20220601,25,2022,1,Monday,False,True,,2022,4,12,170
20220621,2022-06-21,2022,2,Q2,2022-Q2,6,June,Jun,2022-06,20220601,25,2022,2,Tuesday,False,True,,2022,4,12,171
20220622,2022-06-22,2022,2,Q2,2022-Q2,6,June,Jun,2022-06,20220601,25,2022,3,Wednesday,False,True,,2022,4,12,172
20220623,2022-06-23,2022,2,Q2,2022-Q2,6,June,Jun,2022-06,20220601,25,2022,4,Thursday,False,True,,2022,4,12,173
20220624,2022-06-24,2022,2,Q2,2022-Q2,6,June,Jun,2022-06,20220601,25,2022,5,Friday,False,True,,2022,4,12,174
20220625,2022-06-25,2022,2,Q2,2022-Q2,6,June,Jun,2022-06,20220601,25,2022,6,Saturday,True,False,,2022,4,12,175
20220626,2022-06-26,2022,2,Q2,2022-Q2,6,June,Jun,2022-06,20220601,25,2022,7,Sunday,True,False,,2022,4,12,176
20220627,2022-06-27,2022,2,Q2,2022-Q2,6,June,Jun,2022-06,20220601,26,2022,1,Monday,False,True,,2022,4,12,177
20220628,2022-06-28,2022,2,Q2,2022-Q2,6,June,Jun,2022-06,20220601,26,2022,2,Tuesday,False,True,,2022,4,12,178
20220629,2022-06-29,2022,2,Q2,2022-Q2,6,June,Jun,2022-06,20220601,26,2022,3,Wednesday,False,True,,2022,4,12,179
20220630,2022-06-30,2022,2,Q2,2022-Q2,6,June,Jun,2022-06,20220601,26,2022,4,Thursday,False,True,,2022,4,12,180
20220701,2022-07-01,2022,3,Q3,2022-Q3,7,July,Jul,2022-07,20220701,26,2022,5,Friday,False,True,,2023,1,1,181
20220702,2022-07-02,2022,3,Q3,2022-Q3,7,July,Jul,2022-07,20220701,26,2022,6,Saturday,True,False,,2023,1,1,182
20220703,2022-07-03,2022,3,Q3,2022-Q3,7,July,Jul,2022-07,20220701,26,2022,7,Sunday,True,False,,2023,1,1,183
20220704,2022-07-04,2022,3,Q3,2022-Q3,7,July,Jul,2022-07,20220701,27,2022,1,Monday,False,True,,2023,1,1,184
20220705,2022-07-05,2022,3,Q3,2022-Q3,7,July,Jul,2022-07,20220701,27,2022,2,Tuesday,False,True,,2023,1,1,185
20220706,2022-07-06,2022,3,Q3,2022-Q3,7,July,Jul,2022-07,20220701,27,2022,3,Wednesday,False,True,,2023,1,1,186
20220707,2022-07-07,2022,3,Q3,2022-Q3,7,July,Jul,2022-07,20220701,27,2022,4,Thursday,False,True,,2023,1,1,187
20220708,2022-07-08,2022,3,Q3,2022-Q3,7,July,Jul,2022-07,20220701,27,2022,5,Friday,False,True,,2023,1,1,188
20220709,2022-07-09,2022,3,Q3,2022-Q3,7,July,Jul,2022-07,20220701,27,2022,6,Saturday,True,False,,2023,1,1,189
20220710,2022-07-10,2022,3,Q3,2022-Q3,7,July,Jul,2022-07,20220701,27,2022,7,Sunday,True,False,,2023,1,1,190
20220711,2022-07-11,2022,3,Q3,2022-Q3,7,July,Jul,2022-07,20220701,28,2022,1,Monday,False,True,,2023,1,1,191
20220712,2022-07-12,2022,3,Q3,2022-Q3,7,July,Jul,2022-07,20220701,28,2022,2,Tuesday,False,True,,2023,1,1,192
20220713,2022-07-13,2022,3,Q3,2022-Q3,7,July,Jul,2022-07,20220701,28,2022,3,Wednesday,False,True,,2023,1,1,193
20220714,2022-07-14,2022,3,Q3,2022-Q3,7,July,Jul,2022-07,20220701,28,2022,4,Thursday,False,True,,2023,1,1,194
20220715,2022-07-15,2022,3,Q3,2022-Q3,7,July,Jul,2022-07,20220701,28,2022,5,Friday,False,True,,2023,1,1,195
20220716,2022-07-16,2022,3,Q3,2022-Q3,7,July,Jul,2022-07,20220701,28,2022,6,Saturday,True,False,,2023,1,1,196
20220717,2022-07-17,2022,3,Q3,2022-Q3,7,July,Jul,2022-07,20220701,28,2022,7,Sunday,True,False,,2023,1,1,197
20220718,2022-07-18,2022,3,Q3,2022-Q3,7,July,Jul,2022-07,20220701,29,2022,1,Monday,False,True,,2023,1,1,198
20220719,2022-07-19,2022,3,Q3,2022-Q3,7,July,Jul,2022-07,20220701,29,2022,2,Tuesday,False,True,,2023,1,1,199
20220720,2022-07-20,2022,3,Q3,2022-Q3,7,July,Jul,2022-07,20220701,29,2022,3,Wednesday,False,True,,2023,1,1,200
20220721,2022-07-21,2022,3,Q3,2022-Q3,7,July,Jul,2022-07,20220701,29,2022,4,Thursday,False,True,,2023,1,1,201
20220722,2022-07-22,2022,3,Q3,2022-Q3,7,July,Jul,2022-07,20220701,29,2022,5,Friday,False,True,,2023,1,1,202
20220723,2022-07-23,2022,3,Q3,2022-Q3,7,July,Jul,2022-07,20220701,29,2022,6,Saturday,True,False,,2023,1,1,203
20220724,2022-07-24,2022,3,Q3,2022-Q3,7,July,Jul,2022-07,20220701,29,2022,7,Sunday,True,False,,2023,1,1,204
20220725,2022-07-25,2022,3,Q3,2022-Q3,7,July,Jul,2022-07,20220701,30,2022,1,Monday,False,True,,2023,1,1,205
20220726,2022-07-26,2022,3,Q3,2022-Q3,7,July,Jul,2022-07,20220701,30,2022,2,Tuesday,False,True,,2023,1,1,206
20220727,2022-07-27,2022,3,Q3,2022-Q3,7,July,Jul,2022-07,20220701,30,2022,3,Wednesday,False,True,,2023,1,1,207
20220728,2022-07-28,2022,3,Q3,2022-Q3,7,July,Jul,2022-07,20220701,30,2022,4,Thursday,False,True,,2023,1,1,208
20220729,2022-07-29,2022,3,Q3,2022-Q3,7,July,Jul,2022-07,20220701,30,2022,5,Friday,False,True,,2023,1,1,209
20220730,2022-07-30,2022,3,Q3,2022-Q3,7,July,Jul,2022-07,20220701,30,2022,6,Saturday,True,False,,2023,1,1,210
20220731,2022-07-31,2022,3,Q3,2022-Q3,7,July,Jul,2022-07,20220701,30,2022,7,Sunday,True,False,,2023,1,1,211
20220801,2022-08-01,2022,3,Q3,2022-Q3,8,August,Aug,2022-08,20220801,31,2022,1,Monday,False,True,,2023,1,2,212
20220802,2022-08-02,2022,3,Q3,2022-Q3,8,August,Aug,2022-08,20220801,31,2022,2,Tuesday,False,True,,2023,1,2,213
20220803,2022-08-03,2022,3,Q3,2022-Q3,8,August,Aug,2022-08,20220801,31,2022,3,Wednesday,False,True,,2023,1,2,214
20220804,2022-08-04,2022,3,Q3,2022-Q3,8,August,Aug,2022-08,20220801,31,2022,4,Thursday,False,True,,2023,1,2,215
20220805,2022-08-05,2022,3,Q3,2022-Q3,8,August,Aug,2022-08,20220801,31,2022,5,Friday,False,True,,2023,1,2,216
20220806,2022-08-06,2022,3,Q3,2022-Q3,8,August,Aug,2022-08,20220801,31,2022,6,Saturday,True,False,,2023,1,2,217
20220807,2022-08-07,2022,3,Q3,2022-Q3,8,August,Aug,2022-08,20220801,31,2022,7,Sunday,True,False,,2023,1,2,218
20220808,2022-08-08,2022,3,Q3,2022-Q3,8,August,Aug,2022-08,20220801,32,2022,1,Monday,False,True,,2023,1,2,219
20220809,2022-08-09,2022,3,Q3,2022-Q3,8,August,Aug,2022-08,20220801,32,2022,2,Tuesday,False,True,,2023,1,2,220
20220810,2022-08-10,2022,3,Q3,2022-Q3,8,August,Aug,2022-08,20220801,32,2022,3,Wednesday,False,True,,2023,1,2,221
20220811,2022-08-11,2022,3,Q3,2022-Q3,8,August,Aug,2022-08,20220801,32,2022,4,Thursday,False,True,,2023,1,2,222
20220812,2022-08-12,2022,3,Q3,2022-Q3,8,August,Aug,2022-08,20220801,32,2022,5,Friday,False,True,,2023,1,2,223
20220813,2022-08-13,2022,3,Q3,2022-Q3,8,August,Aug,2022-08,20220801,32,2022,6,Saturday,True,False,,2023,1,2,224
20220814,2022-08-14,2022,3,Q3,2022-Q3,8,August,Aug,2022-08,20220801,32,2022,7,Sunday,True,False,,2023,1,2,225
20220815,2022-08-15,2022,3,Q3,2022-Q3,8,August,Aug,2022-08,20220801,33,2022,1,Monday,False,False,Assumption Day PL,2023,1,2,226
20220816,2022-08-16,2022,3,Q3,2022-Q3,8,August,Aug,2022-08,20220801,33,2022,2,Tuesday,False,True,,2023,1,2,227
20220817,2022-08-17,2022,3,Q3,2022-Q3,8,August,Aug,2022-08,20220801,33,2022,3,Wednesday,False,True,,2023,1,2,228
20220818,2022-08-18,2022,3,Q3,2022-Q3,8,August,Aug,2022-08,20220801,33,2022,4,Thursday,False,True,,2023,1,2,229
20220819,2022-08-19,2022,3,Q3,2022-Q3,8,August,Aug,2022-08,20220801,33,2022,5,Friday,False,True,,2023,1,2,230
20220820,2022-08-20,2022,3,Q3,2022-Q3,8,August,Aug,2022-08,20220801,33,2022,6,Saturday,True,False,,2023,1,2,231
20220821,2022-08-21,2022,3,Q3,2022-Q3,8,August,Aug,2022-08,20220801,33,2022,7,Sunday,True,False,,2023,1,2,232
20220822,2022-08-22,2022,3,Q3,2022-Q3,8,August,Aug,2022-08,20220801,34,2022,1,Monday,False,True,,2023,1,2,233
20220823,2022-08-23,2022,3,Q3,2022-Q3,8,August,Aug,2022-08,20220801,34,2022,2,Tuesday,False,True,,2023,1,2,234
20220824,2022-08-24,2022,3,Q3,2022-Q3,8,August,Aug,2022-08,20220801,34,2022,3,Wednesday,False,True,,2023,1,2,235
20220825,2022-08-25,2022,3,Q3,2022-Q3,8,August,Aug,2022-08,20220801,34,2022,4,Thursday,False,True,,2023,1,2,236
20220826,2022-08-26,2022,3,Q3,2022-Q3,8,August,Aug,2022-08,20220801,34,2022,5,Friday,False,True,,2023,1,2,237
20220827,2022-08-27,2022,3,Q3,2022-Q3,8,August,Aug,2022-08,20220801,34,2022,6,Saturday,True,False,,2023,1,2,238
20220828,2022-08-28,2022,3,Q3,2022-Q3,8,August,Aug,2022-08,20220801,34,2022,7,Sunday,True,False,,2023,1,2,239
20220829,2022-08-29,2022,3,Q3,2022-Q3,8,August,Aug,2022-08,20220801,35,2022,1,Monday,False,True,,2023,1,2,240
20220830,2022-08-30,2022,3,Q3,2022-Q3,8,August,Aug,2022-08,20220801,35,2022,2,Tuesday,False,True,,2023,1,2,241
20220831,2022-08-31,2022,3,Q3,2022-Q3,8,August,Aug,2022-08,20220801,35,2022,3,Wednesday,False,True,,2023,1,2,242
20220901,2022-09-01,2022,3,Q3,2022-Q3,9,September,Sep,2022-09,20220901,35,2022,4,Thursday,False,True,,2023,1,3,243
20220902,2022-09-02,2022,3,Q3,2022-Q3,9,September,Sep,2022-09,20220901,35,2022,5,Friday,False,True,,2023,1,3,244
20220903,2022-09-03,2022,3,Q3,2022-Q3,9,September,Sep,2022-09,20220901,35,2022,6,Saturday,True,False,,2023,1,3,245
20220904,2022-09-04,2022,3,Q3,2022-Q3,9,September,Sep,2022-09,20220901,35,2022,7,Sunday,True,False,,2023,1,3,246
20220905,2022-09-05,2022,3,Q3,2022-Q3,9,September,Sep,2022-09,20220901,36,2022,1,Monday,False,True,,2023,1,3,247
20220906,2022-09-06,2022,3,Q3,2022-Q3,9,September,Sep,2022-09,20220901,36,2022,2,Tuesday,False,True,,2023,1,3,248
20220907,2022-09-07,2022,3,Q3,2022-Q3,9,September,Sep,2022-09,20220901,36,2022,3,Wednesday,False,True,,2023,1,3,249
20220908,2022-09-08,2022,3,Q3,2022-Q3,9,September,Sep,2022-09,20220901,36,2022,4,Thursday,False,True,,2023,1,3,250
20220909,2022-09-09,2022,3,Q3,2022-Q3,9,September,Sep,2022-09,20220901,36,2022,5,Friday,False,True,,2023,1,3,251
20220910,2022-09-10,2022,3,Q3,2022-Q3,9,September,Sep,2022-09,20220901,36,2022,6,Saturday,True,False,,2023,1,3,252
20220911,2022-09-11,2022,3,Q3,2022-Q3,9,September,Sep,2022-09,20220901,36,2022,7,Sunday,True,False,,2023,1,3,253
20220912,2022-09-12,2022,3,Q3,2022-Q3,9,September,Sep,2022-09,20220901,37,2022,1,Monday,False,True,,2023,1,3,254
20220913,2022-09-13,2022,3,Q3,2022-Q3,9,September,Sep,2022-09,20220901,37,2022,2,Tuesday,False,True,,2023,1,3,255
20220914,2022-09-14,2022,3,Q3,2022-Q3,9,September,Sep,2022-09,20220901,37,2022,3,Wednesday,False,True,,2023,1,3,256
20220915,2022-09-15,2022,3,Q3,2022-Q3,9,September,Sep,2022-09,20220901,37,2022,4,Thursday,False,True,,2023,1,3,257
20220916,2022-09-16,2022,3,Q3,2022-Q3,9,September,Sep,2022-09,20220901,37,2022,5,Friday,False,True,,2023,1,3,258
20220917,2022-09-17,2022,3,Q3,2022-Q3,9,September,Sep,2022-09,20220901,37,2022,6,Saturday,True,False,,2023,1,3,259
20220918,2022-09-18,2022,3,Q3,2022-Q3,9,September,Sep,2022-09,20220901,37,2022,7,Sunday,True,False,,2023,1,3,260
20220919,2022-09-19,2022,3,Q3,2022-Q3,9,September,Sep,2022-09,20220901,38,2022,1,Monday,False,True,,2023,1,3,261
20220920,2022-09-20,2022,3,Q3,2022-Q3,9,September,Sep,2022-09,20220901,38,2022,2,Tuesday,False,True,,2023,1,3,262
20220921,2022-09-21,2022,3,Q3,2022-Q3,9,September,Sep,2022-09,20220901,38,2022,3,Wednesday,False,True,,2023,1,3,263
20220922,2022-09-22,2022,3,Q3,2022-Q3,9,September,Sep,2022-09,20220901,38,2022,4,Thursday,False,True,,2023,1,3,264
20220923,2022-09-23,2022,3,Q3,2022-Q3,9,September,Sep,2022-09,20220901,38,2022,5,Friday,False,True,,2023,1,3,265
20220924,2022-09-24,2022,3,Q3,2022-Q3,9,September,Sep,2022-09,20220901,38,2022,6,Saturday,True,False,,2023,1,3,266
20220925,2022-09-25,2022,3,Q3,2022-Q3,9,September,Sep,2022-09,20220901,38,2022,7,Sunday,True,False,,2023,1,3,267
20220926,2022-09-26,2022,3,Q3,2022-Q3,9,September,Sep,2022-09,20220901,39,2022,1,Monday,False,True,,2023,1,3,268
20220927,2022-09-27,2022,3,Q3,2022-Q3,9,September,Sep,2022-09,20220901,39,2022,2,Tuesday,False,True,,2023,1,3,269
20220928,2022-09-28,2022,3,Q3,2022-Q3,9,September,Sep,2022-09,20220901,39,2022,3,Wednesday,False,True,,2023,1,3,270
20220929,2022-09-29,2022,3,Q3,2022-Q3,9,September,Sep,2022-09,20220901,39,2022,4,Thursday,False,True,,2023,1,3,271
20220930,2022-09-30,2022,3,Q3,2022-Q3,9,September,Sep,2022-09,20220901,39,2022,5,Friday,False,True,,2023,1,3,272
20221001,2022-10-01,2022,4,Q4,2022-Q4,10,October,Oct,2022-10,20221001,39,2022,6,Saturday,True,False,,2023,2,4,273
20221002,2022-10-02,2022,4,Q4,2022-Q4,10,October,Oct,2022-10,20221001,39,2022,7,Sunday,True,False,,2023,2,4,274
20221003,2022-10-03,2022,4,Q4,2022-Q4,10,October,Oct,2022-10,20221001,40,2022,1,Monday,False,True,,2023,2,4,275
20221004,2022-10-04,2022,4,Q4,2022-Q4,10,October,Oct,2022-10,20221001,40,2022,2,Tuesday,False,True,,2023,2,4,276
20221005,2022-10-05,2022,4,Q4,2022-Q4,10,October,Oct,2022-10,20221001,40,2022,3,Wednesday,False,True,,2023,2,4,277
20221006,2022-10-06,2022,4,Q4,2022-Q4,10,October,Oct,2022-10,20221001,40,2022,4,Thursday,False,True,,2023,2,4,278
20221007,2022-10-07,2022,4,Q4,2022-Q4,10,October,Oct,2022-10,20221001,40,2022,5,Friday,False,True,,2023,2,4,279
20221008,2022-10-08,2022,4,Q4,2022-Q4,10,October,Oct,2022-10,20221001,40,2022,6,Saturday,True,False,,2023,2,4,280
20221009,2022-10-09,2022,4,Q4,2022-Q4,10,October,Oct,2022-10,20221001,40,2022,7,Sunday,True,False,,2023,2,4,281
20221010,2022-10-10,2022,4,Q4,2022-Q4,10,October,Oct,2022-10,20221001,41,2022,1,Monday,False,True,,2023,2,4,282
20221011,2022-10-11,2022,4,Q4,2022-Q4,10,October,Oct,2022-10,20221001,41,2022,2,Tuesday,False,True,,2023,2,4,283
20221012,2022-10-12,2022,4,Q4,2022-Q4,10,October,Oct,2022-10,20221001,41,2022,3,Wednesday,False,True,,2023,2,4,284
20221013,2022-10-13,2022,4,Q4,2022-Q4,10,October,Oct,2022-10,20221001,41,2022,4,Thursday,False,True,,2023,2,4,285
20221014,2022-10-14,2022,4,Q4,2022-Q4,10,October,Oct,2022-10,20221001,41,2022,5,Friday,False,True,,2023,2,4,286
20221015,2022-10-15,2022,4,Q4,2022-Q4,10,October,Oct,2022-10,20221001,41,2022,6,Saturday,True,False,,2023,2,4,287
20221016,2022-10-16,2022,4,Q4,2022-Q4,10,October,Oct,2022-10,20221001,41,2022,7,Sunday,True,False,,2023,2,4,288
20221017,2022-10-17,2022,4,Q4,2022-Q4,10,October,Oct,2022-10,20221001,42,2022,1,Monday,False,True,,2023,2,4,289
20221018,2022-10-18,2022,4,Q4,2022-Q4,10,October,Oct,2022-10,20221001,42,2022,2,Tuesday,False,True,,2023,2,4,290
20221019,2022-10-19,2022,4,Q4,2022-Q4,10,October,Oct,2022-10,20221001,42,2022,3,Wednesday,False,True,,2023,2,4,291
20221020,2022-10-20,2022,4,Q4,2022-Q4,10,October,Oct,2022-10,20221001,42,2022,4,Thursday,False,True,,2023,2,4,292
20221021,2022-10-21,2022,4,Q4,2022-Q4,10,October,Oct,2022-10,20221001,42,2022,5,Friday,False,True,,2023,2,4,293
20221022,2022-10-22,2022,4,Q4,2022-Q4,10,October,Oct,2022-10,20221001,42,2022,6,Saturday,True,False,,2023,2,4,294
20221023,2022-10-23,2022,4,Q4,2022-Q4,10,October,Oct,2022-10,20221001,42,2022,7,Sunday,True,False,,2023,2,4,295
20221024,2022-10-24,2022,4,Q4,2022-Q4,10,October,Oct,2022-10,20221001,43,2022,1,Monday,False,True,,2023,2,4,296
20221025,2022-10-25,2022,4,Q4,2022-Q4,10,October,Oct,2022-10,20221001,43,2022,2,Tuesday,False,True,,2023,2,4,297
20221026,2022-10-26,2022,4,Q4,2022-Q4,10,October,Oct,2022-10,20221001,43,2022,3,Wednesday,False,True,,2023,2,4,298
20221027,2022-10-27,2022,4,Q4,2022-Q4,10,October,Oct,2022-10,20221001,43,2022,4,Thursday,False,True,,2023,2,4,299
20221028,2022-10-28,2022,4,Q4,2022-Q4,10,October,Oct,2022-10,20221001,43,2022,5,Friday,False,True,,2023,2,4,300
20221029,2022-10-29,2022,4,Q4,2022-Q4,10,October,Oct,2022-10,20221001,43,2022,6,Saturday,True,False,,2023,2,4,301
20221030,2022-10-30,2022,4,Q4,2022-Q4,10,October,Oct,2022-10,20221001,43,2022,7,Sunday,True,False,,2023,2,4,302
20221031,2022-10-31,2022,4,Q4,2022-Q4,10,October,Oct,2022-10,20221001,44,2022,1,Monday,False,True,,2023,2,4,303
20221101,2022-11-01,2022,4,Q4,2022-Q4,11,November,Nov,2022-11,20221101,44,2022,2,Tuesday,False,False,All Saints PL,2023,2,5,304
20221102,2022-11-02,2022,4,Q4,2022-Q4,11,November,Nov,2022-11,20221101,44,2022,3,Wednesday,False,True,,2023,2,5,305
20221103,2022-11-03,2022,4,Q4,2022-Q4,11,November,Nov,2022-11,20221101,44,2022,4,Thursday,False,True,,2023,2,5,306
20221104,2022-11-04,2022,4,Q4,2022-Q4,11,November,Nov,2022-11,20221101,44,2022,5,Friday,False,True,,2023,2,5,307
20221105,2022-11-05,2022,4,Q4,2022-Q4,11,November,Nov,2022-11,20221101,44,2022,6,Saturday,True,False,,2023,2,5,308
20221106,2022-11-06,2022,4,Q4,2022-Q4,11,November,Nov,2022-11,20221101,44,2022,7,Sunday,True,False,,2023,2,5,309
20221107,2022-11-07,2022,4,Q4,2022-Q4,11,November,Nov,2022-11,20221101,45,2022,1,Monday,False,True,,2023,2,5,310
20221108,2022-11-08,2022,4,Q4,2022-Q4,11,November,Nov,2022-11,20221101,45,2022,2,Tuesday,False,True,,2023,2,5,311
20221109,2022-11-09,2022,4,Q4,2022-Q4,11,November,Nov,2022-11,20221101,45,2022,3,Wednesday,False,True,,2023,2,5,312
20221110,2022-11-10,2022,4,Q4,2022-Q4,11,November,Nov,2022-11,20221101,45,2022,4,Thursday,False,True,,2023,2,5,313
20221111,2022-11-11,2022,4,Q4,2022-Q4,11,November,Nov,2022-11,20221101,45,2022,5,Friday,False,False,Independence Day PL,2023,2,5,314
20221112,2022-11-12,2022,4,Q4,2022-Q4,11,November,Nov,2022-11,20221101,45,2022,6,Saturday,True,False,,2023,2,5,315
20221113,2022-11-13,2022,4,Q4,2022-Q4,11,November,Nov,2022-11,20221101,45,2022,7,Sunday,True,False,,2023,2,5,316
20221114,2022-11-14,2022,4,Q4,2022-Q4,11,November,Nov,2022-11,20221101,46,2022,1,Monday,False,True,,2023,2,5,317
20221115,2022-11-15,2022,4,Q4,2022-Q4,11,November,Nov,2022-11,20221101,46,2022,2,Tuesday,False,True,,2023,2,5,318
20221116,2022-11-16,2022,4,Q4,2022-Q4,11,November,Nov,2022-11,20221101,46,2022,3,Wednesday,False,True,,2023,2,5,319
20221117,2022-11-17,2022,4,Q4,2022-Q4,11,November,Nov,2022-11,20221101,46,2022,4,Thursday,False,True,,2023,2,5,320
20221118,2022-11-18,2022,4,Q4,2022-Q4,11,November,Nov,2022-11,20221101,46,2022,5,Friday,False,True,,2023,2,5,321
20221119,2022-11-19,2022,4,Q4,2022-Q4,11,November,Nov,2022-11,20221101,46,2022,6,Saturday,True,False,,2023,2,5,322
20221120,2022-11-20,2022,4,Q4,2022-Q4,11,November,Nov,2022-11,20221101,46,2022,7,Sunday,True,False,,2023,2,5,323
20221121,2022-11-21,2022,4,Q4,2022-Q4,11,November,Nov,2022-11,20221101,47,2022,1,Monday,False,True,,2023,2,5,324
20221122,2022-11-22,2022,4,Q4,2022-Q4,11,November,Nov,2022-11,20221101,47,2022,2,Tuesday,False,True,,2023,2,5,325
20221123,2022-11-23,2022,4,Q4,2022-Q4,11,November,Nov,2022-11,20221101,47,2022,3,Wednesday,False,True,,2023,2,5,326
20221124,2022-11-24,2022,4,Q4,2022-Q4,11,November,Nov,2022-11,20221101,47,2022,4,Thursday,False,True,,2023,2,5,327
20221125,2022-11-25,2022,4,Q4,2022-Q4,11,November,Nov,2022-11,20221101,47,2022,5,Friday,False,True,,2023,2,5,328
20221126,2022-11-26,2022,4,Q4,2022-Q4,11,November,Nov,2022-11,20221101,47,2022,6,Saturday,True,False,,2023,2,5,329
20221127,2022-11-27,2022,4,Q4,2022-Q4,11,November,Nov,2022-11,20221101,47,2022,7,Sunday,True,False,,2023,2,5,330
20221128,2022-11-28,2022,4,Q4,2022-Q4,11,November,Nov,2022-11,20221101,48,2022,1,Monday,False,True,,2023,2,5,331
20221129,2022-11-29,2022,4,Q4,2022-Q4,11,November,Nov,2022-11,20221101,48,2022,2,Tuesday,False,True,,2023,2,5,332
20221130,2022-11-30,2022,4,Q4,2022-Q4,11,November,Nov,2022-11,20221101,48,2022,3,Wednesday,False,True,,2023,2,5,333
20221201,2022-12-01,2022,4,Q4,2022-Q4,12,December,Dec,2022-12,20221201,48,2022,4,Thursday,False,True,,2023,2,6,334
20221202,2022-12-02,2022,4,Q4,2022-Q4,12,December,Dec,2022-12,20221201,48,2022,5,Friday,False,True,,2023,2,6,335
20221203,2022-12-03,2022,4,Q4,2022-Q4,12,December,Dec,2022-12,20221201,48,2022,6,Saturday,True,False,,2023,2,6,336
20221204,2022-12-04,2022,4,Q4,2022-Q4,12,December,Dec,2022-12,20221201,48,2022,7,Sunday,True,False,,2023,2,6,337
20221205,2022-12-05,2022,4,Q4,2022-Q4,12,December,Dec,2022-12,20221201,49,2022,1,Monday,False,True,,2023,2,6,338
20221206,2022-12-06,2022,4,Q4,2022-Q4,12,December,Dec,2022-12,20221201,49,2022,2,Tuesday,False,True,,2023,2,6,339
20221207,2022-12-07,2022,4,Q4,2022-Q4,12,December,Dec,2022-12,20221201,49,2022,3,Wednesday,False,True,,2023,2,6,340
20221208,2022-12-08,2022,4,Q4,2022-Q4,12,December,Dec,2022-12,20221201,49,2022,4,Thursday,False,True,,2023,2,6,341
20221209,2022-12-09,2022,4,Q4,2022-Q4,12,December,Dec,2022-12,20221201,49,2022,5,Friday,False,True,,2023,2,6,342
20221210,2022-12-10,2022,4,Q4,2022-Q4,12,December,Dec,2022-12,20221201,49,2022,6,Saturday,True,False,,2023,2,6,343
20221211,2022-12-11,2022,4,Q4,2022-Q4,12,December,Dec,2022-12,20221201,49,2022,7,Sunday,True,False,,2023,2,6,344
20221212,2022-12-12,2022,4,Q4,2022-Q4,12,December,Dec,2022-12,20221201,50,2022,1,Monday,False,True,,2023,2,6,345
20221213,2022-12-13,2022,4,Q4,2022-Q4,12,December,Dec,2022-12,20221201,50,2022,2,Tuesday,False,True,,2023,2,6,346
20221214,2022-12-14,2022,4,Q4,2022-Q4,12,December,Dec,2022-12,20221201,50,2022,3,Wednesday,False,True,,2023,2,6,347
20221215,2022-12-15,2022,4,Q4,2022-Q4,12,December,Dec,2022-12,20221201,50,2022,4,Thursday,False,True,,2023,2,6,348
20221216,2022-12-16,2022,4,Q4,2022-Q4,12,December,Dec,2022-12,20221201,50,2022,5,Friday,False,True,,2023,2,6,349
20221217,2022-12-17,2022,4,Q4,2022-Q4,12,December,Dec,2022-12,20221201,50,2022,6,Saturday,True,False,,2023,2,6,350
20221218,2022-12-18,2022,4,Q4,2022-Q4,12,December,Dec,2022-12,20221201,50,2022,7,Sunday,True,False,,2023,2,6,351
20221219,2022-12-19,2022,4,Q4,2022-Q4,12,December,Dec,2022-12,20221201,51,2022,1,Monday,False,True,,2023,2,6,352
20221220,2022-12-20,2022,4,Q4,2022-Q4,12,December,Dec,2022-12,20221201,51,2022,2,Tuesday,False,True,,2023,2,6,353
20221221,2022-12-21,2022,4,Q4,2022-Q4,12,December,Dec,2022-12,20221201,51,2022,3,Wednesday,False,True,,2023,2,6,354
20221222,2022-12-22,2022,4,Q4,2022-Q4,12,December,Dec,2022-12,20221201,51,2022,4,Thursday,False,True,,2023,2,6,355
20221223,2022-12-23,2022,4,Q4,2022-Q4,12,December,Dec,2022-12,20221201,51,2022,5,Friday,False,True,,2023,2,6,356
20221224,2022-12-24,2022,4,Q4,2022-Q4,12,December,Dec,2022-12,20221201,51,2022,6,Saturday,True,False,,2023,2,6,357
20221225,2022-12-25,2022,4,Q4,2022-Q4,12,December,Dec,2022-12,20221201,51,2022,7,Sunday,True,False,Christmas,2023,2,6,358
20221226,2022-12-26,2022,4,Q4,2022-Q4,12,December,Dec,2022-12,20221201,52,2022,1,Monday,False,False,Boxing Day,2023,2,6,359
20221227,2022-12-27,2022,4,Q4,2022-Q4,12,December,Dec,2022-12,20221201,52,2022,2,Tuesday,False,True,,2023,2,6,360
20221228,2022-12-28,2022,4,Q4,2022-Q4,12,December,Dec,2022-12,20221201,52,2022,3,Wednesday,False,True,,2023,2,6,361
20221229,2022-12-29,2022,4,Q4,2022-Q4,12,December,Dec,2022-12,20221201,52,2022,4,Thursday,False,True,,2023,2,6,362
20221230,2022-12-30,2022,4,Q4,2022-Q4,12,December,Dec,2022-12,20221201,52,2022,5,Friday,False,True,,2023,2,6,363
20221231,2022-12-31,2022,4,Q4,2022-Q4,12,December,Dec,2022-12,20221201,52,2022,6,Saturday,True,False,,2023,2,6,364
20230101,2023-01-01,2023,1,Q1,2023-Q1,1,January,Jan,2023-01,20230101,52,2022,7,Sunday,True,False,New Year,2023,3,7,365
20230102,2023-01-02,2023,1,Q1,2023-Q1,1,January,Jan,2023-01,20230101,1,2023,1,Monday,False,True,,2023,3,7,366
20230103,2023-01-03,2023,1,Q1,2023-Q1,1,January,Jan,2023-01,20230101,1,2023,2,Tuesday,False,True,,2023,3,7,367
20230104,2023-01-04,2023,1,Q1,2023-Q1,1,January,Jan,2023-01,20230101,1,2023,3,Wednesday,False,True,,2023,3,7,368
20230105,2023-01-05,2023,1,Q1,2023-Q1,1,January,Jan,2023-01,20230101,1,2023,4,Thursday,False,True,,2023,3,7,369
20230106,2023-01-06,2023,1,Q1,2023-Q1,1,January,Jan,2023-01,20230101,1,2023,5,Friday,False,True,,2023,3,7,370
20230107,2023-01-07,2023,1,Q1,2023-Q1,1,January,Jan,2023-01,20230101,1,2023,6,Saturday,True,False,,2023,3,7,371
20230108,2023-01-08,2023,1,Q1,2023-Q1,1,January,Jan,2023-01,20230101,1,2023,7,Sunday,True,False,,2023,3,7,372
20230109,2023-01-09,2023,1,Q1,2023-Q1,1,January,Jan,2023-01,20230101,2,2023,1,Monday,False,True,,2023,3,7,373
20230110,2023-01-10,2023,1,Q1,2023-Q1,1,January,Jan,2023-01,20230101,2,2023,2,Tuesday,False,True,,2023,3,7,374
20230111,2023-01-11,2023,1,Q1,2023-Q1,1,January,Jan,2023-01,20230101,2,2023,3,Wednesday,False,True,,2023,3,7,375
20230112,2023-01-12,2023,1,Q1,2023-Q1,1,January,Jan,2023-01,20230101,2,2023,4,Thursday,False,True,,2023,3,7,376
20230113,2023-01-13,2023,1,Q1,2023-Q1,1,January,Jan,2023-01,20230101,2,2023,5,Friday,False,True,,2023,3,7,377
20230114,2023-01-14,2023,1,Q1,2023-Q1,1,January,Jan,2023-01,20230101,2,2023,6,Saturday,True,False,,2023,3,7,378
20230115,2023-01-15,2023,1,Q1,2023-Q1,1,January,Jan,2023-01,20230101,2,2023,7,Sunday,True,False,,2023,3,7,379
20230116,2023-01-16,2023,1,Q1,2023-Q1,1,January,Jan,2023-01,20230101,3,2023,1,Monday,False,True,,2023,3,7,380
20230117,2023-01-17,2023,1,Q1,2023-Q1,1,January,Jan,2023-01,20230101,3,2023,2,Tuesday,False,True,,2023,3,7,381
20230118,2023-01-18,2023,1,Q1,2023-Q1,1,January,Jan,2023-01,20230101,3,2023,3,Wednesday,False,True,,2023,3,7,382
20230119,2023-01-19,2023,1,Q1,2023-Q1,1,January,Jan,2023-01,20230101,3,2023,4,Thursday,False,True,,2023,3,7,383
20230120,2023-01-20,2023,1,Q1,2023-Q1,1,January,Jan,2023-01,20230101,3,2023,5,Friday,False,True,,2023,3,7,384
20230121,2023-01-21,2023,1,Q1,2023-Q1,1,January,Jan,2023-01,20230101,3,2023,6,Saturday,True,False,,2023,3,7,385
20230122,2023-01-22,2023,1,Q1,2023-Q1,1,January,Jan,2023-01,20230101,3,2023,7,Sunday,True,False,,2023,3,7,386
20230123,2023-01-23,2023,1,Q1,2023-Q1,1,January,Jan,2023-01,20230101,4,2023,1,Monday,False,True,,2023,3,7,387
20230124,2023-01-24,2023,1,Q1,2023-Q1,1,January,Jan,2023-01,20230101,4,2023,2,Tuesday,False,True,,2023,3,7,388
20230125,2023-01-25,2023,1,Q1,2023-Q1,1,January,Jan,2023-01,20230101,4,2023,3,Wednesday,False,True,,2023,3,7,389
20230126,2023-01-26,2023,1,Q1,2023-Q1,1,January,Jan,2023-01,20230101,4,2023,4,Thursday,False,True,,2023,3,7,390
20230127,2023-01-27,2023,1,Q1,2023-Q1,1,January,Jan,2023-01,20230101,4,2023,5,Friday,False,True,,2023,3,7,391
20230128,2023-01-28,2023,1,Q1,2023-Q1,1,January,Jan,2023-01,20230101,4,2023,6,Saturday,True,False,,2023,3,7,392
20230129,2023-01-29,2023,1,Q1,2023-Q1,1,January,Jan,2023-01,20230101,4,2023,7,Sunday,True,False,,2023,3,7,393
20230130,2023-01-30,2023,1,Q1,2023-Q1,1,January,Jan,2023-01,20230101,5,2023,1,Monday,False,True,,2023,3,7,394
20230131,2023-01-31,2023,1,Q1,2023-Q1,1,January,Jan,2023-01,20230101,5,2023,2,Tuesday,False,True,,2023,3,7,395
20230201,2023-02-01,2023,1,Q1,2023-Q1,2,February,Feb,2023-02,20230201,5,2023,3,Wednesday,False,True,,2023,3,8,396
20230202,2023-02-02,2023,1,Q1,2023-Q1,2,February,Feb,2023-02,20230201,5,2023,4,Thursday,False,True,,2023,3,8,397
20230203,2023-02-03,2023,1,Q1,2023-Q1,2,February,Feb,2023-02,20230201,5,2023,5,Friday,False,True,,2023,3,8,398
20230204,2023-02-04,2023,1,Q1,2023-Q1,2,February,Feb,2023-02,20230201,5,2023,6,Saturday,True,False,,2023,3,8,399
20230205,2023-02-05,2023,1,Q1,2023-Q1,2,February,Feb,2023-02,20230201,5,2023,7,Sunday,True,False,,2023,3,8,400
20230206,2023-02-06,2023,1,Q1,2023-Q1,2,February,Feb,2023-02,20230201,6,2023,1,Monday,False,True,,2023,3,8,401
20230207,2023-02-07,2023,1,Q1,2023-Q1,2,February,Feb,2023-02,20230201,6,2023,2,Tuesday,False,True,,2023,3,8,402
20230208,2023-02-08,2023,1,Q1,2023-Q1,2,February,Feb,2023-02,20230201,6,2023,3,Wednesday,False,True,,2023,3,8,403
20230209,2023-02-09,2023,1,Q1,2023-Q1,2,February,Feb,2023-02,20230201,6,2023,4,Thursday,False,True,,2023,3,8,404
20230210,2023-02-10,2023,1,Q1,2023-Q1,2,February,Feb,2023-02,20230201,6,2023,5,Friday,False,True,,2023,3,8,405
20230211,2023-02-11,2023,1,Q1,2023-Q1,2,February,Feb,2023-02,20230201,6,2023,6,Saturday,True,False,,2023,3,8,406
20230212,2023-02-12,2023,1,Q1,2023-Q1,2,February,Feb,2023-02,20230201,6,2023,7,Sunday,True,False,,2023,3,8,407
20230213,2023-02-13,2023,1,Q1,2023-Q1,2,February,Feb,2023-02,20230201,7,2023,1,Monday,False,True,,2023,3,8,408
20230214,2023-02-14,2023,1,Q1,2023-Q1,2,February,Feb,2023-02,20230201,7,2023,2,Tuesday,False,True,,2023,3,8,409
20230215,2023-02-15,2023,1,Q1,2023-Q1,2,February,Feb,2023-02,20230201,7,2023,3,Wednesday,False,True,,2023,3,8,410
20230216,2023-02-16,2023,1,Q1,2023-Q1,2,February,Feb,2023-02,20230201,7,2023,4,Thursday,False,True,,2023,3,8,411
20230217,2023-02-17,2023,1,Q1,2023-Q1,2,February,Feb,2023-02,20230201,7,2023,5,Friday,False,True,,2023,3,8,412
20230218,2023-02-18,2023,1,Q1,2023-Q1,2,February,Feb,2023-02,20230201,7,2023,6,Saturday,True,False,,2023,3,8,413
20230219,2023-02-19,2023,1,Q1,2023-Q1,2,February,Feb,2023-02,20230201,7,2023,7,Sunday,True,False,,2023,3,8,414
20230220,2023-02-20,2023,1,Q1,2023-Q1,2,February,Feb,2023-02,20230201,8,2023,1,Monday,False,True,,2023,3,8,415
20230221,2023-02-21,2023,1,Q1,2023-Q1,2,February,Feb,2023-02,20230201,8,2023,2,Tuesday,False,True,,2023,3,8,416
20230222,2023-02-22,2023,1,Q1,2023-Q1,2,February,Feb,2023-02,20230201,8,2023,3,Wednesday,False,True,,2023,3,8,417
20230223,2023-02-23,2023,1,Q1,2023-Q1,2,February,Feb,2023-02,20230201,8,2023,4,Thursday,False,True,,2023,3,8,418
20230224,2023-02-24,2023,1,Q1,2023-Q1,2,February,Feb,2023-02,20230201,8,2023,5,Friday,False,True,,2023,3,8,419
20230225,2023-02-25,2023,1,Q1,2023-Q1,2,February,Feb,2023-02,20230201,8,2023,6,Saturday,True,False,,2023,3,8,420
20230226,2023-02-26,2023,1,Q1,2023-Q1,2,February,Feb,2023-02,20230201,8,2023,7,Sunday,True,False,,2023,3,8,421
20230227,2023-02-27,2023,1,Q1,2023-Q1,2,February,Feb,2023-02,20230201,9,2023,1,Monday,False,True,,2023,3,8,422
20230228,2023-02-28,2023,1,Q1,2023-Q1,2,February,Feb,2023-02,20230201,9,2023,2,Tuesday,False,True,,2023,3,8,423
20230301,2023-03-01,2023,1,Q1,2023-Q1,3,March,Mar,2023-03,20230301,9,2023,3,Wednesday,False,True,,2023,3,9,424
20230302,2023-03-02,2023,1,Q1,2023-Q1,3,March,Mar,2023-03,20230301,9,2023,4,Thursday,False,True,,2023,3,9,425
20230303,2023-03-03,2023,1,Q1,2023-Q1,3,March,Mar,2023-03,20230301,9,2023,5,Friday,False,True,,2023,3,9,426
20230304,2023-03-04,2023,1,Q1,2023-Q1,3,March,Mar,2023-03,20230301,9,2023,6,Saturday,True,False,,2023,3,9,427
20230305,2023-03-05,2023,1,Q1,2023-Q1,3,March,Mar,2023-03,20230301,9,2023,7,Sunday,True,False,,2023,3,9,428
20230306,2023-03-06,2023,1,Q1,2023-Q1,3,March,Mar,2023-03,20230301,10,2023,1,Monday,False,True,,2023,3,9,429
20230307,2023-03-07,2023,1,Q1,2023-Q1,3,March,Mar,2023-03,20230301,10,2023,2,Tuesday,False,True,,2023,3,9,430
20230308,2023-03-08,2023,1,Q1,2023-Q1,3,March,Mar,2023-03,20230301,10,2023,3,Wednesday,False,True,,2023,3,9,431
20230309,2023-03-09,2023,1,Q1,2023-Q1,3,March,Mar,2023-03,20230301,10,2023,4,Thursday,False,True,,2023,3,9,432
20230310,2023-03-10,2023,1,Q1,2023-Q1,3,March,Mar,2023-03,20230301,10,2023,5,Friday,False,True,,2023,3,9,433
20230311,2023-03-11,2023,1,Q1,2023-Q1,3,March,Mar,2023-03,20230301,10,2023,6,Saturday,True,False,,2023,3,9,434
20230312,2023-03-12,2023,1,Q1,2023-Q1,3,March,Mar,2023-03,20230301,10,2023,7,Sunday,True,False,,2023,3,9,435
20230313,2023-03-13,2023,1,Q1,2023-Q1,3,March,Mar,2023-03,20230301,11,2023,1,Monday,False,True,,2023,3,9,436
20230314,2023-03-14,2023,1,Q1,2023-Q1,3,March,Mar,2023-03,20230301,11,2023,2,Tuesday,False,True,,2023,3,9,437
20230315,2023-03-15,2023,1,Q1,2023-Q1,3,March,Mar,2023-03,20230301,11,2023,3,Wednesday,False,True,,2023,3,9,438
20230316,2023-03-16,2023,1,Q1,2023-Q1,3,March,Mar,2023-03,20230301,11,2023,4,Thursday,False,True,,2023,3,9,439
20230317,2023-03-17,2023,1,Q1,2023-Q1,3,March,Mar,2023-03,20230301,11,2023,5,Friday,False,True,,2023,3,9,440
20230318,2023-03-18,2023,1,Q1,2023-Q1,3,March,Mar,2023-03,20230301,11,2023,6,Saturday,True,False,,2023,3,9,441
20230319,2023-03-19,2023,1,Q1,2023-Q1,3,March,Mar,2023-03,20230301,11,2023,7,Sunday,True,False,,2023,3,9,442
20230320,2023-03-20,2023,1,Q1,2023-Q1,3,March,Mar,2023-03,20230301,12,2023,1,Monday,False,True,,2023,3,9,443
20230321,2023-03-21,2023,1,Q1,2023-Q1,3,March,Mar,2023-03,20230301,12,2023,2,Tuesday,False,True,,2023,3,9,444
20230322,2023-03-22,2023,1,Q1,2023-Q1,3,March,Mar,2023-03,20230301,12,2023,3,Wednesday,False,True,,2023,3,9,445
20230323,2023-03-23,2023,1,Q1,2023-Q1,3,March,Mar,2023-03,20230301,12,2023,4,Thursday,False,True,,2023,3,9,446
20230324,2023-03-24,2023,1,Q1,2023-Q1,3,March,Mar,2023-03,20230301,12,2023,5,Friday,False,True,,2023,3,9,447
20230325,2023-03-25,2023,1,Q1,2023-Q1,3,March,Mar,2023-03,20230301,12,2023,6,Saturday,True,False,,2023,3,9,448
20230326,2023-03-26,2023,1,Q1,2023-Q1,3,March,Mar,2023-03,20230301,12,2023,7,Sunday,True,False,,2023,3,9,449
20230327,2023-03-27,2023,1,Q1,2023-Q1,3,March,Mar,2023-03,20230301,13,2023,1,Monday,False,True,,2023,3,9,450
20230328,2023-03-28,2023,1,Q1,2023-Q1,3,March,Mar,2023-03,20230301,13,2023,2,Tuesday,False,True,,2023,3,9,451
20230329,2023-03-29,2023,1,Q1,2023-Q1,3,March,Mar,2023-03,20230301,13,2023,3,Wednesday,False,True,,2023,3,9,452
20230330,2023-03-30,2023,1,Q1,2023-Q1,3,March,Mar,2023-03,20230301,13,2023,4,Thursday,False,True,,2023,3,9,453
20230331,2023-03-31,2023,1,Q1,2023-Q1,3,March,Mar,2023-03,20230301,13,2023,5,Friday,False,True,,2023,3,9,454
20230401,2023-04-01,2023,2,Q2,2023-Q2,4,April,Apr,2023-04,20230401,13,2023,6,Saturday,True,False,,2023,4,10,455
20230402,2023-04-02,2023,2,Q2,2023-Q2,4,April,Apr,2023-04,20230401,13,2023,7,Sunday,True,False,,2023,4,10,456
20230403,2023-04-03,2023,2,Q2,2023-Q2,4,April,Apr,2023-04,20230401,14,2023,1,Monday,False,True,,2023,4,10,457
20230404,2023-04-04,2023,2,Q2,2023-Q2,4,April,Apr,2023-04,20230401,14,2023,2,Tuesday,False,True,,2023,4,10,458
20230405,2023-04-05,2023,2,Q2,2023-Q2,4,April,Apr,2023-04,20230401,14,2023,3,Wednesday,False,True,,2023,4,10,459
20230406,2023-04-06,2023,2,Q2,2023-Q2,4,April,Apr,2023-04,20230401,14,2023,4,Thursday,False,True,,2023,4,10,460
20230407,2023-04-07,2023,2,Q2,2023-Q2,4,April,Apr,2023-04,20230401,14,2023,5,Friday,False,True,,2023,4,10,461
20230408,2023-04-08,2023,2,Q2,2023-Q2,4,April,Apr,2023-04,20230401,14,2023,6,Saturday,True,False,,2023,4,10,462
20230409,2023-04-09,2023,2,Q2,2023-Q2,4,April,Apr,2023-04,20230401,14,2023,7,Sunday,True,False,,2023,4,10,463
20230410,2023-04-10,2023,2,Q2,2023-Q2,4,April,Apr,2023-04,20230401,15,2023,1,Monday,False,True,,2023,4,10,464
20230411,2023-04-11,2023,2,Q2,2023-Q2,4,April,Apr,2023-04,20230401,15,2023,2,Tuesday,False,True,,2023,4,10,465
20230412,2023-04-12,2023,2,Q2,2023-Q2,4,April,Apr,2023-04,20230401,15,2023,3,Wednesday,False,True,,2023,4,10,466
20230413,2023-04-13,2023,2,Q2,2023-Q2,4,April,Apr,2023-04,20230401,15,2023,4,Thursday,False,True,,2023,4,10,467
20230414,2023-04-14,2023,2,Q2,2023-Q2,4,April,Apr,2023-04,20230401,15,2023,5,Friday,False,True,,2023,4,10,468
20230415,2023-04-15,2023,2,Q2,2023-Q2,4,April,Apr,2023-04,20230401,15,2023,6,Saturday,True,False,,2023,4,10,469
20230416,2023-04-16,2023,2,Q2,2023-Q2,4,April,Apr,2023-04,20230401,15,2023,7,Sunday,True,False,,2023,4,10,470
20230417,2023-04-17,2023,2,Q2,2023-Q2,4,April,Apr,2023-04,20230401,16,2023,1,Monday,False,True,,2023,4,10,471
20230418,2023-04-18,2023,2,Q2,2023-Q2,4,April,Apr,2023-04,20230401,16,2023,2,Tuesday,False,True,,2023,4,10,472
20230419,2023-04-19,2023,2,Q2,2023-Q2,4,April,Apr,2023-04,20230401,16,2023,3,Wednesday,False,True,,2023,4,10,473
20230420,2023-04-20,2023,2,Q2,2023-Q2,4,April,Apr,2023-04,20230401,16,2023,4,Thursday,False,True,,2023,4,10,474
20230421,2023-04-21,2023,2,Q2,2023-Q2,4,April,Apr,2023-04,20230401,16,2023,5,Friday,False,True,,2023,4,10,475
20230422,2023-04-22,2023,2,Q2,2023-Q2,4,April,Apr,2023-04,20230401,16,2023,6,Saturday,True,False,,2023,4,10,476
20230423,2023-04-23,2023,2,Q2,2023-Q2,4,April,Apr,2023-04,20230401,16,2023,7,Sunday,True,False,,2023,4,10,477
20230424,2023-04-24,2023,2,Q2,2023-Q2,4,April,Apr,2023-04,20230401,17,2023,1,Monday,False,True,,2023,4,10,478
20230425,2023-04-25,2023,2,Q2,2023-Q2,4,April,Apr,2023-04,20230401,17,2023,2,Tuesday,False,True,,2023,4,10,479
20230426,2023-04-26,2023,2,Q2,2023-Q2,4,April,Apr,2023-04,20230401,17,2023,3,Wednesday,False,True,,2023,4,10,480
20230427,2023-04-27,2023,2,Q2,2023-Q2,4,April,Apr,2023-04,20230401,17,2023,4,Thursday,False,True,,2023,4,10,481
20230428,2023-04-28,2023,2,Q2,2023-Q2,4,April,Apr,2023-04,20230401,17,2023,5,Friday,False,True,,2023,4,10,482
20230429,2023-04-29,2023,2,Q2,2023-Q2,4,April,Apr,2023-04,20230401,17,2023,6,Saturday,True,False,,2023,4,10,483
20230430,2023-04-30,2023,2,Q2,2023-Q2,4,April,Apr,2023-04,20230401,17,2023,7,Sunday,True,False,,2023,4,10,484
20230501,2023-05-01,2023,2,Q2,2023-Q2,5,May,May,2023-05,20230501,18,2023,1,Monday,False,False,Labour Day,2023,4,11,485
20230502,2023-05-02,2023,2,Q2,2023-Q2,5,May,May,2023-05,20230501,18,2023,2,Tuesday,False,True,,2023,4,11,486
20230503,2023-05-03,2023,2,Q2,2023-Q2,5,May,May,2023-05,20230501,18,2023,3,Wednesday,False,False,Constitution Day PL,2023,4,11,487
20230504,2023-05-04,2023,2,Q2,2023-Q2,5,May,May,2023-05,20230501,18,2023,4,Thursday,False,True,,2023,4,11,488
20230505,2023-05-05,2023,2,Q2,2023-Q2,5,May,May,2023-05,20230501,18,2023,5,Friday,False,True,,2023,4,11,489
20230506,2023-05-06,2023,2,Q2,2023-Q2,5,May,May,2023-05,20230501,18,2023,6,Saturday,True,False,,2023,4,11,490
20230507,2023-05-07,2023,2,Q2,2023-Q2,5,May,May,2023-05,20230501,18,2023,7,Sunday,True,False,,2023,4,11,491
20230508,2023-05-08,2023,2,Q2,2023-Q2,5,May,May,2023-05,20230501,19,2023,1,Monday,False,True,,2023,4,11,492
20230509,2023-05-09,2023,2,Q2,2023-Q2,5,May,May,2023-05,20230501,19,2023,2,Tuesday,False,True,,2023,4,11,493
20230510,2023-05-10,2023,2,Q2,2023-Q2,5,May,May,2023-05,20230501,19,2023,3,Wednesday,False,True,,2023,4,11,494
20230511,2023-05-11,2023,2,Q2,2023-Q2,5,May,May,2023-05,20230501,19,2023,4,Thursday,False,True,,2023,4,11,495
20230512,2023-05-12,2023,2,Q2,2023-Q2,5,May,May,2023-05,20230501,19,2023,5,Friday,False,True,,2023,4,11,496
20230513,2023-05-13,2023,2,Q2,2023-Q2,5,May,May,2023-05,20230501,19,2023,6,Saturday,True,False,,2023,4,11,497
20230514,2023-05-14,2023,2,Q2,2023-Q2,5,May,May,2023-05,20230501,19,2023,7,Sunday,True,False,,2023,4,11,498
20230515,2023-05-15,2023,2,Q2,2023-Q2,5,May,May,2023-05,20230501,20,2023,1,Monday,False,True,,2023,4,11,499
20230516,2023-05-16,2023,2,Q2,2023-Q2,5,May,May,2023-05,20230501,20,2023,2,Tuesday,False,True,,2023,4,11,500
20230517,2023-05-17,2023,2,Q2,2023-Q2,5,May,May,2023-05,20230501,20,2023,3,Wednesday,False,True,,2023,4,11,501
20230518,2023-05-18,2023,2,Q2,2023-Q2,5,May,May,2023-05,20230501,20,2023,4,Thursday,False,True,,2023,4,11,502
20230519,2023-05-19,2023,2,Q2,2023-Q2,5,May,May,2023-05,20230501,20,2023,5,Friday,False,True,,2023,4,11,503
20230520,2023-05-20,2023,2,Q2,2023-Q2,5,May,May,2023-05,20230501,20,2023,6,Saturday,True,False,,2023,4,11,504
20230521,2023-05-21,2023,2,Q2,2023-Q2,5,May,May,2023-05,20230501,20,2023,7,Sunday,True,False,,2023,4,11,505
20230522,2023-05-22,2023,2,Q2,2023-Q2,5,May,May,2023-05,20230501,21,2023,1,Monday,False,True,,2023,4,11,506
20230523,2023-05-23,2023,2,Q2,2023-Q2,5,May,May,2023-05,20230501,21,2023,2,Tuesday,False,True,,2023,4,11,507
20230524,2023-05-24,2023,2,Q2,2023-Q2,5,May,May,2023-05,20230501,21,2023,3,Wednesday,False,True,,2023,4,11,508
20230525,2023-05-25,2023,2,Q2,2023-Q2,5,May,May,2023-05,20230501,21,2023,4,Thursday,False,True,,2023,4,11,509
20230526,2023-05-26,2023,2,Q2,2023-Q2,5,May,May,2023-05,20230501,21,2023,5,Friday,False,True,,2023,4,11,510
20230527,2023-05-27,2023,2,Q2,2023-Q2,5,May,May,2023-05,20230501,21,2023,6,Saturday,True,False,,2023,4,11,511
20230528,2023-05-28,2023,2,Q2,2023-Q2,5,May,May,2023-05,20230501,21,2023,7,Sunday,True,False,,2023,4,11,512
20230529,2023-05-29,2023,2,Q2,2023-Q2,5,May,May,2023-05,20230501,22,2023,1,Monday,False,True,,2023,4,11,513
20230530,2023-05-30,2023,2,Q2,2023-Q2,5,May,May,2023-05,20230501,22,2023,2,Tuesday,False,True,,2023,4,11,514
20230531,2023-05-31,2023,2,Q2,2023-Q2,5,May,May,2023-05,20230501,22,2023,3,Wednesday,False,True,,2023,4,11,515
20230601,2023-06-01,2023,2,Q2,2023-Q2,6,June,Jun,2023-06,20230601,22,2023,4,Thursday,False,True,,2023,4,12,516
20230602,2023-06-02,2023,2,Q2,2023-Q2,6,June,Jun,2023-06,20230601,22,2023,5,Friday,False,True,,2023,4,12,517
20230603,2023-06-03,2023,2,Q2,2023-Q2,6,June,Jun,2023-06,20230601,22,2023,6,Saturday,True,False,,2023,4,12,518
20230604,2023-06-04,2023,2,Q2,2023-Q2,6,June,Jun,2023-06,20230601,22,2023,7,Sunday,True,False,,2023,4,12,519
20230605,2023-06-05,2023,2,Q2,2023-Q2,6,June,Jun,2023-06,20230601,23,2023,1,Monday,False,True,,2023,4,12,520
20230606,2023-06-06,2023,2,Q2,2023-Q2,6,June,Jun,2023-06,20230601,23,2023,2,Tuesday,False,True,,2023,4,12,521
20230607,2023-06-07,2023,2,Q2,2023-Q2,6,June,Jun,2023-06,20230601,23,2023,3,Wednesday,False,True,,2023,4,12,522
20230608,2023-06-08,2023,2,Q2,2023-Q2,6,June,Jun,2023-06,20230601,23,2023,4,Thursday,False,True,,2023,4,12,523
20230609,2023-06-09,2023,2,Q2,2023-Q2,6,June,Jun,2023-06,20230601,23,2023,5,Friday,False,True,,2023,4,12,524
20230610,2023-06-10,2023,2,Q2,2023-Q2,6,June,Jun,2023-06,20230601,23,2023,6,Saturday,True,False,,2023,4,12,525
20230611,2023-06-11,2023,2,Q2,2023-Q2,6,June,Jun,2023-06,20230601,23,2023,7,Sunday,True,False,,2023,4,12,526
20230612,2023-06-12,2023,2,Q2,2023-Q2,6,June,Jun,2023-06,20230601,24,2023,1,Monday,False,True,,2023,4,12,527
20230613,2023-06-13,2023,2,Q2,2023-Q2,6,June,Jun,2023-06,20230601,24,2023,2,Tuesday,False,True,,2023,4,12,528
20230614,2023-06-14,2023,2,Q2,2023-Q2,6,June,Jun,2023-06,20230601,24,2023,3,Wednesday,False,True,,2023,4,12,529
20230615,2023-06-15,2023,2,Q2,2023-Q2,6,June,Jun,2023-06,20230601,24,2023,4,Thursday,False,True,,2023,4,12,530
20230616,2023-06-16,2023,2,Q2,2023-Q2,6,June,Jun,2023-06,20230601,24,2023,5,Friday,False,True,,2023,4,12,531
20230617,2023-06-17,2023,2,Q2,2023-Q2,6,June,Jun,2023-06,20230601,24,2023,6,Saturday,True,False,,2023,4,12,532
20230618,2023-06-18,2023,2,Q2,2023-Q2,6,June,Jun,2023-06,20230601,24,2023,7,Sunday,True,False,,2023,4,12,533
20230619,2023-06-19,2023,2,Q2,2023-Q2,6,June,Jun,2023-06,20230601,25,2023,1,Monday,False,True,,2023,4,12,534
20230620,2023-06-20,2023,2,Q2,2023-Q2,6,June,Jun,2023-06,20230601,25,2023,2,Tuesday,False,True,,2023,4,12,535
20230621,2023-06-21,2023,2,Q2,2023-Q2,6,June,Jun,2023-06,20230601,25,2023,3,Wednesday,False,True,,2023,4,12,536
20230622,2023-06-22,2023,2,Q2,2023-Q2,6,June,Jun,2023-06,20230601,25,2023,4,Thursday,False,True,,2023,4,12,537
20230623,2023-06-23,2023,2,Q2,2023-Q2,6,June,Jun,2023-06,20230601,25,2023,5,Friday,False,True,,2023,4,12,538
20230624,2023-06-24,2023,2,Q2,2023-Q2,6,June,Jun,2023-06,20230601,25,2023,6,Saturday,True,False,,2023,4,12,539
20230625,2023-06-25,2023,2,Q2,2023-Q2,6,June,Jun,2023-06,20230601,25,2023,7,Sunday,True,False,,2023,4,12,540
20230626,2023-06-26,2023,2,Q2,2023-Q2,6,June,Jun,2023-06,20230601,26,2023,1,Monday,False,True,,2023,4,12,541
20230627,2023-06-27,2023,2,Q2,2023-Q2,6,June,Jun,2023-06,20230601,26,2023,2,Tuesday,False,True,,2023,4,12,542
20230628,2023-06-28,2023,2,Q2,2023-Q2,6,June,Jun,2023-06,20230601,26,2023,3,Wednesday,False,True,,2023,4,12,543
20230629,2023-06-29,2023,2,Q2,2023-Q2,6,June,Jun,2023-06,20230601,26,2023,4,Thursday,False,True,,2023,4,12,544
20230630,2023-06-30,2023,2,Q2,2023-Q2,6,June,Jun,2023-06,20230601,26,2023,5,Friday,False,True,,2023,4,12,545
20230701,2023-07-01,2023,3,Q3,2023-Q3,7,July,Jul,2023-07,20230701,26,2023,6,Saturday,True,False,,2024,1,1,546
20230702,2023-07-02,2023,3,Q3,2023-Q3,7,July,Jul,2023-07,20230701,26,2023,7,Sunday,True,False,,2024,1,1,547
20230703,2023-07-03,2023,3,Q3,2023-Q3,7,July,Jul,2023-07,20230701,27,2023,1,Monday,False,True,,2024,1,1,548
20230704,2023-07-04,2023,3,Q3,2023-Q3,7,July,Jul,2023-07,20230701,27,2023,2,Tuesday,False,True,,2024,1,1,549
20230705,2023-07-05,2023,3,Q3,2023-Q3,7,July,Jul,2023-07,20230701,27,2023,3,Wednesday,False,True,,2024,1,1,550
20230706,2023-07-06,2023,3,Q3,2023-Q3,7,July,Jul,2023-07,20230701,27,2023,4,Thursday,False,True,,2024,1,1,551
20230707,2023-07-07,2023,3,Q3,2023-Q3,7,July,Jul,2023-07,20230701,27,2023,5,Friday,False,True,,2024,1,1,552
20230708,2023-07-08,2023,3,Q3,2023-Q3,7,July,Jul,2023-07,20230701,27,2023,6,Saturday,True,False,,2024,1,1,553
20230709,2023-07-09,2023,3,Q3,2023-Q3,7,July,Jul,2023-07,20230701,27,2023,7,Sunday,True,False,,2024,1,1,554
20230710,2023-07-10,2023,3,Q3,2023-Q3,7,July,Jul,2023-07,20230701,28,2023,1,Monday,False,True,,2024,1,1,555
20230711,2023-07-11,2023,3,Q3,2023-Q3,7,July,Jul,2023-07,20230701,28,2023,2,Tuesday,False,True,,2024,1,1,556
20230712,2023-07-12,2023,3,Q3,2023-Q3,7,July,Jul,2023-07,20230701,28,2023,3,Wednesday,False,True,,2024,1,1,557
20230713,2023-07-13,2023,3,Q3,2023-Q3,7,July,Jul,2023-07,20230701,28,2023,4,Thursday,False,True,,2024,1,1,558
20230714,2023-07-14,2023,3,Q3,2023-Q3,7,July,Jul,2023-07,20230701,28,2023,5,Friday,False,True,,2024,1,1,559
20230715,2023-07-15,2023,3,Q3,2023-Q3,7,July,Jul,2023-07,20230701,28,2023,6,Saturday,True,False,,2024,1,1,560
20230716,2023-07-16,2023,3,Q3,2023-Q3,7,July,Jul,2023-07,20230701,28,2023,7,Sunday,True,False,,2024,1,1,561
20230717,2023-07-17,2023,3,Q3,2023-Q3,7,July,Jul,2023-07,20230701,29,2023,1,Monday,False,True,,2024,1,1,562
20230718,2023-07-18,2023,3,Q3,2023-Q3,7,July,Jul,2023-07,20230701,29,2023,2,Tuesday,False,True,,2024,1,1,563
20230719,2023-07-19,2023,3,Q3,2023-Q3,7,July,Jul,2023-07,20230701,29,2023,3,Wednesday,False,True,,2024,1,1,564
20230720,2023-07-20,2023,3,Q3,2023-Q3,7,July,Jul,2023-07,20230701,29,2023,4,Thursday,False,True,,2024,1,1,565
20230721,2023-07-21,2023,3,Q3,2023-Q3,7,July,Jul,2023-07,20230701,29,2023,5,Friday,False,True,,2024,1,1,566
20230722,2023-07-22,2023,3,Q3,2023-Q3,7,July,Jul,2023-07,20230701,29,2023,6,Saturday,True,False,,2024,1,1,567
20230723,2023-07-23,2023,3,Q3,2023-Q3,7,July,Jul,2023-07,20230701,29,2023,7,Sunday,True,False,,2024,1,1,568
20230724,2023-07-24,2023,3,Q3,2023-Q3,7,July,Jul,2023-07,20230701,30,2023,1,Monday,False,True,,2024,1,1,569
20230725,2023-07-25,2023,3,Q3,2023-Q3,7,July,Jul,2023-07,20230701,30,2023,2,Tuesday,False,True,,2024,1,1,570
20230726,2023-07-26,2023,3,Q3,2023-Q3,7,July,Jul,2023-07,20230701,30,2023,3,Wednesday,False,True,,2024,1,1,571
20230727,2023-07-27,2023,3,Q3,2023-Q3,7,July,Jul,2023-07,20230701,30,2023,4,Thursday,False,True,,2024,1,1,572
20230728,2023-07-28,2023,3,Q3,2023-Q3,7,July,Jul,2023-07,20230701,30,2023,5,Friday,False,True,,2024,1,1,573
20230729,2023-07-29,2023,3,Q3,2023-Q3,7,July,Jul,2023-07,20230701,30,2023,6,Saturday,True,False,,2024,1,1,574
20230730,2023-07-30,2023,3,Q3,2023-Q3,7,July,Jul,2023-07,20230701,30,2023,7,Sunday,True,False,,2024,1,1,575
20230731,2023-07-31,2023,3,Q3,2023-Q3,7,July,Jul,2023-07,20230701,31,2023,1,Monday,False,True,,2024,1,1,576
20230801,2023-08-01,2023,3,Q3,2023-Q3,8,August,Aug,2023-08,20230801,31,2023,2,Tuesday,False,True,,2024,1,2,577
20230802,2023-08-02,2023,3,Q3,2023-Q3,8,August,Aug,2023-08,20230801,31,2023,3,Wednesday,False,True,,2024,1,2,578
20230803,2023-08-03,2023,3,Q3,2023-Q3,8,August,Aug,2023-08,20230801,31,2023,4,Thursday,False,True,,2024,1,2,579
20230804,2023-08-04,2023,3,Q3,2023-Q3,8,August,Aug,2023-08,20230801,31,2023,5,Friday,False,True,,2024,1,2,580
20230805,2023-08-05,2023,3,Q3,2023-Q3,8,August,Aug,2023-08,20230801,31,2023,6,Saturday,True,False,,2024,1,2,581
20230806,2023-08-06,2023,3,Q3,2023-Q3,8,August,Aug,2023-08,20230801,31,2023,7,Sunday,True,False,,2024,1,2,582
20230807,2023-08-07,2023,3,Q3,2023-Q3,8,August,Aug,2023-08,20230801,32,2023,1,Monday,False,True,,2024,1,2,583
20230808,2023-08-08,2023,3,Q3,2023-Q3,8,August,Aug,2023-08,20230801,32,2023,2,Tuesday,False,True,,2024,1,2,584
20230809,2023-08-09,2023,3,Q3,2023-Q3,8,August,Aug,2023-08,20230801,32,2023,3,Wednesday,False,True,,2024,1,2,585
20230810,2023-08-10,2023,3,Q3,2023-Q3,8,August,Aug,2023-08,20230801,32,2023,4,Thursday,False,True,,2024,1,2,586
20230811,2023-08-11,2023,3,Q3,2023-Q3,8,August,Aug,2023-08,20230801,32,2023,5,Friday,False,True,,2024,1,2,587
20230812,2023-08-12,2023,3,Q3,2023-Q3,8,August,Aug,2023-08,20230801,32,2023,6,Saturday,True,False,,2024,1,2,588
20230813,2023-08-13,2023,3,Q3,2023-Q3,8,August,Aug,2023-08,20230801,32,2023,7,Sunday,True,False,,2024,1,2,589
20230814,2023-08-14,2023,3,Q3,2023-Q3,8,August,Aug,2023-08,20230801,33,2023,1,Monday,False,True,,2024,1,2,590
20230815,2023-08-15,2023,3,Q3,2023-Q3,8,August,Aug,2023-08,20230801,33,2023,2,Tuesday,False,False,Assumption Day PL,2024,1,2,591
20230816,2023-08-16,2023,3,Q3,2023-Q3,8,August,Aug,2023-08,20230801,33,2023,3,Wednesday,False,True,,2024,1,2,592
20230817,2023-08-17,2023,3,Q3,2023-Q3,8,August,Aug,2023-08,20230801,33,2023,4,Thursday,False,True,,2024,1,2,593
20230818,2023-08-18,2023,3,Q3,2023-Q3,8,August,Aug,2023-08,20230801,33,2023,5,Friday,False,True,,2024,1,2,594
20230819,2023-08-19,2023,3,Q3,2023-Q3,8,August,Aug,2023-08,20230801,33,2023,6,Saturday,True,False,,2024,1,2,595
20230820,2023-08-20,2023,3,Q3,2023-Q3,8,August,Aug,2023-08,20230801,33,2023,7,Sunday,True,False,,2024,1,2,596
20230821,2023-08-21,2023,3,Q3,2023-Q3,8,August,Aug,2023-08,20230801,34,2023,1,Monday,False,True,,2024,1,2,597
20230822,2023-08-22,2023,3,Q3,2023-Q3,8,August,Aug,2023-08,20230801,34,2023,2,Tuesday,False,True,,2024,1,2,598
20230823,2023-08-23,2023,3,Q3,2023-Q3,8,August,Aug,2023-08,20230801,34,2023,3,Wednesday,False,True,,2024,1,2,599
20230824,2023-08-24,2023,3,Q3,2023-Q3,8,August,Aug,2023-08,20230801,34,2023,4,Thursday,False,True,,2024,1,2,600
20230825,2023-08-25,2023,3,Q3,2023-Q3,8,August,Aug,2023-08,20230801,34,2023,5,Friday,False,True,,2024,1,2,601
20230826,2023-08-26,2023,3,Q3,2023-Q3,8,August,Aug,2023-08,20230801,34,2023,6,Saturday,True,False,,2024,1,2,602
20230827,2023-08-27,2023,3,Q3,2023-Q3,8,August,Aug,2023-08,20230801,34,2023,7,Sunday,True,False,,2024,1,2,603
20230828,2023-08-28,2023,3,Q3,2023-Q3,8,August,Aug,2023-08,20230801,35,2023,1,Monday,False,True,,2024,1,2,604
20230829,2023-08-29,2023,3,Q3,2023-Q3,8,August,Aug,2023-08,20230801,35,2023,2,Tuesday,False,True,,2024,1,2,605
20230830,2023-08-30,2023,3,Q3,2023-Q3,8,August,Aug,2023-08,20230801,35,2023,3,Wednesday,False,True,,2024,1,2,606
20230831,2023-08-31,2023,3,Q3,2023-Q3,8,August,Aug,2023-08,20230801,35,2023,4,Thursday,False,True,,2024,1,2,607
20230901,2023-09-01,2023,3,Q3,2023-Q3,9,September,Sep,2023-09,20230901,35,2023,5,Friday,False,True,,2024,1,3,608
20230902,2023-09-02,2023,3,Q3,2023-Q3,9,September,Sep,2023-09,20230901,35,2023,6,Saturday,True,False,,2024,1,3,609
20230903,2023-09-03,2023,3,Q3,2023-Q3,9,September,Sep,2023-09,20230901,35,2023,7,Sunday,True,False,,2024,1,3,610
20230904,2023-09-04,2023,3,Q3,2023-Q3,9,September,Sep,2023-09,20230901,36,2023,1,Monday,False,True,,2024,1,3,611
20230905,2023-09-05,2023,3,Q3,2023-Q3,9,September,Sep,2023-09,20230901,36,2023,2,Tuesday,False,True,,2024,1,3,612
20230906,2023-09-06,2023,3,Q3,2023-Q3,9,September,Sep,2023-09,20230901,36,2023,3,Wednesday,False,True,,2024,1,3,613
20230907,2023-09-07,2023,3,Q3,2023-Q3,9,September,Sep,2023-09,20230901,36,2023,4,Thursday,False,True,,2024,1,3,614
20230908,2023-09-08,2023,3,Q3,2023-Q3,9,September,Sep,2023-09,20230901,36,2023,5,Friday,False,True,,2024,1,3,615
20230909,2023-09-09,2023,3,Q3,2023-Q3,9,September,Sep,2023-09,20230901,36,2023,6,Saturday,True,False,,2024,1,3,616
20230910,2023-09-10,2023,3,Q3,2023-Q3,9,September,Sep,2023-09,20230901,36,2023,7,Sunday,True,False,,2024,1,3,617
20230911,2023-09-11,2023,3,Q3,2023-Q3,9,September,Sep,2023-09,20230901,37,2023,1,Monday,False,True,,2024,1,3,618
20230912,2023-09-12,2023,3,Q3,2023-Q3,9,September,Sep,2023-09,20230901,37,2023,2,Tuesday,False,True,,2024,1,3,619
20230913,2023-09-13,2023,3,Q3,2023-Q3,9,September,Sep,2023-09,20230901,37,2023,3,Wednesday,False,True,,2024,1,3,620
20230914,2023-09-14,2023,3,Q3,2023-Q3,9,September,Sep,2023-09,20230901,37,2023,4,Thursday,False,True,,2024,1,3,621
20230915,2023-09-15,2023,3,Q3,2023-Q3,9,September,Sep,2023-09,20230901,37,2023,5,Friday,False,True,,2024,1,3,622
20230916,2023-09-16,2023,3,Q3,2023-Q3,9,September,Sep,2023-09,20230901,37,2023,6,Saturday,True,False,,2024,1,3,623
20230917,2023-09-17,2023,3,Q3,2023-Q3,9,September,Sep,2023-09,20230901,37,2023,7,Sunday,True,False,,2024,1,3,624
20230918,2023-09-18,2023,3,Q3,2023-Q3,9,September,Sep,2023-09,20230901,38,2023,1,Monday,False,True,,2024,1,3,625
20230919,2023-09-19,2023,3,Q3,2023-Q3,9,September,Sep,2023-09,20230901,38,2023,2,Tuesday,False,True,,2024,1,3,626
20230920,2023-09-20,2023,3,Q3,2023-Q3,9,September,Sep,2023-09,20230901,38,2023,3,Wednesday,False,True,,2024,1,3,627
20230921,2023-09-21,2023,3,Q3,2023-Q3,9,September,Sep,2023-09,20230901,38,2023,4,Thursday,False,True,,2024,1,3,628
20230922,2023-09-22,2023,3,Q3,2023-Q3,9,September,Sep,2023-09,20230901,38,2023,5,Friday,False,True,,2024,1,3,629
20230923,2023-09-23,2023,3,Q3,2023-Q3,9,September,Sep,2023-09,20230901,38,2023,6,Saturday,True,False,,2024,1,3,630
20230924,2023-09-24,2023,3,Q3,2023-Q3,9,September,Sep,2023-09,20230901,38,2023,7,Sunday,True,False,,2024,1,3,631
20230925,2023-09-25,2023,3,Q3,2023-Q3,9,September,Sep,2023-09,20230901,39,2023,1,Monday,False,True,,2024,1,3,632
20230926,2023-09-26,2023,3,Q3,2023-Q3,9,September,Sep,2023-09,20230901,39,2023,2,Tuesday,False,True,,2024,1,3,633
20230927,2023-09-27,2023,3,Q3,2023-Q3,9,September,Sep,2023-09,20230901,39,2023,3,Wednesday,False,True,,2024,1,3,634
20230928,2023-09-28,2023,3,Q3,2023-Q3,9,September,Sep,2023-09,20230901,39,2023,4,Thursday,False,True,,2024,1,3,635
20230929,2023-09-29,2023,3,Q3,2023-Q3,9,September,Sep,2023-09,20230901,39,2023,5,Friday,False,True,,2024,1,3,636
20230930,2023-09-30,2023,3,Q3,2023-Q3,9,September,Sep,2023-09,20230901,39,2023,6,Saturday,True,False,,2024,1,3,637
20231001,2023-10-01,2023,4,Q4,2023-Q4,10,October,Oct,2023-10,20231001,39,2023,7,Sunday,True,False,,2024,2,4,638
20231002,2023-10-02,2023,4,Q4,2023-Q4,10,October,Oct,2023-10,20231001,40,2023,1,Monday,False,True,,2024,2,4,639
20231003,2023-10-03,2023,4,Q4,2023-Q4,10,October,Oct,2023-10,20231001,40,2023,2,Tuesday,False,True,,2024,2,4,640
20231004,2023-10-04,2023,4,Q4,2023-Q4,10,October,Oct,2023-10,20231001,40,2023,3,Wednesday,False,True,,2024,2,4,641
20231005,2023-10-05,2023,4,Q4,2023-Q4,10,October,Oct,2023-10,20231001,40,2023,4,Thursday,False,True,,2024,2,4,642
20231006,2023-10-06,2023,4,Q4,2023-Q4,10,October,Oct,2023-10,20231001,40,2023,5,Friday,False,True,,2024,2,4,643
20231007,2023-10-07,2023,4,Q4,2023-Q4,10,October,Oct,2023-10,20231001,40,2023,6,Saturday,True,False,,2024,2,4,644
20231008,2023-10-08,2023,4,Q4,2023-Q4,10,October,Oct,2023-10,20231001,40,2023,7,Sunday,True,False,,2024,2,4,645
20231009,2023-10-09,2023,4,Q4,2023-Q4,10,October,Oct,2023-10,20231001,41,2023,1,Monday,False,True,,2024,2,4,646
20231010,2023-10-10,2023,4,Q4,2023-Q4,10,October,Oct,2023-10,20231001,41,2023,2,Tuesday,False,True,,2024,2,4,647
20231011,2023-10-11,2023,4,Q4,2023-Q4,10,October,Oct,2023-10,20231001,41,2023,3,Wednesday,False,True,,2024,2,4,648
20231012,2023-10-12,2023,4,Q4,2023-Q4,10,October,Oct,2023-10,20231001,41,2023,4,Thursday,False,True,,2024,2,4,649
20231013,2023-10-13,2023,4,Q4,2023-Q4,10,October,Oct,2023-10,20231001,41,2023,5,Friday,False,True,,2024,2,4,650
20231014,2023-10-14,2023,4,Q4,2023-Q4,10,October,Oct,2023-10,20231001,41,2023,6,Saturday,True,False,,2024,2,4,651
20231015,2023-10-15,2023,4,Q4,2023-Q4,10,October,Oct,2023-10,20231001,41,2023,7,Sunday,True,False,,2024,2,4,652
20231016,2023-10-16,2023,4,Q4,2023-Q4,10,October,Oct,2023-10,20231001,42,2023,1,Monday,False,True,,2024,2,4,653
20231017,2023-10-17,2023,4,Q4,2023-Q4,10,October,Oct,2023-10,20231001,42,2023,2,Tuesday,False,True,,2024,2,4,654
20231018,2023-10-18,2023,4,Q4,2023-Q4,10,October,Oct,2023-10,20231001,42,2023,3,Wednesday,False,True,,2024,2,4,655
20231019,2023-10-19,2023,4,Q4,2023-Q4,10,October,Oct,2023-10,20231001,42,2023,4,Thursday,False,True,,2024,2,4,656
20231020,2023-10-20,2023,4,Q4,2023-Q4,10,October,Oct,2023-10,20231001,42,2023,5,Friday,False,True,,2024,2,4,657
20231021,2023-10-21,2023,4,Q4,2023-Q4,10,October,Oct,2023-10,20231001,42,2023,6,Saturday,True,False,,2024,2,4,658
20231022,2023-10-22,2023,4,Q4,2023-Q4,10,October,Oct,2023-10,20231001,42,2023,7,Sunday,True,False,,2024,2,4,659
20231023,2023-10-23,2023,4,Q4,2023-Q4,10,October,Oct,2023-10,20231001,43,2023,1,Monday,False,True,,2024,2,4,660
20231024,2023-10-24,2023,4,Q4,2023-Q4,10,October,Oct,2023-10,20231001,43,2023,2,Tuesday,False,True,,2024,2,4,661
20231025,2023-10-25,2023,4,Q4,2023-Q4,10,October,Oct,2023-10,20231001,43,2023,3,Wednesday,False,True,,2024,2,4,662
20231026,2023-10-26,2023,4,Q4,2023-Q4,10,October,Oct,2023-10,20231001,43,2023,4,Thursday,False,True,,2024,2,4,663
20231027,2023-10-27,2023,4,Q4,2023-Q4,10,October,Oct,2023-10,20231001,43,2023,5,Friday,False,True,,2024,2,4,664
20231028,2023-10-28,2023,4,Q4,2023-Q4,10,October,Oct,2023-10,20231001,43,2023,6,Saturday,True,False,,2024,2,4,665
20231029,2023-10-29,2023,4,Q4,2023-Q4,10,October,Oct,2023-10,20231001,43,2023,7,Sunday,True,False,,2024,2,4,666
20231030,2023-10-30,2023,4,Q4,2023-Q4,10,October,Oct,2023-10,20231001,44,2023,1,Monday,False,True,,2024,2,4,667
20231031,2023-10-31,2023,4,Q4,2023-Q4,10,October,Oct,2023-10,20231001,44,2023,2,Tuesday,False,True,,2024,2,4,668
20231101,2023-11-01,2023,4,Q4,2023-Q4,11,November,Nov,2023-11,20231101,44,2023,3,Wednesday,False,False,All Saints PL,2024,2,5,669
20231102,2023-11-02,2023,4,Q4,2023-Q4,11,November,Nov,2023-11,20231101,44,2023,4,Thursday,False,True,,2024,2,5,670
20231103,2023-11-03,2023,4,Q4,2023-Q4,11,November,Nov,2023-11,20231101,44,2023,5,Friday,False,True,,2024,2,5,671
20231104,2023-11-04,2023,4,Q4,2023-Q4,11,November,Nov,2023-11,20231101,44,2023,6,Saturday,True,False,,2024,2,5,672
20231105,2023-11-05,2023,4,Q4,2023-Q4,11,November,Nov,2023-11,20231101,44,2023,7,Sunday,True,False,,2024,2,5,673
20231106,2023-11-06,2023,4,Q4,2023-Q4,11,November,Nov,2023-11,20231101,45,2023,1,Monday,False,True,,2024,2,5,674
20231107,2023-11-07,2023,4,Q4,2023-Q4,11,November,Nov,2023-11,20231101,45,2023,2,Tuesday,False,True,,2024,2,5,675
20231108,2023-11-08,2023,4,Q4,2023-Q4,11,November,Nov,2023-11,20231101,45,2023,3,Wednesday,False,True,,2024,2,5,676
20231109,2023-11-09,2023,4,Q4,2023-Q4,11,November,Nov,2023-11,20231101,45,2023,4,Thursday,False,True,,2024,2,5,677
20231110,2023-11-10,2023,4,Q4,2023-Q4,11,November,Nov,2023-11,20231101,45,2023,5,Friday,False,True,,2024,2,5,678
20231111,2023-11-11,2023,4,Q4,2023-Q4,11,November,Nov,2023-11,20231101,45,2023,6,Saturday,True,False,Independence Day PL,2024,2,5,679
20231112,2023-11-12,2023,4,Q4,2023-Q4,11,November,Nov,2023-11,20231101,45,2023,7,Sunday,True,False,,2024,2,5,680
20231113,2023-11-13,2023,4,Q4,2023-Q4,11,November,Nov,2023-11,20231101,46,2023,1,Monday,False,True,,2024,2,5,681
20231114,2023-11-14,2023,4,Q4,2023-Q4,11,November,Nov,2023-11,20231101,46,2023,2,Tuesday,False,True,,2024,2,5,682
20231115,2023-11-15,2023,4,Q4,2023-Q4,11,November,Nov,2023-11,20231101,46,2023,3,Wednesday,False,True,,2024,2,5,683
20231116,2023-11-16,2023,4,Q4,2023-Q4,11,November,Nov,2023-11,20231101,46,2023,4,Thursday,False,True,,2024,2,5,684
20231117,2023-11-17,2023,4,Q4,2023-Q4,11,November,Nov,2023-11,20231101,46,2023,5,Friday,False,True,,2024,2,5,685
20231118,2023-11-18,2023,4,Q4,2023-Q4,11,November,Nov,2023-11,20231101,46,2023,6,Saturday,True,False,,2024,2,5,686
20231119,2023-11-19,2023,4,Q4,2023-Q4,11,November,Nov,2023-11,20231101,46,2023,7,Sunday,True,False,,2024,2,5,687
20231120,2023-11-20,2023,4,Q4,2023-Q4,11,November,Nov,2023-11,20231101,47,2023,1,Monday,False,True,,2024,2,5,688
20231121,2023-11-21,2023,4,Q4,2023-Q4,11,November,Nov,2023-11,20231101,47,2023,2,Tuesday,False,True,,2024,2,5,689
20231122,2023-11-22,2023,4,Q4,2023-Q4,11,November,Nov,2023-11,20231101,47,2023,3,Wednesday,False,True,,2024,2,5,690
20231123,2023-11-23,2023,4,Q4,2023-Q4,11,November,Nov,2023-11,20231101,47,2023,4,Thursday,False,True,,2024,2,5,691
20231124,2023-11-24,2023,4,Q4,2023-Q4,11,November,Nov,2023-11,20231101,47,2023,5,Friday,False,True,,2024,2,5,692
20231125,2023-11-25,2023,4,Q4,2023-Q4,11,November,Nov,2023-11,20231101,47,2023,6,Saturday,True,False,,2024,2,5,693
20231126,2023-11-26,2023,4,Q4,2023-Q4,11,November,Nov,2023-11,20231101,47,2023,7,Sunday,True,False,,2024,2,5,694
20231127,2023-11-27,2023,4,Q4,2023-Q4,11,November,Nov,2023-11,20231101,48,2023,1,Monday,False,True,,2024,2,5,695
20231128,2023-11-28,2023,4,Q4,2023-Q4,11,November,Nov,2023-11,20231101,48,2023,2,Tuesday,False,True,,2024,2,5,696
20231129,2023-11-29,2023,4,Q4,2023-Q4,11,November,Nov,2023-11,20231101,48,2023,3,Wednesday,False,True,,2024,2,5,697
20231130,2023-11-30,2023,4,Q4,2023-Q4,11,November,Nov,2023-11,20231101,48,2023,4,Thursday,False,True,,2024,2,5,698
20231201,2023-12-01,2023,4,Q4,2023-Q4,12,December,Dec,2023-12,20231201,48,2023,5,Friday,False,True,,2024,2,6,699
20231202,2023-12-02,2023,4,Q4,2023-Q4,12,December,Dec,2023-12,20231201,48,2023,6,Saturday,True,False,,2024,2,6,700
20231203,2023-12-03,2023,4,Q4,2023-Q4,12,December,Dec,2023-12,20231201,48,2023,7,Sunday,True,False,,2024,2,6,701
20231204,2023-12-04,2023,4,Q4,2023-Q4,12,December,Dec,2023-12,20231201,49,2023,1,Monday,False,True,,2024,2,6,702
20231205,2023-12-05,2023,4,Q4,2023-Q4,12,December,Dec,2023-12,20231201,49,2023,2,Tuesday,False,True,,2024,2,6,703
20231206,2023-12-06,2023,4,Q4,2023-Q4,12,December,Dec,2023-12,20231201,49,2023,3,Wednesday,False,True,,2024,2,6,704
20231207,2023-12-07,2023,4,Q4,2023-Q4,12,December,Dec,2023-12,20231201,49,2023,4,Thursday,False,True,,2024,2,6,705
20231208,2023-12-08,2023,4,Q4,2023-Q4,12,December,Dec,2023-12,20231201,49,2023,5,Friday,False,True,,2024,2,6,706
20231209,2023-12-09,2023,4,Q4,2023-Q4,12,December,Dec,2023-12,20231201,49,2023,6,Saturday,True,False,,2024,2,6,707
20231210,2023-12-10,2023,4,Q4,2023-Q4,12,December,Dec,2023-12,20231201,49,2023,7,Sunday,True,False,,2024,2,6,708
20231211,2023-12-11,2023,4,Q4,2023-Q4,12,December,Dec,2023-12,20231201,50,2023,1,Monday,False,True,,2024,2,6,709
20231212,2023-12-12,2023,4,Q4,2023-Q4,12,December,Dec,2023-12,20231201,50,2023,2,Tuesday,False,True,,2024,2,6,710
20231213,2023-12-13,2023,4,Q4,2023-Q4,12,December,Dec,2023-12,20231201,50,2023,3,Wednesday,False,True,,2024,2,6,711
20231214,2023-12-14,2023,4,Q4,2023-Q4,12,December,Dec,2023-12,20231201,50,2023,4,Thursday,False,True,,2024,2,6,712
20231215,2023-12-15,2023,4,Q4,2023-Q4,12,December,Dec,2023-12,20231201,50,2023,5,Friday,False,True,,2024,2,6,713
20231216,2023-12-16,2023,4,Q4,2023-Q4,12,December,Dec,2023-12,20231201,50,2023,6,Saturday,True,False,,2024,2,6,714
20231217,2023-12-17,2023,4,Q4,2023-Q4,12,December,Dec,2023-12,20231201,50,2023,7,Sunday,True,False,,2024,2,6,715
20231218,2023-12-18,2023,4,Q4,2023-Q4,12,December,Dec,2023-12,20231201,51,2023,1,Monday,False,True,,2024,2,6,716
20231219,2023-12-19,2023,4,Q4,2023-Q4,12,December,Dec,2023-12,20231201,51,2023,2,Tuesday,False,True,,2024,2,6,717
20231220,2023-12-20,2023,4,Q4,2023-Q4,12,December,Dec,2023-12,20231201,51,2023,3,Wednesday,False,True,,2024,2,6,718
20231221,2023-12-21,2023,4,Q4,2023-Q4,12,December,Dec,2023-12,20231201,51,2023,4,Thursday,False,True,,2024,2,6,719
20231222,2023-12-22,2023,4,Q4,2023-Q4,12,December,Dec,2023-12,20231201,51,2023,5,Friday,False,True,,2024,2,6,720
20231223,2023-12-23,2023,4,Q4,2023-Q4,12,December,Dec,2023-12,20231201,51,2023,6,Saturday,True,False,,2024,2,6,721
20231224,2023-12-24,2023,4,Q4,2023-Q4,12,December,Dec,2023-12,20231201,51,2023,7,Sunday,True,False,,2024,2,6,722
20231225,2023-12-25,2023,4,Q4,2023-Q4,12,December,Dec,2023-12,20231201,52,2023,1,Monday,False,False,Christmas,2024,2,6,723
20231226,2023-12-26,2023,4,Q4,2023-Q4,12,December,Dec,2023-12,20231201,52,2023,2,Tuesday,False,False,Boxing Day,2024,2,6,724
20231227,2023-12-27,2023,4,Q4,2023-Q4,12,December,Dec,2023-12,20231201,52,2023,3,Wednesday,False,True,,2024,2,6,725
20231228,2023-12-28,2023,4,Q4,2023-Q4,12,December,Dec,2023-12,20231201,52,2023,4,Thursday,False,True,,2024,2,6,726
20231229,2023-12-29,2023,4,Q4,2023-Q4,12,December,Dec,2023-12,20231201,52,2023,5,Friday,False,True,,2024,2,6,727
20231230,2023-12-30,2023,4,Q4,2023-Q4,12,December,Dec,2023-12,20231201,52,2023,6,Saturday,True,False,,2024,2,6,728
20231231,2023-12-31,2023,4,Q4,2023-Q4,12,December,Dec,2023-12,20231201,52,2023,7,Sunday,True,False,,2024,2,6,729
20240101,2024-01-01,2024,1,Q1,2024-Q1,1,January,Jan,2024-01,20240101,1,2024,1,Monday,False,False,New Year,2024,3,7,730
20240102,2024-01-02,2024,1,Q1,2024-Q1,1,January,Jan,2024-01,20240101,1,2024,2,Tuesday,False,True,,2024,3,7,731
20240103,2024-01-03,2024,1,Q1,2024-Q1,1,January,Jan,2024-01,20240101,1,2024,3,Wednesday,False,True,,2024,3,7,732
20240104,2024-01-04,2024,1,Q1,2024-Q1,1,January,Jan,2024-01,20240101,1,2024,4,Thursday,False,True,,2024,3,7,733
20240105,2024-01-05,2024,1,Q1,2024-Q1,1,January,Jan,2024-01,20240101,1,2024,5,Friday,False,True,,2024,3,7,734
20240106,2024-01-06,2024,1,Q1,2024-Q1,1,January,Jan,2024-01,20240101,1,2024,6,Saturday,True,False,,2024,3,7,735
20240107,2024-01-07,2024,1,Q1,2024-Q1,1,January,Jan,2024-01,20240101,1,2024,7,Sunday,True,False,,2024,3,7,736
20240108,2024-01-08,2024,1,Q1,2024-Q1,1,January,Jan,2024-01,20240101,2,2024,1,Monday,False,True,,2024,3,7,737
20240109,2024-01-09,2024,1,Q1,2024-Q1,1,January,Jan,2024-01,20240101,2,2024,2,Tuesday,False,True,,2024,3,7,738
20240110,2024-01-10,2024,1,Q1,2024-Q1,1,January,Jan,2024-01,20240101,2,2024,3,Wednesday,False,True,,2024,3,7,739
20240111,2024-01-11,2024,1,Q1,2024-Q1,1,January,Jan,2024-01,20240101,2,2024,4,Thursday,False,True,,2024,3,7,740
20240112,2024-01-12,2024,1,Q1,2024-Q1,1,January,Jan,2024-01,20240101,2,2024,5,Friday,False,True,,2024,3,7,741
20240113,2024-01-13,2024,1,Q1,2024-Q1,1,January,Jan,2024-01,20240101,2,2024,6,Saturday,True,False,,2024,3,7,742
20240114,2024-01-14,2024,1,Q1,2024-Q1,1,January,Jan,2024-01,20240101,2,2024,7,Sunday,True,False,,2024,3,7,743
20240115,2024-01-15,2024,1,Q1,2024-Q1,1,January,Jan,2024-01,20240101,3,2024,1,Monday,False,True,,2024,3,7,744
20240116,2024-01-16,2024,1,Q1,2024-Q1,1,January,Jan,2024-01,20240101,3,2024,2,Tuesday,False,True,,2024,3,7,745
20240117,2024-01-17,2024,1,Q1,2024-Q1,1,January,Jan,2024-01,20240101,3,2024,3,Wednesday,False,True,,2024,3,7,746
20240118,2024-01-18,2024,1,Q1,2024-Q1,1,January,Jan,2024-01,20240101,3,2024,4,Thursday,False,True,,2024,3,7,747
20240119,2024-01-19,2024,1,Q1,2024-Q1,1,January,Jan,2024-01,20240101,3,2024,5,Friday,False,True,,2024,3,7,748
20240120,2024-01-20,2024,1,Q1,2024-Q1,1,January,Jan,2024-01,20240101,3,2024,6,Saturday,True,False,,2024,3,7,749
20240121,2024-01-21,2024,1,Q1,2024-Q1,1,January,Jan,2024-01,20240101,3,2024,7,Sunday,True,False,,2024,3,7,750
20240122,2024-01-22,2024,1,Q1,2024-Q1,1,January,Jan,2024-01,20240101,4,2024,1,Monday,False,True,,2024,3,7,751
20240123,2024-01-23,2024,1,Q1,2024-Q1,1,January,Jan,2024-01,20240101,4,2024,2,Tuesday,False,True,,2024,3,7,752
20240124,2024-01-24,2024,1,Q1,2024-Q1,1,January,Jan,2024-01,20240101,4,2024,3,Wednesday,False,True,,2024,3,7,753
20240125,2024-01-25,2024,1,Q1,2024-Q1,1,January,Jan,2024-01,20240101,4,2024,4,Thursday,False,True,,2024,3,7,754
20240126,2024-01-26,2024,1,Q1,2024-Q1,1,January,Jan,2024-01,20240101,4,2024,5,Friday,False,True,,2024,3,7,755
20240127,2024-01-27,2024,1,Q1,2024-Q1,1,January,Jan,2024-01,20240101,4,2024,6,Saturday,True,False,,2024,3,7,756
20240128,2024-01-28,2024,1,Q1,2024-Q1,1,January,Jan,2024-01,20240101,4,2024,7,Sunday,True,False,,2024,3,7,757
20240129,2024-01-29,2024,1,Q1,2024-Q1,1,January,Jan,2024-01,20240101,5,2024,1,Monday,False,True,,2024,3,7,758
20240130,2024-01-30,2024,1,Q1,2024-Q1,1,January,Jan,2024-01,20240101,5,2024,2,Tuesday,False,True,,2024,3,7,759
20240131,2024-01-31,2024,1,Q1,2024-Q1,1,January,Jan,2024-01,20240101,5,2024,3,Wednesday,False,True,,2024,3,7,760
20240201,2024-02-01,2024,1,Q1,2024-Q1,2,February,Feb,2024-02,20240201,5,2024,4,Thursday,False,True,,2024,3,8,761
20240202,2024-02-02,2024,1,Q1,2024-Q1,2,February,Feb,2024-02,20240201,5,2024,5,Friday,False,True,,2024,3,8,762
20240203,2024-02-03,2024,1,Q1,2024-Q1,2,February,Feb,2024-02,20240201,5,2024,6,Saturday,True,False,,2024,3,8,763
20240204,2024-02-04,2024,1,Q1,2024-Q1,2,February,Feb,2024-02,20240201,5,2024,7,Sunday,True,False,,2024,3,8,764
20240205,2024-02-05,2024,1,Q1,2024-Q1,2,February,Feb,2024-02,20240201,6,2024,1,Monday,False,True,,2024,3,8,765
20240206,2024-02-06,2024,1,Q1,2024-Q1,2,February,Feb,2024-02,20240201,6,2024,2,Tuesday,False,True,,2024,3,8,766
20240207,2024-02-07,2024,1,Q1,2024-Q1,2,February,Feb,2024-02,20240201,6,2024,3,Wednesday,False,True,,2024,3,8,767
20240208,2024-02-08,2024,1,Q1,2024-Q1,2,February,Feb,2024-02,20240201,6,2024,4,Thursday,False,True,,2024,3,8,768
20240209,2024-02-09,2024,1,Q1,2024-Q1,2,February,Feb,2024-02,20240201,6,2024,5,Friday,False,True,,2024,3,8,769
20240210,2024-02-10,2024,1,Q1,2024-Q1,2,February,Feb,2024-02,20240201,6,2024,6,Saturday,True,False,,2024,3,8,770
20240211,2024-02-11,2024,1,Q1,2024-Q1,2,February,Feb,2024-02,20240201,6,2024,7,Sunday,True,False,,2024,3,8,771
20240212,2024-02-12,2024,1,Q1,2024-Q1,2,February,Feb,2024-02,20240201,7,2024,1,Monday,False,True,,2024,3,8,772
20240213,2024-02-13,2024,1,Q1,2024-Q1,2,February,Feb,2024-02,20240201,7,2024,2,Tuesday,False,True,,2024,3,8,773
20240214,2024-02-14,2024,1,Q1,2024-Q1,2,February,Feb,2024-02,20240201,7,2024,3,Wednesday,False,True,,2024,3,8,774
20240215,2024-02-15,2024,1,Q1,2024-Q1,2,February,Feb,2024-02,20240201,7,2024,4,Thursday,False,True,,2024,3,8,775
20240216,2024-02-16,2024,1,Q1,2024-Q1,2,February,Feb,2024-02,20240201,7,2024,5,Friday,False,True,,2024,3,8,776
20240217,2024-02-17,2024,1,Q1,2024-Q1,2,February,Feb,2024-02,20240201,7,2024,6,Saturday,True,False,,2024,3,8,777
20240218,2024-02-18,2024,1,Q1,2024-Q1,2,February,Feb,2024-02,20240201,7,2024,7,Sunday,True,False,,2024,3,8,778
20240219,2024-02-19,2024,1,Q1,2024-Q1,2,February,Feb,2024-02,20240201,8,2024,1,Monday,False,True,,2024,3,8,779
20240220,2024-02-20,2024,1,Q1,2024-Q1,2,February,Feb,2024-02,20240201,8,2024,2,Tuesday,False,True,,2024,3,8,780
20240221,2024-02-21,2024,1,Q1,2024-Q1,2,February,Feb,2024-02,20240201,8,2024,3,Wednesday,False,True,,2024,3,8,781
20240222,2024-02-22,2024,1,Q1,2024-Q1,2,February,Feb,2024-02,20240201,8,2024,4,Thursday,False,True,,2024,3,8,782
20240223,2024-02-23,2024,1,Q1,2024-Q1,2,February,Feb,2024-02,20240201,8,2024,5,Friday,False,True,,2024,3,8,783
20240224,2024-02-24,2024,1,Q1,2024-Q1,2,February,Feb,2024-02,20240201,8,2024,6,Saturday,True,False,,2024,3,8,784
20240225,2024-02-25,2024,1,Q1,2024-Q1,2,February,Feb,2024-02,20240201,8,2024,7,Sunday,True,False,,2024,3,8,785
20240226,2024-02-26,2024,1,Q1,2024-Q1,2,February,Feb,2024-02,20240201,9,2024,1,Monday,False,True,,2024,3,8,786
20240227,2024-02-27,2024,1,Q1,2024-Q1,2,February,Feb,2024-02,20240201,9,2024,2,Tuesday,False,True,,2024,3,8,787
20240228,2024-02-28,2024,1,Q1,2024-Q1,2,February,Feb,2024-02,20240201,9,2024,3,Wednesday,False,True,,2024,3,8,788
20240229,2024-02-29,2024,1,Q1,2024-Q1,2,February,Feb,2024-02,20240201,9,2024,4,Thursday,False,True,,2024,3,8,789
20240301,2024-03-01,2024,1,Q1,2024-Q1,3,March,Mar,2024-03,20240301,9,2024,5,Friday,False,True,,2024,3,9,790
20240302,2024-03-02,2024,1,Q1,2024-Q1,3,March,Mar,2024-03,20240301,9,2024,6,Saturday,True,False,,2024,3,9,791
20240303,2024-03-03,2024,1,Q1,2024-Q1,3,March,Mar,2024-03,20240301,9,2024,7,Sunday,True,False,,2024,3,9,792
20240304,2024-03-04,2024,1,Q1,2024-Q1,3,March,Mar,2024-03,20240301,10,2024,1,Monday,False,True,,2024,3,9,793
20240305,2024-03-05,2024,1,Q1,2024-Q1,3,March,Mar,2024-03,20240301,10,2024,2,Tuesday,False,True,,2024,3,9,794
20240306,2024-03-06,2024,1,Q1,2024-Q1,3,March,Mar,2024-03,20240301,10,2024,3,Wednesday,False,True,,2024,3,9,795
20240307,2024-03-07,2024,1,Q1,2024-Q1,3,March,Mar,2024-03,20240301,10,2024,4,Thursday,False,True,,2024,3,9,796
20240308,2024-03-08,2024,1,Q1,2024-Q1,3,March,Mar,2024-03,20240301,10,2024,5,Friday,False,True,,2024,3,9,797
20240309,2024-03-09,2024,1,Q1,2024-Q1,3,March,Mar,2024-03,20240301,10,2024,6,Saturday,True,False,,2024,3,9,798
20240310,2024-03-10,2024,1,Q1,2024-Q1,3,March,Mar,2024-03,20240301,10,2024,7,Sunday,True,False,,2024,3,9,799
20240311,2024-03-11,2024,1,Q1,2024-Q1,3,March,Mar,2024-03,20240301,11,2024,1,Monday,False,True,,2024,3,9,800
20240312,2024-03-12,2024,1,Q1,2024-Q1,3,March,Mar,2024-03,20240301,11,2024,2,Tuesday,False,True,,2024,3,9,801
20240313,2024-03-13,2024,1,Q1,2024-Q1,3,March,Mar,2024-03,20240301,11,2024,3,Wednesday,False,True,,2024,3,9,802
20240314,2024-03-14,2024,1,Q1,2024-Q1,3,March,Mar,2024-03,20240301,11,2024,4,Thursday,False,True,,2024,3,9,803
20240315,2024-03-15,2024,1,Q1,2024-Q1,3,March,Mar,2024-03,20240301,11,2024,5,Friday,False,True,,2024,3,9,804
20240316,2024-03-16,2024,1,Q1,2024-Q1,3,March,Mar,2024-03,20240301,11,2024,6,Saturday,True,False,,2024,3,9,805
20240317,2024-03-17,2024,1,Q1,2024-Q1,3,March,Mar,2024-03,20240301,11,2024,7,Sunday,True,False,,2024,3,9,806
20240318,2024-03-18,2024,1,Q1,2024-Q1,3,March,Mar,2024-03,20240301,12,2024,1,Monday,False,True,,2024,3,9,807
20240319,2024-03-19,2024,1,Q1,2024-Q1,3,March,Mar,2024-03,20240301,12,2024,2,Tuesday,False,True,,2024,3,9,808
20240320,2024-03-20,2024,1,Q1,2024-Q1,3,March,Mar,2024-03,20240301,12,2024,3,Wednesday,False,True,,2024,3,9,809
20240321,2024-03-21,2024,1,Q1,2024-Q1,3,March,Mar,2024-03,20240301,12,2024,4,Thursday,False,True,,2024,3,9,810
20240322,2024-03-22,2024,1,Q1,2024-Q1,3,March,Mar,2024-03,20240301,12,2024,5,Friday,False,True,,2024,3,9,811
20240323,2024-03-23,2024,1,Q1,2024-Q1,3,March,Mar,2024-03,20240301,12,2024,6,Saturday,True,False,,2024,3,9,812
20240324,2024-03-24,2024,1,Q1,2024-Q1,3,March,Mar,2024-03,20240301,12,2024,7,Sunday,True,False,,2024,3,9,813
20240325,2024-03-25,2024,1,Q1,2024-Q1,3,March,Mar,2024-03,20240301,13,2024,1,Monday,False,True,,2024,3,9,814
20240326,2024-03-26,2024,1,Q1,2024-Q1,3,March,Mar,2024-03,20240301,13,2024,2,Tuesday,False,True,,2024,3,9,815
20240327,2024-03-27,2024,1,Q1,2024-Q1,3,March,Mar,2024-03,20240301,13,2024,3,Wednesday,False,True,,2024,3,9,816
20240328,2024-03-28,2024,1,Q1,2024-Q1,3,March,Mar,2024-03,20240301,13,2024,4,Thursday,False,True,,2024,3,9,817
20240329,2024-03-29,2024,1,Q1,2024-Q1,3,March,Mar,2024-03,20240301,13,2024,5,Friday,False,True,,2024,3,9,818
20240330,2024-03-30,2024,1,Q1,2024-Q1,3,March,Mar,2024-03,20240301,13,2024,6,Saturday,True,False,,2024,3,9,819
20240331,2024-03-31,2024,1,Q1,2024-Q1,3,March,Mar,2024-03,20240301,13,2024,7,Sunday,True,False,,2024,3,9,820
20240401,2024-04-01,2024,2,Q2,2024-Q2,4,April,Apr,2024-04,20240401,14,2024,1,Monday,False,True,,2024,4,10,821
20240402,2024-04-02,2024,2,Q2,2024-Q2,4,April,Apr,2024-04,20240401,14,2024,2,Tuesday,False,True,,2024,4,10,822
20240403,2024-04-03,2024,2,Q2,2024-Q2,4,April,Apr,2024-04,20240401,14,2024,3,Wednesday,False,True,,2024,4,10,823
20240404,2024-04-04,2024,2,Q2,2024-Q2,4,April,Apr,2024-04,20240401,14,2024,4,Thursday,False,True,,2024,4,10,824
20240405,2024-04-05,2024,2,Q2,2024-Q2,4,April,Apr,2024-04,20240401,14,2024,5,Friday,False,True,,2024,4,10,825
20240406,2024-04-06,2024,2,Q2,2024-Q2,4,April,Apr,2024-04,20240401,14,2024,6,Saturday,True,False,,2024,4,10,826
20240407,2024-04-07,2024,2,Q2,2024-Q2,4,April,Apr,2024-04,20240401,14,2024,7,Sunday,True,False,,2024,4,10,827
20240408,2024-04-08,2024,2,Q2,2024-Q2,4,April,Apr,2024-04,20240401,15,2024,1,Monday,False,True,,2024,4,10,828
20240409,2024-04-09,2024,2,Q2,2024-Q2,4,April,Apr,2024-04,20240401,15,2024,2,Tuesday,False,True,,2024,4,10,829
20240410,2024-04-10,2024,2,Q2,2024-Q2,4,April,Apr,2024-04,20240401,15,2024,3,Wednesday,False,True,,2024,4,10,830
20240411,2024-04-11,2024,2,Q2,2024-Q2,4,April,Apr,2024-04,20240401,15,2024,4,Thursday,False,True,,2024,4,10,831
20240412,2024-04-12,2024,2,Q2,2024-Q2,4,April,Apr,2024-04,20240401,15,2024,5,Friday,False,True,,2024,4,10,832
20240413,2024-04-13,2024,2,Q2,2024-Q2,4,April,Apr,2024-04,20240401,15,2024,6,Saturday,True,False,,2024,4,10,833
20240414,2024-04-14,2024,2,Q2,2024-Q2,4,April,Apr,2024-04,20240401,15,2024,7,Sunday,True,False,,2024,4,10,834
20240415,2024-04-15,2024,2,Q2,2024-Q2,4,April,Apr,2024-04,20240401,16,2024,1,Monday,False,True,,2024,4,10,835
20240416,2024-04-16,2024,2,Q2,2024-Q2,4,April,Apr,2024-04,20240401,16,2024,2,Tuesday,False,True,,2024,4,10,836
20240417,2024-04-17,2024,2,Q2,2024-Q2,4,April,Apr,2024-04,20240401,16,2024,3,Wednesday,False,True,,2024,4,10,837
20240418,2024-04-18,2024,2,Q2,2024-Q2,4,April,Apr,2024-04,20240401,16,2024,4,Thursday,False,True,,2024,4,10,838
20240419,2024-04-19,2024,2,Q2,2024-Q2,4,April,Apr,2024-04,20240401,16,2024,5,Friday,False,True,,2024,4,10,839
20240420,2024-04-20,2024,2,Q2,2024-Q2,4,April,Apr,2024-04,20240401,16,2024,6,Saturday,True,False,,2024,4,10,840
20240421,2024-04-21,2024,2,Q2,2024-Q2,4,April,Apr,2024-04,20240401,16,2024,7,Sunday,True,False,,2024,4,10,841
20240422,2024-04-22,2024,2,Q2,2024-Q2,4,April,Apr,2024-04,20240401,17,2024,1,Monday,False,True,,2024,4,10,842
20240423,2024-04-23,2024,2,Q2,2024-Q2,4,April,Apr,2024-04,20240401,17,2024,2,Tuesday,False,True,,2024,4,10,843
20240424,2024-04-24,2024,2,Q2,2024-Q2,4,April,Apr,2024-04,20240401,17,2024,3,Wednesday,False,True,,2024,4,10,844
20240425,2024-04-25,2024,2,Q2,2024-Q2,4,April,Apr,2024-04,20240401,17,2024,4,Thursday,False,True,,2024,4,10,845
20240426,2024-04-26,2024,2,Q2,2024-Q2,4,April,Apr,2024-04,20240401,17,2024,5,Friday,False,True,,2024,4,10,846
20240427,2024-04-27,2024,2,Q2,2024-Q2,4,April,Apr,2024-04,20240401,17,2024,6,Saturday,True,False,,2024,4,10,847
20240428,2024-04-28,2024,2,Q2,2024-Q2,4,April,Apr,2024-04,20240401,17,2024,7,Sunday,True,False,,2024,4,10,848
20240429,2024-04-29,2024,2,Q2,2024-Q2,4,April,Apr,2024-04,20240401,18,2024,1,Monday,False,True,,2024,4,10,849
20240430,2024-04-30,2024,2,Q2,2024-Q2,4,April,Apr,2024-04,20240401,18,2024,2,Tuesday,False,True,,2024,4,10,850
20240501,2024-05-01,2024,2,Q2,2024-Q2,5,May,May,2024-05,20240501,18,2024,3,Wednesday,False,False,Labour Day,2024,4,11,851
20240502,2024-05-02,2024,2,Q2,2024-Q2,5,May,May,2024-05,20240501,18,2024,4,Thursday,False,True,,2024,4,11,852
20240503,2024-05-03,2024,2,Q2,2024-Q2,5,May,May,2024-05,20240501,18,2024,5,Friday,False,False,Constitution Day PL,2024,4,11,853
20240504,2024-05-04,2024,2,Q2,2024-Q2,5,May,May,2024-05,20240501,18,2024,6,Saturday,True,False,,2024,4,11,854
20240505,2024-05-05,2024,2,Q2,2024-Q2,5,May,May,2024-05,20240501,18,2024,7,Sunday,True,False,,2024,4,11,855
20240506,2024-05-06,2024,2,Q2,2024-Q2,5,May,May,2024-05,20240501,19,2024,1,Monday,False,True,,2024,4,11,856
20240507,2024-05-07,2024,2,Q2,2024-Q2,5,May,May,2024-05,20240501,19,2024,2,Tuesday,False,True,,2024,4,11,857
20240508,2024-05-08,2024,2,Q2,2024-Q2,5,May,May,2024-05,20240501,19,2024,3,Wednesday,False,True,,2024,4,11,858
20240509,2024-05-09,2024,2,Q2,2024-Q2,5,May,May,2024-05,20240501,19,2024,4,Thursday,False,True,,2024,4,11,859
20240510,2024-05-10,2024,2,Q2,2024-Q2,5,May,May,2024-05,20240501,19,2024,5,Friday,False,True,,2024,4,11,860
20240511,2024-05-11,2024,2,Q2,2024-Q2,5,May,May,2024-05,20240501,19,2024,6,Saturday,True,False,,2024,4,11,861
20240512,2024-05-12,2024,2,Q2,2024-Q2,5,May,May,2024-05,20240501,19,2024,7,Sunday,True,False,,2024,4,11,862
20240513,2024-05-13,2024,2,Q2,2024-Q2,5,May,May,2024-05,20240501,20,2024,1,Monday,False,True,,2024,4,11,863
20240514,2024-05-14,2024,2,Q2,2024-Q2,5,May,May,2024-05,20240501,20,2024,2,Tuesday,False,True,,2024,4,11,864
20240515,2024-05-15,2024,2,Q2,2024-Q2,5,May,May,2024-05,20240501,20,2024,3,Wednesday,False,True,,2024,4,11,865
20240516,2024-05-16,2024,2,Q2,2024-Q2,5,May,May,2024-05,20240501,20,2024,4,Thursday,False,True,,2024,4,11,866
20240517,2024-05-17,2024,2,Q2,2024-Q2,5,May,May,2024-05,20240501,20,2024,5,Friday,False,True,,2024,4,11,867
20240518,2024-05-18,2024,2,Q2,2024-Q2,5,May,May,2024-05,20240501,20,2024,6,Saturday,True,False,,2024,4,11,868
20240519,2024-05-19,2024,2,Q2,2024-Q2,5,May,May,2024-05,20240501,20,2024,7,Sunday,True,False,,2024,4,11,869
20240520,2024-05-20,2024,2,Q2,2024-Q2,5,May,May,2024-05,20240501,21,2024,1,Monday,False,True,,2024,4,11,870
20240521,2024-05-21,2024,2,Q2,2024-Q2,5,May,May,2024-05,20240501,21,2024,2,Tuesday,False,True,,2024,4,11,871
20240522,2024-05-22,2024,2,Q2,2024-Q2,5,May,May,2024-05,20240501,21,2024,3,Wednesday,False,True,,2024,4,11,872
20240523,2024-05-23,2024,2,Q2,2024-Q2,5,May,May,2024-05,20240501,21,2024,4,Thursday,False,True,,2024,4,11,873
20240524,2024-05-24,2024,2,Q2,2024-Q2,5,May,May,2024-05,20240501,21,2024,5,Friday,False,True,,2024,4,11,874
20240525,2024-05-25,2024,2,Q2,2024-Q2,5,May,May,2024-05,20240501,21,2024,6,Saturday,True,False,,2024,4,11,875
20240526,2024-05-26,2024,2,Q2,2024-Q2,5,May,May,2024-05,20240501,21,2024,7,Sunday,True,False,,2024,4,11,876
20240527,2024-05-27,2024,2,Q2,2024-Q2,5,May,May,2024-05,20240501,22,2024,1,Monday,False,True,,2024,4,11,877
20240528,2024-05-28,2024,2,Q2,2024-Q2,5,May,May,2024-05,20240501,22,2024,2,Tuesday,False,True,,2024,4,11,878
20240529,2024-05-29,2024,2,Q2,2024-Q2,5,May,May,2024-05,20240501,22,2024,3,Wednesday,False,True,,2024,4,11,879
20240530,2024-05-30,2024,2,Q2,2024-Q2,5,May,May,2024-05,20240501,22,2024,4,Thursday,False,True,,2024,4,11,880
20240531,2024-05-31,2024,2,Q2,2024-Q2,5,May,May,2024-05,20240501,22,2024,5,Friday,False,True,,2024,4,11,881
20240601,2024-06-01,2024,2,Q2,2024-Q2,6,June,Jun,2024-06,20240601,22,2024,6,Saturday,True,False,,2024,4,12,882
20240602,2024-06-02,2024,2,Q2,2024-Q2,6,June,Jun,2024-06,20240601,22,2024,7,Sunday,True,False,,2024,4,12,883
20240603,2024-06-03,2024,2,Q2,2024-Q2,6,June,Jun,2024-06,20240601,23,2024,1,Monday,False,True,,2024,4,12,884
20240604,2024-06-04,2024,2,Q2,2024-Q2,6,June,Jun,2024-06,20240601,23,2024,2,Tuesday,False,True,,2024,4,12,885
20240605,2024-06-05,2024,2,Q2,2024-Q2,6,June,Jun,2024-06,20240601,23,2024,3,Wednesday,False,True,,2024,4,12,886
20240606,2024-06-06,2024,2,Q2,2024-Q2,6,June,Jun,2024-06,20240601,23,2024,4,Thursday,False,True,,2024,4,12,887
20240607,2024-06-07,2024,2,Q2,2024-Q2,6,June,Jun,2024-06,20240601,23,2024,5,Friday,False,True,,2024,4,12,888
20240608,2024-06-08,2024,2,Q2,2024-Q2,6,June,Jun,2024-06,20240601,23,2024,6,Saturday,True,False,,2024,4,12,889
20240609,2024-06-09,2024,2,Q2,2024-Q2,6,June,Jun,2024-06,20240601,23,2024,7,Sunday,True,False,,2024,4,12,890
20240610,2024-06-10,2024,2,Q2,2024-Q2,6,June,Jun,2024-06,20240601,24,2024,1,Monday,False,True,,2024,4,12,891
20240611,2024-06-11,2024,2,Q2,2024-Q2,6,June,Jun,2024-06,20240601,24,2024,2,Tuesday,False,True,,2024,4,12,892
20240612,2024-06-12,2024,2,Q2,2024-Q2,6,June,Jun,2024-06,20240601,24,2024,3,Wednesday,False,True,,2024,4,12,893
20240613,2024-06-13,2024,2,Q2,2024-Q2,6,June,Jun,2024-06,20240601,24,2024,4,Thursday,False,True,,2024,4,12,894
20240614,2024-06-14,2024,2,Q2,2024-Q2,6,June,Jun,2024-06,20240601,24,2024,5,Friday,False,True,,2024,4,12,895
20240615,2024-06-15,2024,2,Q2,2024-Q2,6,June,Jun,2024-06,20240601,24,2024,6,Saturday,True,False,,2024,4,12,896
20240616,2024-06-16,2024,2,Q2,2024-Q2,6,June,Jun,2024-06,20240601,24,2024,7,Sunday,True,False,,2024,4,12,897
20240617,2024-06-17,2024,2,Q2,2024-Q2,6,June,Jun,2024-06,20240601,25,2024,1,Monday,False,True,,2024,4,12,898
20240618,2024-06-18,2024,2,Q2,2024-Q2,6,June,Jun,2024-06,20240601,25,2024,2,Tuesday,False,True,,2024,4,12,899
20240619,2024-06-19,2024,2,Q2,2024-Q2,6,June,Jun,2024-06,20240601,25,2024,3,Wednesday,False,True,,2024,4,12,900
20240620,2024-06-20,2024,2,Q2,2024-Q2,6,June,Jun,2024-06,20240601,25,2024,4,Thursday,False,True,,2024,4,12,901
20240621,2024-06-21,2024,2,Q2,2024-Q2,6,June,Jun,2024-06,20240601,25,2024,5,Friday,False,True,,2024,4,12,902
20240622,2024-06-22,2024,2,Q2,2024-Q2,6,June,Jun,2024-06,20240601,25,2024,6,Saturday,True,False,,2024,4,12,903
20240623,2024-06-23,2024,2,Q2,2024-Q2,6,June,Jun,2024-06,20240601,25,2024,7,Sunday,True,False,,2024,4,12,904
20240624,2024-06-24,2024,2,Q2,2024-Q2,6,June,Jun,2024-06,20240601,26,2024,1,Monday,False,True,,2024,4,12,905
20240625,2024-06-25,2024,2,Q2,2024-Q2,6,June,Jun,2024-06,20240601,26,2024,2,Tuesday,False,True,,2024,4,12,906
20240626,2024-06-26,2024,2,Q2,2024-Q2,6,June,Jun,2024-06,20240601,26,2024,3,Wednesday,False,True,,2024,4,12,907
20240627,2024-06-27,2024,2,Q2,2024-Q2,6,June,Jun,2024-06,20240601,26,2024,4,Thursday,False,True,,2024,4,12,908
20240628,2024-06-28,2024,2,Q2,2024-Q2,6,June,Jun,2024-06,20240601,26,2024,5,Friday,False,True,,2024,4,12,909
20240629,2024-06-29,2024,2,Q2,2024-Q2,6,June,Jun,2024-06,20240601,26,2024,6,Saturday,True,False,,2024,4,12,910
20240630,2024-06-30,2024,2,Q2,2024-Q2,6,June,Jun,2024-06,20240601,26,2024,7,Sunday,True,False,,2024,4,12,911
20240701,2024-07-01,2024,3,Q3,2024-Q3,7,July,Jul,2024-07,20240701,27,2024,1,Monday,False,True,,2025,1,1,912
20240702,2024-07-02,2024,3,Q3,2024-Q3,7,July,Jul,2024-07,20240701,27,2024,2,Tuesday,False,True,,2025,1,1,913
20240703,2024-07-03,2024,3,Q3,2024-Q3,7,July,Jul,2024-07,20240701,27,2024,3,Wednesday,False,True,,2025,1,1,914
20240704,2024-07-04,2024,3,Q3,2024-Q3,7,July,Jul,2024-07,20240701,27,2024,4,Thursday,False,True,,2025,1,1,915
20240705,2024-07-05,2024,3,Q3,2024-Q3,7,July,Jul,2024-07,20240701,27,2024,5,Friday,False,True,,2025,1,1,916
20240706,2024-07-06,2024,3,Q3,2024-Q3,7,July,Jul,2024-07,20240701,27,2024,6,Saturday,True,False,,2025,1,1,917
20240707,2024-07-07,2024,3,Q3,2024-Q3,7,July,Jul,2024-07,20240701,27,2024,7,Sunday,True,False,,2025,1,1,918
20240708,2024-07-08,2024,3,Q3,2024-Q3,7,July,Jul,2024-07,20240701,28,2024,1,Monday,False,True,,2025,1,1,919
20240709,2024-07-09,2024,3,Q3,2024-Q3,7,July,Jul,2024-07,20240701,28,2024,2,Tuesday,False,True,,2025,1,1,920
20240710,2024-07-10,2024,3,Q3,2024-Q3,7,July,Jul,2024-07,20240701,28,2024,3,Wednesday,False,True,,2025,1,1,921
20240711,2024-07-11,2024,3,Q3,2024-Q3,7,July,Jul,2024-07,20240701,28,2024,4,Thursday,False,True,,2025,1,1,922
20240712,2024-07-12,2024,3,Q3,2024-Q3,7,July,Jul,2024-07,20240701,28,2024,5,Friday,False,True,,2025,1,1,923
20240713,2024-07-13,2024,3,Q3,2024-Q3,7,July,Jul,2024-07,20240701,28,2024,6,Saturday,True,False,,2025,1,1,924
20240714,2024-07-14,2024,3,Q3,2024-Q3,7,July,Jul,2024-07,20240701,28,2024,7,Sunday,True,False,,2025,1,1,925
20240715,2024-07-15,2024,3,Q3,2024-Q3,7,July,Jul,2024-07,20240701,29,2024,1,Monday,False,True,,2025,1,1,926
20240716,2024-07-16,2024,3,Q3,2024-Q3,7,July,Jul,2024-07,20240701,29,2024,2,Tuesday,False,True,,2025,1,1,927
20240717,2024-07-17,2024,3,Q3,2024-Q3,7,July,Jul,2024-07,20240701,29,2024,3,Wednesday,False,True,,2025,1,1,928
20240718,2024-07-18,2024,3,Q3,2024-Q3,7,July,Jul,2024-07,20240701,29,2024,4,Thursday,False,True,,2025,1,1,929
20240719,2024-07-19,2024,3,Q3,2024-Q3,7,July,Jul,2024-07,20240701,29,2024,5,Friday,False,True,,2025,1,1,930
20240720,2024-07-20,2024,3,Q3,2024-Q3,7,July,Jul,2024-07,20240701,29,2024,6,Saturday,True,False,,2025,1,1,931
20240721,2024-07-21,2024,3,Q3,2024-Q3,7,July,Jul,2024-07,20240701,29,2024,7,Sunday,True,False,,2025,1,1,932
20240722,2024-07-22,2024,3,Q3,2024-Q3,7,July,Jul,2024-07,20240701,30,2024,1,Monday,False,True,,2025,1,1,933
20240723,2024-07-23,2024,3,Q3,2024-Q3,7,July,Jul,2024-07,20240701,30,2024,2,Tuesday,False,True,,2025,1,1,934
20240724,2024-07-24,2024,3,Q3,2024-Q3,7,July,Jul,2024-07,20240701,30,2024,3,Wednesday,False,True,,2025,1,1,935
20240725,2024-07-25,2024,3,Q3,2024-Q3,7,July,Jul,2024-07,20240701,30,2024,4,Thursday,False,True,,2025,1,1,936
20240726,2024-07-26,2024,3,Q3,2024-Q3,7,July,Jul,2024-07,20240701,30,2024,5,Friday,False,True,,2025,1,1,937
20240727,2024-07-27,2024,3,Q3,2024-Q3,7,July,Jul,2024-07,20240701,30,2024,6,Saturday,True,False,,2025,1,1,938
20240728,2024-07-28,2024,3,Q3,2024-Q3,7,July,Jul,2024-07,20240701,30,2024,7,Sunday,True,False,,2025,1,1,939
20240729,2024-07-29,2024,3,Q3,2024-Q3,7,July,Jul,2024-07,20240701,31,2024,1,Monday,False,True,,2025,1,1,940
20240730,2024-07-30,2024,3,Q3,2024-Q3,7,July,Jul,2024-07,20240701,31,2024,2,Tuesday,False,True,,2025,1,1,941
20240731,2024-07-31,2024,3,Q3,2024-Q3,7,July,Jul,2024-07,20240701,31,2024,3,Wednesday,False,True,,2025,1,1,942
20240801,2024-08-01,2024,3,Q3,2024-Q3,8,August,Aug,2024-08,20240801,31,2024,4,Thursday,False,True,,2025,1,2,943
20240802,2024-08-02,2024,3,Q3,2024-Q3,8,August,Aug,2024-08,20240801,31,2024,5,Friday,False,True,,2025,1,2,944
20240803,2024-08-03,2024,3,Q3,2024-Q3,8,August,Aug,2024-08,20240801,31,2024,6,Saturday,True,False,,2025,1,2,945
20240804,2024-08-04,2024,3,Q3,2024-Q3,8,August,Aug,2024-08,20240801,31,2024,7,Sunday,True,False,,2025,1,2,946
20240805,2024-08-05,2024,3,Q3,2024-Q3,8,August,Aug,2024-08,20240801,32,2024,1,Monday,False,True,,2025,1,2,947
20240806,2024-08-06,2024,3,Q3,2024-Q3,8,August,Aug,2024-08,20240801,32,2024,2,Tuesday,False,True,,2025,1,2,948
20240807,2024-08-07,2024,3,Q3,2024-Q3,8,August,Aug,2024-08,20240801,32,2024,3,Wednesday,False,True,,2025,1,2,949
20240808,2024-08-08,2024,3,Q3,2024-Q3,8,August,Aug,2024-08,20240801,32,2024,4,Thursday,False,True,,2025,1,2,950
20240809,2024-08-09,2024,3,Q3,2024-Q3,8,August,Aug,2024-08,20240801,32,2024,5,Friday,False,True,,2025,1,2,951
20240810,2024-08-10,2024,3,Q3,2024-Q3,8,August,Aug,2024-08,20240801,32,2024,6,Saturday,True,False,,2025,1,2,952
20240811,2024-08-11,2024,3,Q3,2024-Q3,8,August,Aug,2024-08,20240801,32,2024,7,Sunday,True,False,,2025,1,2,953
20240812,2024-08-12,2024,3,Q3,2024-Q3,8,August,Aug,2024-08,20240801,33,2024,1,Monday,False,True,,2025,1,2,954
20240813,2024-08-13,2024,3,Q3,2024-Q3,8,August,Aug,2024-08,20240801,33,2024,2,Tuesday,False,True,,2025,1,2,955
20240814,2024-08-14,2024,3,Q3,2024-Q3,8,August,Aug,2024-08,20240801,33,2024,3,Wednesday,False,True,,2025,1,2,956
20240815,2024-08-15,2024,3,Q3,2024-Q3,8,August,Aug,2024-08,20240801,33,2024,4,Thursday,False,False,Assumption Day PL,2025,1,2,957
20240816,2024-08-16,2024,3,Q3,2024-Q3,8,August,Aug,2024-08,20240801,33,2024,5,Friday,False,True,,2025,1,2,958
20240817,2024-08-17,2024,3,Q3,2024-Q3,8,August,Aug,2024-08,20240801,33,2024,6,Saturday,True,False,,2025,1,2,959
20240818,2024-08-18,2024,3,Q3,2024-Q3,8,August,Aug,2024-08,20240801,33,2024,7,Sunday,True,False,,2025,1,2,960
20240819,2024-08-19,2024,3,Q3,2024-Q3,8,August,Aug,2024-08,20240801,34,2024,1,Monday,False,True,,2025,1,2,961
20240820,2024-08-20,2024,3,Q3,2024-Q3,8,August,Aug,2024-08,20240801,34,2024,2,Tuesday,False,True,,2025,1,2,962
20240821,2024-08-21,2024,3,Q3,2024-Q3,8,August,Aug,2024-08,20240801,34,2024,3,Wednesday,False,True,,2025,1,2,963
20240822,2024-08-22,2024,3,Q3,2024-Q3,8,August,Aug,2024-08,20240801,34,2024,4,Thursday,False,True,,2025,1,2,964
20240823,2024-08-23,2024,3,Q3,2024-Q3,8,August,Aug,2024-08,20240801,34,2024,5,Friday,False,True,,2025,1,2,965
20240824,2024-08-24,2024,3,Q3,2024-Q3,8,August,Aug,2024-08,20240801,34,2024,6,Saturday,True,False,,2025,1,2,966
20240825,2024-08-25,2024,3,Q3,2024-Q3,8,August,Aug,2024-08,20240801,34,2024,7,Sunday,True,False,,2025,1,2,967
20240826,2024-08-26,2024,3,Q3,2024-Q3,8,August,Aug,2024-08,20240801,35,2024,1,Monday,False,True,,2025,1,2,968
20240827,2024-08-27,2024,3,Q3,2024-Q3,8,August,Aug,2024-08,20240801,35,2024,2,Tuesday,False,True,,2025,1,2,969
20240828,2024-08-28,2024,3,Q3,2024-Q3,8,August,Aug,2024-08,20240801,35,2024,3,Wednesday,False,True,,2025,1,2,970
20240829,2024-08-29,2024,3,Q3,2024-Q3,8,August,Aug,2024-08,20240801,35,2024,4,Thursday,False,True,,2025,1,2,971
20240830,2024-08-30,2024,3,Q3,2024-Q3,8,August,Aug,2024-08,20240801,35,2024,5,Friday,False,True,,2025,1,2,972
20240831,2024-08-31,2024,3,Q3,2024-Q3,8,August,Aug,2024-08,20240801,35,2024,6,Saturday,True,False,,2025,1,2,973
20240901,2024-09-01,2024,3,Q3,2024-Q3,9,September,Sep,2024-09,20240901,35,2024,7,Sunday,True,False,,2025,1,3,974
20240902,2024-09-02,2024,3,Q3,2024-Q3,9,September,Sep,2024-09,20240901,36,2024,1,Monday,False,True,,2025,1,3,975
20240903,2024-09-03,2024,3,Q3,2024-Q3,9,September,Sep,2024-09,20240901,36,2024,2,Tuesday,False,True,,2025,1,3,976
20240904,2024-09-04,2024,3,Q3,2024-Q3,9,September,Sep,2024-09,20240901,36,2024,3,Wednesday,False,True,,2025,1,3,977
20240905,2024-09-05,2024,3,Q3,2024-Q3,9,September,Sep,2024-09,20240901,36,2024,4,Thursday,False,True,,2025,1,3,978
20240906,2024-09-06,2024,3,Q3,2024-Q3,9,September,Sep,2024-09,20240901,36,2024,5,Friday,False,True,,2025,1,3,979
20240907,2024-09-07,2024,3,Q3,2024-Q3,9,September,Sep,2024-09,20240901,36,2024,6,Saturday,True,False,,2025,1,3,980
20240908,2024-09-08,2024,3,Q3,2024-Q3,9,September,Sep,2024-09,20240901,36,2024,7,Sunday,True,False,,2025,1,3,981
20240909,2024-09-09,2024,3,Q3,2024-Q3,9,September,Sep,2024-09,20240901,37,2024,1,Monday,False,True,,2025,1,3,982
20240910,2024-09-10,2024,3,Q3,2024-Q3,9,September,Sep,2024-09,20240901,37,2024,2,Tuesday,False,True,,2025,1,3,983
20240911,2024-09-11,2024,3,Q3,2024-Q3,9,September,Sep,2024-09,20240901,37,2024,3,Wednesday,False,True,,2025,1,3,984
20240912,2024-09-12,2024,3,Q3,2024-Q3,9,September,Sep,2024-09,20240901,37,2024,4,Thursday,False,True,,2025,1,3,985
20240913,2024-09-13,2024,3,Q3,2024-Q3,9,September,Sep,2024-09,20240901,37,2024,5,Friday,False,True,,2025,1,3,986
20240914,2024-09-14,2024,3,Q3,2024-Q3,9,September,Sep,2024-09,20240901,37,2024,6,Saturday,True,False,,2025,1,3,987
20240915,2024-09-15,2024,3,Q3,2024-Q3,9,September,Sep,2024-09,20240901,37,2024,7,Sunday,True,False,,2025,1,3,988
20240916,2024-09-16,2024,3,Q3,2024-Q3,9,September,Sep,2024-09,20240901,38,2024,1,Monday,False,True,,2025,1,3,989
20240917,2024-09-17,2024,3,Q3,2024-Q3,9,September,Sep,2024-09,20240901,38,2024,2,Tuesday,False,True,,2025,1,3,990
20240918,2024-09-18,2024,3,Q3,2024-Q3,9,September,Sep,2024-09,20240901,38,2024,3,Wednesday,False,True,,2025,1,3,991
20240919,2024-09-19,2024,3,Q3,2024-Q3,9,September,Sep,2024-09,20240901,38,2024,4,Thursday,False,True,,2025,1,3,992
20240920,2024-09-20,2024,3,Q3,2024-Q3,9,September,Sep,2024-09,20240901,38,2024,5,Friday,False,True,,2025,1,3,993
20240921,2024-09-21,2024,3,Q3,2024-Q3,9,September,Sep,2024-09,20240901,38,2024,6,Saturday,True,False,,2025,1,3,994
20240922,2024-09-22,2024,3,Q3,2024-Q3,9,September,Sep,2024-09,20240901,38,2024,7,Sunday,True,False,,2025,1,3,995
20240923,2024-09-23,2024,3,Q3,2024-Q3,9,September,Sep,2024-09,20240901,39,2024,1,Monday,False,True,,2025,1,3,996
20240924,2024-09-24,2024,3,Q3,2024-Q3,9,September,Sep,2024-09,20240901,39,2024,2,Tuesday,False,True,,2025,1,3,997
20240925,2024-09-25,2024,3,Q3,2024-Q3,9,September,Sep,2024-09,20240901,39,2024,3,Wednesday,False,True,,2025,1,3,998
20240926,2024-09-26,2024,3,Q3,2024-Q3,9,September,Sep,2024-09,20240901,39,2024,4,Thursday,False,True,,2025,1,3,999
20240927,2024-09-27,2024,3,Q3,2024-Q3,9,September,Sep,2024-09,20240901,39,2024,5,Friday,False,True,,2025,1,3,1000
20240928,2024-09-28,2024,3,Q3,2024-Q3,9,September,Sep,2024-09,20240901,39,2024,6,Saturday,True,False,,2025,1,3,1001
20240929,2024-09-29,2024,3,Q3,2024-Q3,9,September,Sep,2024-09,20240901,39,2024,7,Sunday,True,False,,2025,1,3,1002
20240930,2024-09-30,2024,3,Q3,2024-Q3,9,September,Sep,2024-09,20240901,40,2024,1,Monday,False,True,,2025,1,3,1003
20241001,2024-10-01,2024,4,Q4,2024-Q4,10,October,Oct,2024-10,20241001,40,2024,2,Tuesday,False,True,,2025,2,4,1004
20241002,2024-10-02,2024,4,Q4,2024-Q4,10,October,Oct,2024-10,20241001,40,2024,3,Wednesday,False,True,,2025,2,4,1005
20241003,2024-10-03,2024,4,Q4,2024-Q4,10,October,Oct,2024-10,20241001,40,2024,4,Thursday,False,True,,2025,2,4,1006
20241004,2024-10-04,2024,4,Q4,2024-Q4,10,October,Oct,2024-10,20241001,40,2024,5,Friday,False,True,,2025,2,4,1007
20241005,2024-10-05,2024,4,Q4,2024-Q4,10,October,Oct,2024-10,20241001,40,2024,6,Saturday,True,False,,2025,2,4,1008
20241006,2024-10-06,2024,4,Q4,2024-Q4,10,October,Oct,2024-10,20241001,40,2024,7,Sunday,True,False,,2025,2,4,1009
20241007,2024-10-07,2024,4,Q4,2024-Q4,10,October,Oct,2024-10,20241001,41,2024,1,Monday,False,True,,2025,2,4,1010
20241008,2024-10-08,2024,4,Q4,2024-Q4,10,October,Oct,2024-10,20241001,41,2024,2,Tuesday,False,True,,2025,2,4,1011
20241009,2024-10-09,2024,4,Q4,2024-Q4,10,October,Oct,2024-10,20241001,41,2024,3,Wednesday,False,True,,2025,2,4,1012
20241010,2024-10-10,2024,4,Q4,2024-Q4,10,October,Oct,2024-10,20241001,41,2024,4,Thursday,False,True,,2025,2,4,1013
20241011,2024-10-11,2024,4,Q4,2024-Q4,10,October,Oct,2024-10,20241001,41,2024,5,Friday,False,True,,2025,2,4,1014
20241012,2024-10-12,2024,4,Q4,2024-Q4,10,October,Oct,2024-10,20241001,41,2024,6,Saturday,True,False,,2025,2,4,1015
20241013,2024-10-13,2024,4,Q4,2024-Q4,10,October,Oct,2024-10,20241001,41,2024,7,Sunday,True,False,,2025,2,4,1016
20241014,2024-10-14,2024,4,Q4,2024-Q4,10,October,Oct,2024-10,20241001,42,2024,1,Monday,False,True,,2025,2,4,1017
20241015,2024-10-15,2024,4,Q4,2024-Q4,10,October,Oct,2024-10,20241001,42,2024,2,Tuesday,False,True,,2025,2,4,1018
20241016,2024-10-16,2024,4,Q4,2024-Q4,10,October,Oct,2024-10,20241001,42,2024,3,Wednesday,False,True,,2025,2,4,1019
20241017,2024-10-17,2024,4,Q4,2024-Q4,10,October,Oct,2024-10,20241001,42,2024,4,Thursday,False,True,,2025,2,4,1020
20241018,2024-10-18,2024,4,Q4,2024-Q4,10,October,Oct,2024-10,20241001,42,2024,5,Friday,False,True,,2025,2,4,1021
20241019,2024-10-19,2024,4,Q4,2024-Q4,10,October,Oct,2024-10,20241001,42,2024,6,Saturday,True,False,,2025,2,4,1022
20241020,2024-10-20,2024,4,Q4,2024-Q4,10,October,Oct,2024-10,20241001,42,2024,7,Sunday,True,False,,2025,2,4,1023
20241021,2024-10-21,2024,4,Q4,2024-Q4,10,October,Oct,2024-10,20241001,43,2024,1,Monday,False,True,,2025,2,4,1024
20241022,2024-10-22,2024,4,Q4,2024-Q4,10,October,Oct,2024-10,20241001,43,2024,2,Tuesday,False,True,,2025,2,4,1025
20241023,2024-10-23,2024,4,Q4,2024-Q4,10,October,Oct,2024-10,20241001,43,2024,3,Wednesday,False,True,,2025,2,4,1026
20241024,2024-10-24,2024,4,Q4,2024-Q4,10,October,Oct,2024-10,20241001,43,2024,4,Thursday,False,True,,2025,2,4,1027
20241025,2024-10-25,2024,4,Q4,2024-Q4,10,October,Oct,2024-10,20241001,43,2024,5,Friday,False,True,,2025,2,4,1028
20241026,2024-10-26,2024,4,Q4,2024-Q4,10,October,Oct,2024-10,20241001,43,2024,6,Saturday,True,False,,2025,2,4,1029
20241027,2024-10-27,2024,4,Q4,2024-Q4,10,October,Oct,2024-10,20241001,43,2024,7,Sunday,True,False,,2025,2,4,1030
20241028,2024-10-28,2024,4,Q4,2024-Q4,10,October,Oct,2024-10,20241001,44,2024,1,Monday,False,True,,2025,2,4,1031
20241029,2024-10-29,2024,4,Q4,2024-Q4,10,October,Oct,2024-10,20241001,44,2024,2,Tuesday,False,True,,2025,2,4,1032
20241030,2024-10-30,2024,4,Q4,2024-Q4,10,October,Oct,2024-10,20241001,44,2024,3,Wednesday,False,True,,2025,2,4,1033
20241031,2024-10-31,2024,4,Q4,2024-Q4,10,October,Oct,2024-10,20241001,44,2024,4,Thursday,False,True,,2025,2,4,1034
20241101,2024-11-01,2024,4,Q4,2024-Q4,11,November,Nov,2024-11,20241101,44,2024,5,Friday,False,False,All Saints PL,2025,2,5,1035
20241102,2024-11-02,2024,4,Q4,2024-Q4,11,November,Nov,2024-11,20241101,44,2024,6,Saturday,True,False,,2025,2,5,1036
20241103,2024-11-03,2024,4,Q4,2024-Q4,11,November,Nov,2024-11,20241101,44,2024,7,Sunday,True,False,,2025,2,5,1037
20241104,2024-11-04,2024,4,Q4,2024-Q4,11,November,Nov,2024-11,20241101,45,2024,1,Monday,False,True,,2025,2,5,1038
20241105,2024-11-05,2024,4,Q4,2024-Q4,11,November,Nov,2024-11,20241101,45,2024,2,Tuesday,False,True,,2025,2,5,1039
20241106,2024-11-06,2024,4,Q4,2024-Q4,11,November,Nov,2024-11,20241101,45,2024,3,Wednesday,False,True,,2025,2,5,1040
20241107,2024-11-07,2024,4,Q4,2024-Q4,11,November,Nov,2024-11,20241101,45,2024,4,Thursday,False,True,,2025,2,5,1041
20241108,2024-11-08,2024,4,Q4,2024-Q4,11,November,Nov,2024-11,20241101,45,2024,5,Friday,False,True,,2025,2,5,1042
20241109,2024-11-09,2024,4,Q4,2024-Q4,11,November,Nov,2024-11,20241101,45,2024,6,Saturday,True,False,,2025,2,5,1043
20241110,2024-11-10,2024,4,Q4,2024-Q4,11,November,Nov,2024-11,20241101,45,2024,7,Sunday,True,False,,2025,2,5,1044
20241111,2024-11-11,2024,4,Q4,2024-Q4,11,November,Nov,2024-11,20241101,46,2024,1,Monday,False,False,Independence Day PL,2025,2,5,1045
20241112,2024-11-12,2024,4,Q4,2024-Q4,11,November,Nov,2024-11,20241101,46,2024,2,Tuesday,False,True,,2025,2,5,1046
20241113,2024-11-13,2024,4,Q4,2024-Q4,11,November,Nov,2024-11,20241101,46,2024,3,Wednesday,False,True,,2025,2,5,1047
20241114,2024-11-14,2024,4,Q4,2024-Q4,11,November,Nov,2024-11,20241101,46,2024,4,Thursday,False,True,,2025,2,5,1048
20241115,2024-11-15,2024,4,Q4,2024-Q4,11,November,Nov,2024-11,20241101,46,2024,5,Friday,False,True,,2025,2,5,1049
20241116,2024-11-16,2024,4,Q4,2024-Q4,11,November,Nov,2024-11,20241101,46,2024,6,Saturday,True,False,,2025,2,5,1050
20241117,2024-11-17,2024,4,Q4,2024-Q4,11,November,Nov,2024-11,20241101,46,2024,7,Sunday,True,False,,2025,2,5,1051
20241118,2024-11-18,2024,4,Q4,2024-Q4,11,November,Nov,2024-11,20241101,47,2024,1,Monday,False,True,,2025,2,5,1052
20241119,2024-11-19,2024,4,Q4,2024-Q4,11,November,Nov,2024-11,20241101,47,2024,2,Tuesday,False,True,,2025,2,5,1053
20241120,2024-11-20,2024,4,Q4,2024-Q4,11,November,Nov,2024-11,20241101,47,2024,3,Wednesday,False,True,,2025,2,5,1054
20241121,2024-11-21,2024,4,Q4,2024-Q4,11,November,Nov,2024-11,20241101,47,2024,4,Thursday,False,True,,2025,2,5,1055
20241122,2024-11-22,2024,4,Q4,2024-Q4,11,November,Nov,2024-11,20241101,47,2024,5,Friday,False,True,,2025,2,5,1056
20241123,2024-11-23,2024,4,Q4,2024-Q4,11,November,Nov,2024-11,20241101,47,2024,6,Saturday,True,False,,2025,2,5,1057
20241124,2024-11-24,2024,4,Q4,2024-Q4,11,November,Nov,2024-11,20241101,47,2024,7,Sunday,True,False,,2025,2,5,1058
20241125,2024-11-25,2024,4,Q4,2024-Q4,11,November,Nov,2024-11,20241101,48,2024,1,Monday,False,True,,2025,2,5,1059
20241126,2024-11-26,2024,4,Q4,2024-Q4,11,November,Nov,2024-11,20241101,48,2024,2,Tuesday,False,True,,2025,2,5,1060
20241127,2024-11-27,2024,4,Q4,2024-Q4,11,November,Nov,2024-11,20241101,48,2024,3,Wednesday,False,True,,2025,2,5,1061
20241128,2024-11-28,2024,4,Q4,2024-Q4,11,November,Nov,2024-11,20241101,48,2024,4,Thursday,False,True,,2025,2,5,1062
20241129,2024-11-29,2024,4,Q4,2024-Q4,11,November,Nov,2024-11,20241101,48,2024,5,Friday,False,True,,2025,2,5,1063
20241130,2024-11-30,2024,4,Q4,2024-Q4,11,November,Nov,2024-11,20241101,48,2024,6,Saturday,True,False,,2025,2,5,1064
20241201,2024-12-01,2024,4,Q4,2024-Q4,12,December,Dec,2024-12,20241201,48,2024,7,Sunday,True,False,,2025,2,6,1065
20241202,2024-12-02,2024,4,Q4,2024-Q4,12,December,Dec,2024-12,20241201,49,2024,1,Monday,False,True,,2025,2,6,1066
20241203,2024-12-03,2024,4,Q4,2024-Q4,12,December,Dec,2024-12,20241201,49,2024,2,Tuesday,False,True,,2025,2,6,1067
20241204,2024-12-04,2024,4,Q4,2024-Q4,12,December,Dec,2024-12,20241201,49,2024,3,Wednesday,False,True,,2025,2,6,1068
20241205,2024-12-05,2024,4,Q4,2024-Q4,12,December,Dec,2024-12,20241201,49,2024,4,Thursday,False,True,,2025,2,6,1069
20241206,2024-12-06,2024,4,Q4,2024-Q4,12,December,Dec,2024-12,20241201,49,2024,5,Friday,False,True,,2025,2,6,1070
20241207,2024-12-07,2024,4,Q4,2024-Q4,12,December,Dec,2024-12,20241201,49,2024,6,Saturday,True,False,,2025,2,6,1071
20241208,2024-12-08,2024,4,Q4,2024-Q4,12,December,Dec,2024-12,20241201,49,2024,7,Sunday,True,False,,2025,2,6,1072
20241209,2024-12-09,2024,4,Q4,2024-Q4,12,December,Dec,2024-12,20241201,50,2024,1,Monday,False,True,,2025,2,6,1073
20241210,2024-12-10,2024,4,Q4,2024-Q4,12,December,Dec,2024-12,20241201,50,2024,2,Tuesday,False,True,,2025,2,6,1074
20241211,2024-12-11,2024,4,Q4,2024-Q4,12,December,Dec,2024-12,20241201,50,2024,3,Wednesday,False,True,,2025,2,6,1075
20241212,2024-12-12,2024,4,Q4,2024-Q4,12,December,Dec,2024-12,20241201,50,2024,4,Thursday,False,True,,2025,2,6,1076
20241213,2024-12-13,2024,4,Q4,2024-Q4,12,December,Dec,2024-12,20241201,50,2024,5,Friday,False,True,,2025,2,6,1077
20241214,2024-12-14,2024,4,Q4,2024-Q4,12,December,Dec,2024-12,20241201,50,2024,6,Saturday,True,False,,2025,2,6,1078
20241215,2024-12-15,2024,4,Q4,2024-Q4,12,December,Dec,2024-12,20241201,50,2024,7,Sunday,True,False,,2025,2,6,1079
20241216,2024-12-16,2024,4,Q4,2024-Q4,12,December,Dec,2024-12,20241201,51,2024,1,Monday,False,True,,2025,2,6,1080
20241217,2024-12-17,2024,4,Q4,2024-Q4,12,December,Dec,2024-12,20241201,51,2024,2,Tuesday,False,True,,2025,2,6,1081
20241218,2024-12-18,2024,4,Q4,2024-Q4,12,December,Dec,2024-12,20241201,51,2024,3,Wednesday,False,True,,2025,2,6,1082
20241219,2024-12-19,2024,4,Q4,2024-Q4,12,December,Dec,2024-12,20241201,51,2024,4,Thursday,False,True,,2025,2,6,1083
20241220,2024-12-20,2024,4,Q4,2024-Q4,12,December,Dec,2024-12,20241201,51,2024,5,Friday,False,True,,2025,2,6,1084
20241221,2024-12-21,2024,4,Q4,2024-Q4,12,December,Dec,2024-12,20241201,51,2024,6,Saturday,True,False,,2025,2,6,1085
20241222,2024-12-22,2024,4,Q4,2024-Q4,12,December,Dec,2024-12,20241201,51,2024,7,Sunday,True,False,,2025,2,6,1086
20241223,2024-12-23,2024,4,Q4,2024-Q4,12,December,Dec,2024-12,20241201,52,2024,1,Monday,False,True,,2025,2,6,1087
20241224,2024-12-24,2024,4,Q4,2024-Q4,12,December,Dec,2024-12,20241201,52,2024,2,Tuesday,False,True,,2025,2,6,1088
20241225,2024-12-25,2024,4,Q4,2024-Q4,12,December,Dec,2024-12,20241201,52,2024,3,Wednesday,False,False,Christmas,2025,2,6,1089
20241226,2024-12-26,2024,4,Q4,2024-Q4,12,December,Dec,2024-12,20241201,52,2024,4,Thursday,False,False,Boxing Day,2025,2,6,1090
20241227,2024-12-27,2024,4,Q4,2024-Q4,12,December,Dec,2024-12,20241201,52,2024,5,Friday,False,True,,2025,2,6,1091
20241228,2024-12-28,2024,4,Q4,2024-Q4,12,December,Dec,2024-12,20241201,52,2024,6,Saturday,True,False,,2025,2,6,1092
20241229,2024-12-29,2024,4,Q4,2024-Q4,12,December,Dec,2024-12,20241201,52,2024,7,Sunday,True,False,,2025,2,6,1093
20241230,2024-12-30,2024,4,Q4,2024-Q4,12,December,Dec,2024-12,20241201,1,2025,1,Monday,False,True,,2025,2,6,1094
20241231,2024-12-31,2024,4,Q4,2024-Q4,12,December,Dec,2024-12,20241201,1,2025,2,Tuesday,False,True,,2025,2,6,1095
20250101,2025-01-01,2025,1,Q1,2025-Q1,1,January,Jan,2025-01,20250101,1,2025,3,Wednesday,False,False,New Year,2025,3,7,1096
20250102,2025-01-02,2025,1,Q1,2025-Q1,1,January,Jan,2025-01,20250101,1,2025,4,Thursday,False,True,,2025,3,7,1097
20250103,2025-01-03,2025,1,Q1,2025-Q1,1,January,Jan,2025-01,20250101,1,2025,5,Friday,False,True,,2025,3,7,1098
20250104,2025-01-04,2025,1,Q1,2025-Q1,1,January,Jan,2025-01,20250101,1,2025,6,Saturday,True,False,,2025,3,7,1099
20250105,2025-01-05,2025,1,Q1,2025-Q1,1,January,Jan,2025-01,20250101,1,2025,7,Sunday,True,False,,2025,3,7,1100
20250106,2025-01-06,2025,1,Q1,2025-Q1,1,January,Jan,2025-01,20250101,2,2025,1,Monday,False,True,,2025,3,7,1101
20250107,2025-01-07,2025,1,Q1,2025-Q1,1,January,Jan,2025-01,20250101,2,2025,2,Tuesday,False,True,,2025,3,7,1102
20250108,2025-01-08,2025,1,Q1,2025-Q1,1,January,Jan,2025-01,20250101,2,2025,3,Wednesday,False,True,,2025,3,7,1103
20250109,2025-01-09,2025,1,Q1,2025-Q1,1,January,Jan,2025-01,20250101,2,2025,4,Thursday,False,True,,2025,3,7,1104
20250110,2025-01-10,2025,1,Q1,2025-Q1,1,January,Jan,2025-01,20250101,2,2025,5,Friday,False,True,,2025,3,7,1105
20250111,2025-01-11,2025,1,Q1,2025-Q1,1,January,Jan,2025-01,20250101,2,2025,6,Saturday,True,False,,2025,3,7,1106
20250112,2025-01-12,2025,1,Q1,2025-Q1,1,January,Jan,2025-01,20250101,2,2025,7,Sunday,True,False,,2025,3,7,1107
20250113,2025-01-13,2025,1,Q1,2025-Q1,1,January,Jan,2025-01,20250101,3,2025,1,Monday,False,True,,2025,3,7,1108
20250114,2025-01-14,2025,1,Q1,2025-Q1,1,January,Jan,2025-01,20250101,3,2025,2,Tuesday,False,True,,2025,3,7,1109
20250115,2025-01-15,2025,1,Q1,2025-Q1,1,January,Jan,2025-01,20250101,3,2025,3,Wednesday,False,True,,2025,3,7,1110
20250116,2025-01-16,2025,1,Q1,2025-Q1,1,January,Jan,2025-01,20250101,3,2025,4,Thursday,False,True,,2025,3,7,1111
20250117,2025-01-17,2025,1,Q1,2025-Q1,1,January,Jan,2025-01,20250101,3,2025,5,Friday,False,True,,2025,3,7,1112
20250118,2025-01-18,2025,1,Q1,2025-Q1,1,January,Jan,2025-01,20250101,3,2025,6,Saturday,True,False,,2025,3,7,1113
20250119,2025-01-19,2025,1,Q1,2025-Q1,1,January,Jan,2025-01,20250101,3,2025,7,Sunday,True,False,,2025,3,7,1114
20250120,2025-01-20,2025,1,Q1,2025-Q1,1,January,Jan,2025-01,20250101,4,2025,1,Monday,False,True,,2025,3,7,1115
20250121,2025-01-21,2025,1,Q1,2025-Q1,1,January,Jan,2025-01,20250101,4,2025,2,Tuesday,False,True,,2025,3,7,1116
20250122,2025-01-22,2025,1,Q1,2025-Q1,1,January,Jan,2025-01,20250101,4,2025,3,Wednesday,False,True,,2025,3,7,1117
20250123,2025-01-23,2025,1,Q1,2025-Q1,1,January,Jan,2025-01,20250101,4,2025,4,Thursday,False,True,,2025,3,7,1118
20250124,2025-01-24,2025,1,Q1,2025-Q1,1,January,Jan,2025-01,20250101,4,2025,5,Friday,False,True,,2025,3,7,1119
20250125,2025-01-25,2025,1,Q1,2025-Q1,1,January,Jan,2025-01,20250101,4,2025,6,Saturday,True,False,,2025,3,7,1120
20250126,2025-01-26,2025,1,Q1,2025-Q1,1,January,Jan,2025-01,20250101,4,2025,7,Sunday,True,False,,2025,3,7,1121
20250127,2025-01-27,2025,1,Q1,2025-Q1,1,January,Jan,2025-01,20250101,5,2025,1,Monday,False,True,,2025,3,7,1122
20250128,2025-01-28,2025,1,Q1,2025-Q1,1,January,Jan,2025-01,20250101,5,2025,2,Tuesday,False,True,,2025,3,7,1123
20250129,2025-01-29,2025,1,Q1,2025-Q1,1,January,Jan,2025-01,20250101,5,2025,3,Wednesday,False,True,,2025,3,7,1124
20250130,2025-01-30,2025,1,Q1,2025-Q1,1,January,Jan,2025-01,20250101,5,2025,4,Thursday,False,True,,2025,3,7,1125
20250131,2025-01-31,2025,1,Q1,2025-Q1,1,January,Jan,2025-01,20250101,5,2025,5,Friday,False,True,,2025,3,7,1126
20250201,2025-02-01,2025,1,Q1,2025-Q1,2,February,Feb,2025-02,20250201,5,2025,6,Saturday,True,False,,2025,3,8,1127
20250202,2025-02-02,2025,1,Q1,2025-Q1,2,February,Feb,2025-02,20250201,5,2025,7,Sunday,True,False,,2025,3,8,1128
20250203,2025-02-03,2025,1,Q1,2025-Q1,2,February,Feb,2025-02,20250201,6,2025,1,Monday,False,True,,2025,3,8,1129
20250204,2025-02-04,2025,1,Q1,2025-Q1,2,February,Feb,2025-02,20250201,6,2025,2,Tuesday,False,True,,2025,3,8,1130
20250205,2025-02-05,2025,1,Q1,2025-Q1,2,February,Feb,2025-02,20250201,6,2025,3,Wednesday,False,True,,2025,3,8,1131
20250206,2025-02-06,2025,1,Q1,2025-Q1,2,February,Feb,2025-02,20250201,6,2025,4,Thursday,False,True,,2025,3,8,1132
20250207,2025-02-07,2025,1,Q1,2025-Q1,2,February,Feb,2025-02,20250201,6,2025,5,Friday,False,True,,2025,3,8,1133
20250208,2025-02-08,2025,1,Q1,2025-Q1,2,February,Feb,2025-02,20250201,6,2025,6,Saturday,True,False,,2025,3,8,1134
20250209,2025-02-09,2025,1,Q1,2025-Q1,2,February,Feb,2025-02,20250201,6,2025,7,Sunday,True,False,,2025,3,8,1135
20250210,2025-02-10,2025,1,Q1,2025-Q1,2,February,Feb,2025-02,20250201,7,2025,1,Monday,False,True,,2025,3,8,1136
20250211,2025-02-11,2025,1,Q1,2025-Q1,2,February,Feb,2025-02,20250201,7,2025,2,Tuesday,False,True,,2025,3,8,1137
20250212,2025-02-12,2025,1,Q1,2025-Q1,2,February,Feb,2025-02,20250201,7,2025,3,Wednesday,False,True,,2025,3,8,1138
20250213,2025-02-13,2025,1,Q1,2025-Q1,2,February,Feb,2025-02,20250201,7,2025,4,Thursday,False,True,,2025,3,8,1139
20250214,2025-02-14,2025,1,Q1,2025-Q1,2,February,Feb,2025-02,20250201,7,2025,5,Friday,False,True,,2025,3,8,1140
20250215,2025-02-15,2025,1,Q1,2025-Q1,2,February,Feb,2025-02,20250201,7,2025,6,Saturday,True,False,,2025,3,8,1141
20250216,2025-02-16,2025,1,Q1,2025-Q1,2,February,Feb,2025-02,20250201,7,2025,7,Sunday,True,False,,2025,3,8,1142
20250217,2025-02-17,2025,1,Q1,2025-Q1,2,February,Feb,2025-02,20250201,8,2025,1,Monday,False,True,,2025,3,8,1143
20250218,2025-02-18,2025,1,Q1,2025-Q1,2,February,Feb,2025-02,20250201,8,2025,2,Tuesday,False,True,,2025,3,8,1144
20250219,2025-02-19,2025,1,Q1,2025-Q1,2,February,Feb,2025-02,20250201,8,2025,3,Wednesday,False,True,,2025,3,8,1145
20250220,2025-02-20,2025,1,Q1,2025-Q1,2,February,Feb,2025-02,20250201,8,2025,4,Thursday,False,True,,2025,3,8,1146
20250221,2025-02-21,2025,1,Q1,2025-Q1,2,February,Feb,2025-02,20250201,8,2025,5,Friday,False,True,,2025,3,8,1147
20250222,2025-02-22,2025,1,Q1,2025-Q1,2,February,Feb,2025-02,20250201,8,2025,6,Saturday,True,False,,2025,3,8,1148
20250223,2025-02-23,2025,1,Q1,2025-Q1,2,February,Feb,2025-02,20250201,8,2025,7,Sunday,True,False,,2025,3,8,1149
20250224,2025-02-24,2025,1,Q1,2025-Q1,2,February,Feb,2025-02,20250201,9,2025,1,Monday,False,True,,2025,3,8,1150
20250225,2025-02-25,2025,1,Q1,2025-Q1,2,February,Feb,2025-02,20250201,9,2025,2,Tuesday,False,True,,2025,3,8,1151
20250226,2025-02-26,2025,1,Q1,2025-Q1,2,February,Feb,2025-02,20250201,9,2025,3,Wednesday,False,True,,2025,3,8,1152
20250227,2025-02-27,2025,1,Q1,2025-Q1,2,February,Feb,2025-02,20250201,9,2025,4,Thursday,False,True,,2025,3,8,1153
20250228,2025-02-28,2025,1,Q1,2025-Q1,2,February,Feb,2025-02,20250201,9,2025,5,Friday,False,True,,2025,3,8,1154
20250301,2025-03-01,2025,1,Q1,2025-Q1,3,March,Mar,2025-03,20250301,9,2025,6,Saturday,True,False,,2025,3,9,1155
20250302,2025-03-02,2025,1,Q1,2025-Q1,3,March,Mar,2025-03,20250301,9,2025,7,Sunday,True,False,,2025,3,9,1156
20250303,2025-03-03,2025,1,Q1,2025-Q1,3,March,Mar,2025-03,20250301,10,2025,1,Monday,False,True,,2025,3,9,1157
20250304,2025-03-04,2025,1,Q1,2025-Q1,3,March,Mar,2025-03,20250301,10,2025,2,Tuesday,False,True,,2025,3,9,1158
20250305,2025-03-05,2025,1,Q1,2025-Q1,3,March,Mar,2025-03,20250301,10,2025,3,Wednesday,False,True,,2025,3,9,1159
20250306,2025-03-06,2025,1,Q1,2025-Q1,3,March,Mar,2025-03,20250301,10,2025,4,Thursday,False,True,,2025,3,9,1160
20250307,2025-03-07,2025,1,Q1,2025-Q1,3,March,Mar,2025-03,20250301,10,2025,5,Friday,False,True,,2025,3,9,1161
20250308,2025-03-08,2025,1,Q1,2025-Q1,3,March,Mar,2025-03,20250301,10,2025,6,Saturday,True,False,,2025,3,9,1162
20250309,2025-03-09,2025,1,Q1,2025-Q1,3,March,Mar,2025-03,20250301,10,2025,7,Sunday,True,False,,2025,3,9,1163
20250310,2025-03-10,2025,1,Q1,2025-Q1,3,March,Mar,2025-03,20250301,11,2025,1,Monday,False,True,,2025,3,9,1164
20250311,2025-03-11,2025,1,Q1,2025-Q1,3,March,Mar,2025-03,20250301,11,2025,2,Tuesday,False,True,,2025,3,9,1165
20250312,2025-03-12,2025,1,Q1,2025-Q1,3,March,Mar,2025-03,20250301,11,2025,3,Wednesday,False,True,,2025,3,9,1166
20250313,2025-03-13,2025,1,Q1,2025-Q1,3,March,Mar,2025-03,20250301,11,2025,4,Thursday,False,True,,2025,3,9,1167
20250314,2025-03-14,2025,1,Q1,2025-Q1,3,March,Mar,2025-03,20250301,11,2025,5,Friday,False,True,,2025,3,9,1168
20250315,2025-03-15,2025,1,Q1,2025-Q1,3,March,Mar,2025-03,20250301,11,2025,6,Saturday,True,False,,2025,3,9,1169
20250316,2025-03-16,2025,1,Q1,2025-Q1,3,March,Mar,2025-03,20250301,11,2025,7,Sunday,True,False,,2025,3,9,1170
20250317,2025-03-17,2025,1,Q1,2025-Q1,3,March,Mar,2025-03,20250301,12,2025,1,Monday,False,True,,2025,3,9,1171
20250318,2025-03-18,2025,1,Q1,2025-Q1,3,March,Mar,2025-03,20250301,12,2025,2,Tuesday,False,True,,2025,3,9,1172
20250319,2025-03-19,2025,1,Q1,2025-Q1,3,March,Mar,2025-03,20250301,12,2025,3,Wednesday,False,True,,2025,3,9,1173
20250320,2025-03-20,2025,1,Q1,2025-Q1,3,March,Mar,2025-03,20250301,12,2025,4,Thursday,False,True,,2025,3,9,1174
20250321,2025-03-21,2025,1,Q1,2025-Q1,3,March,Mar,2025-03,20250301,12,2025,5,Friday,False,True,,2025,3,9,1175
20250322,2025-03-22,2025,1,Q1,2025-Q1,3,March,Mar,2025-03,20250301,12,2025,6,Saturday,True,False,,2025,3,9,1176
20250323,2025-03-23,2025,1,Q1,2025-Q1,3,March,Mar,2025-03,20250301,12,2025,7,Sunday,True,False,,2025,3,9,1177
20250324,2025-03-24,2025,1,Q1,2025-Q1,3,March,Mar,2025-03,20250301,13,2025,1,Monday,False,True,,2025,3,9,1178
20250325,2025-03-25,2025,1,Q1,2025-Q1,3,March,Mar,2025-03,20250301,13,2025,2,Tuesday,False,True,,2025,3,9,1179
20250326,2025-03-26,2025,1,Q1,2025-Q1,3,March,Mar,2025-03,20250301,13,2025,3,Wednesday,False,True,,2025,3,9,1180
20250327,2025-03-27,2025,1,Q1,2025-Q1,3,March,Mar,2025-03,20250301,13,2025,4,Thursday,False,True,,2025,3,9,1181
20250328,2025-03-28,2025,1,Q1,2025-Q1,3,March,Mar,2025-03,20250301,13,2025,5,Friday,False,True,,2025,3,9,1182
20250329,2025-03-29,2025,1,Q1,2025-Q1,3,March,Mar,2025-03,20250301,13,2025,6,Saturday,True,False,,2025,3,9,1183
20250330,2025-03-30,2025,1,Q1,2025-Q1,3,March,Mar,2025-03,20250301,13,2025,7,Sunday,True,False,,2025,3,9,1184
20250331,2025-03-31,2025,1,Q1,2025-Q1,3,March,Mar,2025-03,20250301,14,2025,1,Monday,False,True,,2025,3,9,1185
20250401,2025-04-01,2025,2,Q2,2025-Q2,4,April,Apr,2025-04,20250401,14,2025,2,Tuesday,False,True,,2025,4,10,1186
20250402,2025-04-02,2025,2,Q2,2025-Q2,4,April,Apr,2025-04,20250401,14,2025,3,Wednesday,False,True,,2025,4,10,1187
20250403,2025-04-03,2025,2,Q2,2025-Q2,4,April,Apr,2025-04,20250401,14,2025,4,Thursday,False,True,,2025,4,10,1188
20250404,2025-04-04,2025,2,Q2,2025-Q2,4,April,Apr,2025-04,20250401,14,2025,5,Friday,False,True,,2025,4,10,1189
20250405,2025-04-05,2025,2,Q2,2025-Q2,4,April,Apr,2025-04,20250401,14,2025,6,Saturday,True,False,,2025,4,10,1190
20250406,2025-04-06,2025,2,Q2,2025-Q2,4,April,Apr,2025-04,20250401,14,2025,7,Sunday,True,False,,2025,4,10,1191
20250407,2025-04-07,2025,2,Q2,2025-Q2,4,April,Apr,2025-04,20250401,15,2025,1,Monday,False,True,,2025,4,10,1192
20250408,2025-04-08,2025,2,Q2,2025-Q2,4,April,Apr,2025-04,20250401,15,2025,2,Tuesday,False,True,,2025,4,10,1193
20250409,2025-04-09,2025,2,Q2,2025-Q2,4,April,Apr,2025-04,20250401,15,2025,3,Wednesday,False,True,,2025,4,10,1194
20250410,2025-04-10,2025,2,Q2,2025-Q2,4,April,Apr,2025-04,20250401,15,2025,4,Thursday,False,True,,2025,4,10,1195
20250411,2025-04-11,2025,2,Q2,2025-Q2,4,April,Apr,2025-04,20250401,15,2025,5,Friday,False,True,,2025,4,10,1196
20250412,2025-04-12,2025,2,Q2,2025-Q2,4,April,Apr,2025-04,20250401,15,2025,6,Saturday,True,False,,2025,4,10,1197
20250413,2025-04-13,2025,2,Q2,2025-Q2,4,April,Apr,2025-04,20250401,15,2025,7,Sunday,True,False,,2025,4,10,1198
20250414,2025-04-14,2025,2,Q2,2025-Q2,4,April,Apr,2025-04,20250401,16,2025,1,Monday,False,True,,2025,4,10,1199
20250415,2025-04-15,2025,2,Q2,2025-Q2,4,April,Apr,2025-04,20250401,16,2025,2,Tuesday,False,True,,2025,4,10,1200
20250416,2025-04-16,2025,2,Q2,2025-Q2,4,April,Apr,2025-04,20250401,16,2025,3,Wednesday,False,True,,2025,4,10,1201
20250417,2025-04-17,2025,2,Q2,2025-Q2,4,April,Apr,2025-04,20250401,16,2025,4,Thursday,False,True,,2025,4,10,1202
20250418,2025-04-18,2025,2,Q2,2025-Q2,4,April,Apr,2025-04,20250401,16,2025,5,Friday,False,True,,2025,4,10,1203
20250419,2025-04-19,2025,2,Q2,2025-Q2,4,April,Apr,2025-04,20250401,16,2025,6,Saturday,True,False,,2025,4,10,1204
20250420,2025-04-20,2025,2,Q2,2025-Q2,4,April,Apr,2025-04,20250401,16,2025,7,Sunday,True,False,,2025,4,10,1205
20250421,2025-04-21,2025,2,Q2,2025-Q2,4,April,Apr,2025-04,20250401,17,2025,1,Monday,False,True,,2025,4,10,1206
20250422,2025-04-22,2025,2,Q2,2025-Q2,4,April,Apr,2025-04,20250401,17,2025,2,Tuesday,False,True,,2025,4,10,1207
20250423,2025-04-23,2025,2,Q2,2025-Q2,4,April,Apr,2025-04,20250401,17,2025,3,Wednesday,False,True,,2025,4,10,1208
20250424,2025-04-24,2025,2,Q2,2025-Q2,4,April,Apr,2025-04,20250401,17,2025,4,Thursday,False,True,,2025,4,10,1209
20250425,2025-04-25,2025,2,Q2,2025-Q2,4,April,Apr,2025-04,20250401,17,2025,5,Friday,False,True,,2025,4,10,1210
20250426,2025-04-26,2025,2,Q2,2025-Q2,4,April,Apr,2025-04,20250401,17,2025,6,Saturday,True,False,,2025,4,10,1211
20250427,2025-04-27,2025,2,Q2,2025-Q2,4,April,Apr,2025-04,20250401,17,2025,7,Sunday,True,False,,2025,4,10,1212
20250428,2025-04-28,2025,2,Q2,2025-Q2,4,April,Apr,2025-04,20250401,18,2025,1,Monday,False,True,,2025,4,10,1213
20250429,2025-04-29,2025,2,Q2,2025-Q2,4,April,Apr,2025-04,20250401,18,2025,2,Tuesday,False,True,,2025,4,10,1214
20250430,2025-04-30,2025,2,Q2,2025-Q2,4,April,Apr,2025-04,20250401,18,2025,3,Wednesday,False,True,,2025,4,10,1215
20250501,2025-05-01,2025,2,Q2,2025-Q2,5,May,May,2025-05,20250501,18,2025,4,Thursday,False,False,Labour Day,2025,4,11,1216
20250502,2025-05-02,2025,2,Q2,2025-Q2,5,May,May,2025-05,20250501,18,2025,5,Friday,False,True,,2025,4,11,1217
20250503,2025-05-03,2025,2,Q2,2025-Q2,5,May,May,2025-05,20250501,18,2025,6,Saturday,True,False,Constitution Day PL,2025,4,11,1218
20250504,2025-05-04,2025,2,Q2,2025-Q2,5,May,May,2025-05,20250501,18,2025,7,Sunday,True,False,,2025,4,11,1219
20250505,2025-05-05,2025,2,Q2,2025-Q2,5,May,May,2025-05,20250501,19,2025,1,Monday,False,True,,2025,4,11,1220
20250506,2025-05-06,2025,2,Q2,2025-Q2,5,May,May,2025-05,20250501,19,2025,2,Tuesday,False,True,,2025,4,11,1221
20250507,2025-05-07,2025,2,Q2,2025-Q2,5,May,May,2025-05,20250501,19,2025,3,Wednesday,False,True,,2025,4,11,1222
20250508,2025-05-08,2025,2,Q2,2025-Q2,5,May,May,2025-05,20250501,19,2025,4,Thursday,False,True,,2025,4,11,1223
20250509,2025-05-09,2025,2,Q2,2025-Q2,5,May,May,2025-05,20250501,19,2025,5,Friday,False,True,,2025,4,11,1224
20250510,2025-05-10,2025,2,Q2,2025-Q2,5,May,May,2025-05,20250501,19,2025,6,Saturday,True,False,,2025,4,11,1225
20250511,2025-05-11,2025,2,Q2,2025-Q2,5,May,May,2025-05,20250501,19,2025,7,Sunday,True,False,,2025,4,11,1226
20250512,2025-05-12,2025,2,Q2,2025-Q2,5,May,May,2025-05,20250501,20,2025,1,Monday,False,True,,2025,4,11,1227
20250513,2025-05-13,2025,2,Q2,2025-Q2,5,May,May,2025-05,20250501,20,2025,2,Tuesday,False,True,,2025,4,11,1228
20250514,2025-05-14,2025,2,Q2,2025-Q2,5,May,May,2025-05,20250501,20,2025,3,Wednesday,False,True,,2025,4,11,1229
20250515,2025-05-15,2025,2,Q2,2025-Q2,5,May,May,2025-05,20250501,20,2025,4,Thursday,False,True,,2025,4,11,1230
20250516,2025-05-16,2025,2,Q2,2025-Q2,5,May,May,2025-05,20250501,20,2025,5,Friday,False,True,,2025,4,11,1231
20250517,2025-05-17,2025,2,Q2,2025-Q2,5,May,May,2025-05,20250501,20,2025,6,Saturday,True,False,,2025,4,11,1232
20250518,2025-05-18,2025,2,Q2,2025-Q2,5,May,May,2025-05,20250501,20,2025,7,Sunday,True,False,,2025,4,11,1233
20250519,2025-05-19,2025,2,Q2,2025-Q2,5,May,May,2025-05,20250501,21,2025,1,Monday,False,True,,2025,4,11,1234
20250520,2025-05-20,2025,2,Q2,2025-Q2,5,May,May,2025-05,20250501,21,2025,2,Tuesday,False,True,,2025,4,11,1235
20250521,2025-05-21,2025,2,Q2,2025-Q2,5,May,May,2025-05,20250501,21,2025,3,Wednesday,False,True,,2025,4,11,1236
20250522,2025-05-22,2025,2,Q2,2025-Q2,5,May,May,2025-05,20250501,21,2025,4,Thursday,False,True,,2025,4,11,1237
20250523,2025-05-23,2025,2,Q2,2025-Q2,5,May,May,2025-05,20250501,21,2025,5,Friday,False,True,,2025,4,11,1238
20250524,2025-05-24,2025,2,Q2,2025-Q2,5,May,May,2025-05,20250501,21,2025,6,Saturday,True,False,,2025,4,11,1239
20250525,2025-05-25,2025,2,Q2,2025-Q2,5,May,May,2025-05,20250501,21,2025,7,Sunday,True,False,,2025,4,11,1240
20250526,2025-05-26,2025,2,Q2,2025-Q2,5,May,May,2025-05,20250501,22,2025,1,Monday,False,True,,2025,4,11,1241
20250527,2025-05-27,2025,2,Q2,2025-Q2,5,May,May,2025-05,20250501,22,2025,2,Tuesday,False,True,,2025,4,11,1242
20250528,2025-05-28,2025,2,Q2,2025-Q2,5,May,May,2025-05,20250501,22,2025,3,Wednesday,False,True,,2025,4,11,1243
20250529,2025-05-29,2025,2,Q2,2025-Q2,5,May,May,2025-05,20250501,22,2025,4,Thursday,False,True,,2025,4,11,1244
20250530,2025-05-30,2025,2,Q2,2025-Q2,5,May,May,2025-05,20250501,22,2025,5,Friday,False,True,,2025,4,11,1245
20250531,2025-05-31,2025,2,Q2,2025-Q2,5,May,May,2025-05,20250501,22,2025,6,Saturday,True,False,,2025,4,11,1246
20250601,2025-06-01,2025,2,Q2,2025-Q2,6,June,Jun,2025-06,20250601,22,2025,7,Sunday,True,False,,2025,4,12,1247
20250602,2025-06-02,2025,2,Q2,2025-Q2,6,June,Jun,2025-06,20250601,23,2025,1,Monday,False,True,,2025,4,12,1248
20250603,2025-06-03,2025,2,Q2,2025-Q2,6,June,Jun,2025-06,20250601,23,2025,2,Tuesday,False,True,,2025,4,12,1249
20250604,2025-06-04,2025,2,Q2,2025-Q2,6,June,Jun,2025-06,20250601,23,2025,3,Wednesday,False,True,,2025,4,12,1250
20250605,2025-06-05,2025,2,Q2,2025-Q2,6,June,Jun,2025-06,20250601,23,2025,4,Thursday,False,True,,2025,4,12,1251
20250606,2025-06-06,2025,2,Q2,2025-Q2,6,June,Jun,2025-06,20250601,23,2025,5,Friday,False,True,,2025,4,12,1252
20250607,2025-06-07,2025,2,Q2,2025-Q2,6,June,Jun,2025-06,20250601,23,2025,6,Saturday,True,False,,2025,4,12,1253
20250608,2025-06-08,2025,2,Q2,2025-Q2,6,June,Jun,2025-06,20250601,23,2025,7,Sunday,True,False,,2025,4,12,1254
20250609,2025-06-09,2025,2,Q2,2025-Q2,6,June,Jun,2025-06,20250601,24,2025,1,Monday,False,True,,2025,4,12,1255
20250610,2025-06-10,2025,2,Q2,2025-Q2,6,June,Jun,2025-06,20250601,24,2025,2,Tuesday,False,True,,2025,4,12,1256
20250611,2025-06-11,2025,2,Q2,2025-Q2,6,June,Jun,2025-06,20250601,24,2025,3,Wednesday,False,True,,2025,4,12,1257
20250612,2025-06-12,2025,2,Q2,2025-Q2,6,June,Jun,2025-06,20250601,24,2025,4,Thursday,False,True,,2025,4,12,1258
20250613,2025-06-13,2025,2,Q2,2025-Q2,6,June,Jun,2025-06,20250601,24,2025,5,Friday,False,True,,2025,4,12,1259
20250614,2025-06-14,2025,2,Q2,2025-Q2,6,June,Jun,2025-06,20250601,24,2025,6,Saturday,True,False,,2025,4,12,1260
20250615,2025-06-15,2025,2,Q2,2025-Q2,6,June,Jun,2025-06,20250601,24,2025,7,Sunday,True,False,,2025,4,12,1261
20250616,2025-06-16,2025,2,Q2,2025-Q2,6,June,Jun,2025-06,20250601,25,2025,1,Monday,False,True,,2025,4,12,1262
20250617,2025-06-17,2025,2,Q2,2025-Q2,6,June,Jun,2025-06,20250601,25,2025,2,Tuesday,False,True,,2025,4,12,1263
20250618,2025-06-18,2025,2,Q2,2025-Q2,6,June,Jun,2025-06,20250601,25,2025,3,Wednesday,False,True,,2025,4,12,1264
20250619,2025-06-19,2025,2,Q2,2025-Q2,6,June,Jun,2025-06,20250601,25,2025,4,Thursday,False,True,,2025,4,12,1265
20250620,2025-06-20,2025,2,Q2,2025-Q2,6,June,Jun,2025-06,20250601,25,2025,5,Friday,False,True,,2025,4,12,1266
20250621,2025-06-21,2025,2,Q2,2025-Q2,6,June,Jun,2025-06,20250601,25,2025,6,Saturday,True,False,,2025,4,12,1267
20250622,2025-06-22,2025,2,Q2,2025-Q2,6,June,Jun,2025-06,20250601,25,2025,7,Sunday,True,False,,2025,4,12,1268
20250623,2025-06-23,2025,2,Q2,2025-Q2,6,June,Jun,2025-06,20250601,26,2025,1,Monday,False,True,,2025,4,12,1269
20250624,2025-06-24,2025,2,Q2,2025-Q2,6,June,Jun,2025-06,20250601,26,2025,2,Tuesday,False,True,,2025,4,12,1270
20250625,2025-06-25,2025,2,Q2,2025-Q2,6,June,Jun,2025-06,20250601,26,2025,3,Wednesday,False,True,,2025,4,12,1271
20250626,2025-06-26,2025,2,Q2,2025-Q2,6,June,Jun,2025-06,20250601,26,2025,4,Thursday,False,True,,2025,4,12,1272
20250627,2025-06-27,2025,2,Q2,2025-Q2,6,June,Jun,2025-06,20250601,26,2025,5,Friday,False,True,,2025,4,12,1273
20250628,2025-06-28,2025,2,Q2,2025-Q2,6,June,Jun,2025-06,20250601,26,2025,6,Saturday,True,False,,2025,4,12,1274
20250629,2025-06-29,2025,2,Q2,2025-Q2,6,June,Jun,2025-06,20250601,26,2025,7,Sunday,True,False,,2025,4,12,1275
20250630,2025-06-30,2025,2,Q2,2025-Q2,6,June,Jun,2025-06,20250601,27,2025,1,Monday,False,True,,2025,4,12,1276
20250701,2025-07-01,2025,3,Q3,2025-Q3,7,July,Jul,2025-07,20250701,27,2025,2,Tuesday,False,True,,2026,1,1,1277
20250702,2025-07-02,2025,3,Q3,2025-Q3,7,July,Jul,2025-07,20250701,27,2025,3,Wednesday,False,True,,2026,1,1,1278
20250703,2025-07-03,2025,3,Q3,2025-Q3,7,July,Jul,2025-07,20250701,27,2025,4,Thursday,False,True,,2026,1,1,1279
20250704,2025-07-04,2025,3,Q3,2025-Q3,7,July,Jul,2025-07,20250701,27,2025,5,Friday,False,True,,2026,1,1,1280
20250705,2025-07-05,2025,3,Q3,2025-Q3,7,July,Jul,2025-07,20250701,27,2025,6,Saturday,True,False,,2026,1,1,1281
20250706,2025-07-06,2025,3,Q3,2025-Q3,7,July,Jul,2025-07,20250701,27,2025,7,Sunday,True,False,,2026,1,1,1282
20250707,2025-07-07,2025,3,Q3,2025-Q3,7,July,Jul,2025-07,20250701,28,2025,1,Monday,False,True,,2026,1,1,1283
20250708,2025-07-08,2025,3,Q3,2025-Q3,7,July,Jul,2025-07,20250701,28,2025,2,Tuesday,False,True,,2026,1,1,1284
20250709,2025-07-09,2025,3,Q3,2025-Q3,7,July,Jul,2025-07,20250701,28,2025,3,Wednesday,False,True,,2026,1,1,1285
20250710,2025-07-10,2025,3,Q3,2025-Q3,7,July,Jul,2025-07,20250701,28,2025,4,Thursday,False,True,,2026,1,1,1286
20250711,2025-07-11,2025,3,Q3,2025-Q3,7,July,Jul,2025-07,20250701,28,2025,5,Friday,False,True,,2026,1,1,1287
20250712,2025-07-12,2025,3,Q3,2025-Q3,7,July,Jul,2025-07,20250701,28,2025,6,Saturday,True,False,,2026,1,1,1288
20250713,2025-07-13,2025,3,Q3,2025-Q3,7,July,Jul,2025-07,20250701,28,2025,7,Sunday,True,False,,2026,1,1,1289
20250714,2025-07-14,2025,3,Q3,2025-Q3,7,July,Jul,2025-07,20250701,29,2025,1,Monday,False,True,,2026,1,1,1290
20250715,2025-07-15,2025,3,Q3,2025-Q3,7,July,Jul,2025-07,20250701,29,2025,2,Tuesday,False,True,,2026,1,1,1291
20250716,2025-07-16,2025,3,Q3,2025-Q3,7,July,Jul,2025-07,20250701,29,2025,3,Wednesday,False,True,,2026,1,1,1292
20250717,2025-07-17,2025,3,Q3,2025-Q3,7,July,Jul,2025-07,20250701,29,2025,4,Thursday,False,True,,2026,1,1,1293
20250718,2025-07-18,2025,3,Q3,2025-Q3,7,July,Jul,2025-07,20250701,29,2025,5,Friday,False,True,,2026,1,1,1294
20250719,2025-07-19,2025,3,Q3,2025-Q3,7,July,Jul,2025-07,20250701,29,2025,6,Saturday,True,False,,2026,1,1,1295
20250720,2025-07-20,2025,3,Q3,2025-Q3,7,July,Jul,2025-07,20250701,29,2025,7,Sunday,True,False,,2026,1,1,1296
20250721,2025-07-21,2025,3,Q3,2025-Q3,7,July,Jul,2025-07,20250701,30,2025,1,Monday,False,True,,2026,1,1,1297
20250722,2025-07-22,2025,3,Q3,2025-Q3,7,July,Jul,2025-07,20250701,30,2025,2,Tuesday,False,True,,2026,1,1,1298
20250723,2025-07-23,2025,3,Q3,2025-Q3,7,July,Jul,2025-07,20250701,30,2025,3,Wednesday,False,True,,2026,1,1,1299
20250724,2025-07-24,2025,3,Q3,2025-Q3,7,July,Jul,2025-07,20250701,30,2025,4,Thursday,False,True,,2026,1,1,1300
20250725,2025-07-25,2025,3,Q3,2025-Q3,7,July,Jul,2025-07,20250701,30,2025,5,Friday,False,True,,2026,1,1,1301
20250726,2025-07-26,2025,3,Q3,2025-Q3,7,July,Jul,2025-07,20250701,30,2025,6,Saturday,True,False,,2026,1,1,1302
20250727,2025-07-27,2025,3,Q3,2025-Q3,7,July,Jul,2025-07,20250701,30,2025,7,Sunday,True,False,,2026,1,1,1303
20250728,2025-07-28,2025,3,Q3,2025-Q3,7,July,Jul,2025-07,20250701,31,2025,1,Monday,False,True,,2026,1,1,1304
20250729,2025-07-29,2025,3,Q3,2025-Q3,7,July,Jul,2025-07,20250701,31,2025,2,Tuesday,False,True,,2026,1,1,1305
20250730,2025-07-30,2025,3,Q3,2025-Q3,7,July,Jul,2025-07,20250701,31,2025,3,Wednesday,False,True,,2026,1,1,1306
20250731,2025-07-31,2025,3,Q3,2025-Q3,7,July,Jul,2025-07,20250701,31,2025,4,Thursday,False,True,,2026,1,1,1307
20250801,2025-08-01,2025,3,Q3,2025-Q3,8,August,Aug,2025-08,20250801,31,2025,5,Friday,False,True,,2026,1,2,1308
20250802,2025-08-02,2025,3,Q3,2025-Q3,8,August,Aug,2025-08,20250801,31,2025,6,Saturday,True,False,,2026,1,2,1309
20250803,2025-08-03,2025,3,Q3,2025-Q3,8,August,Aug,2025-08,20250801,31,2025,7,Sunday,True,False,,2026,1,2,1310
20250804,2025-08-04,2025,3,Q3,2025-Q3,8,August,Aug,2025-08,20250801,32,2025,1,Monday,False,True,,2026,1,2,1311
20250805,2025-08-05,2025,3,Q3,2025-Q3,8,August,Aug,2025-08,20250801,32,2025,2,Tuesday,False,True,,2026,1,2,1312
20250806,2025-08-06,2025,3,Q3,2025-Q3,8,August,Aug,2025-08,20250801,32,2025,3,Wednesday,False,True,,2026,1,2,1313
20250807,2025-08-07,2025,3,Q3,2025-Q3,8,August,Aug,2025-08,20250801,32,2025,4,Thursday,False,True,,2026,1,2,1314
20250808,2025-08-08,2025,3,Q3,2025-Q3,8,August,Aug,2025-08,20250801,32,2025,5,Friday,False,True,,2026,1,2,1315
20250809,2025-08-09,2025,3,Q3,2025-Q3,8,August,Aug,2025-08,20250801,32,2025,6,Saturday,True,False,,2026,1,2,1316
20250810,2025-08-10,2025,3,Q3,2025-Q3,8,August,Aug,2025-08,20250801,32,2025,7,Sunday,True,False,,2026,1,2,1317
20250811,2025-08-11,2025,3,Q3,2025-Q3,8,August,Aug,2025-08,20250801,33,2025,1,Monday,False,True,,2026,1,2,1318
20250812,2025-08-12,2025,3,Q3,2025-Q3,8,August,Aug,2025-08,20250801,33,2025,2,Tuesday,False,True,,2026,1,2,1319
20250813,2025-08-13,2025,3,Q3,2025-Q3,8,August,Aug,2025-08,20250801,33,2025,3,Wednesday,False,True,,2026,1,2,1320
20250814,2025-08-14,2025,3,Q3,2025-Q3,8,August,Aug,2025-08,20250801,33,2025,4,Thursday,False,True,,2026,1,2,1321
20250815,2025-08-15,2025,3,Q3,2025-Q3,8,August,Aug,2025-08,20250801,33,2025,5,Friday,False,False,Assumption Day PL,2026,1,2,1322
20250816,2025-08-16,2025,3,Q3,2025-Q3,8,August,Aug,2025-08,20250801,33,2025,6,Saturday,True,False,,2026,1,2,1323
20250817,2025-08-17,2025,3,Q3,2025-Q3,8,August,Aug,2025-08,20250801,33,2025,7,Sunday,True,False,,2026,1,2,1324
20250818,2025-08-18,2025,3,Q3,2025-Q3,8,August,Aug,2025-08,20250801,34,2025,1,Monday,False,True,,2026,1,2,1325
20250819,2025-08-19,2025,3,Q3,2025-Q3,8,August,Aug,2025-08,20250801,34,2025,2,Tuesday,False,True,,2026,1,2,1326
20250820,2025-08-20,2025,3,Q3,2025-Q3,8,August,Aug,2025-08,20250801,34,2025,3,Wednesday,False,True,,2026,1,2,1327
20250821,2025-08-21,2025,3,Q3,2025-Q3,8,August,Aug,2025-08,20250801,34,2025,4,Thursday,False,True,,2026,1,2,1328
20250822,2025-08-22,2025,3,Q3,2025-Q3,8,August,Aug,2025-08,20250801,34,2025,5,Friday,False,True,,2026,1,2,1329
20250823,2025-08-23,2025,3,Q3,2025-Q3,8,August,Aug,2025-08,20250801,34,2025,6,Saturday,True,False,,2026,1,2,1330
20250824,2025-08-24,2025,3,Q3,2025-Q3,8,August,Aug,2025-08,20250801,34,2025,7,Sunday,True,False,,2026,1,2,1331
20250825,2025-08-25,2025,3,Q3,2025-Q3,8,August,Aug,2025-08,20250801,35,2025,1,Monday,False,True,,2026,1,2,1332
20250826,2025-08-26,2025,3,Q3,2025-Q3,8,August,Aug,2025-08,20250801,35,2025,2,Tuesday,False,True,,2026,1,2,1333
20250827,2025-08-27,2025,3,Q3,2025-Q3,8,August,Aug,2025-08,20250801,35,2025,3,Wednesday,False,True,,2026,1,2,1334
20250828,2025-08-28,2025,3,Q3,2025-Q3,8,August,Aug,2025-08,20250801,35,2025,4,Thursday,False,True,,2026,1,2,1335
20250829,2025-08-29,2025,3,Q3,2025-Q3,8,August,Aug,2025-08,20250801,35,2025,5,Friday,False,True,,2026,1,2,1336
20250830,2025-08-30,2025,3,Q3,2025-Q3,8,August,Aug,2025-08,20250801,35,2025,6,Saturday,True,False,,2026,1,2,1337
20250831,2025-08-31,2025,3,Q3,2025-Q3,8,August,Aug,2025-08,20250801,35,2025,7,Sunday,True,False,,2026,1,2,1338
20250901,2025-09-01,2025,3,Q3,2025-Q3,9,September,Sep,2025-09,20250901,36,2025,1,Monday,False,True,,2026,1,3,1339
20250902,2025-09-02,2025,3,Q3,2025-Q3,9,September,Sep,2025-09,20250901,36,2025,2,Tuesday,False,True,,2026,1,3,1340
20250903,2025-09-03,2025,3,Q3,2025-Q3,9,September,Sep,2025-09,20250901,36,2025,3,Wednesday,False,True,,2026,1,3,1341
20250904,2025-09-04,2025,3,Q3,2025-Q3,9,September,Sep,2025-09,20250901,36,2025,4,Thursday,False,True,,2026,1,3,1342
20250905,2025-09-05,2025,3,Q3,2025-Q3,9,September,Sep,2025-09,20250901,36,2025,5,Friday,False,True,,2026,1,3,1343
20250906,2025-09-06,2025,3,Q3,2025-Q3,9,September,Sep,2025-09,20250901,36,2025,6,Saturday,True,False,,2026,1,3,1344
20250907,2025-09-07,2025,3,Q3,2025-Q3,9,September,Sep,2025-09,20250901,36,2025,7,Sunday,True,False,,2026,1,3,1345
20250908,2025-09-08,2025,3,Q3,2025-Q3,9,September,Sep,2025-09,20250901,37,2025,1,Monday,False,True,,2026,1,3,1346
20250909,2025-09-09,2025,3,Q3,2025-Q3,9,September,Sep,2025-09,20250901,37,2025,2,Tuesday,False,True,,2026,1,3,1347
20250910,2025-09-10,2025,3,Q3,2025-Q3,9,September,Sep,2025-09,20250901,37,2025,3,Wednesday,False,True,,2026,1,3,1348
20250911,2025-09-11,2025,3,Q3,2025-Q3,9,September,Sep,2025-09,20250901,37,2025,4,Thursday,False,True,,2026,1,3,1349
20250912,2025-09-12,2025,3,Q3,2025-Q3,9,September,Sep,2025-09,20250901,37,2025,5,Friday,False,True,,2026,1,3,1350
20250913,2025-09-13,2025,3,Q3,2025-Q3,9,September,Sep,2025-09,20250901,37,2025,6,Saturday,True,False,,2026,1,3,1351
20250914,2025-09-14,2025,3,Q3,2025-Q3,9,September,Sep,2025-09,20250901,37,2025,7,Sunday,True,False,,2026,1,3,1352
20250915,2025-09-15,2025,3,Q3,2025-Q3,9,September,Sep,2025-09,20250901,38,2025,1,Monday,False,True,,2026,1,3,1353
20250916,2025-09-16,2025,3,Q3,2025-Q3,9,September,Sep,2025-09,20250901,38,2025,2,Tuesday,False,True,,2026,1,3,1354
20250917,2025-09-17,2025,3,Q3,2025-Q3,9,September,Sep,2025-09,20250901,38,2025,3,Wednesday,False,True,,2026,1,3,1355
20250918,2025-09-18,2025,3,Q3,2025-Q3,9,September,Sep,2025-09,20250901,38,2025,4,Thursday,False,True,,2026,1,3,1356
20250919,2025-09-19,2025,3,Q3,2025-Q3,9,September,Sep,2025-09,20250901,38,2025,5,Friday,False,True,,2026,1,3,1357
20250920,2025-09-20,2025,3,Q3,2025-Q3,9,September,Sep,2025-09,20250901,38,2025,6,Saturday,True,False,,2026,1,3,1358
20250921,2025-09-21,2025,3,Q3,2025-Q3,9,September,Sep,2025-09,20250901,38,2025,7,Sunday,True,False,,2026,1,3,1359
20250922,2025-09-22,2025,3,Q3,2025-Q3,9,September,Sep,2025-09,20250901,39,2025,1,Monday,False,True,,2026,1,3,1360
20250923,2025-09-23,2025,3,Q3,2025-Q3,9,September,Sep,2025-09,20250901,39,2025,2,Tuesday,False,True,,2026,1,3,1361
20250924,2025-09-24,2025,3,Q3,2025-Q3,9,September,Sep,2025-09,20250901,39,2025,3,Wednesday,False,True,,2026,1,3,1362
20250925,2025-09-25,2025,3,Q3,2025-Q3,9,September,Sep,2025-09,20250901,39,2025,4,Thursday,False,True,,2026,1,3,1363
20250926,2025-09-26,2025,3,Q3,2025-Q3,9,September,Sep,2025-09,20250901,39,2025,5,Friday,False,True,,2026,1,3,1364
20250927,2025-09-27,2025,3,Q3,2025-Q3,9,September,Sep,2025-09,20250901,39,2025,6,Saturday,True,False,,2026,1,3,1365
20250928,2025-09-28,2025,3,Q3,2025-Q3,9,September,Sep,2025-09,20250901,39,2025,7,Sunday,True,False,,2026,1,3,1366
20250929,2025-09-29,2025,3,Q3,2025-Q3,9,September,Sep,2025-09,20250901,40,2025,1,Monday,False,True,,2026,1,3,1367
20250930,2025-09-30,2025,3,Q3,2025-Q3,9,September,Sep,2025-09,20250901,40,2025,2,Tuesday,False,True,,2026,1,3,1368
20251001,2025-10-01,2025,4,Q4,2025-Q4,10,October,Oct,2025-10,20251001,40,2025,3,Wednesday,False,True,,2026,2,4,1369
20251002,2025-10-02,2025,4,Q4,2025-Q4,10,October,Oct,2025-10,20251001,40,2025,4,Thursday,False,True,,2026,2,4,1370
20251003,2025-10-03,2025,4,Q4,2025-Q4,10,October,Oct,2025-10,20251001,40,2025,5,Friday,False,True,,2026,2,4,1371
20251004,2025-10-04,2025,4,Q4,2025-Q4,10,October,Oct,2025-10,20251001,40,2025,6,Saturday,True,False,,2026,2,4,1372
20251005,2025-10-05,2025,4,Q4,2025-Q4,10,October,Oct,2025-10,20251001,40,2025,7,Sunday,True,False,,2026,2,4,1373
20251006,2025-10-06,2025,4,Q4,2025-Q4,10,October,Oct,2025-10,20251001,41,2025,1,Monday,False,True,,2026,2,4,1374
20251007,2025-10-07,2025,4,Q4,2025-Q4,10,October,Oct,2025-10,20251001,41,2025,2,Tuesday,False,True,,2026,2,4,1375
20251008,2025-10-08,2025,4,Q4,2025-Q4,10,October,Oct,2025-10,20251001,41,2025,3,Wednesday,False,True,,2026,2,4,1376
20251009,2025-10-09,2025,4,Q4,2025-Q4,10,October,Oct,2025-10,20251001,41,2025,4,Thursday,False,True,,2026,2,4,1377
20251010,2025-10-10,2025,4,Q4,2025-Q4,10,October,Oct,2025-10,20251001,41,2025,5,Friday,False,True,,2026,2,4,1378
20251011,2025-10-11,2025,4,Q4,2025-Q4,10,October,Oct,2025-10,20251001,41,2025,6,Saturday,True,False,,2026,2,4,1379
20251012,2025-10-12,2025,4,Q4,2025-Q4,10,October,Oct,2025-10,20251001,41,2025,7,Sunday,True,False,,2026,2,4,1380
20251013,2025-10-13,2025,4,Q4,2025-Q4,10,October,Oct,2025-10,20251001,42,2025,1,Monday,False,True,,2026,2,4,1381
20251014,2025-10-14,2025,4,Q4,2025-Q4,10,October,Oct,2025-10,20251001,42,2025,2,Tuesday,False,True,,2026,2,4,1382
20251015,2025-10-15,2025,4,Q4,2025-Q4,10,October,Oct,2025-10,20251001,42,2025,3,Wednesday,False,True,,2026,2,4,1383
20251016,2025-10-16,2025,4,Q4,2025-Q4,10,October,Oct,2025-10,20251001,42,2025,4,Thursday,False,True,,2026,2,4,1384
20251017,2025-10-17,2025,4,Q4,2025-Q4,10,October,Oct,2025-10,20251001,42,2025,5,Friday,False,True,,2026,2,4,1385
20251018,2025-10-18,2025,4,Q4,2025-Q4,10,October,Oct,2025-10,20251001,42,2025,6,Saturday,True,False,,2026,2,4,1386
20251019,2025-10-19,2025,4,Q4,2025-Q4,10,October,Oct,2025-10,20251001,42,2025,7,Sunday,True,False,,2026,2,4,1387
20251020,2025-10-20,2025,4,Q4,2025-Q4,10,October,Oct,2025-10,20251001,43,2025,1,Monday,False,True,,2026,2,4,1388
20251021,2025-10-21,2025,4,Q4,2025-Q4,10,October,Oct,2025-10,20251001,43,2025,2,Tuesday,False,True,,2026,2,4,1389
20251022,2025-10-22,2025,4,Q4,2025-Q4,10,October,Oct,2025-10,20251001,43,2025,3,Wednesday,False,True,,2026,2,4,1390
20251023,2025-10-23,2025,4,Q4,2025-Q4,10,October,Oct,2025-10,20251001,43,2025,4,Thursday,False,True,,2026,2,4,1391
20251024,2025-10-24,2025,4,Q4,2025-Q4,10,October,Oct,2025-10,20251001,43,2025,5,Friday,False,True,,2026,2,4,1392
20251025,2025-10-25,2025,4,Q4,2025-Q4,10,October,Oct,2025-10,20251001,43,2025,6,Saturday,True,False,,2026,2,4,1393
20251026,2025-10-26,2025,4,Q4,2025-Q4,10,October,Oct,2025-10,20251001,43,2025,7,Sunday,True,False,,2026,2,4,1394
20251027,2025-10-27,2025,4,Q4,2025-Q4,10,October,Oct,2025-10,20251001,44,2025,1,Monday,False,True,,2026,2,4,1395
20251028,2025-10-28,2025,4,Q4,2025-Q4,10,October,Oct,2025-10,20251001,44,2025,2,Tuesday,False,True,,2026,2,4,1396
20251029,2025-10-29,2025,4,Q4,2025-Q4,10,October,Oct,2025-10,20251001,44,2025,3,Wednesday,False,True,,2026,2,4,1397
20251030,2025-10-30,2025,4,Q4,2025-Q4,10,October,Oct,2025-10,20251001,44,2025,4,Thursday,False,True,,2026,2,4,1398
20251031,2025-10-31,2025,4,Q4,2025-Q4,10,October,Oct,2025-10,20251001,44,2025,5,Friday,False,True,,2026,2,4,1399
20251101,2025-11-01,2025,4,Q4,2025-Q4,11,November,Nov,2025-11,20251101,44,2025,6,Saturday,True,False,All Saints PL,2026,2,5,1400
20251102,2025-11-02,2025,4,Q4,2025-Q4,11,November,Nov,2025-11,20251101,44,2025,7,Sunday,True,False,,2026,2,5,1401
20251103,2025-11-03,2025,4,Q4,2025-Q4,11,November,Nov,2025-11,20251101,45,2025,1,Monday,False,True,,2026,2,5,1402
20251104,2025-11-04,2025,4,Q4,2025-Q4,11,November,Nov,2025-11,20251101,45,2025,2,Tuesday,False,True,,2026,2,5,1403
20251105,2025-11-05,2025,4,Q4,2025-Q4,11,November,Nov,2025-11,20251101,45,2025,3,Wednesday,False,True,,2026,2,5,1404
20251106,2025-11-06,2025,4,Q4,2025-Q4,11,November,Nov,2025-11,20251101,45,2025,4,Thursday,False,True,,2026,2,5,1405
20251107,2025-11-07,2025,4,Q4,2025-Q4,11,November,Nov,2025-11,20251101,45,2025,5,Friday,False,True,,2026,2,5,1406
20251108,2025-11-08,2025,4,Q4,2025-Q4,11,November,Nov,2025-11,20251101,45,2025,6,Saturday,True,False,,2026,2,5,1407
20251109,2025-11-09,2025,4,Q4,2025-Q4,11,November,Nov,2025-11,20251101,45,2025,7,Sunday,True,False,,2026,2,5,1408
20251110,2025-11-10,2025,4,Q4,2025-Q4,11,November,Nov,2025-11,20251101,46,2025,1,Monday,False,True,,2026,2,5,1409
20251111,2025-11-11,2025,4,Q4,2025-Q4,11,November,Nov,2025-11,20251101,46,2025,2,Tuesday,False,False,Independence Day PL,2026,2,5,1410
20251112,2025-11-12,2025,4,Q4,2025-Q4,11,November,Nov,2025-11,20251101,46,2025,3,Wednesday,False,True,,2026,2,5,1411
20251113,2025-11-13,2025,4,Q4,2025-Q4,11,November,Nov,2025-11,20251101,46,2025,4,Thursday,False,True,,2026,2,5,1412
20251114,2025-11-14,2025,4,Q4,2025-Q4,11,November,Nov,2025-11,20251101,46,2025,5,Friday,False,True,,2026,2,5,1413
20251115,2025-11-15,2025,4,Q4,2025-Q4,11,November,Nov,2025-11,20251101,46,2025,6,Saturday,True,False,,2026,2,5,1414
20251116,2025-11-16,2025,4,Q4,2025-Q4,11,November,Nov,2025-11,20251101,46,2025,7,Sunday,True,False,,2026,2,5,1415
20251117,2025-11-17,2025,4,Q4,2025-Q4,11,November,Nov,2025-11,20251101,47,2025,1,Monday,False,True,,2026,2,5,1416
20251118,2025-11-18,2025,4,Q4,2025-Q4,11,November,Nov,2025-11,20251101,47,2025,2,Tuesday,False,True,,2026,2,5,1417
20251119,2025-11-19,2025,4,Q4,2025-Q4,11,November,Nov,2025-11,20251101,47,2025,3,Wednesday,False,True,,2026,2,5,1418
20251120,2025-11-20,2025,4,Q4,2025-Q4,11,November,Nov,2025-11,20251101,47,2025,4,Thursday,False,True,,2026,2,5,1419
20251121,2025-11-21,2025,4,Q4,2025-Q4,11,November,Nov,2025-11,20251101,47,2025,5,Friday,False,True,,2026,2,5,1420
20251122,2025-11-22,2025,4,Q4,2025-Q4,11,November,Nov,2025-11,20251101,47,2025,6,Saturday,True,False,,2026,2,5,1421
20251123,2025-11-23,2025,4,Q4,2025-Q4,11,November,Nov,2025-11,20251101,47,2025,7,Sunday,True,False,,2026,2,5,1422
20251124,2025-11-24,2025,4,Q4,2025-Q4,11,November,Nov,2025-11,20251101,48,2025,1,Monday,False,True,,2026,2,5,1423
20251125,2025-11-25,2025,4,Q4,2025-Q4,11,November,Nov,2025-11,20251101,48,2025,2,Tuesday,False,True,,2026,2,5,1424
20251126,2025-11-26,2025,4,Q4,2025-Q4,11,November,Nov,2025-11,20251101,48,2025,3,Wednesday,False,True,,2026,2,5,1425
20251127,2025-11-27,2025,4,Q4,2025-Q4,11,November,Nov,2025-11,20251101,48,2025,4,Thursday,False,True,,2026,2,5,1426
20251128,2025-11-28,2025,4,Q4,2025-Q4,11,November,Nov,2025-11,20251101,48,2025,5,Friday,False,True,,2026,2,5,1427
20251129,2025-11-29,2025,4,Q4,2025-Q4,11,November,Nov,2025-11,20251101,48,2025,6,Saturday,True,False,,2026,2,5,1428
20251130,2025-11-30,2025,4,Q4,2025-Q4,11,November,Nov,2025-11,20251101,48,2025,7,Sunday,True,False,,2026,2,5,1429
20251201,2025-12-01,2025,4,Q4,2025-Q4,12,December,Dec,2025-12,20251201,49,2025,1,Monday,False,True,,2026,2,6,1430
20251202,2025-12-02,2025,4,Q4,2025-Q4,12,December,Dec,2025-12,20251201,49,2025,2,Tuesday,False,True,,2026,2,6,1431
20251203,2025-12-03,2025,4,Q4,2025-Q4,12,December,Dec,2025-12,20251201,49,2025,3,Wednesday,False,True,,2026,2,6,1432
20251204,2025-12-04,2025,4,Q4,2025-Q4,12,December,Dec,2025-12,20251201,49,2025,4,Thursday,False,True,,2026,2,6,1433
20251205,2025-12-05,2025,4,Q4,2025-Q4,12,December,Dec,2025-12,20251201,49,2025,5,Friday,False,True,,2026,2,6,1434
20251206,2025-12-06,2025,4,Q4,2025-Q4,12,December,Dec,2025-12,20251201,49,2025,6,Saturday,True,False,,2026,2,6,1435
20251207,2025-12-07,2025,4,Q4,2025-Q4,12,December,Dec,2025-12,20251201,49,2025,7,Sunday,True,False,,2026,2,6,1436
20251208,2025-12-08,2025,4,Q4,2025-Q4,12,December,Dec,2025-12,20251201,50,2025,1,Monday,False,True,,2026,2,6,1437
20251209,2025-12-09,2025,4,Q4,2025-Q4,12,December,Dec,2025-12,20251201,50,2025,2,Tuesday,False,True,,2026,2,6,1438
20251210,2025-12-10,2025,4,Q4,2025-Q4,12,December,Dec,2025-12,20251201,50,2025,3,Wednesday,False,True,,2026,2,6,1439
20251211,2025-12-11,2025,4,Q4,2025-Q4,12,December,Dec,2025-12,20251201,50,2025,4,Thursday,False,True,,2026,2,6,1440
20251212,2025-12-12,2025,4,Q4,2025-Q4,12,December,Dec,2025-12,20251201,50,2025,5,Friday,False,True,,2026,2,6,1441
20251213,2025-12-13,2025,4,Q4,2025-Q4,12,December,Dec,2025-12,20251201,50,2025,6,Saturday,True,False,,2026,2,6,1442
20251214,2025-12-14,2025,4,Q4,2025-Q4,12,December,Dec,2025-12,20251201,50,2025,7,Sunday,True,False,,2026,2,6,1443
20251215,2025-12-15,2025,4,Q4,2025-Q4,12,December,Dec,2025-12,20251201,51,2025,1,Monday,False,True,,2026,2,6,1444
20251216,2025-12-16,2025,4,Q4,2025-Q4,12,December,Dec,2025-12,20251201,51,2025,2,Tuesday,False,True,,2026,2,6,1445
20251217,2025-12-17,2025,4,Q4,2025-Q4,12,December,Dec,2025-12,20251201,51,2025,3,Wednesday,False,True,,2026,2,6,1446
20251218,2025-12-18,2025,4,Q4,2025-Q4,12,December,Dec,2025-12,20251201,51,2025,4,Thursday,False,True,,2026,2,6,1447
20251219,2025-12-19,2025,4,Q4,2025-Q4,12,December,Dec,2025-12,20251201,51,2025,5,Friday,False,True,,2026,2,6,1448
20251220,2025-12-20,2025,4,Q4,2025-Q4,12,December,Dec,2025-12,20251201,51,2025,6,Saturday,True,False,,2026,2,6,1449
20251221,2025-12-21,2025,4,Q4,2025-Q4,12,December,Dec,2025-12,20251201,51,2025,7,Sunday,True,False,,2026,2,6,1450
20251222,2025-12-22,2025,4,Q4,2025-Q4,12,December,Dec,2025-12,20251201,52,2025,1,Monday,False,True,,2026,2,6,1451
20251223,2025-12-23,2025,4,Q4,2025-Q4,12,December,Dec,2025-12,20251201,52,2025,2,Tuesday,False,True,,2026,2,6,1452
20251224,2025-12-24,2025,4,Q4,2025-Q4,12,December,Dec,2025-12,20251201,52,2025,3,Wednesday,False,True,,2026,2,6,1453
20251225,2025-12-25,2025,4,Q4,2025-Q4,12,December,Dec,2025-12,20251201,52,2025,4,Thursday,False,False,Christmas,2026,2,6,1454
20251226,2025-12-26,2025,4,Q4,2025-Q4,12,December,Dec,2025-12,20251201,52,2025,5,Friday,False,False,Boxing Day,2026,2,6,1455
20251227,2025-12-27,2025,4,Q4,2025-Q4,12,December,Dec,2025-12,20251201,52,2025,6,Saturday,True,False,,2026,2,6,1456
20251228,2025-12-28,2025,4,Q4,2025-Q4,12,December,Dec,2025-12,20251201,52,2025,7,Sunday,True,False,,2026,2,6,1457
20251229,2025-12-29,2025,4,Q4,2025-Q4,12,December,Dec,2025-12,20251201,1,2026,1,Monday,False,True,,2026,2,6,1458
20251230,2025-12-30,2025,4,Q4,2025-Q4,12,December,Dec,2025-12,20251201,1,2026,2,Tuesday,False,True,,2026,2,6,1459
20251231,2025-12-31,2025,4,Q4,2025-Q4,12,December,Dec,2025-12,20251201,1,2026,3,Wednesday,False,True,,2026,2,6,1460
