ReturnID,OrderLineID,ReturnDateKey,CustomerKey,ProductKey,StoreKey,ReturnedQuantity,ReturnAmount,ReturnReason,IsResellable
1,36806,20250515,1234,8,8,1,1955.75,Late delivery,True
2,39058,20230213,1219,89,7,1,57.42,Other,False
3,6913,20230518,1352,87,11,1,160.27,Wrong size,True
4,9258,20250515,206,84,12,1,193.22,Damaged,True
5,24061,20221115,832,6,12,2,2912.02,Damaged,True
6,20188,20240625,1825,29,7,3,331.99,Late delivery,True
7,42002,20230823,1531,11,6,1,3761.37,Warranty,True
8,46113,20221118,477,86,11,1,256.54,Other,False
9,1522,20230217,220,21,9,1,84.09,Warranty,False
10,2980,20250222,1852,80,12,1,177.95,Late delivery,True
11,6987,20220913,576,28,12,2,87.58,Changed mind,True
12,49506,20231214,743,48,10,1,185.27,Warranty,False
13,12536,20241104,1492,48,2,1,190.34,Damaged,False
14,59858,20230909,1582,55,8,1,342.59,Warranty,True
15,42844,20230802,1954,63,7,2,465.4,Changed mind,True
16,47638,20250806,1644,27,10,2,146.55,Warranty,True
17,46362,20231108,603,1,8,1,1143.7,Changed mind,False
18,6083,20231230,1865,35,12,1,75.72,Damaged,True
19,9855,20251231,1354,28,4,1,40.98,Other,False
20,16725,20240706,234,91,12,1,536.67,Warranty,True
21,20906,20241213,306,8,8,1,1675.02,Warranty,True
22,20352,20250601,1353,89,10,1,58.91,Damaged,False
23,30082,20221020,1167,43,2,3,377.81,Damaged,False
24,7577,20241103,1791,83,4,1,525.16,Warranty,True
25,55167,20231017,815,87,1,1,146.66,Damaged,True
26,45062,20230401,200,84,12,3,658.89,Late delivery,False
27,32566,20240812,1719,33,6,3,228.48,Warranty,True
28,24904,20250227,500,70,9,1,177.09,Changed mind,True
29,20548,20240528,340,91,8,1,531.57,Late delivery,False
30,16287,20240326,1205,68,11,1,139.85,Changed mind,False
31,45162,20241223,1809,9,4,1,973.0,Warranty,True
32,22240,20240904,517,4,7,1,3117.81,Changed mind,True
33,56073,20240123,507,86,7,1,294.77,Changed mind,True
34,34353,20230403,513,103,8,1,549.86,Damaged,False
35,5679,20250510,670,62,9,1,157.29,Other,True
36,46374,20250419,1538,94,8,2,858.73,Changed mind,True
37,36642,20230215,510,53,9,1,204.38,Warranty,True
38,52006,20251227,540,87,2,1,178.28,Late delivery,True
39,5484,20240903,1909,82,4,1,547.69,Other,False
40,36114,20250821,1346,4,4,1,2510.12,Other,True
41,31450,20230414,1375,69,12,1,356.04,Other,True
42,9166,20251022,401,32,9,1,25.3,Warranty,True
43,59300,20220531,1778,82,8,1,603.82,Warranty,True
44,270,20240302,1862,74,3,1,216.31,Damaged,True
45,36759,20251116,1739,91,10,5,2599.75,Other,False
46,46511,20251123,373,40,5,1,283.12,Wrong size,True
47,259,20240305,601,60,3,2,987.98,Other,True
48,48750,20231016,480,106,10,2,1754.24,Late delivery,False
49,6689,20230110,285,53,10,1,203.45,Changed mind,True
50,40811,20241226,1996,102,2,1,138.0,Warranty,True
51,7556,20241125,906,29,6,1,127.0,Other,True
52,15949,20241231,256,61,6,1,314.92,Warranty,True
53,53935,20221106,1676,48,1,3,549.75,Late delivery,True
54,15772,20230701,74,64,11,1,181.48,Damaged,True
55,40129,20251218,907,20,4,1,148.77,Late delivery,True
56,59597,20251107,566,34,2,3,196.26,Warranty,True
57,34321,20240623,71,54,3,4,374.4,Late delivery,True
58,1946,20240806,1187,64,2,1,201.62,Other,True
59,48614,20250612,432,47,4,1,101.66,Wrong size,True
60,3054,20250220,987,89,5,3,185.16,Warranty,True
61,26310,20250310,1350,5,3,1,3747.37,Wrong size,False
62,21285,20230309,959,64,7,1,193.54,Changed mind,False
63,44933,20240708,331,64,10,5,843.27,Other,False
64,11005,20240419,385,17,9,1,88.03,Damaged,True
65,22118,20230508,185,89,12,1,57.12,Warranty,True
66,41764,20231211,1299,73,12,1,320.98,Late delivery,True
67,17613,20251218,648,70,8,2,342.23,Late delivery,False
68,53413,20240804,1883,70,5,1,200.05,Changed mind,False
69,2853,20220802,1849,91,4,3,1573.05,Changed mind,True
70,211,20230123,757,20,5,1,119.23,Late delivery,False
71,19670,20230918,152,20,3,1,155.29,Warranty,True
72,46226,20251229,611,18,10,3,305.61,Other,True
73,39943,20250308,1398,81,9,1,357.83,Wrong size,True
74,17585,20231214,1854,83,1,1,561.38,Late delivery,True
75,33508,20230303,444,69,6,1,341.61,Changed mind,True
76,3226,20240626,277,62,11,1,147.21,Late delivery,True
77,2638,20221222,1695,48,9,4,648.47,Changed mind,True
78,47491,20240309,70,26,1,1,13.72,Other,False
79,10507,20250630,1096,52,1,1,69.77,Late delivery,True
80,29812,20250922,899,105,6,2,828.72,Damaged,True
81,32365,20221220,1187,107,12,2,1250.91,Wrong size,True
82,9377,20240822,298,98,7,1,187.13,Warranty,True
83,23011,20251016,1355,96,5,3,2022.33,Changed mind,True
84,34485,20250907,1218,37,11,1,100.54,Wrong size,True
85,20424,20250411,1572,98,12,1,170.08,Other,True
86,47333,20240520,970,47,12,2,195.84,Changed mind,False
87,37312,20230102,9,45,2,3,494.19,Other,False
88,49719,20251231,87,52,10,3,207.24,Changed mind,True
89,47855,20250508,7,37,8,1,113.25,Late delivery,True
90,10598,20250421,657,80,2,1,168.71,Wrong size,True
91,20317,20221127,1934,6,12,1,1624.98,Wrong size,True
92,48832,20250712,1302,21,4,1,89.86,Warranty,False
93,23374,20250405,1040,76,12,4,980.4,Warranty,True
94,38285,20230418,366,10,11,1,1948.8,Other,False
95,4601,20240810,902,82,12,3,1733.8,Other,False
96,37524,20240611,1953,101,10,2,1048.8,Wrong size,True
97,18580,20240629,1555,74,4,2,406.8,Damaged,True
98,39367,20251110,902,48,8,2,373.78,Damaged,False
99,32920,20250610,1494,78,6,3,548.61,Damaged,False
100,52265,20251123,1450,56,9,2,329.33,Wrong size,True
101,27998,20240630,929,42,4,2,272.42,Damaged,False
102,24855,20240317,1431,22,12,1,113.53,Changed mind,True
103,52460,20250809,159,71,12,1,319.75,Changed mind,True
104,6190,20250302,1019,1,7,1,1218.59,Damaged,False
105,23327,20240323,1879,54,1,1,106.24,Other,True
106,11920,20240527,1615,93,7,4,796.99,Late delivery,True
107,41539,20231106,1825,83,9,1,574.24,Changed mind,True
108,14902,20221217,922,47,2,3,276.94,Warranty,False
109,6741,20250606,1719,103,8,1,563.35,Other,True
110,52973,20251231,1166,46,10,2,443.61,Changed mind,True
111,32066,20230111,276,22,12,1,98.19,Damaged,True
112,21001,20230316,1389,46,1,1,236.38,Late delivery,True
113,59490,20230921,934,54,11,1,112.47,Changed mind,True
114,45777,20250723,1096,39,4,3,377.52,Wrong size,True
115,50086,20250424,824,96,6,1,673.32,Other,False
116,113,20250928,1604,61,7,1,315.98,Wrong size,False
117,13442,20250525,1593,82,6,2,1248.3,Other,True
118,50283,20231207,905,16,10,1,97.99,Late delivery,True
119,58330,20240309,1884,9,6,1,1013.08,Wrong size,True
120,53192,20250528,1258,12,4,1,3494.13,Wrong size,True
121,8131,20250412,981,16,3,1,98.23,Late delivery,True
122,34251,20240803,311,68,4,1,135.81,Changed mind,True
123,11934,20240314,1049,38,9,7,1726.83,Wrong size,True
124,24311,20251101,1120,58,7,1,414.3,Damaged,False
125,25076,20230816,350,52,8,1,66.42,Other,True
126,25355,20231230,1250,11,12,1,4168.81,Warranty,True
127,12111,20250729,98,41,10,1,293.64,Late delivery,True
128,20329,20240425,643,54,4,1,107.24,Other,False
129,46514,20230531,272,85,7,1,346.37,Warranty,True
130,37993,20231225,1730,27,5,1,71.72,Wrong size,True
131,48478,20240510,445,62,1,1,148.37,Warranty,True
132,34919,20241224,754,6,3,1,1409.93,Late delivery,True
133,32818,20240702,281,37,5,1,99.44,Changed mind,True
134,11520,20231117,877,107,4,1,549.45,Changed mind,True
135,12605,20241202,828,86,11,1,291.13,Other,True
136,48804,20230428,1841,49,3,2,175.64,Wrong size,True
137,24928,20250104,998,95,9,1,386.01,Wrong size,True
138,44470,20251231,1210,88,7,1,148.19,Damaged,True
139,52500,20231022,1802,47,5,1,111.36,Other,True
140,28284,20250913,1446,69,9,2,657.08,Other,False
141,28407,20230610,1571,19,5,4,314.44,Wrong size,True
142,15997,20251230,1172,33,12,2,141.1,Changed mind,True
143,24040,20250318,1152,23,1,2,130.63,Damaged,True
144,6209,20241225,107,81,8,1,376.83,Warranty,True
145,5444,20240511,637,46,6,1,239.83,Wrong size,False
146,19997,20220625,1399,24,9,1,37.24,Changed mind,True
147,46811,20240105,1064,48,11,1,193.62,Late delivery,True
148,42926,20221017,1067,45,1,1,136.97,Damaged,True
149,14212,20220727,1463,86,3,1,255.67,Warranty,True
150,1709,20231207,28,21,3,1,80.0,Warranty,True
151,44269,20241117,123,97,4,1,705.19,Changed mind,True
152,41383,20240131,1278,103,6,5,2956.68,Warranty,False
153,20181,20220514,92,83,11,1,546.92,Damaged,True
154,44233,20250206,1316,5,6,1,3276.77,Wrong size,True
155,57991,20251121,1048,105,1,1,497.92,Late delivery,False
156,18587,20250322,415,102,10,2,282.75,Wrong size,False
157,36440,20251224,160,31,6,1,89.7,Late delivery,True
158,52171,20230423,252,65,12,1,48.0,Wrong size,True
159,5446,20221201,1306,22,5,1,99.62,Wrong size,True
160,54635,20220901,630,103,9,1,539.8,Other,True
161,11462,20241124,1459,105,11,1,510.72,Late delivery,True
162,18181,20240522,1635,18,2,1,99.26,Changed mind,True
163,59666,20250219,1094,6,1,1,1382.6,Late delivery,True
164,48223,20241125,461,46,8,1,236.8,Other,True
165,53025,20250104,664,75,9,2,634.02,Wrong size,True
166,30168,20230112,435,55,1,1,319.23,Late delivery,True
167,12887,20240206,605,56,7,1,193.22,Other,True
168,22455,20231104,171,69,9,1,327.21,Other,True
169,19318,20250601,277,78,12,1,179.88,Wrong size,False
170,53521,20241126,642,78,5,1,169.94,Damaged,False
171,29173,20240305,877,21,6,1,78.62,Warranty,True
172,56263,20240430,109,78,8,1,173.66,Other,False
173,50646,20230405,33,77,5,4,364.18,Wrong size,False
174,27169,20240619,1127,6,2,1,1417.39,Changed mind,True
175,12426,20231017,1613,92,12,1,517.9,Warranty,True
176,31721,20221210,1344,47,5,1,91.2,Changed mind,True
177,3573,20230622,885,30,1,3,187.44,Damaged,True
178,34793,20230429,1276,65,2,1,47.79,Other,True
179,47552,20241216,506,73,12,4,1234.05,Other,False
180,52533,20250524,560,93,3,2,390.44,Warranty,True
181,4128,20250416,1849,14,11,1,110.15,Wrong size,True
182,18409,20230617,1873,65,6,1,38.91,Changed mind,True
183,23452,20230519,1936,103,1,1,609.42,Changed mind,True
184,40903,20250807,608,54,6,1,110.0,Warranty,True
185,58857,20251026,1521,29,10,2,286.31,Damaged,True
186,40274,20220819,1682,19,11,1,80.07,Wrong size,True
187,8445,20250517,1583,20,8,1,137.62,Late delivery,True
188,37984,20230918,179,46,6,1,215.71,Late delivery,True
189,36027,20241216,848,9,2,1,1068.81,Late delivery,True
190,12861,20250305,511,19,9,1,72.14,Changed mind,True
191,43032,20240217,1254,97,1,2,1314.9,Warranty,True
192,37768,20230925,1755,20,2,1,150.96,Damaged,True
193,42745,20250724,390,82,5,1,692.71,Wrong size,True
194,32580,20250923,1791,76,12,1,215.33,Late delivery,True
195,41406,20251215,1960,64,7,2,315.63,Warranty,True
196,24305,20241007,74,12,4,1,3510.84,Changed mind,True
197,43620,20251231,1497,99,12,1,629.81,Other,False
198,41287,20241218,1509,97,6,2,1473.56,Other,False
199,58612,20230822,60,36,2,1,196.67,Wrong size,True
200,32380,20250216,1764,33,1,1,85.45,Wrong size,True
201,30696,20251029,22,84,7,3,645.85,Damaged,True
202,2491,20230415,1964,108,10,3,1963.7,Other,True
203,13141,20230406,1217,28,10,1,38.07,Other,True
204,44485,20241117,925,14,4,1,96.87,Damaged,True
205,45632,20250620,80,55,10,1,324.25,Damaged,True
206,55230,20240105,639,16,6,2,227.86,Damaged,True
207,59025,20250414,1314,101,3,1,586.33,Damaged,False
208,13515,20250104,543,76,6,1,216.64,Changed mind,True
209,4360,20250310,138,61,7,1,322.79,Changed mind,True
210,34872,20231002,921,55,11,2,632.54,Other,True
211,21680,20230219,67,101,7,1,563.68,Late delivery,True
212,51096,20241024,1240,8,12,1,2201.36,Damaged,True
213,9301,20240108,171,69,4,1,348.13,Other,True
214,46404,20231122,1059,11,9,1,4036.52,Other,False
215,33322,20231003,1008,38,5,1,239.05,Late delivery,True
216,56786,20251231,1000,64,3,1,183.44,Late delivery,True
217,51008,20251118,199,97,10,3,2126.52,Wrong size,True
218,5234,20240718,508,22,2,1,92.54,Other,True
219,32160,20250615,586,68,11,1,140.72,Changed mind,False
220,36250,20251231,865,47,1,2,207.5,Changed mind,False
221,12634,20220811,755,56,1,1,167.93,Changed mind,True
222,16092,20231020,62,71,8,1,272.27,Other,True
223,32810,20250502,27,95,4,2,842.7,Late delivery,True
224,5843,20240719,985,39,7,1,127.35,Changed mind,True
225,44289,20251230,667,77,8,1,87.43,Late delivery,True
226,43231,20240810,710,47,4,3,311.77,Wrong size,True
227,36673,20230730,1736,18,10,2,162.03,Late delivery,True
228,2135,20241108,1873,45,7,2,293.36,Wrong size,True
229,26203,20241127,931,104,6,1,528.86,Changed mind,True
230,48877,20250712,950,59,4,1,49.77,Warranty,True
231,49373,20231022,620,8,12,1,2056.81,Wrong size,True
232,43953,20240929,156,11,10,1,3432.84,Damaged,True
233,16770,20230120,352,16,12,1,114.53,Warranty,False
234,31584,20250123,1172,14,8,1,104.56,Damaged,True
235,43636,20240401,1438,51,5,1,222.84,Other,True
236,44725,20250327,456,97,7,2,1580.74,Changed mind,True
237,23478,20230706,10,65,5,1,45.91,Damaged,True
238,43054,20251016,629,73,3,1,310.26,Changed mind,True
239,22798,20230531,287,81,5,1,332.0,Changed mind,True
240,45192,20240909,1257,95,5,2,784.26,Wrong size,True
241,49530,20231209,254,71,12,1,353.25,Wrong size,False
242,17631,20250628,1479,70,1,1,162.82,Late delivery,False
243,7425,20250719,989,73,3,3,859.5,Wrong size,True
244,33569,20221211,1806,4,4,1,3010.96,Damaged,True
245,5387,20250520,1702,38,11,3,646.65,Late delivery,False
246,58803,20250305,1830,33,3,1,77.45,Other,True
247,20539,20240106,905,74,3,1,205.14,Other,True
248,12936,20250306,365,43,1,2,290.92,Late delivery,True
249,12532,20231223,15,40,5,1,308.06,Warranty,True
250,22930,20251124,657,41,4,2,492.56,Wrong size,True
251,5319,20250328,314,17,3,2,156.18,Warranty,False
252,34198,20240203,281,6,10,1,1595.54,Wrong size,True
253,2068,20241030,578,66,11,1,107.78,Late delivery,False
254,59581,20251026,1150,60,2,1,467.45,Damaged,True
255,12793,20230316,425,76,11,1,231.55,Warranty,False
256,20039,20240829,178,22,9,1,105.86,Warranty,True
257,47226,20250928,1193,66,7,2,207.46,Wrong size,True
258,52904,20251025,278,105,5,3,1489.21,Other,False
259,15484,20231017,1577,69,3,1,357.24,Warranty,False
260,9555,20250127,1233,104,7,1,500.0,Damaged,False
261,55508,20250616,619,76,8,1,225.77,Warranty,True
262,3716,20240901,1642,7,8,1,2333.59,Late delivery,True
263,2020,20250808,1773,38,4,1,249.87,Warranty,False
264,34186,20231130,1826,10,11,1,2008.57,Changed mind,True
265,47144,20231027,334,69,4,1,346.92,Changed mind,True
266,44416,20240707,902,54,2,3,295.46,Late delivery,True
267,10487,20240307,1800,63,12,1,251.17,Damaged,True
268,39884,20250304,1116,95,10,2,845.76,Wrong size,True
269,35147,20251026,609,38,7,1,195.12,Damaged,True
270,9838,20250213,198,102,1,4,638.88,Other,True
271,8896,20240327,329,53,1,1,169.83,Warranty,True
272,46414,20231119,1068,60,10,1,553.45,Changed mind,True
273,13765,20230629,749,12,6,1,3805.73,Other,True
274,40650,20240721,1370,74,1,1,220.13,Late delivery,True
275,58423,20240222,341,99,11,1,527.76,Changed mind,False
276,57244,20240429,1530,105,9,1,500.98,Changed mind,True
277,2575,20240728,6,18,9,3,261.74,Warranty,True
278,5485,20251207,1790,102,11,1,162.53,Wrong size,True
279,26059,20220825,1055,15,2,1,21.65,Warranty,True
280,53328,20240131,1934,66,3,1,101.48,Wrong size,False
281,140,20241230,1981,46,7,2,458.36,Late delivery,True
282,53444,20240101,1057,30,7,1,60.53,Warranty,True
283,25828,20240628,796,18,10,3,285.57,Late delivery,False
284,26504,20250827,1517,71,9,1,317.56,Warranty,True
285,11138,20250314,1212,80,10,1,149.17,Wrong size,False
286,43998,20250507,591,50,4,1,162.73,Other,True
287,3479,20240629,1862,103,1,2,1094.42,Wrong size,True
288,58353,20231230,1856,13,12,1,11.67,Other,True
289,21801,20250430,238,2,12,2,4246.1,Late delivery,False
290,6624,20240829,1793,2,10,1,1924.8,Wrong size,True
291,30440,20250326,1423,71,7,1,351.72,Damaged,True
292,10345,20240119,542,64,1,1,196.38,Wrong size,False
293,37264,20251101,258,66,10,1,107.17,Wrong size,False
294,30594,20240322,321,89,10,1,61.8,Warranty,True
295,26610,20231113,1482,87,1,1,139.73,Other,False
296,58698,20241108,947,77,6,1,88.7,Changed mind,True
297,55010,20230911,1373,92,11,1,570.57,Changed mind,True
298,45177,20220624,131,79,11,1,377.4,Other,False
299,33688,20230914,1646,20,6,1,123.69,Other,True
300,58306,20241013,17,107,2,1,553.96,Late delivery,False
301,54897,20231213,652,86,6,3,825.24,Wrong size,False
302,40169,20250617,1147,31,11,1,90.91,Damaged,True
303,16861,20250220,291,10,3,1,1945.36,Changed mind,True
304,52743,20250617,1086,65,11,2,91.74,Changed mind,False
305,12592,20241205,1225,2,5,1,2052.19,Wrong size,True
306,28395,20240302,651,53,9,2,360.0,Late delivery,True
307,32977,20250908,1041,35,11,1,86.14,Warranty,True
308,28846,20240109,1018,7,7,1,1868.9,Changed mind,False
309,56243,20230105,1839,7,4,1,2408.83,Damaged,False
310,49922,20241205,1056,84,7,1,191.16,Late delivery,True
311,1824,20230315,1982,40,9,3,874.92,Damaged,True
312,26114,20221130,449,84,8,1,202.2,Other,True
313,8417,20250728,133,27,9,2,125.99,Other,True
314,57035,20230512,1816,77,10,1,89.76,Warranty,True
315,41461,20250326,1449,10,2,1,1946.68,Changed mind,False
316,32758,20250212,345,40,5,2,642.06,Changed mind,False
317,8928,20221202,34,1,3,1,1127.04,Warranty,True
318,44344,20240629,400,43,3,1,163.5,Late delivery,True
319,32798,20250317,408,24,4,1,36.56,Changed mind,False
320,57895,20240919,237,7,8,1,2487.48,Wrong size,True
321,40420,20240422,1012,107,6,1,628.17,Late delivery,False
322,33422,20240217,1174,89,10,1,54.4,Wrong size,True
323,637,20251231,1995,94,6,1,416.46,Wrong size,True
324,59212,20240525,1785,94,7,1,466.2,Late delivery,False
325,39302,20230524,892,16,11,3,320.88,Wrong size,True
326,18994,20251112,1791,8,1,1,2166.84,Warranty,False
327,5152,20240518,1342,6,9,1,1413.95,Damaged,True
328,27779,20251231,13,18,5,1,101.23,Wrong size,False
329,7963,20250901,1367,41,11,1,266.39,Damaged,False
330,46801,20220726,1279,56,3,5,872.34,Wrong size,False
331,8576,20231105,1134,4,5,1,2928.06,Wrong size,True
332,51355,20220526,1690,64,9,1,179.67,Damaged,True
333,4773,20230601,1015,87,9,2,357.3,Changed mind,True
334,13046,20230819,899,34,2,1,55.5,Other,False
335,47836,20230119,844,98,6,1,171.43,Late delivery,False
336,56807,20240306,81,62,6,2,294.05,Damaged,True
337,45918,20241223,988,59,2,1,46.92,Late delivery,False
338,30335,20230628,1533,102,9,1,142.48,Changed mind,True
339,10169,20240409,1613,5,9,1,3176.25,Changed mind,True
340,3401,20250108,1516,50,4,4,872.76,Wrong size,False
341,49683,20240629,1169,95,9,1,378.63,Changed mind,False
342,37160,20250425,725,69,10,1,336.07,Warranty,True
343,11045,20250920,1922,20,6,2,283.75,Changed mind,False
344,10776,20230516,294,28,11,2,88.24,Changed mind,True
345,7193,20231214,1985,10,9,1,1827.78,Wrong size,True
346,17210,20230911,1509,77,11,1,90.46,Late delivery,True
347,29992,20250420,395,20,7,1,145.01,Other,False
348,23735,20240619,1668,45,4,1,156.71,Late delivery,True
349,30989,20230414,866,26,12,1,12.89,Late delivery,False
350,38057,20250413,1675,14,8,1,78.18,Wrong size,True
351,17291,20241223,1855,65,7,1,49.14,Late delivery,True
352,25548,20240403,462,55,1,1,305.83,Other,True
353,39762,20220918,359,18,1,1,99.84,Wrong size,True
354,43535,20240421,681,4,6,1,2387.76,Late delivery,False
355,46371,20241225,1086,33,1,2,166.32,Warranty,False
356,11994,20251103,1517,92,11,1,541.47,Warranty,True
357,20931,20230818,1651,65,2,1,43.85,Late delivery,True
358,3179,20240925,621,8,2,1,2142.45,Changed mind,True
359,28007,20231220,970,76,7,1,243.31,Wrong size,True
360,29290,20250204,1295,19,11,1,77.55,Wrong size,True
361,42721,20241230,558,43,6,3,416.13,Damaged,True
362,53490,20230531,467,15,5,2,41.4,Other,True
363,37973,20250722,1443,59,7,1,53.53,Late delivery,True
364,10746,20241031,1699,37,10,1,109.7,Other,True
365,27830,20230627,1767,43,1,1,147.09,Changed mind,False
366,55418,20220707,187,98,8,1,201.95,Changed mind,True
367,32223,20250306,1712,91,8,1,473.41,Changed mind,False
368,51154,20221217,875,103,1,1,557.37,Warranty,True
369,3834,20250416,588,14,9,1,95.28,Damaged,True
370,33029,20251231,1667,22,8,1,109.58,Warranty,True
371,34154,20231126,313,38,1,1,220.25,Warranty,True
372,19917,20230121,265,43,3,1,142.58,Other,False
373,22169,20240102,830,94,10,3,1331.56,Late delivery,True
374,52453,20251113,1126,49,4,1,74.9,Wrong size,True
375,39538,20240329,1541,39,3,1,115.74,Wrong size,True
376,2808,20230814,1424,103,11,1,547.22,Late delivery,True
377,35242,20250727,1573,42,9,1,141.47,Damaged,True
378,3521,20220816,846,56,8,1,151.66,Changed mind,False
379,33345,20240404,1059,40,6,2,620.24,Late delivery,True
380,26356,20250205,1430,67,10,1,141.69,Late delivery,True
381,52038,20230309,1244,10,5,1,1858.94,Late delivery,False
382,14016,20240712,477,95,2,5,1846.2,Warranty,False
383,992,20250726,1886,6,11,1,1386.82,Warranty,True
384,34734,20251203,616,69,4,1,304.87,Late delivery,False
385,30442,20250405,1423,79,7,1,345.33,Wrong size,False
386,18024,20231003,1710,30,2,1,61.12,Damaged,True
387,41284,20240217,1544,27,8,1,79.6,Damaged,True
388,49347,20250723,1806,9,12,1,962.4,Warranty,False
389,22305,20251016,1198,5,2,1,3319.21,Damaged,False
390,15767,20240801,233,48,1,1,196.88,Warranty,True
391,4190,20251202,1622,100,1,1,798.08,Late delivery,True
392,38572,20250519,1507,25,5,1,110.06,Changed mind,True
393,39955,20240820,370,31,11,5,440.46,Late delivery,True
394,20582,20250116,270,35,12,1,87.4,Changed mind,True
395,25977,20221025,1442,98,5,4,752.21,Late delivery,False
396,36368,20241220,1525,4,8,1,2951.34,Changed mind,False
397,11847,20241130,355,51,3,1,226.4,Damaged,True
398,46365,20251004,555,35,11,1,96.81,Damaged,True
399,29763,20240305,1355,65,5,1,49.6,Damaged,False
400,19985,20241231,747,89,2,2,129.01,Warranty,False
401,17053,20240729,1766,4,3,1,3216.91,Late delivery,True
402,17888,20240401,1786,104,7,4,2153.0,Other,True
403,42095,20231110,519,108,1,2,1384.96,Other,True
404,38902,20240821,1707,74,4,1,201.66,Damaged,True
405,55278,20241022,998,44,2,2,538.65,Other,False
406,51816,20230629,1716,12,11,1,3731.09,Late delivery,False
407,22823,20220922,1818,88,10,1,133.81,Damaged,False
408,29404,20240530,486,75,11,3,892.31,Other,True
409,54789,20240923,1386,51,3,1,221.06,Changed mind,True
410,15874,20230730,844,96,4,1,549.01,Late delivery,False
411,42848,20230121,1996,91,10,2,1009.6,Changed mind,True
412,38415,20251109,694,7,7,1,2163.79,Damaged,False
413,57137,20240421,1294,98,5,4,878.16,Other,True
414,36302,20251225,756,83,1,2,1149.98,Late delivery,True
415,335,20240421,1025,32,12,1,25.2,Changed mind,True
416,45405,20231109,1318,51,12,1,189.37,Changed mind,True
417,15508,20250326,1315,15,2,4,68.92,Other,True
418,18473,20250430,445,103,11,1,515.05,Wrong size,True
419,2101,20230919,734,7,1,1,2234.86,Wrong size,False
420,5692,20251003,1145,61,9,1,315.98,Damaged,True
421,59645,20241119,1341,55,8,2,685.06,Late delivery,False
422,25512,20240908,931,20,3,1,132.08,Other,True
423,43810,20250202,319,14,3,1,94.94,Wrong size,True
424,58886,20231222,1309,53,1,1,172.74,Wrong size,False
425,8829,20240618,884,72,4,3,875.76,Wrong size,False
426,24773,20240918,1233,51,12,4,944.87,Changed mind,True
427,56702,20220726,296,89,3,3,173.37,Damaged,True
428,45776,20240716,781,84,5,1,196.91,Damaged,True
429,11839,20250903,1190,19,7,2,159.94,Damaged,True
430,53172,20250303,1309,62,12,1,168.76,Late delivery,False
431,31452,20250118,1028,45,11,1,160.73,Late delivery,False
432,35895,20220831,1190,79,8,1,393.66,Wrong size,True
433,35003,20240512,518,46,4,1,213.53,Warranty,True
434,46868,20230405,1454,69,9,1,350.84,Wrong size,True
435,13454,20240821,1678,47,6,1,102.5,Warranty,False
436,40764,20251113,640,98,4,3,588.12,Wrong size,True
437,56359,20240228,729,98,1,1,210.26,Other,True
438,37531,20250821,1366,24,4,2,74.99,Warranty,True
439,31439,20230126,209,71,12,4,1458.76,Damaged,False
440,11339,20250127,206,17,8,1,81.27,Damaged,False
441,36567,20250417,87,92,9,1,521.62,Warranty,True
442,36834,20250814,1063,98,7,1,217.45,Other,True
443,58953,20231120,1657,104,7,2,1016.36,Wrong size,True
444,1092,20220420,1625,88,4,1,140.96,Warranty,True
445,48786,20240619,630,36,12,1,180.46,Warranty,False
446,28207,20240930,1861,31,11,7,591.7,Damaged,True
447,58106,20220815,1968,16,10,2,202.94,Wrong size,True
448,31234,20240319,1333,94,11,1,462.21,Damaged,True
449,56713,20251204,1220,84,12,1,194.27,Wrong size,False
450,5552,20230722,960,101,9,1,586.93,Late delivery,False
451,32967,20231008,1413,35,4,1,97.23,Warranty,True
452,25877,20240227,1195,40,8,1,300.27,Wrong size,True
453,16970,20240628,1286,78,11,1,169.08,Warranty,False
454,22430,20241128,543,43,3,1,146.18,Warranty,True
455,29322,20240416,624,99,7,2,1270.38,Damaged,True
456,52064,20250809,1644,14,6,1,91.23,Late delivery,True
457,35085,20251014,363,47,3,2,234.82,Warranty,True
458,54403,20250103,724,83,2,8,4158.4,Wrong size,False
459,40166,20250728,1147,108,11,3,2063.31,Wrong size,True
460,59396,20220909,789,28,11,1,36.99,Changed mind,True
461,4069,20250527,1183,4,8,1,2790.79,Changed mind,True
462,15987,20231103,1513,108,4,1,617.05,Other,True
463,18820,20230920,809,37,11,1,112.4,Changed mind,False
464,14425,20231017,630,24,5,1,37.33,Changed mind,True
465,25107,20250501,1348,40,7,1,305.46,Changed mind,True
466,36860,20230716,203,46,8,2,429.72,Changed mind,True
467,23056,20231113,868,104,1,4,2056.32,Late delivery,False
468,29598,20230202,1069,49,7,1,84.86,Changed mind,True
469,19628,20251011,1628,31,1,1,89.6,Warranty,True
470,43055,20251001,629,84,3,1,220.48,Changed mind,True
471,21812,20250731,1707,71,3,1,305.43,Warranty,True
472,32371,20240810,83,78,2,1,167.51,Late delivery,True
473,56157,20230827,206,60,7,2,909.04,Damaged,False
474,37141,20231001,1682,35,1,1,74.71,Warranty,False
475,4093,20251231,1946,15,5,1,21.29,Changed mind,True
476,23846,20240617,1684,74,11,1,218.73,Damaged,True
477,24481,20251028,735,30,8,1,60.21,Wrong size,True
478,30943,20240111,671,76,10,2,453.72,Damaged,False
479,4014,20230928,790,95,7,1,419.1,Changed mind,True
480,15195,20220926,305,69,3,5,1684.79,Damaged,False
481,48479,20230202,1289,87,9,6,1001.58,Late delivery,True
482,55633,20250916,1649,19,4,1,75.36,Warranty,True
483,39681,20240219,682,16,6,1,104.93,Other,True
484,23930,20250810,806,100,3,1,917.65,Damaged,True
485,58604,20250721,1123,63,7,4,878.0,Changed mind,True
486,48776,20241024,388,28,1,2,71.17,Wrong size,False
487,14036,20240211,1064,51,6,1,221.11,Damaged,True
488,5298,20230830,1563,64,3,1,193.32,Other,True
489,51123,20240111,423,26,5,1,13.76,Other,True
490,49402,20230708,1105,59,7,1,60.38,Late delivery,True
491,30746,20240903,1437,24,11,1,36.34,Warranty,False
492,4455,20230302,1630,67,10,1,176.11,Late delivery,True
493,48512,20241010,1191,9,12,1,1046.42,Damaged,False
494,47757,20250628,915,37,5,4,464.4,Damaged,False
495,35329,20250317,921,6,10,1,1294.4,Warranty,True
496,44929,20250214,135,14,12,2,196.86,Other,False
497,22304,20251208,1198,92,2,1,614.83,Damaged,False
498,5114,20230703,523,87,11,2,301.24,Wrong size,True
499,7044,20220910,268,15,3,1,21.19,Late delivery,True
500,24538,20251231,538,10,8,1,1614.19,Wrong size,True
501,45390,20250912,210,25,9,1,118.99,Warranty,True
502,59318,20251229,1685,36,8,2,407.54,Warranty,True
503,45196,20251221,1943,91,1,3,1329.62,Damaged,True
504,10927,20240126,602,18,6,1,82.39,Late delivery,False
505,59817,20230730,1932,16,5,1,109.29,Other,True
506,41875,20250823,779,102,7,3,442.38,Late delivery,True
507,30635,20251231,1885,10,6,1,1885.51,Late delivery,True
508,25814,20241003,89,89,4,1,60.16,Wrong size,False
509,53349,20240515,1654,60,8,1,521.06,Other,False
510,49789,20240728,501,95,11,3,1203.69,Damaged,True
511,22905,20231209,1812,95,11,2,863.86,Other,True
512,16028,20230925,44,60,4,1,551.05,Late delivery,True
513,41385,20240129,1278,41,6,1,287.36,Changed mind,True
514,31253,20230606,1456,47,2,1,97.99,Late delivery,False
515,9721,20230331,566,79,5,2,748.75,Changed mind,True
516,19057,20220910,1013,43,11,1,131.39,Damaged,True
517,31969,20240904,359,40,5,1,325.09,Other,True
518,7532,20240224,1435,75,4,2,660.34,Warranty,True
519,51166,20240903,833,94,3,1,414.02,Late delivery,True
520,4574,20250727,1152,69,6,2,520.64,Wrong size,False
521,53159,20231114,32,38,4,1,241.28,Damaged,True
522,17117,20241220,1535,88,7,1,142.73,Warranty,True
523,46703,20220914,335,19,6,1,76.36,Warranty,True
524,17818,20231115,444,67,9,1,170.35,Damaged,True
525,51272,20221128,152,71,7,2,698.08,Wrong size,True
526,21329,20251231,1432,38,5,1,225.09,Other,True
527,43327,20241021,1065,5,5,1,3410.05,Late delivery,True
528,953,20250216,275,43,11,3,429.63,Changed mind,True
529,13509,20241206,1521,9,8,1,938.47,Warranty,True
530,35358,20240708,1596,22,1,2,226.28,Damaged,True
531,2436,20250517,1640,18,7,4,388.84,Warranty,True
532,13517,20221108,19,40,5,1,278.22,Other,True
533,12337,20230807,1708,90,9,2,1232.62,Other,True
534,19560,20230719,226,107,9,2,1148.82,Wrong size,True
535,52322,20250106,1082,91,4,2,894.0,Late delivery,True
536,41159,20251017,1596,96,12,1,676.35,Other,True
537,51730,20251218,1816,30,7,1,57.55,Other,True
538,29337,20251008,1976,11,9,1,4330.18,Damaged,False
539,48874,20221203,683,88,12,1,140.65,Changed mind,True
540,8863,20240927,59,39,12,1,104.98,Wrong size,False
541,27354,20250408,1007,24,11,1,39.84,Other,False
542,12062,20250910,472,98,2,2,421.19,Wrong size,True
543,3850,20240613,121,76,12,2,509.1,Warranty,False
544,42867,20230322,752,79,3,1,382.77,Wrong size,True
545,37848,20240307,45,55,8,4,1222.88,Damaged,True
546,36658,20250309,403,35,12,1,83.72,Changed mind,True
547,20935,20240802,359,9,7,1,827.62,Changed mind,True
548,52878,20240606,1212,33,11,5,415.86,Changed mind,True
549,45881,20250423,30,54,11,2,222.0,Damaged,True
550,56512,20250606,819,67,10,4,643.31,Warranty,False
551,57592,20240807,550,49,12,3,213.21,Warranty,True
552,46257,20240722,1643,42,11,1,124.11,Warranty,True
553,29582,20250206,1379,16,2,1,104.18,Damaged,True
554,57717,20231220,1484,50,8,2,404.51,Late delivery,True
555,50135,20240916,1588,97,8,2,1527.62,Wrong size,False
556,51937,20240701,1674,12,10,1,3867.86,Late delivery,True
557,49602,20231217,621,60,12,3,1529.64,Late delivery,True
558,26466,20231020,1500,49,8,1,81.06,Changed mind,True
559,57626,20251007,1793,31,2,1,84.22,Warranty,True
560,57628,20231025,1447,89,1,1,65.03,Warranty,True
561,11965,20240702,361,13,7,5,69.31,Changed mind,True
562,11061,20220819,1351,88,2,1,143.81,Wrong size,True
563,59319,20251027,949,20,5,2,276.89,Changed mind,True
564,59452,20231230,1675,54,4,1,104.86,Other,False
565,28254,20221023,1512,52,12,1,64.82,Other,True
566,34381,20250705,787,13,4,1,13.09,Other,True
567,39491,20251225,176,44,1,1,297.61,Wrong size,True
568,31024,20251125,1479,45,5,1,137.85,Other,True
569,54475,20250617,69,79,2,2,735.86,Warranty,True
570,13159,20251231,734,78,5,2,345.9,Late delivery,True
571,39038,20250715,762,77,7,2,188.04,Wrong size,True
572,50219,20250627,1307,6,3,1,1496.28,Warranty,False
573,1757,20241026,646,17,5,1,83.76,Warranty,True
574,34073,20221004,1607,16,7,1,108.15,Other,True
575,37581,20250731,1261,37,10,2,235.92,Damaged,True
576,53377,20250706,1669,56,6,1,175.67,Wrong size,True
577,3643,20250701,1154,57,11,3,934.43,Changed mind,True
578,52998,20240415,1797,61,8,5,1703.54,Other,True
579,7585,20230322,1781,77,3,2,187.62,Late delivery,True
580,43592,20231126,774,93,12,2,380.47,Warranty,True
581,43800,20250723,1748,18,9,1,92.34,Changed mind,True
582,8647,20221223,910,6,7,1,1497.09,Changed mind,False
583,32653,20250513,1657,77,9,2,190.54,Other,True
584,40625,20250629,907,73,6,1,328.06,Damaged,True
585,28200,20241223,1685,20,2,2,245.14,Warranty,False
586,26491,20240419,1478,10,9,1,1854.68,Changed mind,True
587,59974,20250203,1637,43,4,3,414.79,Changed mind,True
588,38575,20240201,1920,30,9,1,59.75,Changed mind,False
589,49057,20251010,1261,75,9,1,317.31,Changed mind,True
590,58620,20221030,877,55,5,1,295.14,Damaged,True
591,53807,20240509,1283,17,1,1,80.54,Warranty,False
592,59552,20250930,658,100,10,1,814.06,Changed mind,True
593,6006,20250427,1442,94,10,3,1327.44,Wrong size,True
594,49178,20231209,1908,39,8,1,117.89,Other,True
595,16993,20251102,1616,61,2,2,628.68,Late delivery,True
596,5853,20250217,946,19,8,1,70.93,Late delivery,True
597,52071,20241113,1217,7,8,1,2434.14,Changed mind,True
598,21434,20240818,995,72,12,1,292.51,Late delivery,True
599,5032,20241213,1458,97,12,5,3845.95,Other,True
600,37056,20240910,872,77,5,1,82.72,Damaged,False
601,46805,20240422,1074,40,12,3,880.56,Other,True
602,38277,20241025,428,69,1,1,327.13,Changed mind,True
603,31125,20230512,1362,67,1,1,165.62,Warranty,True
604,59390,20221229,152,55,2,2,705.69,Late delivery,True
605,3752,20251124,293,73,5,1,330.74,Changed mind,False
606,26053,20231115,319,36,12,1,164.24,Other,True
607,53110,20240821,1545,73,8,1,310.36,Other,True
608,2507,20250823,1658,57,8,1,316.74,Changed mind,False
609,29700,20230529,371,100,1,1,881.33,Other,False
610,57636,20220906,1167,45,6,1,161.4,Late delivery,False
611,5844,20241012,481,60,9,1,489.75,Changed mind,True
612,18328,20230523,215,24,4,1,36.0,Wrong size,True
613,35619,20220513,263,88,5,3,434.78,Other,False
614,57160,20251113,417,102,2,1,146.93,Other,True
615,35262,20241218,1943,45,3,3,497.79,Wrong size,False
616,3925,20221031,1803,88,11,2,274.55,Damaged,True
617,1806,20250531,1233,23,1,1,62.48,Changed mind,False
618,15994,20250101,1439,1,1,1,1161.91,Damaged,True
619,33594,20240225,1736,95,4,1,386.42,Warranty,True
620,45810,20240113,1989,8,7,1,2162.62,Damaged,True
621,29346,20230215,1477,56,12,1,174.4,Wrong size,True
622,4818,20240718,494,95,10,4,1574.03,Late delivery,False
623,14558,20230306,1452,83,7,2,1046.73,Late delivery,True
624,13543,20250607,1230,22,4,1,100.35,Wrong size,True
625,36234,20241211,1999,52,3,1,61.81,Changed mind,True
626,44054,20230225,397,103,1,1,524.03,Warranty,False
627,26373,20240822,1896,82,1,2,1387.6,Late delivery,True
628,49065,20230302,1183,85,5,1,448.47,Other,True
629,48655,20241109,705,82,10,2,1000.08,Warranty,True
630,49814,20230123,60,30,12,1,56.26,Warranty,True
631,24335,20250518,439,70,2,1,174.05,Late delivery,False
632,12181,20250810,833,31,11,5,480.2,Damaged,True
633,47977,20241107,1229,5,1,1,3399.93,Warranty,False
634,31985,20231009,159,34,11,1,57.84,Damaged,True
635,58846,20250803,631,73,5,1,312.17,Changed mind,True
636,10304,20240425,674,30,1,1,55.32,Damaged,True
637,19078,20250628,37,23,4,1,61.04,Late delivery,True
638,32063,20251204,1316,34,9,2,128.72,Warranty,True
639,49714,20241127,830,38,7,1,229.44,Changed mind,False
640,42011,20250310,1148,22,1,1,85.94,Late delivery,True
641,9126,20240212,1729,75,7,3,946.88,Wrong size,True
642,50210,20251004,603,9,12,1,1079.79,Late delivery,False
643,48408,20250825,891,102,11,1,149.54,Late delivery,True
644,52546,20230226,563,84,5,4,834.6,Warranty,True
645,42720,20250126,558,61,6,1,292.0,Other,True
646,39433,20250227,1507,79,6,1,391.94,Changed mind,False
647,6438,20250617,118,97,1,1,670.45,Warranty,True
648,38660,20250109,560,21,9,2,166.86,Warranty,True
649,18641,20251123,1312,7,11,1,2468.5,Wrong size,True
650,23034,20230909,1690,18,8,1,98.17,Changed mind,True
651,21750,20250629,581,18,10,8,810.8,Wrong size,True
652,58301,20240117,364,29,11,1,123.16,Late delivery,True
653,27304,20251231,315,37,1,2,217.17,Warranty,True
654,32690,20251106,1017,48,1,1,188.47,Late delivery,True
655,6979,20250911,761,52,12,1,67.06,Late delivery,True
656,8945,20240512,601,104,8,3,1484.41,Late delivery,True
657,46585,20240920,560,94,7,3,1184.46,Other,False
658,41324,20240529,75,65,1,1,42.93,Warranty,True
659,48487,20230530,1514,12,7,1,3551.37,Wrong size,True
660,20482,20250107,1590,96,2,1,642.23,Warranty,False
661,41693,20240301,958,51,9,2,491.4,Late delivery,True
662,57262,20241103,1331,46,7,1,222.18,Other,True
663,1243,20240319,1918,4,8,1,2655.48,Late delivery,True
664,43760,20250222,137,53,10,1,206.31,Changed mind,True
665,22525,20241202,1782,41,3,1,287.04,Changed mind,False
666,49540,20230715,1285,63,6,1,254.59,Warranty,True
667,9633,20240902,916,106,2,2,1481.07,Damaged,True
668,4563,20240219,1729,63,3,4,786.39,Warranty,True
669,24415,20250717,725,32,11,1,26.8,Damaged,True
670,12815,20240731,814,101,3,1,599.28,Damaged,True
671,35615,20240904,175,25,5,1,120.58,Damaged,False
672,27228,20240622,304,13,11,4,52.8,Warranty,True
673,18193,20230827,250,82,2,1,675.43,Other,False
674,41720,20240122,1812,65,6,1,47.65,Warranty,False
675,20023,20250101,546,54,10,1,118.48,Warranty,True
676,23309,20231031,304,54,5,1,104.23,Warranty,False
677,11536,20240408,913,4,12,1,2471.21,Wrong size,True
678,49755,20250714,1820,95,4,2,810.62,Changed mind,True
679,848,20241022,1490,56,1,1,156.8,Warranty,True
680,44852,20240708,1207,61,8,3,962.52,Wrong size,True
681,36522,20230401,1521,40,2,1,303.82,Other,True
682,34052,20230823,429,10,11,1,1837.13,Damaged,False
683,31810,20240917,1408,14,8,2,192.06,Wrong size,True
684,13470,20250503,1036,36,8,1,186.17,Changed mind,True
685,57814,20230604,162,48,2,1,165.16,Warranty,True
686,38559,20251231,253,61,8,1,334.44,Changed mind,True
687,38097,20250115,807,71,7,2,678.14,Other,False
688,10594,20250318,657,50,2,1,172.85,Changed mind,True
689,33295,20241007,1779,56,3,3,569.7,Changed mind,True
690,45039,20240518,1745,64,1,1,183.86,Wrong size,False
691,45366,20231025,1094,84,10,1,210.27,Changed mind,True
692,9345,20221127,210,77,8,1,93.52,Wrong size,True
693,18801,20240331,1105,44,6,4,1082.92,Other,True
694,9063,20240608,842,20,3,1,157.25,Damaged,True
695,20647,20250810,209,66,9,2,211.64,Late delivery,True
696,50553,20250905,707,65,6,1,39.32,Damaged,False
697,14799,20240725,1481,11,7,1,4095.97,Wrong size,True
698,34492,20230218,1474,1,10,1,1112.85,Changed mind,True
699,41747,20240412,474,37,12,1,111.47,Warranty,True
700,41020,20230222,1309,30,10,1,63.57,Changed mind,True
701,53275,20250426,1827,72,6,1,298.8,Damaged,False
702,13971,20250919,1189,11,2,1,4149.17,Other,False
703,27798,20240723,1567,9,1,1,986.0,Other,True
704,21209,20250929,714,67,4,1,177.6,Other,True
705,54714,20230904,669,96,10,1,674.27,Warranty,True
706,47286,20250405,322,26,3,1,11.58,Late delivery,True
707,55507,20250701,619,7,8,2,4156.28,Late delivery,True
708,37827,20231224,205,102,5,2,300.76,Late delivery,False
709,27380,20251007,32,5,9,1,3706.93,Wrong size,True
710,9339,20231004,1610,84,3,1,209.63,Damaged,True
711,9162,20250806,1808,92,1,1,536.69,Wrong size,True
712,5085,20240405,160,76,4,3,694.08,Warranty,True
713,46686,20250820,308,39,6,1,126.4,Warranty,True
714,13456,20240720,1678,33,6,1,77.65,Other,False
715,47713,20250614,1190,65,11,1,51.48,Wrong size,True
716,29209,20240802,1009,105,2,2,1004.48,Changed mind,True
717,45635,20221223,498,45,4,1,156.87,Warranty,False
718,42351,20250901,1993,75,2,1,289.84,Late delivery,True
719,3134,20251015,1612,10,3,1,1534.58,Warranty,True
720,47656,20241026,1913,80,9,1,171.61,Other,True
721,47595,20240709,1972,47,10,2,207.82,Late delivery,True
722,45275,20231105,1848,1,6,1,1111.47,Late delivery,True
723,13206,20241206,1346,50,6,3,489.91,Other,False
724,14915,20230925,375,81,1,3,1008.63,Other,False
725,47020,20240623,1834,93,10,1,198.13,Warranty,True
726,27397,20250508,1091,48,3,1,171.81,Damaged,True
727,50306,20240531,1204,35,12,2,166.01,Changed mind,False
728,20622,20251227,1571,34,10,1,63.03,Other,True
729,50760,20230401,1330,108,3,1,635.6,Changed mind,True
730,58220,20240319,1982,53,5,5,1037.0,Warranty,True
731,48228,20250512,133,28,2,4,143.24,Damaged,False
732,25483,20241011,466,47,1,1,108.68,Changed mind,True
733,14252,20250111,450,72,2,1,286.38,Wrong size,False
734,45004,20240610,564,102,5,3,423.48,Warranty,True
735,15963,20250820,1045,42,4,1,123.03,Wrong size,False
736,22692,20251124,1784,26,3,2,29.62,Wrong size,True
737,27016,20231122,739,73,5,4,1208.8,Wrong size,False
738,28400,20230704,274,10,1,1,1971.02,Damaged,True
739,24402,20220427,1669,86,5,1,276.44,Other,True
740,31075,20241004,1160,108,2,1,621.58,Late delivery,True
741,45562,20240409,939,84,7,3,650.61,Wrong size,True
742,30106,20230119,197,26,6,1,15.08,Other,True
743,36330,20241005,18,73,11,1,330.28,Warranty,True
744,25932,20230301,265,20,4,1,153.37,Damaged,False
745,15369,20240903,1677,78,3,1,200.51,Other,True
746,25913,20240720,1249,9,11,1,1017.24,Damaged,True
747,40563,20241127,908,36,1,1,161.59,Damaged,True
748,59684,20250308,525,72,10,5,1210.4,Warranty,True
749,35066,20240530,1904,50,11,1,158.7,Damaged,False
750,29713,20240703,695,91,11,2,953.64,Changed mind,True
751,7694,20240503,1658,90,7,1,614.46,Changed mind,True
752,5880,20251002,1027,76,4,1,258.25,Other,False
753,16356,20241001,63,14,9,1,102.47,Changed mind,True
754,24763,20250521,679,77,11,1,95.31,Late delivery,False
755,57907,20250802,837,54,4,2,217.92,Changed mind,False
756,10957,20240303,2,85,7,1,448.68,Changed mind,True
757,48024,20220707,343,15,8,1,20.18,Late delivery,True
758,21789,20220327,356,103,8,1,591.07,Warranty,False
759,25135,20250217,869,50,12,2,367.47,Changed mind,True
760,24240,20251231,37,44,11,2,509.39,Warranty,True
761,23430,20240514,445,18,12,1,104.11,Other,True
762,53371,20230513,1211,60,4,1,501.01,Damaged,False
763,26219,20251231,1572,75,9,1,335.16,Changed mind,True
764,9974,20240918,1344,79,10,4,1563.84,Wrong size,False
765,38498,20250125,683,92,9,1,597.39,Changed mind,True
766,18373,20241016,33,66,3,1,106.37,Changed mind,True
767,6337,20250321,734,29,5,1,125.47,Late delivery,True
768,49574,20250723,1252,51,5,1,229.1,Wrong size,True
769,24048,20251014,1213,82,3,2,1350.82,Warranty,True
770,48217,20250205,1052,3,5,1,2235.74,Changed mind,True
771,31274,20231015,468,52,2,1,58.17,Late delivery,True
772,46734,20240923,1926,76,1,1,260.63,Late delivery,False
773,6072,20221029,1720,47,2,1,93.4,Other,False
774,29459,20250409,456,29,9,1,136.14,Wrong size,True
775,30987,20221120,1952,56,4,1,188.51,Damaged,True
776,44981,20240930,1497,59,8,2,117.95,Changed mind,True
777,25729,20240712,468,9,8,1,1050.49,Warranty,True
778,21225,20230919,408,16,8,1,110.8,Other,True
779,30491,20251231,1841,103,6,3,1723.27,Wrong size,True
780,20472,20220708,814,43,6,1,158.23,Changed mind,True
781,50114,20241008,1720,3,5,1,3125.17,Warranty,True
782,8285,20241104,1058,90,11,4,2295.95,Other,True
783,36885,20250602,290,82,3,1,646.77,Wrong size,True
784,13475,20251014,299,43,2,1,153.38,Warranty,True
785,45735,20251231,1628,93,3,2,414.84,Wrong size,True
786,20392,20230830,47,92,10,4,2383.56,Other,True
787,41950,20220810,277,56,3,1,177.33,Wrong size,False
788,16094,20241210,1767,91,1,4,1987.4,Wrong size,True
789,37790,20250429,1474,65,1,2,106.5,Other,True
790,38103,20241101,880,88,12,2,303.86,Changed mind,True
791,7303,20220906,1395,108,10,1,644.43,Late delivery,False
792,10508,20250721,1636,68,12,1,150.59,Other,True
793,9783,20251219,458,16,9,2,224.94,Other,True
794,25773,20240131,404,90,4,1,599.48,Damaged,True
795,48847,20240910,1566,95,1,1,353.03,Late delivery,True
796,16253,20231026,547,54,6,1,101.63,Wrong size,False
797,18518,20240625,1035,94,7,1,423.88,Other,True
798,13690,20231006,870,20,8,2,291.96,Late delivery,True
799,12730,20251231,1136,60,7,1,501.88,Damaged,True
800,23246,20250622,413,27,8,1,71.24,Other,True
801,8219,20250322,844,46,3,1,236.41,Wrong size,True
802,21310,20240509,912,2,11,1,1924.47,Other,True
803,30349,20240417,1074,98,5,3,614.25,Warranty,False
804,35332,20240128,243,26,8,1,13.82,Changed mind,True
805,15403,20240427,1592,88,11,1,139.51,Other,True
806,26246,20250125,646,88,9,4,554.56,Late delivery,True
807,23320,20250828,414,68,10,1,162.49,Other,True
808,58178,20240519,1898,57,10,1,317.81,Other,True
809,5212,20240921,83,102,9,1,157.52,Wrong size,True
810,55078,20240313,197,15,12,1,19.75,Other,False
811,18145,20251231,1706,74,12,1,218.67,Damaged,True
812,36882,20250628,290,20,3,2,308.52,Other,False
813,23476,20251026,1660,43,6,1,155.41,Damaged,False
814,28091,20240509,181,44,5,1,282.56,Other,False
815,21108,20250604,1700,20,11,1,149.83,Warranty,True
816,6810,20240714,441,103,2,1,571.41,Damaged,False
817,21197,20250801,336,25,6,1,110.51,Other,True
818,37576,20240721,1584,40,3,1,312.69,Changed mind,False
819,22573,20240519,647,45,5,1,175.43,Warranty,True
820,12740,20240516,686,5,8,1,3051.38,Late delivery,False
821,27567,20250624,1484,11,8,1,3987.47,Changed mind,False
822,37176,20240302,442,10,2,2,3950.9,Damaged,True
823,56143,20240518,678,77,7,2,186.39,Wrong size,True
824,38175,20240927,1275,18,9,1,88.32,Wrong size,False
825,38152,20251231,454,81,6,1,343.69,Changed mind,True
826,42317,20250212,794,80,1,3,526.8,Other,False
827,54757,20250720,1014,81,2,1,283.38,Other,True
828,9333,20231217,306,74,1,1,200.73,Wrong size,True
829,40150,20220528,932,64,2,1,182.17,Changed mind,True
830,34508,20230913,1491,48,5,1,191.23,Warranty,True
831,19410,20250508,1318,80,12,1,131.32,Changed mind,True
832,45713,20240229,1310,17,12,1,83.79,Warranty,False
833,24146,20240618,327,95,11,1,361.4,Wrong size,True
834,19466,20240326,993,46,5,1,216.51,Wrong size,True
835,9039,20240601,1246,54,12,2,203.16,Wrong size,True
836,55545,20250719,839,34,12,1,62.33,Other,True
837,6365,20240604,1290,103,10,2,1141.16,Other,False
838,9087,20241009,1497,71,7,2,641.46,Warranty,True
839,28168,20240722,830,81,2,1,302.35,Other,True
840,36975,20240102,1339,39,4,3,424.08,Other,True
841,30515,20241116,518,108,11,1,574.45,Damaged,True
842,33382,20250410,1674,55,4,2,688.08,Other,False
843,32995,20230823,1404,77,7,3,271.09,Damaged,True
844,25315,20221203,1767,98,7,2,414.68,Other,False
845,46743,20230408,1644,81,3,2,669.5,Other,False
846,48003,20250509,905,90,3,1,623.23,Other,True
847,4952,20240113,1328,93,2,1,207.29,Changed mind,True
848,41206,20250716,193,32,12,1,20.62,Wrong size,True
849,14934,20231126,1576,39,4,1,133.84,Changed mind,False
850,37695,20230909,542,22,5,2,200.72,Warranty,True
851,8538,20250607,311,85,7,1,397.96,Wrong size,True
852,37111,20250104,888,105,5,1,471.88,Changed mind,True
853,11553,20251231,204,107,6,1,615.6,Late delivery,True
854,20707,20250717,1693,27,1,1,60.88,Other,True
855,46692,20231024,1583,51,11,1,229.93,Changed mind,True
856,14617,20241124,81,8,12,1,2089.37,Wrong size,True
857,20644,20241014,1909,51,12,1,232.82,Late delivery,False
858,14791,20230329,94,107,4,2,1220.48,Damaged,False
859,13716,20230226,1982,49,12,4,338.8,Warranty,False
860,22528,20230217,1564,43,12,1,156.07,Wrong size,False
861,46453,20241116,939,88,2,1,133.84,Warranty,True
862,5546,20240426,421,82,9,1,625.12,Other,True
863,9526,20240402,1741,92,8,1,557.24,Other,True
864,37791,20230516,1910,46,10,2,437.24,Damaged,False
865,19726,20241118,944,2,6,1,2120.33,Changed mind,True
866,49350,20220824,918,7,3,1,2271.79,Warranty,False
867,30222,20240723,1625,92,5,1,554.96,Late delivery,True
868,46179,20250305,1611,23,8,1,61.7,Other,True
869,49259,20220609,81,15,1,2,41.16,Changed mind,True
870,16174,20250630,1528,75,9,3,826.06,Other,True
871,29153,20221105,1168,22,7,1,99.18,Changed mind,True
872,3105,20240410,13,59,6,1,58.65,Warranty,False
873,31113,20230708,1422,39,5,1,123.1,Changed mind,True
874,40222,20250620,1398,48,1,1,178.79,Late delivery,True
875,49730,20250823,1787,26,11,1,14.54,Warranty,True
876,40843,20240320,1376,65,7,1,45.42,Warranty,True
877,4921,20240801,594,40,11,2,582.04,Wrong size,True
878,44240,20240603,562,98,5,1,188.68,Warranty,False
879,8612,20230111,907,56,7,1,186.76,Warranty,True
880,39047,20230211,1024,86,7,1,250.94,Damaged,True
881,6088,20230414,1846,59,6,1,55.64,Other,True
882,26566,20250218,1156,60,5,1,566.42,Wrong size,True
883,50318,20230628,222,55,5,1,356.31,Damaged,True
884,1593,20250617,1333,83,12,1,455.64,Wrong size,True
885,59474,20220814,1638,56,5,2,374.76,Warranty,True
886,33347,20250313,425,80,12,1,181.0,Damaged,True
887,13079,20230617,924,93,4,1,176.83,Damaged,True
888,52039,20230418,1244,15,5,3,64.92,Late delivery,False
889,9319,20230409,1939,77,1,1,88.14,Changed mind,True
890,55263,20231014,1601,106,4,1,834.3,Late delivery,False
891,38215,20240929,1947,26,9,1,14.73,Warranty,True
892,9709,20250701,1007,91,6,1,440.51,Warranty,True
893,34987,20250417,1974,85,4,2,779.65,Changed mind,False
894,24942,20250712,1054,58,2,1,370.97,Other,True
895,43452,20251017,1729,31,11,1,94.02,Changed mind,False
896,571,20220508,713,98,10,1,209.5,Late delivery,True
897,26720,20250701,1505,3,10,1,2336.16,Changed mind,True
898,32630,20240526,170,60,3,2,991.2,Damaged,True
899,1452,20250623,1279,13,10,2,29.66,Changed mind,True
900,39531,20240412,19,106,7,1,877.03,Changed mind,False
901,31993,20230427,1974,56,6,1,151.36,Warranty,True
902,25301,20250614,328,10,7,1,1871.41,Other,True
903,2683,20250223,30,96,5,2,1242.34,Late delivery,True
904,33343,20240326,1059,78,6,1,174.09,Late delivery,True
905,54937,20240520,559,93,7,2,407.08,Wrong size,True
906,56463,20231001,278,100,5,1,839.23,Wrong size,True
907,41102,20240521,53,84,12,2,339.18,Changed mind,True
908,21158,20251126,1677,19,6,1,78.53,Warranty,True
909,59085,20230521,1102,48,5,2,368.58,Other,False
910,1267,20250406,1184,1,3,1,1136.92,Warranty,True
911,20662,20250911,133,18,2,1,83.55,Warranty,True
912,3861,20250516,672,34,1,1,55.22,Damaged,True
913,49536,20231029,396,28,12,1,41.16,Changed mind,False
914,8234,20231102,75,76,12,1,207.73,Wrong size,True
915,47927,20251209,75,16,7,1,96.89,Damaged,True
916,29035,20241228,428,46,6,1,202.95,Late delivery,False
917,41098,20251231,745,75,2,1,326.67,Other,True
918,4447,20240225,1899,20,3,1,145.93,Late delivery,True
919,59876,20231011,1728,101,11,1,602.23,Late delivery,True
920,46049,20240502,1590,12,9,1,3661.65,Late delivery,True
921,23445,20251231,1030,108,12,1,586.3,Warranty,True
922,55451,20230527,877,11,7,1,4056.09,Wrong size,True
923,29940,20240222,1093,80,4,1,180.04,Damaged,False
924,56442,20250220,500,22,11,1,101.2,Changed mind,True
925,21134,20240828,68,70,7,2,343.48,Changed mind,True
926,468,20240225,990,100,1,4,3477.6,Wrong size,True
927,46932,20221012,190,82,5,1,528.67,Damaged,False
928,14644,20230805,988,96,2,1,638.24,Late delivery,True
929,14671,20240411,780,105,12,1,488.87,Other,False
930,45103,20230523,1795,77,7,3,280.81,Wrong size,True
931,13659,20230725,1969,18,2,5,487.3,Other,True
932,28138,20251209,320,8,1,1,1843.9,Other,True
933,43642,20250728,1414,90,6,2,1203.54,Late delivery,True
934,26943,20250503,1321,101,1,1,536.4,Damaged,True
935,38164,20240401,262,40,6,1,315.95,Damaged,True
936,41962,20240620,1224,56,10,1,182.81,Late delivery,False
937,34327,20230306,1001,55,4,1,353.12,Late delivery,True
938,46047,20250622,1671,83,1,2,1088.16,Wrong size,True
939,9129,20240903,492,85,12,1,417.08,Damaged,True
940,11537,20240331,913,48,12,1,193.11,Damaged,True
941,57161,20251113,417,72,2,1,269.2,Late delivery,True
942,54544,20230519,818,24,5,3,122.01,Late delivery,True
943,8638,20241228,640,15,1,1,20.68,Late delivery,True
944,29474,20220711,209,104,8,3,1432.38,Changed mind,True
945,43986,20251025,1140,80,7,1,140.03,Changed mind,True
946,55099,20230611,601,39,3,3,377.2,Damaged,False
947,16691,20220411,1430,46,1,1,207.45,Damaged,False
948,34944,20240414,1074,27,9,1,78.89,Warranty,False
949,42704,20230717,1255,36,9,1,180.95,Wrong size,False
950,43126,20250513,1649,7,9,1,2512.48,Warranty,True
951,41264,20231206,657,46,12,6,1223.96,Changed mind,True
952,33545,20240922,219,69,11,1,330.68,Warranty,True
953,19480,20251022,204,90,12,1,523.58,Other,True
954,47521,20250226,1905,96,4,1,599.88,Warranty,True
955,27352,20250112,395,54,12,1,91.26,Damaged,True
956,27723,20230822,402,53,5,1,204.48,Late delivery,True
957,37151,20251224,1106,71,9,1,329.15,Changed mind,True
958,7566,20240303,498,18,2,1,82.12,Wrong size,True
959,9538,20221120,697,22,5,3,321.85,Warranty,False
960,6093,20231126,917,91,6,2,937.33,Other,False
961,57238,20240427,733,38,3,3,646.23,Warranty,True
962,18885,20250218,1049,23,1,1,56.2,Wrong size,False
963,381,20250130,1157,27,12,1,79.36,Other,False
964,27488,20241016,1645,7,8,1,2369.09,Late delivery,True
965,12490,20230101,513,69,12,1,312.46,Damaged,True
966,34826,20250708,1901,67,4,1,184.24,Damaged,False
967,46607,20240419,1083,27,2,1,72.17,Damaged,True
968,40464,20240114,441,54,8,1,117.12,Other,True
969,25047,20241101,1857,21,7,1,88.28,Damaged,False
970,53625,20241104,1517,89,7,1,60.67,Other,True
971,15633,20250429,944,81,2,1,344.91,Wrong size,True
972,35556,20230831,864,103,7,1,508.11,Wrong size,True
973,38404,20251011,985,96,1,1,674.96,Changed mind,True
974,25990,20220316,1505,83,5,3,1528.42,Warranty,True
975,32091,20240226,1468,78,11,1,190.35,Warranty,False
976,25207,20241123,731,68,7,1,145.01,Late delivery,True
977,41115,20241123,475,27,1,1,75.73,Wrong size,True
978,23228,20240116,337,95,4,1,438.77,Other,True
979,43885,20231027,1194,51,10,1,253.25,Damaged,True
980,29435,20251101,1985,104,5,1,564.42,Damaged,True
981,28481,20230813,1251,93,4,1,202.8,Wrong size,True
982,34098,20230403,232,21,11,1,79.31,Other,False
983,58087,20230406,1419,39,8,2,283.06,Wrong size,False
984,11924,20251231,1980,65,10,2,96.14,Warranty,True
985,58163,20240316,599,99,1,3,1833.75,Warranty,True
986,21202,20240219,1600,7,5,1,2308.38,Warranty,True
987,12479,20250930,1324,53,2,1,191.36,Changed mind,False
988,17551,20240216,654,43,6,1,147.54,Other,True
989,33033,20250113,1440,56,4,1,173.8,Wrong size,False
990,15973,20241105,800,64,1,1,169.19,Changed mind,True
991,33592,20230612,947,104,5,1,564.23,Damaged,False
992,12904,20230408,1731,40,2,3,942.57,Damaged,True
993,24710,20250111,1686,29,2,2,233.28,Other,True
994,8826,20231110,489,98,10,8,1563.76,Late delivery,True
995,40489,20240423,1704,86,12,1,220.24,Wrong size,False
996,37561,20230417,914,52,10,1,60.92,Wrong size,True
997,24059,20250220,1519,72,12,1,311.64,Other,True
998,30353,20241111,198,25,6,1,113.02,Wrong size,True
999,58826,20250417,81,59,10,1,52.18,Damaged,True
1000,51726,20230703,446,77,6,1,91.74,Warranty,True
1001,43227,20231109,945,82,5,1,654.07,Late delivery,True
1002,46877,20220519,446,28,1,1,39.86,Warranty,True
1003,37303,20231113,1221,50,8,1,189.41,Changed mind,False
1004,56106,20230821,1385,11,10,1,4609.94,Late delivery,True
1005,41992,20250418,1114,93,1,1,188.63,Damaged,True
1006,10933,20240912,1966,71,6,1,364.99,Late delivery,True
1007,58721,20250925,129,96,11,2,1388.48,Other,False
1008,31167,20230712,650,76,9,1,186.81,Warranty,False
1009,21460,20240507,1336,35,9,1,86.13,Wrong size,True
1010,31384,20230419,852,46,3,1,240.56,Wrong size,True
1011,31573,20230414,1540,65,8,2,91.22,Wrong size,True
1012,48571,20241213,100,44,6,5,1379.63,Late delivery,False
1013,14734,20231008,1131,18,7,2,179.38,Other,True
1014,55348,20241024,782,42,6,1,128.45,Wrong size,True
1015,22884,20250219,574,1,11,1,1125.64,Late delivery,True
1016,40108,20250210,857,101,8,1,592.2,Wrong size,True
1017,51931,20230603,411,100,6,2,1618.04,Warranty,False
1018,23646,20220814,256,85,7,1,453.24,Damaged,False
1019,20307,20240523,993,17,8,3,229.6,Other,True
1020,23458,20251231,1731,62,2,2,296.39,Wrong size,True
1021,33915,20240823,658,86,8,1,234.34,Other,True
1022,2297,20231227,425,43,7,1,126.34,Warranty,True
1023,13626,20250726,1815,80,3,5,946.45,Changed mind,True
1024,52241,20240224,230,43,1,1,146.39,Damaged,True
1025,55897,20240715,1650,41,5,1,305.78,Damaged,True
1026,1285,20230205,456,98,11,1,214.6,Damaged,True
1027,1483,20230425,1932,71,9,3,1059.73,Wrong size,False
1028,37098,20250615,1684,90,8,1,622.33,Damaged,True
1029,28274,20240307,675,65,4,1,48.97,Damaged,True
1030,44385,20230807,595,21,8,2,186.78,Wrong size,True
1031,48386,20241214,1417,51,7,1,223.19,Other,True
1032,53196,20230822,910,11,2,1,4334.05,Other,True
1033,29930,20251231,1586,66,2,1,100.94,Damaged,True
1034,47005,20251231,599,50,8,1,211.3,Damaged,True
1035,4127,20230611,708,92,4,2,844.58,Warranty,False
1036,36200,20241027,1156,34,9,1,66.35,Changed mind,True
1037,48518,20250824,263,8,1,1,2073.01,Wrong size,False
1038,48721,20230831,169,48,9,1,189.19,Late delivery,True
1039,8899,20250911,1060,3,11,2,5634.58,Changed mind,False
1040,51173,20230730,500,10,4,1,1861.29,Other,False
1041,55094,20231218,214,16,7,3,338.7,Damaged,True
1042,15404,20240830,217,79,1,2,800.64,Changed mind,False
1043,26461,20221123,907,4,12,1,2827.66,Changed mind,False
1044,987,20250823,858,98,6,1,212.9,Warranty,False
1045,48672,20231207,495,54,3,6,680.88,Wrong size,False
1046,43257,20230627,809,54,3,1,103.72,Changed mind,True
1047,13777,20240927,609,64,3,1,183.59,Changed mind,True
1048,15354,20230324,221,82,10,2,1249.98,Warranty,False
1049,29703,20241015,1713,23,10,3,197.53,Damaged,True
1050,21280,20251207,1420,65,7,2,89.69,Wrong size,True
1051,6636,20250606,965,69,6,1,306.76,Warranty,True
1052,48969,20230714,1910,39,1,2,220.39,Other,True
1053,12727,20241112,653,49,3,2,158.04,Wrong size,False
1054,37205,20251123,1057,89,7,1,61.96,Warranty,True
1055,37896,20250121,358,78,4,3,578.67,Wrong size,True
1056,26245,20250130,646,28,9,2,88.06,Warranty,True
1057,15609,20250101,722,79,6,2,611.52,Damaged,False
1058,50584,20240314,1151,26,5,1,15.05,Wrong size,True
1059,10266,20230507,1315,89,4,1,61.45,Wrong size,True
1060,52308,20250512,1354,43,4,4,600.04,Wrong size,True
1061,44149,20240815,1439,74,2,1,226.64,Warranty,False
1062,57567,20251004,63,77,9,1,98.36,Other,True
1063,40115,20251024,1813,98,5,3,622.44,Wrong size,True
1064,35509,20241018,661,29,11,1,117.28,Warranty,False
1065,44723,20250320,456,28,7,2,83.42,Warranty,True
1066,42755,20240518,1455,83,3,1,523.8,Changed mind,True
1067,10470,20230709,99,91,1,1,461.37,Late delivery,False
1068,12258,20251231,552,63,12,3,727.19,Wrong size,False
1069,13906,20230506,291,64,12,3,595.59,Damaged,True
1070,29298,20230411,1039,26,2,2,27.55,Warranty,False
1071,51845,20250211,1822,32,9,1,22.21,Damaged,True
1072,40076,20240517,1669,28,1,1,43.08,Wrong size,True
1073,34929,20221104,1818,84,8,1,211.66,Wrong size,True
1074,18407,20241223,1390,7,10,1,2220.03,Warranty,False
1075,55709,20230624,1925,19,7,3,249.45,Late delivery,False
1076,12041,20241126,771,41,6,4,1076.92,Late delivery,True
1077,2660,20230110,1649,52,9,1,69.65,Changed mind,True
1078,8737,20230901,1482,50,9,1,218.7,Changed mind,False
1079,41819,20251113,947,20,6,1,135.05,Damaged,False
1080,21937,20240212,12,95,8,2,824.5,Late delivery,True
1081,41402,20251231,1960,26,7,1,13.98,Warranty,True
1082,17530,20230915,940,21,3,3,265.31,Late delivery,False
1083,4991,20251109,1300,82,3,1,611.52,Other,False
1084,12306,20241102,465,25,9,2,183.79,Other,True
1085,1027,20230913,1931,4,7,1,2444.24,Warranty,True
1086,17096,20230727,631,15,4,2,39.32,Late delivery,True
1087,6991,20230711,1137,24,7,2,83.32,Late delivery,True
1088,16131,20240717,1461,38,8,1,206.09,Wrong size,False
1089,19194,20240901,1958,78,4,1,151.11,Damaged,True
1090,31258,20241212,251,86,6,1,296.72,Damaged,True
1091,14884,20250801,1748,103,2,3,1859.31,Late delivery,False
1092,54497,20250413,351,6,1,1,1430.97,Warranty,False
1093,20150,20250319,912,100,11,1,757.75,Other,False
1094,59290,20240301,1643,8,8,1,2212.78,Wrong size,True
1095,48269,20251231,1400,85,7,2,826.18,Wrong size,True
1096,31999,20240620,221,61,2,1,311.08,Other,True
1097,7702,20240722,1739,99,9,1,635.6,Late delivery,True
1098,16912,20231113,1532,104,1,2,1138.6,Late delivery,True
1099,29964,20250101,1617,83,2,1,571.65,Changed mind,True
1100,38757,20230811,1945,11,1,1,3873.78,Damaged,True
1101,41991,20250328,1114,89,1,2,123.42,Other,False
1102,20727,20240222,1390,16,11,2,218.3,Other,False
1103,42592,20250922,762,48,1,1,154.21,Other,False
1104,2934,20230331,1053,108,4,1,552.43,Other,True
1105,18762,20230718,1196,104,7,4,2263.32,Changed mind,False
1106,20305,20240525,993,46,8,1,221.43,Late delivery,True
1107,47342,20241208,687,64,1,1,188.45,Warranty,True
1108,20737,20241107,794,73,3,1,301.29,Changed mind,True
1109,56269,20251128,5,91,1,2,978.12,Other,True
1110,41382,20240227,1278,31,6,1,88.97,Wrong size,True
1111,29233,20221217,1759,1,6,1,1099.1,Wrong size,True
1112,24131,20231209,423,89,9,2,126.9,Warranty,False
1113,45518,20240918,1618,3,11,2,5502.1,Damaged,True
1114,34887,20220824,720,19,10,1,85.82,Damaged,True
1115,10862,20241028,365,82,1,1,638.43,Changed mind,True
1116,52051,20221206,212,86,12,3,782.25,Late delivery,False
1117,21932,20240215,850,26,2,3,42.2,Warranty,True
1118,28783,20220615,1168,43,10,3,428.38,Other,False
1119,27504,20250324,1950,94,10,1,450.16,Wrong size,True
1120,50850,20251212,1471,61,4,2,556.73,Late delivery,True
1121,24368,20250807,1798,107,5,3,1831.14,Late delivery,True
1122,43101,20241202,953,8,1,1,1976.14,Warranty,False
1123,24153,20240122,196,62,7,1,165.98,Late delivery,True
1124,38754,20220213,78,88,10,1,136.09,Damaged,True
1125,1332,20250407,1832,32,7,1,28.14,Damaged,False
1126,48645,20240714,1245,81,9,1,366.01,Late delivery,False
1127,58167,20240131,306,26,4,1,12.65,Warranty,True
1128,3522,20241219,911,14,4,1,84.62,Other,True
1129,38172,20241001,1275,60,9,1,555.18,Other,True
1130,5461,20230829,998,34,12,5,294.05,Warranty,True
1131,26041,20250316,785,107,4,1,600.28,Other,True
1132,4950,20230516,936,65,6,1,49.75,Damaged,True
1133,24470,20230220,492,24,1,1,41.22,Other,False
1134,41456,20250330,648,51,3,1,244.65,Other,True
1135,57394,20250503,1507,58,3,2,715.92,Wrong size,True
1136,16215,20241102,783,94,3,2,825.36,Late delivery,True
1137,5291,20230524,1695,63,12,1,202.61,Warranty,True
1138,19130,20230506,1489,56,12,1,167.03,Warranty,True
1139,20897,20230415,377,100,8,1,875.98,Changed mind,True
1140,10842,20250801,29,96,2,2,1357.44,Wrong size,True
1141,47640,20230622,1905,96,10,1,660.61,Other,False
1142,37275,20240606,608,52,5,2,140.6,Other,False
1143,178,20220517,1692,15,7,1,17.95,Warranty,True
1144,19139,20240704,1231,55,2,1,361.79,Other,False
1145,10934,20250317,503,62,1,2,309.36,Changed mind,True
1146,34077,20240216,73,104,2,2,1006.92,Changed mind,True
1147,4864,20241124,1921,50,4,1,190.85,Wrong size,False
1148,48599,20240801,1822,52,10,1,61.19,Warranty,True
1149,42264,20241025,1737,63,3,2,459.29,Wrong size,True
1150,10602,20240908,1357,85,12,1,432.39,Changed mind,True
1151,57774,20250525,1949,67,4,5,946.85,Damaged,True
1152,12911,20241203,1265,66,7,5,496.8,Damaged,True
1153,40798,20241001,1271,94,4,8,3726.56,Late delivery,True
1154,13944,20240127,952,96,3,1,660.15,Changed mind,True
1155,38008,20240216,1298,25,5,1,120.64,Damaged,True
1156,17778,20231127,113,26,3,2,25.69,Warranty,True
1157,34050,20250915,352,32,6,1,26.46,Other,True
1158,39509,20250328,1261,81,9,1,325.11,Wrong size,True
1159,18986,20251227,1731,96,11,2,1358.68,Late delivery,True
1160,3455,20250824,20,41,5,1,286.25,Warranty,True
1161,19864,20250820,439,67,5,2,354.54,Warranty,True
1162,41738,20230401,294,76,11,2,479.72,Other,True
1163,26194,20250904,1907,99,6,1,630.6,Other,True
1164,2185,20230605,1026,76,11,3,650.99,Changed mind,True
1165,39739,20240718,560,64,7,1,202.19,Wrong size,True
1166,36884,20250513,290,5,3,2,6895.73,Late delivery,True
1167,27663,20230406,1186,28,5,4,177.32,Wrong size,True
1168,51315,20250104,300,31,4,1,90.51,Other,True
1169,21050,20241104,126,13,5,3,39.33,Changed mind,False
1170,18838,20250426,1316,29,8,1,131.49,Damaged,True
1171,31838,20251231,1065,56,2,1,193.62,Late delivery,True
1172,18432,20240317,1185,26,11,4,60.6,Warranty,True
1173,5197,20251231,951,96,6,1,643.76,Late delivery,False
1174,6679,20240409,1909,100,2,1,946.65,Changed mind,True
1175,52650,20240403,858,7,10,1,2007.54,Changed mind,False
1176,52402,20220609,1434,89,12,1,58.48,Wrong size,True
1177,18348,20240327,1841,48,11,1,175.28,Wrong size,True
1178,6977,20220901,1001,79,8,2,702.7,Changed mind,True
1179,55,20220331,1220,88,9,2,295.8,Damaged,True
1180,50109,20250926,127,100,4,1,819.49,Wrong size,True
1181,994,20240324,1328,72,6,1,243.76,Damaged,False
1182,49012,20231106,609,46,5,1,224.36,Changed mind,False
1183,34374,20250811,1646,48,7,1,185.68,Warranty,False
1184,39620,20220909,772,4,1,2,5679.47,Damaged,True
1185,32195,20231128,1439,21,8,1,68.13,Wrong size,True
1186,379,20250706,910,4,1,1,2792.41,Wrong size,True
1187,59787,20230615,650,56,8,1,172.66,Other,False
1188,36187,20240201,975,16,3,1,105.76,Warranty,True
1189,45820,20231227,354,59,5,1,61.73,Other,False
1190,9713,20251231,321,35,11,1,84.83,Damaged,True
1191,40983,20250727,552,5,6,1,3774.85,Changed mind,True
1192,28937,20250814,1960,91,10,5,2578.36,Damaged,True
1193,5161,20240731,1680,4,11,1,2927.47,Other,True
1194,31028,20240306,1957,45,7,1,153.34,Warranty,True
1195,27110,20251102,222,54,12,1,98.83,Damaged,True
1196,38165,20240508,262,105,6,1,456.18,Changed mind,True
1197,32444,20250801,754,11,11,1,4630.37,Other,False
1198,39799,20240919,1103,47,12,2,229.9,Changed mind,True
1199,50783,20240808,1226,23,11,1,69.58,Warranty,True
1200,45020,20250402,1235,38,6,2,435.24,Damaged,True
1201,30443,20241104,540,42,8,1,134.11,Late delivery,True
1202,54956,20240824,1369,38,2,1,230.96,Changed mind,False
1203,53267,20240922,1383,62,11,1,152.08,Warranty,True
1204,30831,20251231,815,35,11,2,137.46,Wrong size,True
1205,36799,20230606,754,6,12,1,1459.32,Damaged,True
1206,45447,20250504,942,89,11,1,64.8,Wrong size,True
1207,33817,20221012,1909,98,2,2,393.16,Changed mind,True
1208,32910,20240917,88,36,3,1,208.54,Late delivery,True
1209,34852,20230125,1733,76,7,1,232.79,Damaged,True
1210,57971,20251231,1448,77,11,1,97.43,Changed mind,False
1211,18269,20221022,1876,43,6,9,1303.29,Wrong size,True
1212,42364,20230515,1379,10,6,1,1826.89,Late delivery,True
1213,40813,20240226,113,32,2,1,24.71,Wrong size,True
1214,13943,20240229,952,90,3,1,575.23,Damaged,False
1215,38128,20240606,663,76,4,1,221.3,Other,True
1216,56190,20251205,551,76,7,2,494.4,Damaged,False
1217,14379,20250923,345,13,7,2,27.42,Changed mind,True
1218,58002,20240110,252,53,11,2,323.36,Changed mind,True
1219,26492,20240418,1478,20,9,1,126.5,Changed mind,False
1220,32117,20251231,547,41,9,1,301.22,Other,True
1221,57865,20251214,579,58,10,2,710.52,Wrong size,False
1222,38156,20230917,437,71,9,1,345.61,Damaged,True
1223,37020,20240121,759,34,5,1,61.08,Wrong size,True
1224,24488,20240520,1548,7,7,1,2037.88,Changed mind,True
1225,46789,20250131,924,20,6,3,398.7,Damaged,True
1226,35863,20240429,1024,89,3,1,55.9,Damaged,False
1227,44873,20250507,1464,61,10,2,706.4,Wrong size,True
1228,5568,20240330,1848,25,6,1,109.88,Wrong size,True
1229,58412,20231202,1464,51,7,1,191.48,Warranty,True
1230,42360,20241109,1453,65,10,2,92.7,Changed mind,True
1231,4868,20250611,1640,27,1,1,72.45,Other,False
1232,8816,20240413,283,93,12,1,186.78,Other,True
1233,53726,20240207,1685,102,5,2,328.08,Damaged,False
1234,20634,20250615,1893,18,12,1,79.66,Warranty,True
1235,22931,20250809,1571,107,6,2,1238.06,Other,False
1236,14211,20251013,1477,78,8,2,278.54,Changed mind,True
1237,33228,20250727,370,47,3,1,98.64,Changed mind,True
1238,12032,20240425,689,92,8,1,534.92,Changed mind,True
1239,39501,20250202,835,71,7,2,734.92,Damaged,False
1240,14620,20250621,1091,85,9,1,414.0,Changed mind,True
1241,53966,20250818,1259,47,7,2,208.48,Warranty,False
1242,50629,20230910,373,60,12,1,569.98,Late delivery,True
1243,1907,20251015,156,31,6,4,361.88,Warranty,True
1244,14408,20250201,772,90,1,1,598.78,Damaged,True
1245,9672,20240923,1194,23,4,1,56.38,Damaged,True
1246,31403,20241020,1738,73,9,1,282.78,Late delivery,False
1247,36130,20241023,291,23,5,1,66.21,Warranty,True
1248,50498,20251122,823,41,4,1,289.72,Wrong size,True
1249,35761,20240623,546,44,6,1,263.65,Late delivery,True
1250,15950,20241113,256,86,6,1,265.66,Wrong size,False
1251,17092,20230817,631,59,4,4,229.19,Damaged,False
1252,5440,20251127,579,46,9,2,425.02,Changed mind,True
1253,53009,20250203,1676,39,4,1,132.28,Damaged,True
1254,58154,20240102,213,65,6,1,44.88,Warranty,True
1255,31368,20240225,947,95,11,5,2131.09,Damaged,True
1256,41689,20250811,948,103,11,1,545.95,Late delivery,True
1257,37891,20230817,576,64,8,1,172.92,Warranty,True
1258,12881,20240107,911,92,5,1,524.32,Damaged,True
1259,40364,20250209,943,54,12,1,108.19,Changed mind,True
1260,51247,20250906,458,76,2,1,238.47,Damaged,False
1261,29251,20240204,1654,108,8,2,1152.86,Warranty,False
1262,34352,20241011,602,45,9,1,165.42,Changed mind,True
1263,12353,20250624,110,16,7,1,111.8,Wrong size,True
1264,56514,20250307,264,102,7,5,827.85,Other,True
1265,57629,20231105,1447,103,1,1,533.49,Changed mind,True
1266,15549,20230216,1587,19,11,1,85.76,Wrong size,True
1267,26291,20250407,1200,3,9,1,2759.39,Other,True
1268,34596,20230805,737,18,12,1,102.73,Warranty,False
1269,40620,20240524,281,96,8,1,647.93,Wrong size,True
1270,34859,20250527,1508,86,6,2,524.86,Wrong size,True
1271,34519,20220717,614,79,4,1,362.05,Late delivery,True
1272,28293,20250723,1718,21,5,2,148.84,Other,True
1273,4645,20230629,1394,83,8,1,499.56,Wrong size,True
1274,30860,20240814,944,8,10,1,1771.15,Warranty,True
1275,15851,20250224,1388,59,4,3,184.08,Changed mind,False
1276,12855,20221020,965,84,2,1,221.17,Damaged,True
1277,21835,20250420,1512,27,1,1,82.07,Changed mind,False
1278,17792,20240307,1522,58,8,3,1183.35,Changed mind,True
1279,44575,20240329,194,44,3,1,305.05,Wrong size,False
1280,38658,20251020,1422,99,4,1,638.71,Wrong size,True
1281,51365,20220805,1144,46,6,2,459.41,Wrong size,False
1282,28161,20241109,84,77,11,1,93.52,Late delivery,True
1283,27404,20240624,1219,38,4,2,420.39,Warranty,True
1284,10409,20250608,1352,23,4,5,310.41,Other,True
1285,54014,20240428,1323,107,1,2,1199.38,Late delivery,False
1286,22316,20250611,910,81,10,1,323.75,Warranty,True
1287,55969,20231206,1102,101,5,3,1863.63,Warranty,True
1288,50164,20240526,893,88,2,1,130.24,Late delivery,True
1289,27213,20250911,470,52,10,1,63.69,Warranty,True
1290,4777,20251231,337,103,3,1,570.5,Changed mind,True
1291,42246,20250204,1855,25,10,1,121.41,Late delivery,True
1292,9393,20251111,1343,60,8,4,2284.52,Other,True
1293,59156,20250407,796,8,1,1,2121.99,Late delivery,False
1294,31231,20240222,1333,60,11,1,479.77,Late delivery,False
1295,56581,20241120,495,10,2,1,1959.1,Warranty,True
1296,54005,20240310,393,39,12,1,123.53,Late delivery,True
1297,12121,20241004,1920,58,1,1,373.44,Damaged,True
1298,53227,20250805,11,59,3,1,56.0,Late delivery,True
1299,15976,20241020,800,6,1,1,1180.49,Late delivery,True
1300,13973,20251011,1189,40,2,1,299.3,Late delivery,True
1301,26658,20221201,1267,30,5,1,54.89,Late delivery,True
1302,30471,20240201,1156,64,1,1,162.46,Other,False
1303,59040,20231006,850,24,7,3,123.0,Damaged,True
1304,50187,20231004,1692,37,10,1,110.5,Changed mind,True
1305,13764,20231009,1227,12,11,1,3074.23,Damaged,True
1306,5627,20250121,183,5,12,1,3380.68,Changed mind,True
1307,34476,20230529,1160,28,7,2,70.75,Other,True
1308,24174,20251022,984,68,12,1,160.7,Other,True
1309,13901,20240123,1270,23,7,1,67.61,Damaged,True
1310,23723,20250331,956,10,12,1,2046.63,Changed mind,True
1311,23045,20250612,1477,86,10,1,256.35,Other,True
1312,8199,20240118,1869,16,2,2,205.31,Late delivery,True
1313,32752,20221026,663,6,2,1,1256.27,Warranty,True
1314,16590,20241228,536,78,5,3,548.4,Other,False
1315,27885,20230221,989,19,5,1,80.35,Wrong size,True
1316,13983,20240512,562,69,10,1,302.27,Wrong size,True
1317,40886,20230115,815,95,8,1,399.08,Other,True
1318,46292,20250609,702,20,11,1,137.16,Late delivery,False
1319,41731,20221212,699,65,2,1,52.96,Other,True
1320,38867,20250727,1587,72,8,1,315.32,Late delivery,True
1321,25637,20240819,584,49,5,1,84.92,Other,True
1322,24945,20241104,767,65,7,1,46.33,Other,False
1323,25538,20230728,1002,65,4,3,141.96,Wrong size,False
1324,59415,20250730,1000,98,7,2,431.68,Warranty,True
1325,39661,20230320,146,24,1,1,40.71,Late delivery,True
1326,52983,20250430,1821,64,6,1,185.31,Changed mind,False
1327,57785,20240906,1018,41,5,1,307.28,Late delivery,True
1328,1613,20250103,396,100,4,1,817.0,Wrong size,False
1329,28499,20240910,1725,49,6,1,82.5,Other,True
1330,22443,20241001,531,59,5,1,53.21,Damaged,True
1331,51644,20251231,1323,104,4,2,1142.48,Damaged,False
1332,14803,20240827,1729,32,8,1,21.56,Wrong size,True
1333,28923,20240913,897,77,10,2,187.52,Wrong size,True
1334,43209,20240902,1820,72,1,1,277.74,Warranty,False
1335,40763,20240820,269,53,10,3,541.17,Other,True
1336,10747,20241108,1699,38,10,1,247.82,Late delivery,False
1337,42016,20240330,1066,9,10,1,1169.98,Changed mind,False
1338,52215,20250629,311,76,10,3,779.97,Damaged,True
1339,32309,20240219,568,54,6,1,115.86,Warranty,True
1340,47691,20230310,522,82,8,2,1317.54,Warranty,True
1341,43920,20241206,1998,79,10,1,378.54,Changed mind,True
1342,23802,20240508,634,102,11,5,765.81,Other,True
1343,49292,20240508,1920,3,8,1,2961.99,Other,True
1344,32825,20231121,1931,27,7,4,317.46,Other,False
1345,50002,20241025,928,5,3,1,3394.07,Changed mind,True
1346,37046,20240512,895,61,7,1,283.94,Late delivery,True
1347,26508,20230820,1440,81,10,1,309.43,Damaged,True
1348,16137,20241107,1361,87,6,1,158.59,Wrong size,True
1349,57884,20221117,1088,84,3,1,209.5,Changed mind,True
1350,42319,20250221,1494,93,11,1,207.35,Warranty,True
1351,28572,20221216,507,86,4,1,270.8,Warranty,True
1352,31551,20231101,191,102,10,1,148.91,Late delivery,True
1353,14786,20240927,1203,42,5,1,134.22,Late delivery,True
1354,49356,20251124,1007,86,4,2,528.84,Wrong size,True
1355,17451,20250611,689,55,8,3,994.14,Wrong size,True
1356,24304,20240922,74,43,4,2,227.58,Other,False
1357,7202,20240725,1782,108,12,1,649.52,Wrong size,True
1358,15931,20231209,430,92,9,4,2454.68,Damaged,False
1359,46717,20231217,289,56,7,1,168.32,Other,True
1360,7211,20230908,302,83,3,2,992.54,Damaged,True
1361,16750,20250101,1535,5,11,1,3320.83,Late delivery,False
1362,53458,20251007,486,108,1,1,662.65,Warranty,True
1363,33969,20250301,1947,22,4,1,108.92,Changed mind,False
1364,35708,20251231,865,49,11,1,88.53,Damaged,False
1365,3630,20240217,1109,34,11,1,59.46,Changed mind,True
1366,16491,20240802,889,69,6,1,347.0,Late delivery,True
1367,48195,20250314,878,31,6,2,196.56,Wrong size,True
1368,36274,20250125,1304,29,8,1,134.93,Other,True
1369,48457,20250720,1498,20,7,2,265.43,Wrong size,True
1370,25431,20250609,1277,51,1,1,224.7,Changed mind,False
1371,56058,20230320,17,30,3,4,206.21,Other,True
1372,13149,20250305,715,26,5,1,11.12,Changed mind,True
1373,24031,20241014,1637,58,2,5,1944.07,Warranty,False
1374,54836,20231107,1086,102,6,2,278.05,Late delivery,True
1375,27029,20241010,1782,51,2,2,468.48,Other,True
1376,10891,20230305,1611,85,6,1,429.72,Late delivery,False
1377,27634,20250420,298,2,8,1,1987.64,Wrong size,False
1378,14459,20240415,823,11,3,1,4344.09,Late delivery,False
1379,9408,20250928,1722,66,2,1,111.74,Damaged,False
1380,21334,20230420,831,20,12,1,141.83,Changed mind,True
1381,52731,20250503,1287,55,8,1,322.51,Changed mind,True
1382,20172,20231009,1284,86,10,1,277.69,Warranty,False
1383,19055,20241213,25,79,4,1,408.44,Late delivery,True
1384,26895,20250207,939,14,2,1,98.35,Other,True
1385,14751,20240313,470,44,4,2,542.04,Late delivery,True
1386,42346,20240214,411,26,1,1,14.69,Warranty,True
1387,51537,20250405,1808,33,9,2,162.92,Other,True
1388,24419,20240919,543,9,12,1,1041.18,Wrong size,True
1389,3984,20250826,96,108,11,1,704.45,Damaged,False
1390,36164,20231025,778,74,4,1,224.45,Late delivery,False
1391,22293,20251231,1398,104,10,1,475.93,Late delivery,True
1392,22427,20250528,1823,77,5,1,83.53,Other,True
1393,26479,20250508,1324,74,9,2,333.02,Wrong size,True
1394,50440,20250304,57,75,12,2,597.34,Late delivery,True
1395,37804,20250304,899,11,11,1,4520.11,Changed mind,False
1396,41586,20251231,582,74,6,1,216.31,Warranty,False
1397,28696,20250208,1421,2,7,1,2000.38,Other,False
1398,33060,20230704,1824,63,10,3,744.99,Damaged,True
1399,9657,20250905,1929,94,10,1,330.97,Other,False
1400,14533,20241205,86,100,12,1,876.68,Changed mind,False
1401,53090,20250224,1397,80,9,1,177.08,Late delivery,False
1402,3302,20250613,1189,23,4,1,63.15,Wrong size,False
1403,50880,20240116,637,79,9,2,752.18,Wrong size,True
1404,14883,20250725,1748,16,2,3,341.46,Damaged,False
1405,35451,20240615,140,54,10,1,108.02,Late delivery,False
1406,35266,20240424,1267,61,8,1,357.41,Damaged,True
1407,38552,20240613,792,42,2,1,110.01,Wrong size,True
1408,26229,20251231,1189,51,5,1,221.09,Late delivery,True
1409,52792,20241001,477,63,8,4,1074.36,Changed mind,True
1410,38570,20250510,1507,80,5,2,346.68,Other,True
1411,33905,20250515,1110,51,10,1,225.15,Warranty,True
1412,33768,20250326,1995,103,8,1,455.98,Other,True
1413,16252,20221112,1008,89,9,1,58.56,Damaged,True
1414,42975,20240630,1042,64,4,1,170.73,Warranty,True
1415,1521,20230123,220,88,9,1,131.24,Other,False
1416,4079,20250117,827,73,1,1,283.94,Changed mind,True
1417,32101,20220922,1277,88,4,1,127.01,Wrong size,False
1418,57782,20241009,1018,96,5,1,637.72,Other,True
1419,14218,20250228,1259,7,5,1,2305.56,Warranty,True
1420,8892,20230409,1590,46,4,1,193.82,Warranty,False
1421,51141,20221112,1002,46,5,1,220.5,Damaged,True
1422,25699,20230225,67,30,3,3,169.55,Wrong size,True
1423,28915,20250630,859,79,9,1,371.39,Other,False
1424,26954,20251222,9,53,1,1,172.02,Other,True
1425,9872,20250622,726,103,10,1,533.94,Wrong size,True
1426,11114,20250810,1526,95,1,1,403.29,Damaged,True
1427,33578,20240504,1782,58,11,1,360.53,Other,True
1428,19885,20251231,1242,22,7,1,113.8,Damaged,True
1429,49495,20240109,1473,77,5,1,90.97,Wrong size,True
1430,51354,20251118,324,71,5,1,332.68,Other,True
1431,21848,20251218,913,34,8,1,53.51,Warranty,True
1432,25088,20250520,1294,35,10,1,91.66,Damaged,True
1433,48174,20250207,135,86,11,1,255.06,Late delivery,True
1434,37410,20220501,1546,64,5,2,358.92,Late delivery,False
1435,56057,20230409,17,98,3,1,214.13,Damaged,True
1436,58708,20250916,849,104,11,1,499.4,Other,True
1437,58081,20250824,1724,20,11,1,156.07,Late delivery,True
1438,35571,20240224,1544,13,7,1,13.74,Other,True
1439,47399,20231107,9,34,12,1,55.18,Warranty,True
1440,18594,20240629,494,26,9,3,41.79,Other,False
1441,32458,20240802,165,28,10,1,35.55,Warranty,True
1442,40955,20240416,1999,19,3,1,84.89,Warranty,True
1443,43930,20230925,1896,6,6,2,2764.82,Other,False
1444,59136,20240714,997,10,2,1,1505.86,Wrong size,True
1445,34038,20221203,1842,28,8,1,40.2,Damaged,False
1446,30656,20251230,1924,98,5,3,665.49,Late delivery,True
1447,35359,20240714,1596,30,1,1,58.54,Damaged,True
1448,20229,20241031,1453,58,1,1,380.04,Warranty,True
1449,18429,20241203,1328,44,1,5,1443.5,Wrong size,False
1450,29176,20240725,665,98,3,3,530.99,Warranty,False
1451,7799,20250729,377,100,6,1,928.81,Late delivery,False
1452,26691,20250714,1201,36,11,2,431.76,Changed mind,False
1453,35173,20250123,747,90,10,1,610.37,Warranty,True
1454,26534,20250603,1387,84,11,2,387.2,Changed mind,True
1455,27165,20220908,1036,45,12,1,137.04,Late delivery,True
1456,6392,20241001,115,106,7,4,3250.56,Damaged,True
1457,53647,20240522,1866,70,11,2,403.88,Warranty,True
1458,16222,20251231,1424,38,7,1,238.16,Damaged,False
1459,16235,20240804,1058,39,2,2,256.55,Late delivery,True
1460,56934,20250203,216,14,12,2,206.7,Damaged,False
1461,32302,20230521,490,81,5,1,315.35,Warranty,True
1462,16196,20251222,549,4,9,1,2809.68,Changed mind,True
1463,19327,20251204,960,92,5,5,2624.76,Changed mind,True
1464,5033,20250103,1458,57,12,1,314.04,Changed mind,False
1465,21924,20240602,247,48,10,1,136.61,Other,False
1466,12827,20230210,8,88,4,1,127.93,Warranty,True
1467,6383,20230127,661,45,2,1,166.52,Late delivery,True
1468,2747,20230620,1473,47,12,2,233.16,Late delivery,True
1469,20976,20231017,809,16,3,1,116.8,Warranty,False
1470,9209,20241129,1770,32,12,3,82.91,Changed mind,True
1471,9331,20240211,1688,47,2,1,114.25,Changed mind,True
1472,59992,20240930,1412,26,3,3,43.12,Damaged,True
1473,23750,20241231,1169,4,9,1,3234.63,Damaged,False
1474,35397,20250430,1962,70,1,4,695.02,Changed mind,True
1475,12094,20230408,1392,67,3,1,174.8,Damaged,True
1476,54452,20250708,711,5,2,1,3387.28,Late delivery,True
1477,35076,20240610,1537,101,10,2,1253.92,Changed mind,True
1478,19715,20231117,691,90,10,3,1620.14,Late delivery,True
1479,28372,20240129,1690,82,8,2,1381.18,Late delivery,True
1480,44504,20230404,470,104,10,1,469.08,Warranty,True
1481,6639,20250628,965,74,6,2,366.38,Other,True
1482,34483,20251212,1723,48,1,1,185.67,Other,True
1483,44114,20250512,1522,44,1,2,500.9,Other,False
1484,5662,20240630,675,77,4,1,94.86,Warranty,True
1485,42877,20240704,1624,45,12,1,153.73,Late delivery,True
1486,30406,20220909,1734,24,2,1,31.36,Changed mind,False
1487,1518,20231212,1044,3,3,1,2871.09,Other,False
1488,27470,20250216,1073,46,12,1,233.14,Damaged,True
1489,53892,20250523,1223,29,9,1,138.22,Wrong size,True
1490,31927,20250611,648,65,8,1,47.75,Other,True
1491,57248,20230605,1467,48,9,1,175.62,Other,True
1492,11980,20240204,62,50,9,2,377.7,Other,True
1493,52765,20231226,1671,24,1,1,39.16,Changed mind,False
1494,29254,20240917,1093,24,2,3,126.87,Warranty,True
1495,31714,20241019,756,2,4,1,1815.11,Late delivery,True
1496,48887,20250624,141,62,6,1,143.16,Late delivery,False
1497,24265,20240430,261,64,2,1,191.63,Damaged,False
1498,26141,20240215,1748,39,11,1,132.44,Wrong size,False
1499,6363,20250415,1742,93,7,1,186.49,Damaged,True
1500,41455,20250221,648,64,3,2,309.25,Changed mind,False
1501,3621,20241130,633,91,3,1,493.9,Late delivery,True
1502,48329,20241119,1684,81,10,1,311.96,Warranty,False
1503,29314,20231108,796,104,4,2,1088.7,Damaged,True
1504,28461,20240913,1406,69,9,1,326.67,Changed mind,True
1505,32217,20230322,354,7,12,1,2295.13,Damaged,False
1506,36202,20230706,54,89,5,3,184.23,Damaged,True
1507,49848,20250531,216,24,7,2,66.69,Warranty,True
1508,25233,20241124,135,36,9,5,996.9,Late delivery,True
1509,54527,20250523,54,54,3,1,119.57,Late delivery,True
1510,55304,20221202,1005,104,11,1,494.35,Wrong size,False
1511,53688,20240711,296,51,1,2,514.82,Damaged,False
1512,27019,20231227,739,37,5,1,102.84,Wrong size,True
1513,38593,20251231,839,84,6,1,192.76,Changed mind,False
1514,24505,20250525,1463,64,1,1,203.91,Other,True
1515,17772,20250417,164,61,7,1,348.69,Changed mind,False
1516,40470,20251231,160,95,3,5,1976.75,Damaged,True
1517,30470,20250327,1112,66,3,1,108.3,Warranty,True
1518,46977,20240917,1882,75,4,1,289.26,Late delivery,True
1519,44562,20221123,1906,82,6,1,638.13,Wrong size,True
1520,57283,20250725,1233,5,8,1,3253.92,Warranty,True
1521,33184,20230925,1775,79,11,1,387.25,Warranty,True
1522,18026,20231206,993,47,12,1,107.0,Damaged,True
1523,48893,20240711,1872,76,3,1,261.02,Late delivery,True
1524,34677,20240709,563,81,3,2,648.91,Damaged,True
1525,13083,20230724,924,86,4,1,279.79,Warranty,True
1526,41170,20241226,1166,82,4,4,2824.96,Warranty,True
1527,626,20251125,233,40,8,4,1335.44,Other,True
1528,7765,20250521,1197,75,1,1,276.38,Late delivery,False
1529,14972,20250220,1397,16,3,1,103.08,Other,True
1530,30659,20230416,101,10,8,1,1616.16,Wrong size,False
1531,4640,20240105,2000,88,5,1,123.15,Wrong size,True
1532,27595,20240112,1823,8,3,1,2185.63,Wrong size,False
1533,11538,20240228,913,106,12,2,1453.08,Late delivery,True
1534,7282,20230111,207,48,10,1,192.28,Warranty,False
1535,35575,20221215,1537,22,7,2,198.02,Warranty,False
1536,44586,20251107,1158,18,3,2,165.13,Warranty,True
1537,41176,20220404,1186,79,7,1,361.76,Warranty,True
1538,29413,20240524,485,56,3,1,169.15,Warranty,False
1539,55252,20220715,1687,65,8,1,49.63,Late delivery,True
1540,16364,20251113,1451,1,9,1,1137.66,Wrong size,False
1541,50991,20240322,2,58,10,2,749.26,Late delivery,True
1542,2366,20231026,1626,18,4,1,82.85,Other,True
1543,36826,20250101,934,45,2,2,331.44,Other,False
1544,19978,20231105,1018,48,5,1,186.02,Other,False
1545,24298,20251017,1419,108,10,1,678.75,Warranty,False
1546,41203,20240217,1375,38,6,1,210.28,Warranty,False
1547,56090,20250907,1487,23,7,3,212.85,Other,True
1548,19445,20230710,1354,106,2,2,1650.43,Wrong size,True
1549,27003,20251025,1041,11,2,1,3984.71,Late delivery,False
1550,36900,20230526,633,40,4,1,270.12,Late delivery,True
1551,36664,20241229,606,36,2,1,210.06,Damaged,True
1552,56566,20250318,1927,21,7,1,91.71,Damaged,True
1553,36145,20250722,718,100,6,1,779.17,Warranty,False
1554,47389,20240630,660,43,7,2,250.78,Warranty,True
1555,18864,20221019,1701,22,9,3,288.47,Changed mind,True
1556,57136,20240308,1294,2,5,1,1874.33,Damaged,True
1557,34896,20241024,275,32,8,2,48.66,Changed mind,False
1558,7240,20240428,1303,58,5,1,396.54,Damaged,True
1559,2258,20241008,1259,107,1,1,508.74,Wrong size,True
1560,51009,20251219,199,71,10,1,334.22,Warranty,True
1561,24132,20231123,423,1,9,1,1111.99,Warranty,False
1562,55917,20240430,900,21,5,1,89.79,Warranty,True
1563,26545,20250614,1784,18,7,1,102.48,Changed mind,False
1564,57154,20230125,31,6,9,1,1574.82,Changed mind,True
1565,18391,20240614,872,88,7,2,283.84,Changed mind,False
1566,9926,20240625,1359,84,3,7,1150.25,Changed mind,False
1567,31921,20221016,76,19,7,1,79.03,Wrong size,True
1568,1160,20230804,1343,87,1,1,147.46,Wrong size,True
1569,18463,20230717,489,43,2,1,142.91,Damaged,True
1570,23151,20220722,83,77,11,1,100.74,Other,False
1571,6268,20221127,160,35,9,2,157.03,Wrong size,True
1572,32560,20241020,1318,48,11,1,173.96,Damaged,False
1573,800,20220413,616,28,12,1,34.54,Damaged,False
1574,31410,20250513,3,97,2,3,1743.61,Damaged,True
1575,6486,20241203,537,34,10,1,56.75,Other,True
1576,59367,20220627,1830,103,8,1,546.25,Warranty,True
1577,4549,20240609,1737,46,1,1,210.22,Wrong size,True
1578,20446,20250303,1918,42,5,1,114.63,Damaged,True
1579,6854,20251231,1293,69,9,1,330.73,Late delivery,False
1580,25332,20250422,1418,46,2,2,428.68,Damaged,False
1581,20924,20230519,1997,26,1,7,101.17,Changed mind,True
1582,34004,20250304,528,98,5,1,171.07,Warranty,True
1583,21545,20250825,118,58,10,1,371.72,Wrong size,False
1584,374,20220619,1199,24,1,3,123.33,Damaged,True
1585,27627,20240928,1867,84,1,1,195.21,Wrong size,True
1586,38397,20251223,616,43,11,4,614.44,Wrong size,False
1587,44805,20231023,1459,107,10,1,614.77,Late delivery,True
1588,58243,20250124,954,99,3,2,1168.23,Damaged,True
1589,52867,20250515,1644,12,6,1,3536.51,Damaged,True
1590,5657,20250103,1736,75,2,2,597.04,Wrong size,True
1591,15367,20240421,1431,58,3,2,726.62,Other,True
1592,47198,20241006,1539,4,10,1,2997.97,Damaged,True
1593,58377,20230122,449,22,8,1,106.69,Wrong size,True
1594,14278,20240102,1034,95,11,2,787.6,Late delivery,False
1595,12501,20240418,1256,90,11,1,656.56,Changed mind,True
1596,14754,20241010,760,14,6,3,282.93,Other,True
1597,6348,20241231,839,63,2,1,223.09,Warranty,True
1598,58600,20250224,553,38,10,2,477.42,Wrong size,True
1599,34457,20250503,1004,17,3,1,84.48,Changed mind,False
1600,35996,20240902,1021,96,8,1,586.0,Late delivery,False
1601,40032,20240307,893,23,12,1,60.19,Changed mind,True
1602,36591,20240609,147,72,12,1,300.97,Damaged,True
1603,34820,20250911,1970,19,11,1,84.7,Warranty,True
1604,16760,20240710,1939,99,11,1,603.56,Other,True
1605,7258,20250313,1712,103,9,1,488.8,Changed mind,True
1606,59560,20240614,1441,98,8,2,350.42,Changed mind,True
1607,28343,20240425,1547,46,9,1,212.87,Other,True
1608,25038,20251201,1553,34,10,1,58.19,Late delivery,False
1609,33280,20240809,1489,67,9,1,165.72,Warranty,True
1610,52834,20250202,1398,74,1,2,324.02,Warranty,True
1611,15652,20230206,1241,64,8,2,334.72,Wrong size,False
1612,50181,20251109,547,94,5,1,454.72,Late delivery,False
1613,57771,20250616,940,47,11,1,103.09,Wrong size,True
1614,17511,20230623,795,98,2,2,392.02,Changed mind,False
1615,42576,20240516,1454,103,11,1,554.28,Warranty,True
1616,12202,20250726,383,47,11,1,111.21,Late delivery,True
1617,6044,20221109,819,52,2,2,132.22,Warranty,False
1618,35594,20221117,231,53,4,4,736.81,Changed mind,True
1619,3634,20221208,1141,15,8,2,44.76,Wrong size,True
1620,13941,20240302,1404,33,3,1,81.75,Late delivery,True
1621,23594,20231210,1428,84,5,1,184.76,Late delivery,True
1622,35994,20241201,1920,34,10,1,64.01,Wrong size,True
1623,37228,20250615,357,45,9,2,253.63,Wrong size,True
1624,15905,20240602,777,8,12,1,2259.43,Damaged,False
1625,52054,20250723,1941,59,12,1,52.2,Changed mind,True
1626,39998,20241202,683,1,6,2,2512.8,Warranty,True
1627,34179,20241106,1687,87,5,2,332.5,Warranty,False
1628,47215,20221011,859,91,3,1,561.13,Damaged,True
1629,29478,20230413,1642,21,7,1,86.3,Warranty,True
1630,57693,20241218,127,60,7,1,494.33,Other,True
1631,3150,20231030,421,82,10,1,688.87,Damaged,True
1632,54540,20240815,1567,71,2,1,340.16,Warranty,True
1633,15776,20250127,617,33,2,1,76.25,Damaged,False
1634,22974,20230311,972,43,3,1,165.0,Damaged,True
1635,46812,20231123,1064,92,11,2,1077.34,Other,True
1636,25032,20250916,1784,46,8,1,238.9,Warranty,True
1637,25481,20251204,538,38,9,1,227.88,Damaged,True
1638,4923,20240808,1989,50,2,1,208.11,Wrong size,False
1639,15740,20241027,355,61,4,1,338.19,Warranty,True
1640,43017,20250505,1668,86,7,1,268.36,Late delivery,True
1641,50825,20251008,28,33,1,5,407.25,Warranty,False
1642,47499,20250911,1039,52,12,1,62.03,Wrong size,True
1643,42038,20251008,946,2,12,1,1817.7,Wrong size,True
1644,18120,20250608,1629,37,6,1,105.23,Changed mind,False
1645,31700,20240324,410,29,10,3,394.65,Changed mind,False
1646,55184,20240404,1851,45,10,2,350.44,Changed mind,True
1647,29125,20240625,1398,102,1,1,155.96,Other,False
1648,25048,20240909,1857,75,7,1,338.24,Warranty,True
1649,49392,20250410,804,92,1,1,560.66,Late delivery,True
1650,57707,20230906,1952,91,6,1,518.96,Changed mind,True
1651,6625,20240729,1793,35,10,1,90.51,Late delivery,True
1652,1982,20251231,1505,25,10,1,119.62,Damaged,True
1653,24107,20240228,1223,106,8,1,753.68,Warranty,False
1654,51406,20251028,1373,3,4,1,2954.05,Wrong size,False
1655,359,20250817,1078,106,4,1,671.27,Late delivery,True
1656,14458,20240412,823,97,3,1,621.88,Other,True
1657,45689,20230612,1972,20,6,2,281.48,Late delivery,False
1658,15678,20250319,1531,97,8,3,1951.85,Warranty,True
1659,49657,20231122,1030,9,7,1,976.92,Damaged,True
1660,57109,20250702,121,28,4,1,38.14,Damaged,True
1661,43629,20220726,1487,71,5,1,328.1,Wrong size,True
1662,29626,20231129,1620,58,8,1,344.95,Other,True
1663,39790,20220126,1261,28,9,1,38.74,Warranty,True
1664,1773,20230828,288,108,4,2,1044.86,Other,False
1665,6563,20230121,1952,108,7,1,627.37,Damaged,True
1666,28131,20230621,278,95,4,5,2049.65,Other,False
1667,42569,20240614,762,38,1,1,226.65,Late delivery,True
1668,53648,20240530,1866,52,11,1,69.35,Other,True
1669,43065,20230521,172,96,7,1,629.11,Other,False
1670,51244,20250425,275,90,8,1,593.63,Damaged,True
1671,43203,20240420,1236,57,9,2,598.88,Wrong size,False
1672,52044,20230227,1225,16,8,3,315.6,Other,True
1673,48993,20240719,1335,56,12,1,169.77,Warranty,True
1674,42973,20240706,1042,80,4,1,166.75,Changed mind,True
1675,28083,20220915,1177,84,2,1,195.66,Late delivery,True
1676,6801,20250826,49,78,2,1,176.62,Late delivery,True
1677,34640,20251209,1769,35,4,1,86.22,Warranty,True
1678,57837,20220615,474,98,3,1,220.94,Changed mind,True
1679,59081,20251230,1383,84,4,1,196.28,Other,False
1680,44174,20240730,1504,46,9,2,449.68,Wrong size,False
1681,9574,20241129,250,67,1,1,172.34,Damaged,False
1682,5659,20231103,782,64,7,1,197.52,Damaged,False
1683,2163,20240126,1396,4,6,1,3015.17,Other,True
1684,23881,20230727,1169,26,12,2,27.84,Warranty,False
1685,18939,20240422,1040,33,3,1,84.27,Warranty,True
1686,56055,20240331,300,10,3,1,1757.69,Wrong size,True
1687,46806,20220901,1987,79,4,2,629.28,Late delivery,True
1688,10433,20251204,1251,70,7,1,205.26,Changed mind,True
1689,57725,20230111,1104,83,12,2,1131.6,Changed mind,True
1690,45668,20240326,1546,79,10,1,387.16,Changed mind,True
1691,41153,20221023,1669,79,7,1,379.88,Warranty,True
1692,55797,20231219,684,37,1,2,206.36,Other,True
1693,11928,20251231,1546,49,8,1,88.04,Other,False
1694,35622,20250623,366,2,9,1,2034.19,Other,False
1695,48169,20221030,1415,88,2,2,271.18,Wrong size,False
1696,48517,20251016,263,99,1,2,1125.94,Wrong size,True
1697,14598,20240623,760,13,10,1,14.62,Changed mind,True
1698,26402,20250513,781,28,9,3,114.99,Damaged,False
1699,46629,20250513,277,48,6,1,177.27,Late delivery,True
1700,27618,20240629,1762,53,7,1,171.16,Damaged,False
1701,47703,20251014,1933,1,8,1,957.57,Warranty,True
1702,39158,20230509,998,59,2,1,53.93,Damaged,True
1703,19305,20240209,897,27,3,2,163.78,Warranty,True
1704,8713,20251003,1361,53,4,2,334.94,Other,True
1705,51860,20240703,1705,20,4,4,584.72,Warranty,True
1706,20237,20251130,1487,34,7,1,56.49,Wrong size,True
1707,45596,20251231,1302,33,2,4,315.6,Wrong size,True
1708,55868,20251231,1591,39,5,2,243.22,Warranty,True
1709,43977,20220702,1949,77,10,4,403.56,Other,True
1710,96,20250116,898,8,11,1,2241.68,Late delivery,False
1711,8420,20250320,1327,68,9,2,298.76,Late delivery,True
1712,34940,20230615,1242,57,10,2,617.34,Other,False
1713,20561,20230805,1162,20,11,2,230.35,Wrong size,True
1714,59508,20250312,1956,7,10,1,2417.41,Late delivery,True
1715,20331,20240409,643,72,4,1,273.13,Wrong size,True
1716,38596,20240429,1361,15,9,1,19.95,Changed mind,False
1717,10203,20230604,1172,76,4,2,393.49,Changed mind,True
1718,16331,20220717,491,19,10,1,70.24,Changed mind,True
1719,12252,20251216,983,20,4,1,136.31,Other,True
1720,19056,20241205,25,90,4,1,602.34,Damaged,False
1721,18020,20251231,1539,98,11,1,202.53,Warranty,True
1722,7975,20250729,1405,104,12,1,538.5,Warranty,False
1723,54344,20240822,913,11,3,1,3237.35,Other,True
1724,48333,20240819,341,49,3,1,80.68,Late delivery,True
1725,38178,20230523,704,6,11,1,1530.57,Changed mind,False
1726,12584,20240515,1502,4,7,1,2583.8,Other,True
1727,50597,20250704,1900,20,11,2,309.12,Changed mind,True
1728,52609,20250724,1745,36,1,1,210.74,Other,True
1729,10378,20250506,262,46,6,1,232.68,Damaged,True
1730,51207,20240426,1089,12,5,1,3853.9,Warranty,False
1731,34718,20231005,1394,92,8,1,528.76,Warranty,True
1732,19395,20230512,684,57,4,1,298.24,Damaged,True
1733,57033,20250701,1410,10,11,1,2014.92,Wrong size,True
1734,15958,20220630,924,24,1,1,41.15,Wrong size,True
1735,33109,20250721,1871,2,2,1,2024.71,Late delivery,False
1736,21487,20221022,293,91,5,1,526.99,Late delivery,True
1737,42718,20230101,1411,67,10,1,159.14,Damaged,True
1738,5108,20240804,1039,39,9,1,138.39,Changed mind,True
1739,18611,20220815,1339,82,10,1,630.91,Damaged,True
1740,34984,20250112,1836,47,10,1,94.75,Damaged,True
1741,11658,20251117,877,6,5,1,1257.88,Wrong size,True
1742,28488,20220622,64,88,3,2,245.56,Late delivery,True
1743,5134,20240202,145,80,11,3,457.22,Late delivery,True
1744,48562,20220727,145,89,10,1,52.3,Other,True
1745,20391,20240225,131,74,9,2,442.56,Changed mind,True
1746,9994,20231004,151,48,3,1,192.34,Warranty,True
1747,33311,20230731,1323,90,8,2,1287.56,Late delivery,True
1748,17414,20221218,872,64,8,2,368.02,Changed mind,True
1749,24862,20251130,883,68,3,2,311.6,Late delivery,False
1750,46231,20240813,725,81,3,1,344.24,Late delivery,True
1751,59818,20221009,883,100,12,3,2598.89,Changed mind,False
1752,18035,20251111,242,41,1,1,290.48,Damaged,False
1753,4343,20240208,1465,30,7,1,56.96,Damaged,True
1754,29699,20230429,371,39,1,1,135.05,Late delivery,True
1755,95,20250213,898,9,11,1,1074.64,Damaged,False
1756,27245,20250112,1366,85,6,2,812.63,Late delivery,False
1757,34059,20240528,1463,67,10,1,143.66,Changed mind,False
1758,15639,20250321,1463,75,9,1,294.67,Damaged,False
1759,13125,20221026,942,48,10,1,163.02,Damaged,True
1760,10307,20230305,1236,21,5,1,82.1,Changed mind,True
1761,44185,20250331,900,46,8,1,237.55,Warranty,True
1762,47944,20241128,1797,46,4,2,424.68,Other,True
1763,57422,20240508,1557,25,10,3,371.37,Changed mind,False
1764,40082,20240620,354,70,10,1,156.37,Changed mind,True
1765,58951,20231124,1657,66,7,1,99.31,Damaged,True
1766,6196,20250702,1836,100,10,1,829.78,Wrong size,True
1767,26023,20230411,927,67,6,2,333.75,Damaged,True
1768,41614,20231202,902,93,3,3,559.06,Warranty,True
1769,57094,20230824,486,35,2,2,174.0,Wrong size,True
1770,42255,20231029,934,92,9,1,529.11,Late delivery,True
1771,14926,20230607,26,55,4,1,340.62,Damaged,False
1772,12051,20230831,491,90,3,1,646.14,Changed mind,True
1773,37314,20241225,151,77,9,2,175.03,Warranty,False
1774,45453,20240204,1977,23,8,1,68.35,Changed mind,True
1775,50167,20230810,1599,98,1,1,209.95,Changed mind,False
1776,49081,20251130,570,28,9,2,88.52,Late delivery,True
1777,53832,20250423,1745,17,1,2,163.58,Changed mind,False
1778,41389,20250430,1785,52,6,1,68.28,Late delivery,True
1779,4142,20250228,592,87,12,1,154.16,Damaged,True
1780,27780,20251231,13,102,5,1,155.24,Damaged,True
1781,38176,20241021,1275,1,9,1,1125.32,Wrong size,True
1782,47762,20250412,1313,107,12,1,552.24,Other,True
1783,38893,20230329,240,45,4,1,175.06,Changed mind,True
1784,41246,20221123,1337,104,10,1,493.04,Late delivery,True
1785,24005,20251103,1109,75,3,1,339.6,Late delivery,False
1786,35503,20241118,1136,95,11,1,353.91,Other,True
1787,27717,20250209,569,4,4,1,2894.24,Other,True
1788,998,20251220,755,95,7,2,804.16,Damaged,True
1789,43398,20231016,1524,3,12,1,2772.51,Changed mind,True
1790,8038,20240516,65,31,8,2,186.96,Warranty,True
1791,46963,20240609,1886,89,12,2,123.38,Other,False
1792,46656,20221130,1160,98,8,1,193.84,Other,True
1793,44292,20250228,1854,1,6,1,1232.11,Other,True
1794,47745,20231118,1225,10,4,1,1967.18,Other,False
1795,14935,20240802,243,76,1,2,521.06,Late delivery,True
1796,21068,20231027,186,90,7,3,1786.2,Late delivery,True
1797,56790,20251029,799,67,3,1,181.1,Warranty,True
1798,20464,20251219,1851,42,5,1,129.4,Damaged,True
1799,6540,20240607,290,86,5,1,211.51,Late delivery,False
1800,48507,20250608,867,38,7,5,1201.75,Damaged,True
1801,48417,20240628,569,95,1,1,439.69,Damaged,True
1802,26679,20231028,1383,7,8,1,2308.5,Changed mind,True
1803,52766,20240113,1671,94,1,2,900.58,Late delivery,True
1804,53687,20230623,1156,108,2,1,685.84,Changed mind,True
1805,29661,20240410,593,69,6,1,345.44,Warranty,True
1806,25158,20251004,985,100,7,2,1500.39,Damaged,False
1807,16825,20240809,773,10,7,1,2055.6,Changed mind,True
1808,21178,20241126,1394,14,1,1,98.65,Damaged,True
1809,23017,20221027,492,103,11,2,1131.24,Other,True
1810,16793,20230923,1771,98,4,3,564.27,Other,True
1811,52193,20241027,1481,88,5,2,253.1,Other,True
1812,50288,20240207,1628,45,11,1,153.73,Wrong size,True
1813,33390,20231221,416,73,2,5,1620.7,Warranty,False
1814,38605,20230105,777,30,3,4,236.16,Wrong size,True
1815,34378,20251209,286,49,8,3,231.54,Late delivery,True
1816,40915,20241031,1937,102,6,1,144.65,Warranty,True
1817,28312,20241227,331,41,7,1,303.19,Wrong size,True
1818,738,20250916,258,57,3,1,331.48,Late delivery,True
1819,10183,20230628,761,92,6,1,537.61,Wrong size,True
1820,54383,20230602,793,64,5,1,174.17,Changed mind,True
1821,10953,20231001,1379,45,2,5,848.9,Changed mind,False
1822,25218,20230918,539,104,7,1,513.26,Other,True
1823,3043,20250303,1537,95,2,1,385.72,Wrong size,False
1824,15809,20230908,1461,86,1,2,574.04,Other,False
1825,50642,20250423,1783,36,8,1,189.83,Late delivery,True
1826,18480,20240507,1405,68,6,2,277.73,Late delivery,True
1827,50427,20250331,97,55,3,2,682.2,Damaged,True
1828,6865,20240607,1889,70,6,4,828.08,Damaged,True
1829,47557,20250209,1442,34,10,1,64.02,Wrong size,True
1830,8078,20240625,1242,41,2,1,271.51,Late delivery,False
1831,35305,20250314,851,84,3,1,186.34,Warranty,True
1832,58403,20240607,1278,52,10,1,70.68,Changed mind,True
1833,1767,20250123,700,75,7,1,303.71,Other,True
1834,20091,20251213,50,91,9,1,498.38,Other,False
1835,47987,20230813,639,15,1,1,22.46,Damaged,True
1836,44523,20240627,684,101,12,1,625.09,Warranty,False
1837,15753,20240525,89,10,12,1,1738.53,Damaged,True
1838,8046,20240517,1125,105,5,2,1034.56,Late delivery,True
1839,6086,20230311,1846,67,6,1,175.71,Damaged,True
1840,58814,20250721,1541,60,12,2,1137.48,Changed mind,False
1841,37142,20230901,1682,6,1,1,1593.86,Wrong size,False
1842,39275,20241114,1493,67,2,5,778.46,Late delivery,True
1843,23264,20240811,38,57,6,1,287.03,Wrong size,True
1844,5835,20251231,254,14,4,2,181.19,Damaged,False
1845,12093,20230506,1392,82,3,1,674.07,Damaged,True
1846,28459,20250107,1312,56,5,1,190.12,Damaged,True
1847,33705,20231203,541,1,4,1,1232.37,Late delivery,True
1848,21344,20231024,1485,84,7,2,391.27,Wrong size,True
1849,58284,20230924,1747,47,9,2,206.66,Changed mind,True
1850,29674,20230405,970,22,12,1,110.49,Wrong size,False
1851,33951,20250612,861,6,5,1,1402.69,Late delivery,True
1852,57086,20230710,458,69,12,3,898.21,Changed mind,True
1853,38442,20230126,727,76,5,4,941.64,Changed mind,False
1854,33610,20250331,375,80,11,1,185.0,Changed mind,True
1855,40254,20240314,10,66,9,1,84.34,Warranty,False
1856,43938,20250621,914,12,3,1,4110.68,Damaged,True
1857,21696,20241106,1196,86,10,1,288.02,Damaged,True
1858,59555,20250707,1257,82,12,2,1161.23,Wrong size,True
1859,1717,20230423,676,10,7,1,1849.38,Warranty,True
1860,56078,20230102,887,77,1,1,100.71,Damaged,True
1861,6613,20251120,1776,83,2,1,461.74,Changed mind,True
1862,42956,20230824,190,43,9,1,154.23,Wrong size,True
1863,35713,20250709,251,4,8,2,5445.73,Warranty,False
1864,28301,20250328,540,15,5,1,19.0,Warranty,True
1865,1119,20240513,214,76,6,1,238.23,Wrong size,True
1866,50296,20230619,1150,48,8,1,175.25,Late delivery,False
1867,53443,20240208,1057,63,7,2,528.42,Damaged,False
1868,37070,20251231,1949,47,12,1,113.76,Changed mind,False
1869,5397,20240808,552,22,9,1,106.16,Wrong size,True
1870,38627,20240107,93,71,3,3,1027.89,Changed mind,False
1871,24699,20230812,82,45,10,1,153.03,Warranty,True
1872,46702,20250510,1132,72,7,1,277.39,Changed mind,True
1873,32517,20240715,1055,61,8,4,1321.44,Other,True
1874,1749,20241211,1770,12,9,1,4193.33,Wrong size,True
1875,28839,20230907,1449,86,11,1,219.76,Damaged,False
1876,40944,20240709,1245,52,5,1,53.22,Warranty,True
1877,38803,20250304,1335,102,12,1,153.24,Other,True
1878,31553,20231005,191,67,10,1,183.4,Wrong size,False
1879,34081,20250629,935,47,2,2,204.86,Wrong size,True
1880,27231,20230810,1506,19,12,2,148.58,Damaged,True
1881,11906,20250217,1503,46,5,1,216.83,Changed mind,False
1882,56923,20220612,1626,46,11,1,242.03,Late delivery,False
1883,9064,20241224,1805,83,5,1,507.56,Changed mind,True
1884,23247,20250702,413,60,8,1,543.28,Late delivery,False
1885,4631,20250412,1574,31,12,1,89.75,Late delivery,True
1886,58999,20231226,408,21,8,9,758.16,Wrong size,False
1887,662,20240426,1371,34,4,1,64.18,Changed mind,True
1888,23085,20240105,1658,106,2,1,806.02,Damaged,True
1889,58497,20221116,1963,65,10,1,47.2,Other,True
1890,52143,20251231,396,39,2,1,139.07,Damaged,False
1891,55124,20230612,471,79,2,1,390.53,Other,True
1892,38694,20250523,1941,49,6,2,160.72,Warranty,True
1893,42341,20250913,1460,102,12,1,167.59,Other,True
1894,9260,20251227,485,47,11,1,106.24,Damaged,False
1895,6576,20240113,422,16,1,1,80.45,Other,True
1896,41165,20240223,1855,3,5,1,2706.0,Changed mind,True
1897,5270,20240627,1962,26,9,1,15.15,Changed mind,True
1898,4997,20250427,94,13,3,1,13.69,Other,True
1899,36008,20250222,1803,27,9,2,154.46,Late delivery,True
1900,13938,20250729,1130,56,12,1,165.05,Warranty,True
1901,44294,20250328,1854,96,6,1,628.8,Other,True
1902,48868,20250515,293,39,5,1,138.36,Other,True
1903,13167,20231112,536,66,11,1,110.93,Warranty,True
1904,2531,20230531,1193,84,8,1,206.13,Changed mind,True
1905,21913,20250916,1168,100,7,4,3477.12,Damaged,False
1906,41446,20251218,1392,64,2,3,506.36,Late delivery,True
1907,49592,20241005,897,46,6,1,195.48,Wrong size,True
1908,263,20230820,71,94,6,1,417.39,Other,True
1909,33909,20240519,43,39,2,4,501.52,Damaged,True
1910,16722,20240927,502,64,2,1,185.69,Warranty,False
1911,41863,20230302,545,52,9,1,64.48,Changed mind,True
1912,4775,20230626,1015,108,9,1,686.55,Late delivery,True
1913,49127,20240130,416,22,7,1,111.75,Changed mind,False
1914,48489,20250301,1693,103,6,1,544.68,Late delivery,True
1915,2673,20240507,1702,75,4,1,283.92,Changed mind,False
1916,44559,20250205,1407,100,12,2,1685.16,Wrong size,True
1917,48023,20240818,1447,58,7,1,423.06,Warranty,True
1918,39597,20241201,569,100,7,1,935.82,Late delivery,True
1919,43585,20251109,526,78,4,1,162.52,Late delivery,False
1920,32796,20250127,408,86,4,1,290.1,Warranty,False
1921,59055,20250515,449,33,5,1,80.29,Late delivery,False
1922,36122,20230627,115,30,2,1,56.43,Damaged,True
1923,12302,20250906,88,53,3,1,183.82,Late delivery,False
1924,40765,20250927,640,94,4,1,430.74,Other,True
1925,11859,20230511,1855,30,7,2,120.14,Warranty,False
1926,22164,20250108,16,90,8,2,1168.68,Late delivery,True
1927,1950,20231110,1066,3,8,1,3010.32,Other,False
1928,47497,20240811,1061,39,8,1,135.84,Other,True
1929,20592,20240223,1989,8,8,1,2007.71,Changed mind,True
1930,19262,20240314,495,80,11,1,171.3,Late delivery,True
1931,55909,20230520,1838,91,6,4,1931.4,Damaged,False
1932,4674,20220915,1175,56,12,1,158.9,Other,True
1933,40702,20231228,1756,47,6,1,93.19,Changed mind,True
1934,22590,20241120,1220,29,4,2,271.08,Warranty,True
1935,39505,20241210,30,86,3,2,603.94,Late delivery,False
1936,3799,20250629,186,47,9,1,107.61,Other,True
1937,35587,20250623,170,102,7,1,143.66,Changed mind,True
1938,32212,20230623,267,82,7,1,541.19,Wrong size,False
1939,28155,20241102,1124,60,5,2,1039.55,Late delivery,True
1940,47563,20220917,977,43,3,2,313.94,Other,True
1941,24509,20240324,1332,9,8,1,1172.13,Late delivery,True
1942,59191,20240803,1593,24,2,1,40.13,Other,True
1943,50007,20230630,1281,98,10,1,191.89,Warranty,False
1944,18223,20251231,1493,55,9,1,341.74,Changed mind,True
1945,44690,20230811,159,28,9,1,40.65,Damaged,True
1946,32688,20250205,606,54,1,2,230.22,Wrong size,True
1947,42274,20230602,1211,49,3,1,87.47,Other,True
1948,6439,20250725,118,89,1,1,61.25,Changed mind,False
1949,39268,20231203,1765,4,6,1,2970.54,Other,True
1950,57292,20240919,1827,51,10,2,448.2,Warranty,True
1951,42435,20220616,26,71,1,2,705.6,Wrong size,True
1952,55408,20240621,954,26,2,1,12.15,Changed mind,True
1953,28810,20240825,943,56,2,2,377.39,Late delivery,True
1954,29427,20240304,761,79,12,1,372.56,Other,True
1955,59140,20230927,1193,40,7,1,298.31,Wrong size,True
1956,36966,20230309,1144,82,3,1,641.89,Other,True
1957,54587,20250204,1578,67,3,3,435.11,Late delivery,True
1958,5515,20230718,1227,103,10,1,524.11,Warranty,True
1959,39679,20240325,682,30,6,1,57.47,Other,False
1960,57933,20240911,1474,56,6,1,168.41,Wrong size,False
1961,12220,20230529,1043,55,5,2,616.22,Warranty,False
1962,25270,20250820,1726,22,8,1,106.91,Damaged,True
1963,42547,20240708,725,39,10,3,430.02,Changed mind,True
1964,39774,20250824,823,5,12,1,3432.46,Late delivery,False
1965,5658,20250113,1736,48,2,1,140.38,Late delivery,True
1966,53431,20251008,1583,59,2,1,54.7,Other,True
1967,20076,20240607,1469,55,11,2,632.6,Wrong size,True
1968,26308,20250408,1350,90,3,1,581.39,Other,True
1969,55907,20230501,141,77,7,1,90.06,Changed mind,True
1970,5795,20251009,1004,72,12,1,270.77,Late delivery,True
1971,5415,20240511,85,28,9,1,37.38,Other,True
1972,58925,20250207,462,64,8,1,192.2,Wrong size,False
1973,49366,20221230,1366,28,6,2,83.3,Changed mind,True
1974,1292,20240323,1312,64,5,1,176.04,Other,False
1975,18670,20250512,680,106,10,1,721.91,Wrong size,True
1976,41133,20221205,1852,24,12,1,41.97,Damaged,False
1977,1520,20230110,220,56,9,1,163.45,Late delivery,False
1978,14325,20221222,1386,1,4,1,967.55,Late delivery,True
1979,36944,20251105,1525,70,10,1,195.18,Damaged,False
1980,29149,20241101,1171,87,11,1,137.74,Wrong size,True
1981,830,20251105,322,19,2,2,164.86,Damaged,True
1982,38532,20250703,101,18,9,2,183.31,Wrong size,True
1983,53058,20250501,167,105,7,3,1289.6,Late delivery,True
1984,7093,20231209,623,101,4,3,1752.93,Changed mind,True
1985,15397,20230224,1217,69,6,1,321.39,Wrong size,True
1986,48141,20230105,1222,88,6,1,136.92,Changed mind,True
1987,54273,20240711,1808,16,6,2,200.38,Other,True
1988,34139,20251231,636,92,9,3,1429.52,Damaged,False
1989,57926,20250923,817,66,2,2,190.84,Changed mind,True
1990,16659,20230910,1558,63,12,6,1427.81,Late delivery,False
1991,10895,20241221,394,5,9,1,3683.21,Other,True
1992,42856,20231008,1716,53,8,5,967.85,Other,False
1993,14233,20230506,1456,96,12,1,563.22,Warranty,True
1994,1051,20240116,1996,11,10,1,4265.7,Wrong size,False
1995,27525,20231027,1744,57,7,1,335.29,Late delivery,True
1996,28802,20241204,165,19,9,1,81.17,Other,True
1997,9057,20220813,1030,79,12,1,406.25,Warranty,True
1998,53494,20241221,515,100,10,1,898.71,Other,True
1999,42503,20251231,747,26,6,1,14.87,Other,True
2000,51895,20240318,544,69,1,1,315.23,Late delivery,True
2001,40119,20250329,1874,42,1,1,117.7,Damaged,True
2002,41241,20250902,1111,75,3,1,268.15,Late delivery,True
2003,41117,20240824,343,92,1,1,473.84,Wrong size,True
2004,57246,20230618,1467,64,9,1,178.76,Damaged,False
2005,7108,20251206,206,96,3,2,1427.52,Changed mind,False
2006,29175,20240712,665,85,3,1,424.01,Other,True
2007,42734,20250521,1578,25,4,8,760.85,Wrong size,True
2008,39206,20240815,1901,53,2,1,176.77,Other,True
2009,23844,20231128,1323,20,3,1,141.3,Other,True
2010,4263,20220711,1010,7,4,1,2324.57,Late delivery,False
2011,52739,20240612,1420,101,6,2,1240.71,Damaged,False
2012,28503,20240205,1491,89,5,1,53.01,Changed mind,True
2013,24684,20250420,128,72,7,1,271.84,Changed mind,True
2014,30341,20240116,903,100,10,2,1893.82,Warranty,True
2015,6491,20230725,167,28,2,1,41.25,Late delivery,True
2016,57179,20240408,1982,43,6,1,153.15,Wrong size,True
2017,10545,20250531,683,79,5,1,411.03,Wrong size,False
2018,14472,20250201,662,105,2,1,456.99,Changed mind,True
2019,48583,20230405,1651,85,3,1,379.24,Warranty,True
2020,42927,20221109,1067,40,1,1,307.91,Warranty,True
2021,24558,20251231,1116,19,6,2,131.94,Warranty,True
2022,7911,20250826,1158,49,3,5,394.95,Wrong size,True
2023,57897,20250626,1756,1,5,1,1008.2,Warranty,True
2024,28152,20230923,1111,74,12,1,199.52,Late delivery,True
2025,21360,20250907,337,77,9,2,179.9,Warranty,True
2026,43752,20250616,436,12,10,1,4113.21,Changed mind,True
2027,47481,20230818,684,12,5,1,3847.86,Damaged,True
2028,37103,20250711,1338,52,12,1,62.74,Warranty,True
2029,19742,20231124,381,106,11,1,754.38,Late delivery,True
2030,54327,20240226,980,32,6,1,22.82,Warranty,False
2031,40272,20250305,868,105,3,1,496.2,Late delivery,False
2032,19052,20240418,366,84,4,1,220.83,Warranty,True
2033,15739,20241129,355,20,4,1,125.64,Wrong size,True
2034,57649,20250804,813,93,12,1,203.32,Late delivery,False
2035,4814,20231026,1284,64,3,1,159.01,Warranty,True
2036,9325,20240710,421,19,4,2,164.16,Warranty,True
2037,2537,20250530,1678,83,4,2,1083.62,Changed mind,False
2038,26921,20250925,551,25,5,1,117.73,Damaged,True
2039,59679,20241007,66,36,6,2,388.6,Changed mind,False
2040,34245,20250425,1727,32,10,1,25.06,Wrong size,False
2041,49304,20250301,1710,76,3,1,216.26,Wrong size,True
2042,26701,20251021,822,90,8,1,503.01,Other,True
2043,3842,20230224,113,95,11,1,391.87,Other,True
2044,24641,20240109,414,108,11,1,671.2,Damaged,True
2045,30545,20221128,51,6,7,1,1262.54,Warranty,True
2046,47804,20250409,320,96,8,1,707.18,Damaged,False
2047,1198,20241208,1536,21,3,2,173.82,Changed mind,True
2048,46224,20230329,441,28,1,6,262.92,Changed mind,True
2049,51872,20250418,1582,105,6,2,976.74,Late delivery,True
2050,55474,20240409,1574,11,12,2,7761.95,Other,False
2051,42320,20250208,1494,67,11,2,340.66,Wrong size,True
2052,58216,20250222,1019,55,9,1,317.1,Late delivery,True
2053,52666,20230825,116,1,8,1,1093.97,Wrong size,False
2054,35690,20240730,516,63,8,2,429.3,Damaged,True
2055,15933,20230619,1799,88,7,1,149.36,Wrong size,True
2056,57053,20231012,1049,26,12,1,12.76,Other,False
2057,57869,20230711,269,91,7,2,1058.5,Wrong size,True
2058,9788,20240115,249,30,1,1,54.35,Warranty,True
2059,36955,20250209,385,98,2,2,400.32,Late delivery,True
2060,52856,20230804,203,21,3,4,348.7,Changed mind,True
2061,13492,20221105,132,56,5,1,180.97,Wrong size,False
2062,31541,20240705,1161,102,6,1,151.45,Changed mind,True
2063,24979,20230823,253,85,12,1,405.11,Warranty,False
2064,37476,20250723,707,91,2,1,506.26,Other,False
2065,44868,20250324,1928,38,8,3,664.02,Warranty,False
2066,42577,20240622,1454,51,11,2,466.02,Other,False
2067,23258,20230603,1145,15,7,4,77.0,Wrong size,True
2068,8293,20250508,903,5,5,1,3824.42,Changed mind,True
2069,14684,20230301,1043,82,3,1,611.63,Late delivery,True
2070,53239,20250120,342,32,3,10,215.36,Damaged,True
2071,6898,20250317,1261,100,4,1,858.64,Wrong size,True
2072,56506,20240404,1885,24,12,3,114.18,Changed mind,True
2073,1540,20250925,1726,72,6,1,295.64,Damaged,False
2074,19103,20221006,1899,35,5,1,76.69,Other,False
2075,19093,20240615,1264,93,7,1,158.31,Changed mind,True
2076,25167,20241014,553,49,9,4,328.12,Wrong size,True
2077,25755,20251002,255,45,3,1,141.89,Damaged,True
2078,22080,20231014,929,71,5,1,363.28,Late delivery,True
2079,21408,20250803,452,62,4,1,171.39,Changed mind,True
2080,27843,20230708,1925,1,4,1,1184.6,Changed mind,True
2081,1680,20250328,338,72,1,7,1899.1,Damaged,False
2082,25970,20240923,1892,30,6,1,57.21,Damaged,True
2083,56406,20250628,470,57,12,1,336.92,Warranty,True
2084,37681,20250630,1697,35,9,1,86.47,Changed mind,True
2085,58434,20240625,1301,96,3,1,652.28,Changed mind,True
2086,4375,20240716,1517,31,5,4,376.4,Late delivery,True
2087,24929,20250602,1068,96,7,2,1226.3,Warranty,True
2088,40644,20251231,1387,33,11,4,320.29,Late delivery,True
2089,35805,20241022,1745,23,10,1,64.98,Late delivery,False
2090,4419,20240220,1327,76,4,6,1308.69,Late delivery,True
2091,47769,20230319,1358,30,7,2,102.72,Wrong size,False
2092,10373,20220723,1031,79,11,1,365.48,Wrong size,True
2093,19542,20250310,1815,67,7,4,665.8,Changed mind,False
2094,6051,20240114,418,65,12,1,47.19,Damaged,True
2095,46136,20250329,642,30,6,2,120.14,Damaged,True
2096,18261,20250118,1467,87,7,4,551.58,Other,False
2097,32606,20250311,449,99,4,1,591.09,Warranty,False
2098,43125,20250522,1649,84,9,2,403.36,Late delivery,True
2099,20626,20240312,1782,11,5,1,4114.32,Late delivery,True
2100,1892,20231016,1155,28,12,1,40.6,Changed mind,True
2101,47827,20251018,1908,91,2,1,530.02,Warranty,True
2102,44137,20241101,406,42,6,1,120.35,Changed mind,True
2103,15984,20220619,1064,104,3,1,529.94,Other,False
2104,29151,20241020,1171,32,11,1,21.1,Damaged,False
2105,57062,20240121,1105,65,2,1,46.32,Wrong size,True
2106,28528,20240128,454,24,8,1,41.16,Wrong size,True
2107,27895,20251125,1524,2,1,1,2207.01,Late delivery,True
2108,59197,20231214,327,51,8,2,430.87,Damaged,False
2109,49427,20240804,474,106,9,1,793.33,Damaged,True
2110,23885,20221006,425,103,11,1,619.86,Warranty,False
2111,43708,20220924,16,45,12,2,326.02,Damaged,True
2112,41048,20251231,1094,46,5,2,472.16,Warranty,True
2113,20247,20221211,1525,108,5,1,616.18,Damaged,False
2114,41052,20231118,627,77,3,1,100.53,Wrong size,True
2115,57165,20240413,1192,31,2,2,193.79,Warranty,True
2116,47511,20250413,1270,89,6,1,61.38,Warranty,True
2117,29536,20251207,702,23,12,1,61.78,Warranty,False
2118,35742,20230909,408,52,1,1,67.58,Warranty,True
2119,44539,20240224,199,24,2,1,32.02,Other,True
2120,28178,20250306,1492,30,7,1,52.72,Late delivery,True
2121,54685,20251205,1560,8,6,1,1826.93,Late delivery,True
2122,5479,20220803,1675,43,6,1,133.74,Late delivery,True
2123,20998,20230912,495,102,5,4,555.31,Other,True
2124,28734,20241207,1450,80,9,1,185.62,Changed mind,True
2125,44876,20250912,509,36,6,1,194.77,Other,True
2126,57695,20241013,1179,73,4,3,831.6,Late delivery,True
2127,34192,20240824,1300,20,1,2,259.31,Changed mind,True
2128,39349,20250916,439,36,8,1,207.0,Damaged,True
2129,46450,20231113,1427,86,8,1,279.69,Other,True
2130,25998,20251016,431,64,11,1,176.71,Changed mind,True
2131,56437,20240604,916,70,7,1,198.05,Other,True
2132,33398,20220329,1948,28,12,4,156.0,Wrong size,True
2133,32725,20251231,1183,90,12,1,584.1,Warranty,True
2134,26449,20231227,1212,65,9,2,93.02,Changed mind,False
2135,2005,20250325,592,86,8,1,271.54,Late delivery,True
2136,53184,20251231,945,28,11,1,38.29,Warranty,True
2137,35303,20250322,851,21,3,1,92.26,Late delivery,True
2138,45017,20250831,1996,86,8,1,292.76,Damaged,True
2139,7340,20241030,428,23,9,1,72.54,Changed mind,True
2140,375,20230107,586,30,6,1,60.94,Wrong size,True
2141,59729,20240829,1480,41,4,1,269.42,Other,True
2142,34105,20250802,1797,81,10,1,329.05,Changed mind,False
2143,17336,20230426,159,26,11,2,28.18,Changed mind,False
2144,53054,20240519,9,86,8,1,267.58,Late delivery,True
2145,47853,20250403,7,105,8,1,504.44,Damaged,True
2146,37101,20250515,1684,45,8,2,348.82,Other,True
2147,49260,20241007,42,100,12,1,838.57,Other,True
2148,46180,20250224,1611,80,8,3,463.49,Wrong size,True
2149,8649,20241126,1918,12,7,1,4075.82,Warranty,False
2150,7467,20231228,45,22,7,1,95.5,Warranty,True
2151,4027,20241119,408,11,1,1,4566.08,Warranty,True
2152,57722,20221226,1164,79,2,1,371.1,Changed mind,True
2153,5334,20240318,862,35,9,1,88.85,Late delivery,True
2154,21555,20250419,323,96,4,2,1097.93,Wrong size,False
2155,27074,20240829,424,81,5,1,338.55,Other,True
2156,38684,20220331,1107,89,10,1,62.6,Changed mind,False
2157,37143,20230826,1682,63,1,1,244.11,Late delivery,False
2158,40351,20240901,871,75,9,2,639.64,Warranty,True
2159,9576,20250101,250,91,1,1,467.02,Warranty,False
2160,28517,20250905,1474,18,11,1,98.04,Changed mind,True
2161,8786,20241008,709,25,9,2,226.15,Wrong size,False
2162,10113,20230911,1863,34,9,1,59.83,Late delivery,False
2163,50586,20241020,510,60,12,1,540.71,Changed mind,True
2164,51878,20250922,924,103,9,2,1156.76,Other,True
2165,17784,20241226,770,40,8,1,325.76,Changed mind,True
2166,55739,20250420,521,12,7,1,3268.96,Other,True
2167,32887,20250115,282,106,8,1,810.42,Changed mind,True
2168,35532,20251021,1721,41,11,1,280.4,Other,True
2169,6739,20230527,1732,69,5,1,326.73,Wrong size,True
2170,49833,20250903,1072,89,7,1,65.87,Warranty,True
2171,2515,20221014,644,98,3,1,198.26,Changed mind,True
2172,881,20241107,1285,78,9,1,175.92,Late delivery,True
2173,3216,20240102,1850,93,1,1,156.38,Wrong size,True
2174,40599,20241218,493,37,1,1,108.91,Other,True
2175,34768,20241027,843,79,5,1,366.15,Warranty,True
2176,10923,20240729,780,26,2,1,15.29,Late delivery,False
2177,46191,20251101,878,79,9,1,368.91,Changed mind,True
2178,30108,20250324,1462,66,8,1,102.16,Wrong size,False
2179,48307,20240809,1389,8,6,1,1907.47,Late delivery,True
2180,40459,20230807,893,11,9,1,4027.01,Damaged,False
2181,27261,20251109,51,25,10,1,112.77,Late delivery,True
2182,20586,20240817,564,107,7,1,624.45,Other,True
2183,9934,20240429,1596,103,7,1,605.7,Changed mind,True
2184,884,20241015,1285,77,9,2,155.74,Damaged,True
2185,42198,20250701,1685,33,8,1,76.71,Damaged,False
2186,26557,20230530,951,60,11,2,1018.34,Other,True
2187,27907,20250128,1800,48,10,2,347.68,Late delivery,False
2188,16632,20231228,644,55,6,8,2762.02,Wrong size,False
2189,21978,20240904,1776,52,1,2,120.44,Damaged,True
2190,5366,20251116,1570,21,2,2,174.54,Wrong size,True
2191,18794,20250516,542,104,7,1,504.98,Wrong size,True
2192,6745,20250505,1719,31,8,1,71.74,Damaged,True
2193,25206,20241009,1192,12,5,1,3900.22,Wrong size,True
2194,55425,20250518,1652,6,8,1,1378.56,Wrong size,True
2195,25421,20251120,751,97,5,2,1380.01,Late delivery,True
2196,46243,20251202,1638,104,11,1,530.81,Other,False
2197,27851,20241223,537,89,1,2,120.21,Other,True
2198,44140,20241229,879,17,7,2,173.46,Other,False
2199,2944,20221230,410,67,7,1,183.58,Changed mind,True
2200,53021,20250630,1047,1,7,1,1053.81,Other,False
2201,10876,20250316,838,33,8,2,166.69,Changed mind,False
2202,38964,20250218,1097,83,8,1,557.62,Warranty,True
2203,3123,20250605,1865,81,9,1,349.34,Other,True
2204,29841,20221007,804,85,6,3,1304.64,Late delivery,True
2205,23431,20240524,445,92,12,2,1228.4,Warranty,True
2206,48940,20251101,1970,97,2,1,710.59,Damaged,False
2207,25508,20250216,793,4,11,1,3146.04,Warranty,True
2208,31008,20240802,288,100,10,3,2750.01,Damaged,True
2209,9522,20250117,678,28,1,4,154.94,Late delivery,True
2210,54856,20241013,775,96,3,1,647.98,Damaged,True
2211,17426,20240406,870,105,12,2,949.56,Wrong size,False
2212,27523,20241214,1442,68,11,1,133.94,Damaged,True
2213,2140,20240716,263,105,8,1,493.03,Warranty,False
2214,28046,20251016,631,46,8,2,475.18,Wrong size,True
2215,3420,20230305,1181,35,10,4,331.74,Damaged,True
2216,35585,20240122,235,21,4,1,85.55,Other,False
2217,57506,20250627,506,101,6,1,572.53,Changed mind,True
2218,30363,20240706,1123,11,10,1,4452.53,Damaged,False
2219,33128,20230525,310,59,10,1,61.86,Damaged,True
2220,11286,20251102,221,26,12,1,11.78,Damaged,False
2221,49393,20250404,804,72,1,1,305.28,Wrong size,True
2222,35054,20251216,185,57,1,2,607.3,Late delivery,True
2223,13644,20250215,1826,80,6,1,172.65,Changed mind,True
2224,41319,20241011,966,69,2,1,334.19,Changed mind,True
2225,48159,20230905,1692,1,3,1,987.13,Warranty,True
2226,55173,20230626,930,12,2,1,4220.36,Wrong size,False
2227,35792,20250411,473,9,3,1,1096.12,Damaged,True
2228,1057,20240124,955,73,1,5,1417.77,Damaged,True
2229,7101,20250712,679,5,4,1,3535.47,Warranty,False
2230,5179,20231028,819,22,10,1,101.8,Wrong size,True
2231,444,20231208,1114,57,2,1,334.74,Warranty,True
2232,56524,20221226,373,19,1,1,74.04,Other,False
2233,26680,20231027,1383,103,8,1,569.14,Changed mind,True
2234,38699,20240831,1689,21,11,2,170.87,Warranty,True
2235,37659,20251206,545,44,12,1,294.25,Damaged,True
2236,37399,20230917,1886,30,11,1,47.74,Other,False
2237,56497,20231226,984,77,11,1,97.29,Damaged,True
2238,43278,20240314,1473,41,1,1,222.42,Changed mind,True
2239,14708,20250806,810,65,12,1,48.95,Warranty,False
2240,7153,20240116,1906,96,10,1,679.62,Other,False
2241,20697,20250225,1523,12,5,1,3689.09,Wrong size,False
2242,26989,20250309,1589,59,11,2,115.94,Damaged,True
2243,58850,20250720,1958,7,11,1,2433.46,Late delivery,False
2244,50929,20230617,144,28,2,1,40.26,Changed mind,True
2245,13631,20250505,827,9,2,1,1092.24,Changed mind,True
2246,42502,20251231,747,21,6,1,86.62,Damaged,True
2247,30832,20250824,1998,89,12,2,108.11,Warranty,True
2248,39134,20250708,1778,41,3,1,290.58,Warranty,True
2249,7227,20240917,1612,28,4,1,44.32,Late delivery,True
2250,39460,20230131,1294,95,2,1,399.6,Wrong size,True
2251,18882,20241210,433,31,1,4,351.24,Other,True
2252,15943,20251123,1794,47,5,1,96.99,Other,False
2253,29283,20241007,552,40,9,4,1198.72,Warranty,True
2254,41229,20240223,755,6,7,1,1592.47,Late delivery,True
2255,18647,20250505,1349,24,5,1,37.91,Late delivery,True
2256,54268,20240913,1968,14,5,1,101.92,Warranty,True
2257,31178,20250415,1625,94,7,2,824.36,Changed mind,True
2258,55342,20241112,1960,103,3,1,622.04,Warranty,False
2259,54594,20250826,1510,39,10,1,120.79,Wrong size,False
2260,3857,20240622,741,72,8,1,278.88,Other,True
2261,40473,20230725,409,48,4,1,191.62,Wrong size,True
2262,6409,20250920,1544,22,12,1,101.47,Wrong size,False
2263,47094,20241125,1705,107,4,1,575.43,Wrong size,True
2264,4772,20230118,1274,82,4,1,617.07,Late delivery,True
2265,56119,20250927,1266,18,5,1,86.43,Changed mind,True
2266,19689,20240518,450,35,1,2,169.56,Late delivery,True
2267,10633,20251018,1499,69,1,3,962.25,Late delivery,False
2268,8717,20240801,250,97,2,2,1389.9,Damaged,False
2269,57440,20250224,359,105,4,1,485.74,Warranty,False
2270,44216,20240810,971,73,6,2,590.08,Late delivery,True
2271,52521,20250413,1000,36,10,1,194.4,Other,True
2272,57810,20250211,548,63,10,1,234.9,Damaged,True
2273,32671,20251217,1729,40,3,1,335.33,Other,True
2274,25949,20240701,1812,7,9,1,2403.05,Other,True
2275,1217,20250202,1859,86,9,1,289.11,Late delivery,True
2276,43337,20240902,167,33,7,1,77.5,Wrong size,True
2277,40785,20250215,718,43,1,2,281.9,Late delivery,True
2278,12089,20251231,257,37,3,3,340.67,Damaged,True
2279,21840,20250616,1369,70,2,2,372.16,Other,True
2280,25772,20240208,404,83,4,1,474.36,Wrong size,True
2281,6676,20250901,1646,106,2,2,1396.62,Damaged,True
2282,13664,20230908,1883,91,5,4,2230.44,Damaged,False
2283,36528,20221225,5,64,5,1,175.99,Warranty,True
2284,4730,20240429,1331,25,3,1,109.3,Other,True
2285,24624,20221021,1066,22,2,1,114.75,Damaged,True
2286,56670,20230725,290,65,12,2,102.6,Warranty,True
2287,32454,20230525,1620,12,12,1,3321.81,Late delivery,False
2288,36547,20250614,309,82,5,1,574.32,Other,True
2289,31867,20250318,923,47,5,1,105.55,Other,True
2290,13810,20250708,1353,32,9,1,27.46,Damaged,False
2291,30622,20251223,1796,75,4,1,335.31,Warranty,True
2292,33565,20230922,1981,66,8,1,101.38,Late delivery,True
2293,47500,20251011,1039,78,12,1,181.85,Changed mind,True
2294,40646,20251231,1387,60,11,1,436.26,Changed mind,True
2295,30920,20220513,1260,64,2,7,1241.35,Other,True
2296,34248,20240704,311,103,4,1,564.39,Other,True
2297,13694,20230920,870,46,8,2,470.18,Damaged,True
2298,5548,20240425,421,23,9,1,59.26,Late delivery,True
2299,14707,20220509,209,46,8,1,212.34,Warranty,True
2300,26049,20250218,370,4,3,1,3021.22,Damaged,True
2301,17728,20231012,207,16,5,1,109.55,Changed mind,True
2302,33675,20250301,1202,33,2,4,330.61,Wrong size,True
2303,1335,20250409,1832,9,7,1,1051.52,Warranty,True
2304,42808,20250323,532,60,12,2,1122.2,Changed mind,False
2305,16618,20250827,163,53,1,3,546.57,Changed mind,False
2306,17450,20250712,689,67,8,2,313.99,Other,True
2307,16633,20231115,644,22,6,3,329.0,Late delivery,True
2308,13096,20220910,1905,56,11,2,357.54,Wrong size,True
2309,54170,20250202,134,17,8,1,85.77,Late delivery,True
2310,26305,20241009,1931,87,6,3,509.04,Other,True
2311,58963,20251226,1323,23,3,1,68.13,Damaged,True
2312,35258,20250506,525,86,5,2,462.52,Other,True
2313,14316,20220917,1565,88,6,2,306.48,Damaged,True
2314,22862,20250422,1970,52,1,2,124.16,Late delivery,True
2315,1264,20230406,862,85,8,1,411.98,Damaged,True
2316,15884,20230920,1188,57,7,4,1176.88,Changed mind,True
2317,59930,20231112,835,89,4,1,55.38,Late delivery,True
2318,7594,20251017,782,50,12,2,339.7,Changed mind,False
2319,41533,20250404,402,30,6,4,233.28,Warranty,False
2320,21532,20230914,667,45,8,1,171.16,Warranty,True
2321,40952,20240820,1969,68,12,2,311.33,Other,False
2322,24825,20251018,543,79,2,1,353.19,Other,False
2323,49217,20230907,376,40,9,1,305.79,Other,True
2324,59927,20231207,1904,58,4,2,823.88,Wrong size,True
2325,30037,20230605,863,43,11,2,306.94,Late delivery,True
2326,34340,20250117,1289,79,2,1,411.13,Damaged,True
2327,28241,20241202,229,63,6,1,245.53,Changed mind,False
2328,8496,20230901,28,108,3,1,651.54,Late delivery,False
2329,53919,20250308,740,50,7,1,200.14,Late delivery,True
2330,20526,20231018,182,45,4,1,165.04,Damaged,False
2331,15653,20240201,1851,90,5,2,1104.4,Damaged,True
2332,39747,20241128,1084,73,11,4,1322.68,Warranty,True
2333,11026,20240324,892,23,5,1,62.06,Wrong size,False
2334,30005,20231208,356,96,1,1,654.84,Warranty,True
2335,37480,20250625,707,105,2,1,483.3,Wrong size,True
2336,57294,20241017,1827,51,10,1,202.59,Damaged,True
2337,6208,20240325,1640,102,7,1,164.46,Warranty,False
2338,3995,20240111,1169,85,8,1,321.93,Late delivery,True
2339,22429,20241107,543,49,3,1,69.35,Other,True
2340,10019,20230405,597,82,6,1,606.2,Wrong size,True
2341,23878,20240422,1193,89,5,1,60.62,Warranty,False
2342,26927,20241128,1598,86,1,1,273.33,Other,True
2343,33816,20220919,1909,88,2,1,137.6,Wrong size,True
2344,18725,20250115,1512,55,9,1,310.88,Warranty,True
2345,30462,20250608,1405,105,9,1,509.63,Wrong size,False
2346,15206,20241005,645,73,12,3,940.59,Late delivery,False
2347,43603,20250403,298,80,6,1,174.53,Warranty,True
2348,59921,20240626,11,93,6,1,181.76,Damaged,False
2349,20410,20240822,1160,44,2,1,301.47,Other,False
2350,59108,20250403,1888,75,2,1,250.84,Late delivery,True
2351,9275,20240424,710,34,10,2,120.96,Damaged,True
2352,43025,20240831,1336,26,12,1,14.9,Other,True
2353,56398,20230101,1814,7,12,1,2435.28,Changed mind,True
2354,3756,20251214,1505,107,12,2,1066.05,Late delivery,True
2355,5748,20241223,1027,17,7,1,79.98,Other,True
2356,32096,20241222,1428,49,7,1,77.7,Wrong size,True
2357,47931,20250904,182,50,5,1,216.73,Changed mind,True
2358,26101,20240601,795,84,2,1,184.5,Wrong size,False
2359,550,20220923,474,91,6,2,821.62,Damaged,True
2360,11507,20250919,1839,45,3,1,147.43,Warranty,False
2361,58288,20230815,1747,85,9,1,357.65,Wrong size,True
2362,49055,20230303,975,53,8,1,196.24,Damaged,False
2363,36061,20230511,1397,60,3,3,1607.43,Changed mind,True
2364,19887,20231231,213,47,2,1,98.63,Changed mind,True
2365,40046,20230811,1066,60,4,1,516.28,Late delivery,True
2366,5282,20230306,480,10,11,1,1794.13,Warranty,True
2367,22270,20230317,1757,101,10,4,2470.16,Warranty,True
2368,184,20230622,601,77,9,1,92.22,Wrong size,False
2369,9014,20251123,1545,37,4,1,105.29,Changed mind,True
2370,44870,20250604,1464,82,10,1,655.26,Damaged,True
2371,58657,20251204,816,96,10,1,625.24,Changed mind,False
2372,51671,20230515,913,83,3,1,504.52,Other,True
2373,16014,20241027,952,14,10,1,103.95,Late delivery,True
2374,668,20221006,1555,45,8,2,268.0,Other,False
2375,21071,20230725,423,86,10,1,233.47,Warranty,True
2376,49360,20251117,1007,86,4,1,271.13,Changed mind,True
2377,23340,20250605,1732,59,12,1,58.08,Late delivery,True
2378,37685,20241212,1460,19,8,2,151.18,Late delivery,False
2379,40156,20231210,1520,26,5,1,12.23,Warranty,False
2380,37782,20240623,1174,42,1,1,134.65,Late delivery,True
2381,48428,20250621,2,12,3,1,3642.58,Other,True
2382,56827,20220702,124,71,2,1,294.79,Changed mind,True
2383,11087,20250905,1387,95,10,1,350.98,Changed mind,True
2384,16306,20241130,499,79,7,8,3044.79,Other,True
2385,8217,20240814,827,44,7,2,491.71,Warranty,True
2386,5043,20250414,1732,2,7,1,1771.19,Damaged,True
2387,14131,20220925,230,77,4,7,618.73,Other,True
2388,43050,20250721,1612,95,10,1,404.9,Wrong size,False
2389,26758,20241202,453,38,11,9,1988.1,Changed mind,True
2390,10243,20240418,911,106,1,2,1462.13,Changed mind,True
2391,53925,20240626,1479,60,6,2,1108.7,Damaged,True
2392,4306,20240812,371,52,8,1,66.58,Wrong size,True
2393,4661,20240430,1149,102,10,1,161.24,Wrong size,False
2394,30137,20241213,781,16,10,1,105.42,Changed mind,False
2395,37442,20251031,32,1,7,1,1270.68,Warranty,False
2396,48720,20220609,1361,15,5,4,85.12,Changed mind,True
2397,36993,20240127,596,65,9,1,44.42,Late delivery,True
2398,36461,20240110,1787,18,6,1,86.96,Late delivery,True
2399,25181,20230402,102,16,12,1,83.0,Warranty,True
2400,55008,20230828,1373,84,11,1,175.18,Other,True
2401,49162,20240403,1228,66,6,1,96.78,Changed mind,False
2402,38059,20250406,1271,93,2,2,379.94,Other,False
2403,722,20230710,1336,43,9,2,313.85,Wrong size,True
2404,1903,20250302,874,17,8,1,74.06,Changed mind,False
2405,25395,20251231,396,11,10,1,3628.11,Warranty,True
2406,24532,20250213,1771,25,6,2,207.07,Changed mind,True
2407,52595,20251029,1652,47,10,1,105.04,Warranty,True
2408,25014,20231018,1734,96,6,3,1950.06,Damaged,True
2409,47868,20231001,1143,103,1,1,574.84,Warranty,False
2410,40700,20250915,1146,43,5,1,148.57,Damaged,True
2411,20502,20221103,1481,104,3,1,527.38,Warranty,True
2412,4204,20250812,1322,30,2,1,53.73,Warranty,False
2413,50130,20250805,927,64,11,1,204.21,Other,True
2414,52530,20240722,1495,26,1,1,14.6,Late delivery,True
2415,25696,20230413,1261,91,12,1,491.25,Other,True
2416,18128,20231229,1176,29,12,1,130.47,Late delivery,False
2417,35901,20241015,484,18,4,3,243.37,Wrong size,False
2418,24946,20240824,626,78,6,1,182.89,Warranty,True
2419,28856,20250314,1178,94,12,1,437.51,Damaged,True
2420,18430,20250112,1328,38,1,1,242.93,Changed mind,True
2421,481,20250508,374,16,12,2,220.52,Late delivery,True
2422,39113,20240815,411,26,7,1,14.19,Warranty,True
2423,35476,20221222,1222,1,10,1,1062.29,Damaged,True
2424,49508,20230919,282,71,8,1,330.94,Wrong size,True
2425,48859,20231016,1925,46,8,1,198.28,Late delivery,True
2426,56939,20251013,744,59,4,1,55.14,Damaged,False
2427,23144,20250224,1800,1,9,1,1172.79,Other,True
2428,52926,20230915,219,101,5,2,1142.73,Changed mind,True
2429,56523,20250515,1305,32,4,2,47.04,Damaged,True
2430,51394,20240916,546,62,1,1,144.43,Damaged,True
2431,29425,20240302,761,26,12,1,15.18,Wrong size,True
2432,41725,20250213,1987,90,8,1,525.41,Other,True
2433,39258,20250725,1184,98,3,1,215.52,Late delivery,True
2434,39529,20240503,19,53,7,2,409.06,Changed mind,True
2435,40738,20230928,1924,107,1,1,620.38,Changed mind,True
2436,7177,20250813,814,106,5,1,798.95,Late delivery,True
2437,41757,20240418,588,48,3,4,794.04,Changed mind,True
2438,30313,20230515,1423,1,9,1,1170.88,Wrong size,False
2439,33811,20250905,1110,87,3,1,152.55,Damaged,True
2440,50009,20230715,1958,108,12,2,1381.4,Changed mind,False
2441,40131,20251231,907,46,4,5,1143.1,Late delivery,True
2442,34937,20241208,1020,93,6,4,759.88,Warranty,False
2443,24261,20250210,581,18,12,1,93.9,Wrong size,False
2444,59982,20240202,333,53,12,2,401.9,Other,True
2445,40343,20241211,985,87,1,1,175.88,Wrong size,False
2446,29978,20250910,1524,2,2,1,2210.65,Other,True
2447,14952,20240128,519,95,10,1,382.8,Other,False
2448,37732,20231021,743,69,1,2,674.01,Wrong size,False
2449,43339,20250812,1909,44,3,1,267.53,Late delivery,True
2450,23573,20240728,1122,102,9,2,325.06,Changed mind,True
2451,32017,20221016,1645,47,5,6,672.9,Late delivery,True
2452,59152,20240911,1526,105,12,1,398.38,Warranty,True
2453,47885,20230410,964,18,5,1,95.84,Other,True
2454,59617,20240813,1215,82,10,1,618.7,Wrong size,True
2455,45965,20250619,333,81,4,5,1620.75,Warranty,True
2456,20278,20240126,629,37,11,3,309.12,Warranty,True
2457,9566,20230423,9,79,10,1,405.76,Late delivery,True
2458,48421,20240605,569,20,1,8,1104.95,Wrong size,True
2459,6174,20240127,1450,68,6,1,141.88,Warranty,True
2460,17109,20250107,1763,57,6,1,323.04,Late delivery,True
2461,20766,20251215,311,82,6,1,656.33,Other,False
2462,31701,20240309,410,78,10,1,175.49,Warranty,False
2463,29885,20240315,824,98,12,1,207.41,Late delivery,True
2464,42197,20250702,1685,5,8,1,3819.58,Late delivery,False
2465,28944,20240102,1743,107,4,3,1889.58,Late delivery,True
2466,49978,20240311,475,11,9,1,4232.85,Wrong size,True
2467,40998,20230221,767,77,2,1,93.04,Late delivery,True
2468,49613,20241119,805,39,9,1,133.28,Late delivery,True
2469,29960,20251003,478,52,1,1,60.32,Wrong size,True
2470,14239,20250419,1993,24,8,1,39.42,Other,True
2471,52691,20241202,410,47,7,4,369.68,Damaged,True
2472,27055,20250804,1851,54,10,1,114.81,Damaged,True
2473,48142,20240512,1200,39,9,1,145.01,Wrong size,True
2474,23132,20250929,131,57,4,1,291.87,Changed mind,False
2475,35950,20250312,1575,51,6,1,219.61,Damaged,False
2476,56435,20240415,142,26,7,1,15.19,Other,True
2477,4233,20221028,69,43,4,1,160.1,Damaged,False
2478,29220,20251228,140,34,11,1,64.92,Other,False
2479,9601,20240621,612,42,3,1,116.46,Late delivery,True
2480,50772,20250819,1138,66,7,1,97.55,Wrong size,False
2481,20847,20230106,726,84,9,1,197.56,Wrong size,True
2482,45783,20230314,1243,102,3,2,285.55,Warranty,True
2483,24243,20230621,1091,98,9,3,623.7,Other,True
2484,36435,20241221,587,70,11,2,409.82,Warranty,True
2485,6473,20240605,1517,3,7,1,3116.2,Late delivery,True
2486,27804,20240301,31,92,3,1,495.07,Wrong size,True
2487,21416,20240515,1902,54,3,1,100.8,Late delivery,True
2488,47618,20241127,1910,62,1,1,153.55,Warranty,True
2489,32534,20240122,939,20,1,3,437.08,Wrong size,True
2490,55861,20240302,747,96,8,1,614.81,Wrong size,True
2491,45666,20230723,891,45,8,1,148.84,Other,True
2492,50385,20250626,216,15,1,1,21.04,Other,False
2493,40241,20240219,313,67,4,2,344.38,Damaged,True
2494,38462,20250715,298,48,10,1,165.57,Warranty,True
2495,47249,20230406,488,102,8,2,329.38,Wrong size,False
2496,33330,20250910,1846,24,5,1,35.32,Late delivery,True
2497,29301,20240123,1595,74,12,5,876.73,Damaged,True
2498,14090,20240203,1250,6,7,1,1463.56,Other,False
2499,6062,20221206,349,95,2,1,363.07,Damaged,True
2500,6187,20250601,8,52,8,1,61.21,Damaged,True
2501,376,20250608,910,38,1,2,481.58,Changed mind,True
2502,41984,20230528,1514,92,2,1,556.41,Warranty,True
2503,15684,20251002,235,67,3,1,186.4,Wrong size,True
2504,8402,20241026,1274,105,11,1,516.71,Changed mind,True
2505,43149,20230123,1293,87,7,2,307.72,Other,False
2506,44811,20230127,1568,89,2,1,55.48,Warranty,False
2507,36014,20250110,1835,72,7,1,275.97,Warranty,True
2508,47189,20250410,458,88,5,1,143.67,Other,True
2509,57309,20250418,773,69,2,1,364.11,Other,True
2510,22736,20240726,122,99,5,2,1173.02,Changed mind,True
2511,219,20220808,1212,86,10,1,292.45,Late delivery,False
2512,52735,20231114,1058,26,9,2,27.94,Wrong size,False
2513,14365,20240514,1724,106,10,1,806.88,Warranty,False
2514,59076,20250222,81,15,3,1,20.09,Changed mind,False
2515,44623,20221013,1953,48,5,1,187.6,Damaged,True
2516,54443,20240108,1625,21,1,2,159.95,Late delivery,False
2517,22510,20250517,1442,86,10,1,277.82,Warranty,True
2518,55666,20250329,1500,7,9,1,2375.95,Other,True
2519,58758,20240606,506,60,1,1,466.69,Late delivery,True
2520,43182,20241112,718,92,11,1,562.02,Warranty,False
2521,46363,20231003,603,60,8,1,505.34,Late delivery,False
2522,17499,20251123,856,87,1,3,511.74,Changed mind,False
2523,21758,20240313,1501,15,8,1,20.93,Changed mind,True
2524,2346,20230303,396,79,7,1,392.84,Other,True
2525,27265,20250401,784,13,3,1,14.11,Warranty,True
2526,6793,20241216,860,34,9,4,227.88,Warranty,True
2527,5453,20250505,1062,31,11,2,167.46,Wrong size,True
2528,23904,20251127,141,101,5,1,630.32,Other,True
2529,19646,20240127,1563,37,7,1,110.33,Warranty,False
2530,57335,20240703,116,102,2,2,303.85,Damaged,True
2531,17963,20250511,141,58,9,1,372.38,Changed mind,False
2532,40187,20240611,565,13,4,2,25.52,Warranty,True
2533,59800,20220905,533,82,3,4,2730.8,Warranty,False
2534,9658,20250906,1929,77,10,1,91.87,Damaged,False
2535,21957,20251106,562,47,9,1,104.08,Late delivery,True
2536,57353,20250708,1956,1,1,1,1178.98,Warranty,True
2537,17165,20230303,912,86,10,3,834.25,Late delivery,True
2538,19370,20230528,1752,82,12,1,597.2,Damaged,False
2539,278,20250114,1108,78,10,1,173.14,Other,False
2540,29952,20240404,484,19,11,1,78.98,Late delivery,True
2541,31948,20231107,1457,102,6,1,153.35,Damaged,False
2542,33132,20240522,1724,72,4,2,601.14,Wrong size,True
2543,40212,20231205,1239,108,3,3,1864.44,Late delivery,True
2544,5613,20221009,1675,98,8,1,203.58,Damaged,True
2545,36428,20240506,1912,90,3,2,1293.96,Changed mind,True
2546,24168,20240516,1205,98,11,1,192.2,Wrong size,True
2547,46364,20251106,555,48,11,1,171.22,Warranty,True
2548,18709,20250720,1501,81,6,1,352.45,Warranty,True
2549,45816,20251001,1576,29,12,2,265.09,Warranty,True
2550,32778,20250708,324,76,4,1,251.82,Warranty,True
2551,37604,20241126,1943,89,8,1,61.25,Damaged,True
2552,51729,20251107,1816,38,7,2,500.94,Other,False
2553,43409,20230625,1302,87,9,1,164.28,Damaged,True
2554,34710,20241114,140,6,8,1,1325.97,Wrong size,False
2555,41440,20250830,583,14,8,1,93.31,Warranty,True
2556,20915,20250409,90,79,9,1,378.86,Changed mind,True
2557,23369,20230124,327,15,2,1,19.48,Changed mind,True
2558,57480,20231006,846,47,10,2,211.48,Other,False
2559,59576,20221129,350,6,4,1,1525.47,Changed mind,True
2560,15497,20250410,1969,17,9,1,87.09,Other,True
2561,43331,20251231,1940,86,7,1,266.64,Damaged,True
2562,36232,20241217,1999,72,3,1,291.56,Changed mind,False
2563,41445,20250527,1789,63,3,1,236.14,Changed mind,True
2564,30380,20240929,1736,20,10,1,149.55,Late delivery,False
2565,54440,20231026,312,15,8,2,42.6,Wrong size,False
2566,45319,20230907,1884,86,3,3,769.84,Warranty,False
2567,43701,20240506,669,1,7,1,1126.26,Damaged,True
2568,47888,20240302,880,29,6,1,131.4,Damaged,True
2569,44368,20250818,1575,52,6,1,70.39,Other,True
2570,33037,20240406,1570,34,1,1,63.21,Warranty,True
2571,16611,20221219,308,89,6,1,57.8,Late delivery,True
2572,51679,20240115,1928,106,11,1,816.76,Damaged,True
2573,56773,20250917,371,71,2,1,322.88,Warranty,False
2574,24745,20250806,198,75,2,1,246.3,Late delivery,True
2575,8876,20230526,1367,103,3,1,558.51,Damaged,True
2576,16478,20240229,674,44,10,2,553.19,Damaged,True
2577,20730,20250613,141,42,11,2,256.39,Warranty,False
2578,36264,20240330,1189,106,6,1,770.36,Other,True
2579,58344,20231213,1557,26,12,1,12.49,Damaged,False
2580,56141,20250807,483,15,2,1,20.57,Wrong size,False
2581,49401,20230622,1105,87,7,3,507.64,Damaged,True
2582,7948,20251231,1485,97,11,1,748.77,Damaged,True
2583,17957,20240513,430,105,9,1,527.82,Other,True
2584,31485,20250515,327,69,10,1,353.43,Damaged,False
2585,39716,20251026,562,56,9,4,767.16,Damaged,False
2586,53224,20240102,1717,63,9,1,239.68,Changed mind,True
2587,31807,20240125,1904,68,4,2,311.96,Other,True
2588,12099,20250215,1989,63,11,1,227.9,Warranty,False
2589,50574,20231117,1022,54,6,1,99.17,Changed mind,True
2590,58226,20221009,1105,100,6,2,1698.24,Damaged,True
2591,453,20241006,1753,99,3,1,631.32,Damaged,True
2592,24390,20240821,484,13,9,2,25.43,Other,False
2593,24400,20250101,1886,41,6,4,1186.09,Changed mind,True
2594,27837,20250919,519,104,7,2,1015.6,Damaged,True
2595,36874,20220617,631,22,7,1,101.78,Wrong size,True
2596,12278,20250702,1384,35,11,4,346.8,Wrong size,True
2597,23242,20230116,260,104,9,1,556.88,Late delivery,False
2598,53917,20240604,1362,30,2,1,55.04,Wrong size,True
2599,11668,20250330,465,71,3,1,326.52,Late delivery,False
2600,36352,20240125,1073,48,8,1,178.77,Wrong size,True
2601,15108,20230121,1719,15,10,2,40.3,Wrong size,True
2602,13123,20240611,1829,102,11,1,149.82,Other,False
2603,59968,20250302,151,73,4,2,609.14,Wrong size,True
2604,29909,20240527,1987,18,12,1,88.01,Damaged,True
2605,6926,20230306,1113,85,11,1,410.22,Late delivery,True
2606,27042,20241201,745,66,7,1,103.44,Damaged,True
2607,49209,20251231,1081,67,9,2,350.92,Wrong size,False
2608,19942,20250115,1773,9,7,1,1040.41,Damaged,False
2609,31641,20241227,1358,99,3,1,573.02,Damaged,True
2610,39008,20220517,1856,88,2,1,125.37,Late delivery,True
2611,31845,20240517,1962,13,11,2,24.62,Changed mind,True
2612,28794,20251228,928,4,2,1,2957.56,Warranty,False
2613,29062,20220831,812,22,1,2,209.06,Damaged,True
2614,21588,20231006,1049,96,1,3,2082.9,Late delivery,False
2615,50101,20250704,584,50,11,1,164.25,Changed mind,True
2616,35736,20240909,1522,1,11,1,947.1,Damaged,False
2617,25412,20241216,1960,33,2,1,75.74,Changed mind,False
2618,52390,20250710,1657,100,10,1,966.61,Other,False
2619,21926,20241006,677,102,1,1,159.07,Changed mind,True
2620,34354,20251026,1129,18,9,1,89.79,Warranty,False
2621,14217,20250308,1259,48,5,2,389.26,Changed mind,True
2622,26401,20250623,781,73,9,3,968.43,Late delivery,False
2623,57568,20250116,1326,19,6,1,69.8,Other,True
2624,25703,20250421,1482,69,7,1,365.64,Changed mind,True
2625,53142,20240827,1415,54,5,2,240.36,Warranty,True
2626,48620,20250124,142,80,4,2,347.22,Changed mind,True
2627,24688,20221229,1125,40,12,1,311.02,Wrong size,False
2628,4502,20240815,88,42,9,1,140.43,Wrong size,False
2629,55481,20250328,859,66,5,1,80.81,Damaged,False
2630,24228,20240627,1370,77,7,2,176.8,Late delivery,True
2631,34148,20240321,878,73,3,1,273.8,Damaged,True
2632,18191,20230127,1078,26,9,1,14.68,Late delivery,True
2633,45693,20251026,606,79,1,1,405.81,Warranty,True
2634,39067,20240618,1876,86,10,1,296.66,Warranty,True
2635,21037,20250915,292,99,7,2,1277.39,Damaged,True
2636,54512,20220914,1293,7,7,2,4666.88,Late delivery,True
2637,53113,20230209,815,22,3,3,311.19,Changed mind,True
2638,5616,20231113,250,43,1,1,150.13,Other,False
2639,21535,20230915,667,65,8,1,46.88,Warranty,True
2640,22453,20231012,171,59,9,1,51.65,Late delivery,True
2641,13370,20250630,1411,90,6,1,593.52,Other,False
2642,10982,20221220,944,19,6,3,215.19,Other,True
2643,55661,20220715,46,46,11,2,472.26,Late delivery,True
2644,58725,20240512,1282,10,7,1,1983.99,Warranty,True
2645,17157,20231229,342,89,7,3,182.37,Wrong size,False
2646,294,20220913,1162,98,11,1,205.6,Wrong size,True
2647,144,20251124,1237,19,3,3,252.69,Damaged,True
2648,30162,20231012,1153,95,11,1,393.32,Changed mind,True
2649,15538,20230924,418,19,3,1,85.53,Damaged,True
2650,46533,20251001,435,90,1,1,649.53,Late delivery,True
2651,54111,20250514,739,10,11,1,2075.12,Warranty,False
2652,13709,20250222,1566,36,10,2,416.54,Late delivery,True
2653,7273,20240805,785,3,9,1,2500.33,Damaged,True
2654,47127,20250531,839,91,10,1,541.19,Wrong size,True
2655,28848,20250122,756,84,8,1,214.69,Wrong size,True
2656,10859,20250828,1514,90,3,1,668.79,Other,True
2657,7365,20250903,1206,17,7,1,77.54,Other,True
2658,14071,20241002,1289,25,11,5,546.85,Wrong size,True
2659,33134,20251105,1718,65,3,1,49.55,Damaged,True
2660,46955,20251015,1076,71,11,1,347.01,Other,True
2661,30113,20240412,1786,106,11,1,735.83,Warranty,True
2662,3310,20240908,1378,39,12,1,134.33,Wrong size,True
2663,23485,20240513,885,18,3,2,208.36,Changed mind,True
2664,21644,20240927,113,24,3,1,37.38,Damaged,True
2665,21928,20250305,1792,27,7,1,65.76,Damaged,True
2666,39972,20230222,317,82,8,2,1228.24,Warranty,False
2667,47884,20230401,964,28,5,1,36.88,Changed mind,True
2668,21815,20250119,1389,19,5,2,155.68,Warranty,False
2669,54997,20221210,1867,1,12,1,1168.38,Changed mind,False
2670,57387,20250211,396,86,8,1,291.42,Damaged,True
2671,40957,20240406,1999,88,3,1,130.62,Other,False
2672,10514,20250819,642,18,8,1,93.72,Late delivery,True
2673,3220,20230912,1539,63,7,1,260.33,Wrong size,True
2674,58442,20230422,618,35,3,1,90.07,Late delivery,False
2675,59219,20240321,1039,23,4,3,199.68,Wrong size,True
2676,51498,20231113,691,92,2,1,449.38,Changed mind,True
2677,17358,20240609,1667,78,1,1,195.72,Late delivery,True
2678,23235,20250824,1153,77,6,2,177.24,Late delivery,True
2679,21117,20240819,240,45,4,2,291.15,Changed mind,True
2680,2079,20241025,1799,66,2,2,184.28,Late delivery,True
2681,50830,20240828,69,41,2,1,298.77,Other,True
2682,33299,20250912,1674,37,3,1,106.27,Changed mind,False
2683,33203,20251111,1356,30,4,3,170.5,Late delivery,False
2684,36295,20220902,1572,104,12,1,512.92,Other,True
2685,5418,20250429,720,77,4,1,82.18,Wrong size,False
2686,24093,20251108,769,1,4,1,1143.51,Other,True
2687,41810,20241015,784,1,4,1,1201.01,Changed mind,True
2688,58535,20250625,1424,70,1,1,179.54,Wrong size,True
2689,37726,20250227,979,7,5,2,4800.94,Changed mind,False
2690,15786,20231028,1987,56,5,1,187.26,Other,True
2691,40246,20251024,1103,47,3,3,342.54,Wrong size,False
2692,13846,20251109,427,88,10,1,136.3,Warranty,False
2693,52477,20240719,326,3,1,1,2800.68,Changed mind,True
2694,2046,20240218,510,80,10,1,180.53,Changed mind,True
2695,3960,20240414,828,27,9,3,210.5,Other,True
2696,38189,20241016,1324,82,9,1,639.0,Warranty,True
2697,14143,20250729,1679,27,12,3,231.16,Wrong size,True
2698,1504,20241015,173,64,11,1,184.03,Changed mind,False
2699,35492,20240211,1057,1,10,1,1118.12,Wrong size,True
2700,28151,20250402,1254,87,10,1,158.61,Wrong size,False
2701,29758,20231201,1502,90,7,1,643.3,Changed mind,True
2702,46485,20241115,763,24,1,1,35.18,Damaged,True
2703,30737,20240216,987,25,2,1,121.62,Other,False
2704,8513,20250714,691,67,8,1,167.01,Other,True
2705,33781,20251108,1869,57,2,1,286.99,Damaged,True
2706,41062,20250604,560,3,9,1,2810.7,Changed mind,True
2707,54579,20231026,444,22,11,1,101.31,Late delivery,True
2708,49559,20250224,1098,40,2,1,311.63,Warranty,True
2709,1342,20241110,1752,5,9,1,3707.54,Other,True
2710,37871,20240814,711,19,10,1,70.75,Warranty,True
2711,18959,20240618,241,67,5,1,175.89,Damaged,True
2712,55526,20221203,818,26,5,1,13.67,Late delivery,False
2713,35979,20230810,705,81,8,2,655.52,Late delivery,False
2714,2692,20250520,452,40,2,3,876.4,Damaged,True
2715,28378,20240624,1477,98,7,2,334.92,Changed mind,True
2716,55065,20240117,1091,25,5,1,117.51,Warranty,True
2717,13202,20241013,607,76,2,3,664.31,Warranty,True
2718,16167,20250731,1958,108,10,2,1239.93,Wrong size,True
2719,47267,20240417,1569,70,10,1,179.21,Other,False
2720,41210,20240317,1623,63,12,1,257.84,Damaged,True
2721,29886,20230125,1798,88,7,2,304.6,Warranty,True
2722,17781,20250221,766,28,3,1,39.16,Changed mind,True
2723,42738,20251226,1256,43,9,2,276.93,Warranty,False
2724,11640,20250703,1668,9,9,1,989.31,Warranty,True
2725,18188,20230208,185,43,11,1,151.48,Changed mind,True
2726,34973,20250518,810,92,5,1,575.38,Late delivery,True
2727,21367,20251117,589,1,11,1,1229.05,Wrong size,False
2728,35849,20240610,134,97,9,1,736.47,Changed mind,False
2729,31554,20251204,409,81,7,1,368.9,Late delivery,True
2730,13931,20240922,339,87,2,1,163.35,Other,True
2731,9929,20240626,1359,44,3,1,271.59,Late delivery,True
2732,7204,20231226,1124,66,4,2,195.12,Wrong size,True
2733,55841,20250117,1493,70,4,2,324.5,Damaged,False
2734,23063,20241213,171,29,2,1,126.65,Warranty,True
2735,42879,20250704,533,44,5,1,236.1,Late delivery,True
2736,7810,20230421,233,82,11,1,623.33,Late delivery,True
2737,9178,20230511,1429,102,8,1,148.42,Damaged,False
2738,22695,20251231,761,62,11,1,150.04,Changed mind,True
2739,44779,20240210,785,77,9,2,197.96,Other,True
2740,7978,20241109,1147,31,7,2,184.56,Late delivery,True
2741,57802,20250727,45,3,10,1,2822.78,Damaged,True
2742,34270,20240106,790,30,7,2,111.57,Wrong size,True
2743,15993,20250202,1439,2,1,1,1832.73,Damaged,False
2744,51570,20240921,1014,24,7,1,36.52,Wrong size,True
2745,30788,20240218,1473,92,4,1,571.88,Late delivery,True
2746,8738,20230915,1482,93,9,2,375.74,Damaged,False
2747,3867,20220808,993,103,2,1,498.87,Wrong size,False
2748,8597,20250629,218,71,3,4,1419.87,Late delivery,True
2749,51965,20240304,609,30,9,1,55.03,Other,False
2750,55884,20241002,831,19,2,1,82.51,Other,True
2751,56867,20241128,742,4,3,1,3045.81,Warranty,False
2752,3523,20241223,911,74,4,3,619.77,Warranty,True
2753,24877,20230107,479,95,2,1,345.66,Other,True
2754,44860,20221112,714,53,7,2,364.27,Other,True
2755,11367,20251231,1394,87,2,1,165.03,Changed mind,False
2756,49472,20241130,47,8,12,1,2061.08,Wrong size,False
2757,28160,20241020,84,31,11,1,79.34,Damaged,True
2758,51550,20250324,946,107,3,1,606.94,Wrong size,True
2759,22845,20240109,377,87,2,1,148.6,Other,True
2760,46841,20251122,786,44,10,1,260.15,Late delivery,True
2761,12799,20251231,1700,89,2,1,61.12,Late delivery,True
2762,4852,20230929,1697,6,7,1,1415.7,Other,True
2763,49933,20240120,1082,29,6,1,146.45,Changed mind,True
2764,153,20220902,1173,22,2,2,230.6,Changed mind,True
2765,28357,20240115,571,28,4,1,37.0,Wrong size,True
2766,59917,20240305,1677,38,5,3,642.9,Wrong size,False
2767,6290,20241025,551,43,5,1,123.88,Other,True
2768,18598,20231231,1615,28,2,1,38.14,Late delivery,True
2769,7029,20250828,1706,57,11,1,324.24,Wrong size,False
2770,13790,20241122,1777,35,9,1,91.13,Damaged,False
2771,25886,20251231,1999,8,11,1,1813.31,Late delivery,True
2772,26120,20240602,637,58,4,1,414.69,Warranty,False
2773,28438,20230829,1467,28,10,2,83.25,Damaged,True
2774,53087,20250301,1397,99,9,1,633.22,Damaged,True
2775,4600,20241029,687,38,9,2,505.44,Warranty,True
2776,3914,20250818,1078,72,3,1,316.51,Wrong size,True
2777,34048,20230818,685,21,5,1,80.14,Wrong size,True
2778,39246,20251231,55,52,10,1,60.19,Damaged,True
2779,23773,20241227,492,43,5,1,156.1,Other,True
2780,12096,20251227,435,34,2,2,131.16,Other,True
2781,55219,20240603,442,100,1,1,970.72,Late delivery,True
2782,53550,20230515,1486,59,10,1,56.75,Wrong size,True
2783,831,20251101,322,52,2,2,121.27,Late delivery,True
2784,56759,20230915,273,95,4,2,841.76,Damaged,True
2785,33334,20240208,686,71,1,1,332.0,Warranty,True
2786,35683,20250804,1752,41,9,3,867.96,Other,True
2787,44350,20250819,1283,10,3,1,1759.5,Late delivery,True
2788,49584,20250310,1861,32,4,1,28.59,Late delivery,False
2789,47019,20250924,310,92,5,1,578.84,Warranty,True
2790,51546,20230314,1719,56,5,1,170.14,Wrong size,True
2791,50042,20240515,510,99,4,4,2642.24,Damaged,True
2792,47560,20230308,806,6,7,1,1515.43,Damaged,True
2793,1165,20230625,185,55,3,1,305.26,Damaged,False
2794,14717,20251101,724,57,1,1,265.36,Damaged,False
2795,54199,20240427,1616,77,12,3,241.54,Wrong size,True
2796,24605,20230916,642,95,12,1,408.73,Changed mind,True
2797,38685,20220820,1196,79,3,2,653.14,Other,True
2798,14495,20240122,1636,64,8,1,184.69,Late delivery,False
2799,52059,20241106,1606,40,7,2,632.04,Late delivery,True
2800,4486,20250309,1050,97,5,2,1561.36,Damaged,True
2801,46123,20250820,1807,5,6,1,3444.63,Other,True
2802,38781,20240515,1061,72,9,1,232.81,Late delivery,False
2803,57204,20241226,762,36,9,1,195.45,Other,True
2804,46964,20250417,1157,68,6,1,163.11,Warranty,True
2805,40634,20250530,202,49,1,1,74.62,Warranty,True
2806,31892,20230917,1039,108,9,1,658.55,Late delivery,False
2807,58293,20250211,1848,67,12,2,316.67,Damaged,True
2808,24487,20240425,1548,26,7,1,15.68,Other,True
2809,58031,20240809,28,50,3,2,382.84,Damaged,True
2810,33571,20241121,1,95,4,1,394.56,Late delivery,True
2811,27445,20240416,1444,35,4,7,587.23,Damaged,True
2812,49124,20241017,213,74,7,2,414.35,Other,True
2813,29101,20250529,1100,75,1,2,647.54,Late delivery,True
2814,45112,20250205,1558,96,9,1,567.5,Warranty,True
2815,32287,20250325,1585,99,1,1,621.23,Damaged,False
2816,15797,20241025,1620,47,10,1,106.4,Wrong size,False
2817,53896,20250619,1223,104,9,5,2544.57,Wrong size,False
2818,15499,20250409,1969,7,9,1,2468.29,Damaged,True
2819,19011,20240823,1232,16,2,2,216.7,Changed mind,True
2820,59065,20230505,554,16,8,1,102.97,Damaged,True
2821,5512,20250331,643,20,9,1,153.65,Other,True
2822,9881,20250603,1106,38,9,2,469.46,Warranty,True
2823,1357,20250125,161,12,4,1,3975.56,Warranty,True
2824,53721,20221031,605,86,6,1,271.71,Other,True
2825,9514,20251231,314,38,12,8,1849.12,Late delivery,True
2826,19429,20230918,812,89,11,1,61.05,Damaged,True
2827,37640,20220621,719,22,3,1,111.87,Other,True
2828,36469,20240331,299,58,12,1,385.75,Other,True
2829,18841,20250726,1249,15,11,1,19.64,Damaged,True
2830,17310,20250804,598,49,2,5,378.38,Other,False
2831,40137,20250925,40,2,7,1,2102.14,Warranty,False
2832,8320,20230215,1898,85,8,2,844.38,Warranty,False
2833,724,20230626,1336,108,9,1,707.8,Wrong size,False
2834,40073,20240517,1669,78,1,3,570.72,Wrong size,False
2835,30908,20221010,1029,85,12,1,399.93,Warranty,True
2836,51711,20240804,52,75,2,3,882.2,Warranty,True
2837,21882,20250823,1690,49,10,1,87.83,Late delivery,True
2838,30722,20250425,1817,66,3,1,94.19,Warranty,True
2839,15283,20231226,480,84,6,2,442.7,Wrong size,True
2840,33789,20241203,1814,76,4,1,218.63,Late delivery,True
2841,10478,20250421,1744,56,8,1,188.87,Warranty,True
2842,40393,20240109,1973,31,10,1,89.93,Damaged,True
2843,14305,20230521,1929,18,4,1,95.76,Damaged,True
2844,12482,20240608,1012,14,12,1,88.92,Late delivery,False
2845,3745,20251106,251,51,3,3,770.97,Late delivery,True
2846,44975,20251011,1632,68,1,1,156.31,Wrong size,False
2847,37799,20241215,1288,88,1,1,127.62,Changed mind,False
2848,58331,20241211,1767,51,4,1,242.85,Wrong size,True
2849,3790,20240821,9,32,4,1,25.36,Changed mind,True
2850,47183,20240112,1556,52,9,1,67.54,Damaged,True
2851,26412,20230621,503,53,2,1,197.42,Damaged,True
2852,15852,20231113,1585,65,3,1,51.28,Late delivery,True
2853,55733,20241223,1945,61,1,1,314.61,Damaged,True
2854,49968,20250106,1211,105,12,1,486.1,Changed mind,True
2855,16064,20241122,1500,99,2,1,607.63,Wrong size,True
2856,214,20230111,757,79,5,3,1130.44,Damaged,False
2857,13852,20240528,234,95,4,1,382.8,Damaged,True
2858,15272,20251231,792,101,4,1,658.03,Damaged,True
2859,12912,20241128,1265,6,7,1,1506.78,Warranty,False
2860,38122,20250402,830,27,1,3,230.59,Warranty,False
2861,52464,20240712,948,84,11,3,579.03,Late delivery,False
2862,27455,20250421,683,47,7,3,288.33,Wrong size,True
2863,24635,20230528,1179,4,3,2,6250.64,Warranty,True
2864,39081,20231004,67,82,1,1,681.48,Other,True
2865,14000,20241219,1764,40,11,1,288.56,Warranty,True
2866,27706,20231025,646,3,11,1,2935.3,Other,False
2867,42953,20240817,1973,95,4,1,369.56,Other,True
2868,1157,20220730,1871,7,2,1,1962.34,Wrong size,True
2869,38150,20231122,1847,39,9,2,267.88,Warranty,True
2870,25285,20250216,1307,35,12,2,179.74,Other,True
2871,51778,20220816,126,56,11,4,648.28,Wrong size,True
2872,20834,20241102,1192,1,2,1,883.49,Damaged,True
2873,58935,20240213,419,30,8,1,54.62,Damaged,True
2874,18402,20230719,612,88,7,1,130.14,Other,True
2875,44948,20230423,147,19,10,2,157.24,Warranty,False
2876,51357,20220731,845,71,9,3,1122.27,Warranty,True
2877,41969,20241209,1155,22,5,2,193.44,Other,True
2878,35985,20230414,1748,82,6,2,1307.5,Warranty,True
2879,6406,20250916,1544,87,12,1,149.97,Wrong size,True
2880,56054,20250606,1380,10,3,1,1885.46,Changed mind,True
2881,6611,20231026,1958,69,2,5,1633.65,Damaged,True
2882,42554,20231026,953,64,10,2,313.3,Wrong size,True
2883,16245,20251207,33,103,5,1,604.11,Wrong size,True
2884,816,20250620,190,50,10,2,397.24,Warranty,True
2885,35606,20250123,757,53,3,1,205.34,Wrong size,True
2886,30510,20240413,1627,3,2,1,2450.29,Other,True
2887,16630,20230129,33,83,10,2,1129.68,Damaged,True
2888,17757,20240226,1337,1,12,1,1132.38,Changed mind,False
2889,9323,20250815,1074,81,9,1,323.32,Warranty,True
2890,24051,20231112,979,20,12,1,126.62,Warranty,True
2891,23572,20240824,1122,37,9,3,286.52,Changed mind,True
2892,20240,20250207,1298,105,8,1,468.13,Late delivery,False
2893,55323,20221102,1917,103,9,1,486.36,Wrong size,True
2894,11051,20231212,458,55,6,1,298.17,Late delivery,True
2895,10700,20240617,1233,33,5,2,143.86,Other,True
2896,52557,20250820,1941,45,10,3,467.69,Late delivery,True
2897,18275,20251107,1512,81,10,2,728.58,Damaged,True
2898,44743,20240516,714,67,12,1,163.89,Other,True
2899,39078,20251107,361,73,9,1,308.63,Damaged,False
2900,15163,20240421,985,59,8,1,60.6,Warranty,False
2901,52176,20221017,641,20,9,2,278.24,Damaged,True
2902,9549,20241022,1332,14,7,1,101.76,Damaged,True
2903,15940,20231117,155,51,5,1,234.82,Late delivery,True
2904,53957,20240905,89,103,8,2,1204.84,Other,False
2905,14965,20250311,1216,14,8,3,320.01,Wrong size,True
2906,34322,20240602,71,82,3,1,551.24,Other,True
2907,904,20251231,1499,2,12,1,2122.85,Warranty,True
2908,21768,20240728,392,42,10,4,494.76,Other,True
2909,2695,20240520,1380,40,1,1,305.76,Changed mind,True
2910,57378,20240807,853,46,10,1,208.09,Warranty,False
2911,36060,20230423,1397,86,3,2,519.27,Damaged,True
2912,31288,20240710,228,101,1,1,612.49,Other,True
2913,25255,20250511,1768,56,7,1,173.43,Other,True
2914,5817,20240401,579,68,8,2,295.76,Changed mind,True
2915,46367,20250710,1978,65,3,1,45.12,Changed mind,False
2916,58341,20240110,1557,88,12,1,138.05,Other,True
2917,55779,20241208,1353,77,4,3,292.98,Damaged,True
2918,42930,20250219,802,65,2,2,89.32,Late delivery,True
2919,3934,20220928,983,100,11,1,805.53,Damaged,True
2920,37048,20250401,1098,8,8,1,1645.04,Changed mind,True
2921,35630,20251231,170,92,7,1,549.75,Changed mind,True
2922,8716,20240628,250,78,2,2,352.67,Other,True
2923,39803,20230330,517,55,7,1,358.92,Warranty,True
2924,23980,20240527,1862,32,12,1,23.92,Warranty,False
2925,51323,20221003,1341,79,5,1,398.65,Other,True
2926,4368,20250202,1617,14,4,1,83.73,Late delivery,True
2927,55098,20240117,1264,37,1,2,209.61,Changed mind,True
2928,22037,20250302,1026,8,2,1,2077.78,Changed mind,True
2929,30199,20230614,708,64,6,1,187.08,Wrong size,True
2930,6855,20251231,1293,4,9,1,2472.27,Late delivery,True
2931,22186,20240418,1294,101,5,2,1287.09,Other,False
2932,49937,20231123,553,46,11,4,979.36,Late delivery,True
2933,21456,20221001,1727,18,10,1,104.22,Other,True
2934,30846,20240422,1085,19,2,3,255.81,Wrong size,True
2935,4225,20230807,1407,98,7,1,206.69,Late delivery,True
2936,57194,20251202,1452,86,5,2,542.94,Warranty,False
2937,16548,20230917,1203,40,7,1,314.42,Changed mind,True
2938,5802,20240722,17,37,3,1,110.04,Other,True
2939,33623,20251030,781,94,12,1,423.29,Wrong size,True
2940,15558,20250820,1943,85,2,1,362.24,Warranty,False
2941,12314,20231016,198,40,10,3,838.54,Damaged,True
2942,43982,20250922,1692,104,12,1,475.76,Damaged,True
2943,6960,20230223,1908,56,10,5,752.26,Damaged,False
2944,43204,20240514,1236,55,9,1,321.61,Other,True
2945,58347,20250706,1354,74,4,1,211.27,Changed mind,True
2946,13317,20231231,98,28,11,1,40.4,Wrong size,True
2947,46546,20221029,1962,24,12,1,37.97,Warranty,True
2948,35246,20240322,954,96,7,1,687.18,Late delivery,True
2949,21316,20221225,1607,71,6,1,307.65,Late delivery,False
2950,41696,20231030,236,95,1,1,342.41,Warranty,True
2951,9415,20231213,1762,32,9,1,28.19,Wrong size,True
2952,5123,20250905,118,83,9,4,2010.31,Warranty,False
2953,38939,20250325,1946,11,10,1,4023.95,Warranty,True
2954,59054,20250416,449,101,5,1,587.36,Late delivery,False
2955,28458,20250202,1312,99,5,1,662.78,Changed mind,True
2956,48061,20251231,526,99,8,2,1310.66,Changed mind,True
2957,20042,20240916,178,24,9,1,37.5,Damaged,True
2958,46223,20230213,441,103,1,6,3399.66,Other,True
2959,15197,20230205,1694,64,11,1,191.72,Wrong size,False
2960,42901,20220707,1779,65,6,2,99.6,Wrong size,True
2961,3072,20250215,298,79,11,2,798.62,Changed mind,False
2962,33015,20221224,1494,1,12,1,1072.9,Changed mind,False
2963,38291,20240721,1437,90,2,1,653.95,Damaged,True
2964,56575,20230407,617,100,3,1,811.46,Warranty,True
2965,59358,20250924,409,6,6,1,1363.35,Damaged,True
2966,43543,20231103,715,59,12,1,53.3,Changed mind,True
2967,8065,20240801,381,90,3,1,665.21,Changed mind,True
2968,56175,20240124,766,84,3,2,389.12,Changed mind,False
2969,12173,20230815,572,15,5,1,20.05,Warranty,True
2970,40600,20250129,493,51,1,1,254.21,Changed mind,True
2971,34498,20240218,659,83,11,1,556.13,Warranty,True
2972,8520,20240903,1826,63,3,1,252.88,Other,True
2973,30365,20240713,1123,76,10,1,253.12,Damaged,True
2974,37692,20240728,1348,88,3,2,281.94,Changed mind,True
2975,21279,20251231,1420,7,7,1,1978.07,Warranty,False
2976,24706,20250809,1878,104,7,1,510.43,Late delivery,True
2977,5871,20241203,1791,80,3,1,185.34,Other,True
2978,32767,20240325,345,39,3,3,370.3,Other,True
2979,39492,20240921,830,100,5,1,787.41,Late delivery,False
2980,14776,20250206,1006,77,5,2,202.86,Changed mind,True
2981,45736,20250109,101,49,10,1,77.9,Wrong size,False
2982,33456,20240901,1205,50,5,1,213.01,Wrong size,True
2983,41535,20230415,435,24,10,1,40.36,Late delivery,False
2984,30720,20250422,1817,89,3,1,56.02,Wrong size,True
2985,27824,20240806,47,107,12,2,1152.74,Damaged,True
2986,54988,20251207,1765,38,1,2,432.68,Other,True
2987,10841,20241004,1951,91,10,1,465.13,Late delivery,True
2988,56602,20240610,76,103,7,2,1248.66,Wrong size,False
2989,10239,20250819,244,74,4,2,432.3,Changed mind,True
2990,32426,20241016,1947,83,6,2,924.97,Warranty,False
2991,55937,20240709,1051,10,12,1,1982.94,Late delivery,False
2992,45688,20231009,927,106,7,1,770.01,Other,True
2993,12617,20241121,1382,33,1,1,77.81,Changed mind,True
2994,52936,20240615,340,42,6,1,120.51,Wrong size,True
2995,5395,20240221,1801,93,3,1,203.82,Damaged,True
2996,57186,20251231,352,14,3,1,91.47,Wrong size,False
2997,48105,20251231,184,30,11,1,56.82,Late delivery,False
2998,53108,20251017,74,96,12,2,1184.02,Damaged,True
2999,929,20251231,1793,101,5,1,528.94,Other,False
3000,1742,20240306,984,4,8,1,2739.88,Changed mind,True
3001,43078,20250516,124,64,3,1,185.51,Changed mind,False
3002,22710,20240105,1662,84,2,1,221.62,Other,True
3003,28420,20240815,304,82,8,1,695.03,Other,True
3004,39626,20250201,1006,104,9,1,517.11,Other,False
3005,50320,20230517,222,59,5,1,59.15,Wrong size,True
3006,34686,20240821,392,69,10,2,589.42,Wrong size,True
3007,50431,20240327,1154,55,3,1,330.28,Other,False
3008,7890,20251216,1206,103,11,1,580.78,Warranty,True
3009,28820,20240122,256,46,7,1,214.64,Wrong size,True
3010,26631,20241124,33,6,8,2,2904.8,Warranty,True
3011,20557,20240618,1042,88,9,1,153.72,Warranty,True
3012,2158,20230506,452,56,9,1,184.31,Wrong size,True
3013,9589,20250527,1351,32,9,1,25.03,Damaged,True
3014,56239,20251006,140,66,3,7,696.57,Damaged,False
3015,35582,20230614,1731,57,12,1,300.09,Changed mind,True
3016,59224,20250715,1063,93,6,1,185.81,Late delivery,True
3017,58366,20230407,136,30,3,1,62.03,Other,True
3018,45909,20220610,1022,88,2,1,134.09,Wrong size,True
3019,36886,20250503,290,62,3,2,276.64,Wrong size,False
3020,22962,20251003,794,44,10,1,296.17,Wrong size,True
3021,46549,20230719,1576,85,8,1,427.96,Other,True
3022,25093,20251221,1760,78,9,2,354.87,Wrong size,False
3023,57258,20241015,326,69,2,1,375.61,Warranty,False
3024,32344,20240917,406,84,8,2,350.93,Warranty,False
3025,18960,20240627,241,61,5,1,300.46,Wrong size,True
3026,19565,20250517,263,33,6,2,167.9,Damaged,True
3027,28462,20220430,1713,86,9,1,260.01,Other,True
3028,58557,20250905,294,44,2,3,844.28,Changed mind,True
3029,23952,20250826,236,62,10,1,166.03,Warranty,True
3030,1886,20250609,794,83,11,9,5068.98,Changed mind,True
3031,16948,20250225,1753,58,5,1,382.48,Other,False
3032,42376,20240814,1459,90,3,3,1658.6,Damaged,True
3033,43521,20230430,1081,49,6,1,81.64,Damaged,True
3034,10694,20250315,1227,93,4,4,758.67,Late delivery,False
3035,47417,20240409,56,83,7,6,3263.33,Damaged,False
3036,1072,20250625,519,18,6,1,86.66,Late delivery,True
3037,4522,20250811,382,17,4,1,83.82,Late delivery,True
3038,17976,20250612,419,45,2,2,334.42,Late delivery,True
3039,16332,20231001,1922,22,5,2,181.04,Wrong size,False
3040,24965,20251005,1147,22,6,2,208.8,Late delivery,True
3041,47320,20250221,653,34,9,1,60.77,Wrong size,False
3042,17495,20250116,177,18,5,1,102.61,Late delivery,True
3043,31524,20240102,370,73,6,5,1494.7,Changed mind,False
3044,49960,20250314,844,50,6,1,204.61,Warranty,True
3045,19561,20250201,294,63,12,1,255.59,Late delivery,True
3046,14783,20240527,5,30,7,1,52.36,Late delivery,True
3047,31469,20231122,1088,65,11,1,47.63,Damaged,True
3048,43137,20240921,1121,103,8,1,578.62,Damaged,True
3049,4619,20240610,1254,5,9,1,3392.48,Warranty,True
3050,43549,20250704,1893,57,12,1,281.17,Changed mind,True
3051,5180,20241002,1019,56,6,1,181.85,Late delivery,False
3052,38989,20230918,359,93,1,1,199.62,Damaged,True
3053,48840,20250805,1658,98,4,1,191.33,Warranty,False
3054,56075,20240212,507,35,7,1,87.19,Other,True
3055,818,20230303,1081,40,11,2,589.33,Changed mind,True
3056,43417,20240116,1546,35,10,2,147.52,Other,True
3057,49348,20221109,1530,84,1,2,442.88,Other,True
3058,51001,20240316,765,49,1,1,86.2,Warranty,True
3059,8094,20250601,994,68,4,1,153.34,Late delivery,True
3060,20590,20230610,92,71,9,2,634.54,Damaged,True
3061,45137,20220429,1051,79,8,1,381.37,Warranty,False
3062,40075,20240402,1669,19,1,1,83.59,Warranty,False
3063,36004,20250929,1076,49,10,3,260.91,Changed mind,True
3064,32478,20240605,914,27,1,2,157.64,Other,True
3065,57835,20241025,799,30,6,1,50.91,Damaged,True
3066,51017,20241129,668,92,8,2,1057.26,Warranty,True
3067,22735,20240221,1286,21,4,1,68.73,Wrong size,True
3068,50937,20231016,463,15,4,1,18.05,Other,True
3069,46099,20250821,525,78,8,4,739.84,Late delivery,True
3070,37378,20250813,737,10,4,1,1799.96,Other,False
3071,14748,20241104,349,30,2,1,64.09,Damaged,True
3072,9587,20250606,1351,20,9,1,125.98,Late delivery,False
3073,25064,20250609,1188,85,3,1,365.75,Other,True
3074,39845,20240830,1483,59,11,7,413.14,Damaged,True
3075,57572,20250205,1326,4,6,1,2830.78,Changed mind,True
3076,35471,20241106,316,41,6,1,305.1,Other,True
3077,27725,20230904,88,34,12,3,176.81,Wrong size,False
3078,53394,20241018,611,106,6,1,755.69,Damaged,True
3079,17660,20221213,24,1,2,1,996.93,Damaged,False
3080,42767,20230419,504,6,11,1,1277.98,Changed mind,False
3081,17809,20230429,764,83,9,1,468.56,Late delivery,True
3082,49766,20250322,1464,28,3,1,37.91,Damaged,False
3083,47964,20220611,1354,46,5,2,409.72,Warranty,True
3084,11901,20240914,1498,60,4,1,499.69,Wrong size,False
3085,37012,20240419,1432,4,3,1,2899.31,Warranty,True
3086,36841,20221027,584,85,6,2,901.96,Damaged,False
3087,32782,20250717,324,6,4,1,1533.3,Wrong size,True
3088,59038,20240806,1482,7,7,1,2319.27,Other,True
3089,41936,20240523,1055,33,11,2,153.12,Other,False
3090,41386,20250810,906,51,1,2,448.16,Wrong size,True
3091,14821,20230503,1526,40,9,1,308.65,Warranty,True
3092,50605,20230111,143,48,1,1,172.65,Damaged,True
3093,9835,20240125,1789,104,2,2,1121.48,Warranty,True
3094,8207,20231213,986,87,10,1,160.04,Wrong size,True
3095,36896,20230526,633,71,4,1,348.31,Damaged,True
3096,22166,20250109,16,15,8,1,20.28,Damaged,True
3097,11722,20250511,1320,48,12,2,362.64,Damaged,True
3098,23436,20241223,1949,106,2,1,816.66,Damaged,True
3099,57634,20240817,32,15,5,1,19.42,Changed mind,True
3100,55682,20241206,1351,9,8,1,1050.92,Other,True
3101,3774,20221208,1964,49,12,1,84.58,Warranty,True
3102,16672,20240626,102,70,7,1,198.04,Changed mind,True
3103,58197,20241126,1031,96,6,3,2049.28,Changed mind,True
3104,39456,20220919,1468,35,2,3,277.89,Other,False
3105,53078,20240604,1341,72,2,4,1138.04,Wrong size,False
3106,47205,20231030,552,8,11,1,2114.16,Wrong size,True
3107,55992,20251009,758,88,7,1,141.78,Wrong size,True
3108,17878,20251202,1973,99,1,1,633.05,Other,True
3109,36805,20250506,1234,71,8,1,356.14,Other,False
3110,5544,20250409,1720,26,12,2,27.44,Damaged,True
3111,37253,20240114,1728,55,5,1,321.39,Wrong size,True
3112,32732,20221022,1748,83,12,1,541.19,Warranty,True
3113,37295,20230226,1359,107,1,1,566.4,Warranty,False
3114,56997,20240419,1705,45,3,2,265.17,Other,True
3115,37910,20230921,822,43,7,1,156.66,Changed mind,True
3116,11066,20250504,1570,78,3,4,795.96,Other,False
3117,18846,20241123,1417,12,2,1,4167.37,Changed mind,True
3118,35685,20250727,1752,66,9,1,95.55,Changed mind,True
3119,44817,20240912,1912,67,5,2,368.56,Other,True
3120,35463,20250427,246,90,6,2,1366.02,Changed mind,True
3121,58374,20250912,433,9,12,1,1084.9,Other,True
3122,54162,20240620,593,91,11,1,489.07,Changed mind,True
3123,50596,20250917,1212,19,3,1,79.16,Other,False
3124,30819,20251231,1904,107,1,1,561.87,Warranty,False
3125,56245,20230829,913,67,8,1,180.59,Wrong size,True
3126,26728,20250919,789,80,5,1,179.02,Wrong size,False
3127,834,20250111,1108,79,8,1,389.1,Wrong size,True
3128,30373,20240427,579,68,2,1,161.94,Changed mind,False
3129,2982,20230911,1125,48,10,1,197.45,Late delivery,True
3130,12662,20221223,1544,98,9,2,384.82,Warranty,True
3131,31370,20240409,520,96,10,2,1243.34,Changed mind,False
3132,13770,20220908,1460,104,3,1,570.05,Changed mind,True
3133,49566,20250122,665,11,10,1,4586.13,Damaged,False
3134,3734,20230325,745,22,3,1,109.38,Late delivery,True
3135,42231,20231129,1649,16,8,1,108.7,Damaged,True
3136,27598,20230623,1736,39,5,5,585.31,Other,True
3137,55828,20230109,1883,104,1,7,3739.68,Wrong size,False
3138,48644,20240129,526,32,9,1,25.52,Other,False
3139,40679,20240929,1111,77,8,1,82.62,Damaged,True
3140,16360,20250603,254,27,6,3,216.42,Damaged,True
3141,18968,20250506,1681,60,5,1,505.09,Late delivery,True
3142,23932,20240715,1215,106,7,1,864.91,Changed mind,True
3143,10371,20220803,1031,98,11,4,852.04,Wrong size,True
3144,3792,20220927,1966,19,4,1,71.13,Damaged,False
3145,17314,20251015,1267,46,9,1,223.06,Warranty,True
3146,543,20250504,1778,43,4,1,139.61,Wrong size,True
3147,54495,20250525,351,92,1,2,984.55,Warranty,False
3148,3972,20240709,1346,102,11,3,475.05,Damaged,True
3149,58995,20250905,1369,82,9,2,1289.02,Late delivery,True
3150,8782,20240315,1364,36,7,1,213.52,Damaged,False
3151,58397,20241125,1908,98,1,1,194.84,Warranty,True
3152,30419,20231015,1885,71,11,1,314.46,Wrong size,False
3153,24779,20250702,1274,26,3,1,13.13,Wrong size,True
3154,41817,20251114,947,17,6,1,75.0,Damaged,True
3155,34943,20240403,1074,108,9,1,650.37,Changed mind,False
3156,4164,20241017,1882,26,8,1,13.99,Changed mind,True
3157,45365,20230321,1897,48,6,3,489.45,Changed mind,True
3158,40923,20251206,1226,67,5,1,167.89,Late delivery,False
3159,30959,20250729,9,37,12,1,110.23,Changed mind,True
3160,18006,20251028,1311,93,8,2,418.22,Warranty,True
3161,42248,20251231,1708,18,5,1,95.45,Other,True
3162,42564,20250111,48,37,2,1,96.04,Damaged,True
3163,40112,20250324,857,62,8,1,147.32,Warranty,False
3164,40386,20231113,165,4,10,1,2858.07,Damaged,False
3165,13902,20240130,1270,7,7,1,2480.58,Wrong size,False
3166,53133,20250814,774,55,5,1,330.37,Damaged,True
3167,19759,20251231,103,11,9,1,4148.44,Warranty,True
3168,42799,20231224,1993,1,1,1,1271.68,Changed mind,True
3169,10528,20230928,205,7,3,1,2297.56,Late delivery,False
3170,27713,20230912,951,37,1,2,215.13,Warranty,True
3171,58188,20240329,545,89,2,1,55.39,Changed mind,False
3172,31297,20241203,286,82,2,1,648.62,Other,True
3173,19910,20250204,920,64,9,1,175.78,Damaged,True
3174,17800,20230731,1157,88,10,2,284.8,Late delivery,False
3175,29132,20230618,1966,77,11,1,96.27,Late delivery,True
3176,29295,20240722,102,45,12,1,147.1,Other,True
3177,58286,20230818,1747,94,9,1,379.81,Other,True
3178,54929,20240423,135,29,11,1,141.04,Late delivery,True
3179,6380,20240415,1078,77,4,2,177.7,Damaged,True
3180,36543,20250630,1461,23,11,1,58.26,Other,True
3181,7957,20231012,1566,46,10,1,225.23,Changed mind,True
3182,10665,20250131,516,101,4,1,584.35,Warranty,True
3183,43475,20240424,534,62,12,10,1574.0,Damaged,False
3184,1570,20250210,1196,99,6,1,652.73,Warranty,True
3185,57579,20221225,272,21,5,2,140.52,Other,False
3186,18898,20250227,1649,94,6,4,1729.24,Late delivery,True
3187,14911,20221013,919,28,6,1,36.12,Warranty,True
3188,57677,20230813,1654,96,6,2,1348.7,Damaged,False
3189,5988,20250307,34,89,12,1,64.39,Damaged,True
3190,56868,20251205,1991,13,12,2,29.18,Late delivery,False
3191,5421,20230307,1760,65,5,1,48.78,Wrong size,True
3192,7534,20240215,1435,77,4,1,95.18,Wrong size,True
3193,16232,20250715,1232,32,6,1,28.26,Other,True
3194,26181,20240224,1697,92,7,1,571.38,Damaged,False
3195,801,20221227,422,76,3,1,243.33,Late delivery,True
3196,40560,20231229,866,92,9,1,560.04,Changed mind,False
3197,45871,20230228,801,108,6,2,1213.12,Other,True
3198,40691,20240505,960,33,6,2,165.58,Warranty,True
3199,43846,20240723,744,18,4,2,185.64,Other,True
3200,46408,20250112,1178,9,9,1,1022.4,Changed mind,True
3201,7133,20221214,467,48,4,2,366.46,Wrong size,True
3202,47137,20230706,816,87,12,2,332.65,Wrong size,True
3203,49537,20231024,396,96,12,1,589.42,Late delivery,False
3204,7711,20250116,1580,19,7,1,66.08,Warranty,False
3205,42760,20241213,609,6,12,1,1435.5,Warranty,True
3206,41880,20220404,31,103,9,2,1216.78,Damaged,True
3207,34932,20241006,1770,23,8,1,66.82,Damaged,True
3208,25217,20231014,539,81,7,1,342.57,Late delivery,True
3209,59165,20250427,1952,107,5,2,1219.18,Other,False
3210,17896,20250407,1792,31,1,1,88.98,Wrong size,True
3211,20243,20251213,1399,92,5,1,530.07,Wrong size,False
3212,2994,20241127,396,64,8,1,181.56,Wrong size,True
3213,28953,20250910,989,100,4,2,1496.32,Wrong size,True
3214,14542,20250130,1710,17,10,1,90.75,Late delivery,True
3215,45536,20240915,1866,84,10,3,589.8,Warranty,False
3216,36721,20250405,192,15,9,2,38.93,Late delivery,True
3217,26322,20250316,1531,73,10,3,988.77,Other,True
3218,22232,20250414,1243,39,9,1,135.05,Late delivery,False
3219,1478,20251231,572,97,9,1,737.21,Damaged,True
3220,32526,20241003,209,11,11,2,8102.76,Changed mind,True
3221,1204,20240129,1648,8,7,1,2151.18,Damaged,False
3222,41716,20231228,750,64,12,5,935.42,Warranty,True
3223,4821,20251231,534,6,7,1,1335.22,Damaged,True
3224,51037,20240114,199,104,12,2,1038.48,Other,True
3225,12122,20230829,33,46,8,2,385.34,Changed mind,False
3226,45227,20250912,105,28,6,1,43.92,Warranty,True
3227,11833,20241007,1153,20,6,1,152.35,Damaged,True
3228,40878,20231130,1757,72,2,1,278.98,Warranty,True
3229,52600,20240511,1366,61,1,1,301.53,Late delivery,True
3230,15909,20241213,429,53,6,2,369.58,Late delivery,True
3231,33556,20250629,11,56,5,2,372.08,Late delivery,True
3232,2648,20220512,1503,89,2,1,57.93,Wrong size,False
3233,19659,20250216,1633,55,10,1,301.02,Warranty,True
3234,27474,20240331,69,71,3,1,364.84,Late delivery,True
3235,42174,20240810,142,97,8,1,686.26,Warranty,True
3236,40835,20231012,572,107,3,1,586.44,Late delivery,True
3237,45410,20230715,551,22,8,4,385.48,Changed mind,False
3238,38883,20231124,1102,56,1,1,182.4,Other,True
3239,33227,20231209,139,19,9,1,81.82,Late delivery,True
3240,44547,20250222,1982,38,6,1,200.66,Other,True
3241,45331,20251231,1657,70,5,1,197.19,Warranty,True
3242,18974,20251007,1569,87,6,4,613.4,Other,False
3243,57131,20250505,1560,61,6,1,258.19,Changed mind,True
3244,11623,20250218,1225,76,4,2,494.34,Changed mind,True
3245,48259,20250519,1253,99,8,1,572.09,Late delivery,True
3246,10185,20250720,144,87,5,1,174.42,Warranty,True
3247,33635,20241016,414,36,6,2,379.36,Warranty,True
3248,320,20221116,173,55,6,2,627.67,Damaged,True
3249,2310,20220930,404,71,1,1,350.89,Warranty,True
3250,3793,20231121,1286,53,1,2,330.53,Late delivery,True
3251,3017,20240501,1110,59,7,1,56.68,Wrong size,True
3252,44358,20240714,636,66,5,1,104.02,Late delivery,True
3253,15956,20250217,1609,37,8,1,113.94,Damaged,True
3254,16915,20251123,1245,4,12,1,2817.57,Damaged,True
3255,32939,20241021,649,39,8,1,100.15,Other,True
3256,43188,20241021,921,75,6,6,1921.41,Other,False
3257,58416,20251119,498,75,9,2,659.9,Wrong size,True
3258,35992,20250417,187,102,5,1,146.25,Wrong size,False
3259,38,20231214,592,51,8,1,247.15,Late delivery,True
3260,6165,20240129,1140,10,1,1,1816.91,Wrong size,False
3261,13998,20250108,1764,108,11,1,616.1,Damaged,False
3262,56137,20240712,1423,14,8,1,91.31,Wrong size,False
3263,410,20240913,863,101,1,1,654.97,Other,False
3264,34474,20250720,290,62,1,2,344.18,Changed mind,True
3265,54752,20230323,1388,7,2,1,2463.49,Other,False
3266,15225,20250303,1373,61,4,1,317.15,Late delivery,True
3267,12118,20241219,1706,88,4,1,119.85,Late delivery,True
3268,53609,20240531,973,80,5,1,181.53,Late delivery,True
3269,20401,20241001,331,33,6,2,164.68,Wrong size,True
3270,25279,20230102,205,89,1,1,65.16,Warranty,False
3271,4265,20240412,1888,64,11,1,198.61,Late delivery,False
3272,28424,20221107,1051,88,5,1,146.89,Damaged,True
3273,56276,20251230,683,32,8,1,28.25,Wrong size,True
3274,8939,20250704,75,53,2,1,180.35,Changed mind,False
3275,29938,20241103,1136,87,8,1,139.24,Warranty,True
3276,4863,20251104,974,19,9,2,151.56,Wrong size,True
3277,24850,20221206,241,22,6,1,108.53,Warranty,False
3278,51419,20240112,211,60,3,3,1424.09,Late delivery,True
3279,40710,20240616,207,99,1,2,1111.17,Warranty,True
3280,36025,20231024,748,60,11,1,460.91,Changed mind,False
3281,40509,20240710,1688,52,8,1,63.76,Damaged,False
3282,48258,20240930,1507,103,3,1,573.68,Wrong size,True
3283,31857,20231020,1832,76,4,2,478.2,Other,False
3284,18110,20240817,936,33,5,1,83.7,Other,True
3285,49199,20241119,1284,83,1,2,995.92,Damaged,True
3286,39728,20250407,1281,89,7,1,56.22,Warranty,False
3287,7823,20250305,1162,55,1,1,311.02,Wrong size,True
3288,55530,20250429,410,60,3,1,558.77,Wrong size,True
3289,19329,20251206,960,45,5,1,176.62,Late delivery,True
3290,39431,20240808,1395,83,9,1,517.07,Late delivery,True
3291,36879,20251231,192,106,2,5,3952.19,Wrong size,True
3292,9756,20240908,1678,79,12,1,339.72,Wrong size,True
3293,32072,20250405,1342,49,12,1,76.96,Wrong size,True
3294,6266,20250116,563,100,7,1,940.89,Damaged,True
3295,20823,20250329,1840,84,6,4,822.4,Other,False
3296,12249,20251014,1690,20,1,2,293.74,Damaged,True
3297,44196,20240420,1318,108,7,1,673.05,Damaged,True
3298,367,20230429,618,103,8,1,559.31,Warranty,False
3299,19597,20240612,365,33,6,1,74.15,Warranty,True
3300,59059,20230323,1432,76,5,5,1215.71,Damaged,True
3301,7155,20240918,407,79,1,1,420.29,Wrong size,False
3302,28235,20241215,583,62,6,1,169.0,Late delivery,True
3303,41283,20240804,1752,8,5,2,4424.38,Other,False
3304,10942,20230928,390,22,10,1,109.5,Warranty,False
3305,9472,20240421,562,89,9,1,61.81,Late delivery,True
3306,31517,20230821,436,36,11,1,209.27,Changed mind,False
3307,44232,20231205,177,77,12,1,84.66,Other,True
3308,7327,20250628,192,62,8,2,320.96,Late delivery,True
3309,36116,20250707,206,9,10,1,1091.4,Warranty,False
3310,55827,20221206,1883,30,1,5,307.3,Late delivery,False
3311,43046,20251016,1510,70,6,1,177.94,Wrong size,True
3312,19227,20251007,1622,18,6,2,199.48,Late delivery,False
3313,8661,20250213,4,34,5,3,170.25,Wrong size,True
3314,26121,20240715,637,27,4,2,142.71,Damaged,True
3315,32808,20250507,27,69,4,1,327.96,Late delivery,False
3316,22548,20250324,241,27,4,1,76.43,Warranty,True
3317,3761,20240820,1920,95,2,1,415.6,Other,True
3318,21287,20240216,959,32,7,1,28.62,Other,False
3319,9221,20250724,33,102,3,1,150.0,Other,True
3320,30414,20250707,1881,66,6,2,189.31,Damaged,True
3321,34008,20240318,43,34,12,1,62.08,Other,False
3322,18526,20230418,1767,85,7,1,453.3,Warranty,True
3323,34499,20230527,531,64,8,1,196.85,Late delivery,True
3324,51339,20250515,669,37,9,1,112.93,Other,True
3325,42676,20241201,598,58,4,2,768.2,Late delivery,True
3326,38248,20231029,247,20,8,2,305.74,Other,False
3327,46967,20250418,1157,68,6,1,160.16,Late delivery,True
3328,44764,20231222,1788,86,5,2,552.84,Warranty,True
3329,47167,20241010,84,31,4,2,186.77,Changed mind,True
3330,43915,20250225,418,68,7,2,292.42,Other,True
3331,47933,20250914,182,41,5,1,279.06,Wrong size,False
3332,10372,20220710,1031,85,11,4,1764.62,Late delivery,True
3333,11969,20230607,1254,107,3,1,610.28,Other,False
3334,55470,20250923,1329,53,11,1,208.03,Warranty,True
3335,37291,20240312,1611,65,11,2,92.92,Damaged,True
3336,456,20250906,349,39,10,1,135.33,Other,False
3337,11654,20251014,259,72,5,2,522.1,Late delivery,True
3338,20701,20250226,1523,84,5,1,207.04,Late delivery,True
3339,9138,20251210,211,79,7,1,365.24,Other,True
3340,58040,20241027,952,90,11,1,647.14,Late delivery,True
3341,40276,20250123,1619,29,5,1,146.37,Other,True
3342,32677,20230505,896,96,11,2,1159.56,Damaged,True
3343,8548,20240301,1899,22,3,1,105.89,Other,True
3344,23950,20250828,236,101,10,1,586.76,Wrong size,False
3345,35675,20231008,1773,28,3,1,40.83,Damaged,True
3346,30782,20240717,1177,42,8,1,139.63,Other,False
3347,53883,20251216,1414,28,3,1,37.66,Late delivery,True
3348,25398,20251231,1015,62,3,1,164.7,Wrong size,False
3349,46210,20240912,1987,15,7,1,20.62,Late delivery,True
3350,32706,20250217,725,32,4,3,73.71,Late delivery,True
3351,25768,20240329,1338,65,1,1,48.95,Warranty,True
3352,15900,20230611,612,7,3,1,2478.17,Wrong size,True
3353,9194,20230510,1582,107,12,1,597.58,Damaged,True
3354,741,20251001,258,53,3,1,196.64,Other,False
3355,51395,20240802,546,18,1,1,90.02,Damaged,True
3356,57331,20250101,720,92,6,1,574.97,Other,False
3357,10236,20230122,45,86,2,1,257.41,Late delivery,True
3358,11542,20221205,536,88,9,2,288.68,Damaged,False
3359,41881,20230813,304,26,7,1,13.74,Changed mind,True
3360,16164,20250813,1958,23,10,2,136.2,Wrong size,True
3361,57307,20250521,773,52,2,1,57.49,Changed mind,False
3362,45758,20241224,1706,21,5,1,83.4,Wrong size,False
3363,17928,20240402,1446,93,5,2,314.29,Wrong size,True
3364,9464,20231204,1757,84,12,1,196.09,Changed mind,True
3365,56493,20230619,1675,96,2,1,627.06,Late delivery,True
3366,48059,20251231,526,84,8,5,1009.09,Warranty,True
3367,54207,20250510,426,11,9,1,4082.14,Damaged,True
3368,12357,20230122,1929,107,8,3,1451.33,Changed mind,True
3369,6581,20250525,1852,68,7,5,725.94,Other,True
3370,10279,20250509,1077,23,4,1,71.71,Other,True
3371,28591,20240203,1617,99,7,3,1823.61,Warranty,False
3372,913,20240602,529,79,3,1,419.87,Late delivery,True
3373,39244,20230810,1902,59,12,4,248.56,Other,False
3374,41107,20230301,1324,40,12,1,305.53,Warranty,False
3375,49555,20250504,213,71,5,1,345.21,Wrong size,False
3376,7421,20250504,647,92,2,3,1553.99,Changed mind,True
3377,24768,20250916,1075,84,8,1,193.97,Damaged,False
3378,18326,20250901,848,72,6,1,286.35,Warranty,True
3379,48852,20240108,1508,104,12,3,1275.74,Late delivery,True
3380,5289,20230418,650,83,7,4,2006.97,Late delivery,True
3381,35878,20250523,544,100,8,2,1827.74,Other,True
3382,6602,20250322,672,12,1,1,3832.66,Damaged,True
3383,31186,20240724,520,68,12,2,298.46,Changed mind,True
3384,11890,20240219,297,67,11,1,182.64,Warranty,True
3385,50337,20251202,393,88,9,4,533.66,Late delivery,False
3386,9287,20230807,50,101,9,4,2627.6,Wrong size,True
3387,8105,20231211,181,100,9,1,728.41,Late delivery,True
3388,52347,20250704,1939,33,7,1,85.54,Damaged,True
3389,16016,20230527,8,21,9,1,81.53,Warranty,True
3390,40695,20251003,7,39,2,1,132.29,Late delivery,False
3391,36046,20231103,1625,1,4,2,2383.26,Late delivery,True
3392,50005,20240510,34,2,1,1,1999.39,Damaged,True
3393,41772,20230725,1974,60,3,1,491.89,Other,True
3394,2022,20231230,261,54,8,1,93.5,Other,True
3395,708,20220606,1473,43,4,1,149.83,Wrong size,True
3396,42630,20240328,641,46,8,1,226.13,Late delivery,False
3397,22541,20251210,1719,91,11,1,483.53,Damaged,True
3398,16295,20240220,1580,24,7,2,70.02,Other,True
3399,45569,20240906,918,65,9,1,49.55,Warranty,True
3400,9378,20220624,347,15,10,1,20.01,Other,True
3401,37407,20251231,1756,5,8,1,3503.33,Changed mind,True
3402,45984,20251231,1711,17,11,1,79.25,Warranty,True
3403,57733,20240329,133,9,12,1,1033.02,Changed mind,True
3404,13154,20241201,1894,38,8,1,238.3,Damaged,True
3405,3083,20250416,1530,17,5,1,79.33,Other,True
3406,56946,20230520,1136,47,6,1,106.62,Changed mind,True
3407,9593,20230329,1575,1,6,1,1076.95,Changed mind,True
3408,19494,20241122,116,20,9,1,140.27,Late delivery,False
3409,53572,20240822,1875,78,6,2,283.38,Damaged,False
3410,54739,20250119,1219,19,3,1,59.88,Late delivery,True
3411,52015,20240916,1627,52,3,1,61.92,Late delivery,True
3412,24090,20221118,696,19,5,5,404.18,Late delivery,True
3413,58742,20230624,74,21,5,1,82.29,Changed mind,True
3414,33524,20240728,3,85,6,1,332.06,Other,True
3415,47508,20250216,1190,95,1,4,1433.44,Damaged,False
3416,35771,20230503,1780,48,3,1,189.05,Other,True
3417,49588,20230617,1091,81,2,5,1735.65,Late delivery,True
3418,30535,20230509,816,52,11,3,202.65,Damaged,True
3419,40450,20240414,1012,108,3,1,612.58,Damaged,True
3420,46731,20250823,403,101,1,4,2310.92,Other,True
3421,30961,20250902,9,31,12,3,278.61,Warranty,True
3422,10012,20250807,131,73,2,1,289.31,Late delivery,True
3423,41475,20250214,838,24,7,2,70.18,Wrong size,True
3424,39965,20240412,731,70,9,3,619.26,Damaged,True
3425,21086,20251127,807,81,8,2,645.06,Warranty,False
3426,38485,20240802,1004,76,9,1,235.55,Damaged,True
3427,27334,20251017,69,39,6,2,250.52,Damaged,True
3428,44494,20250503,298,9,1,1,991.41,Damaged,True
3429,47641,20230605,1905,83,10,1,538.64,Other,True
3430,44774,20250330,1869,45,2,1,146.7,Wrong size,False
3431,53629,20241012,1517,103,7,1,521.46,Wrong size,False
3432,22268,20250627,1946,82,10,1,596.44,Warranty,True
3433,20867,20250525,203,48,3,1,158.53,Changed mind,True
3434,23530,20240715,239,59,9,1,56.0,Late delivery,True
3435,46626,20240528,1002,71,4,1,321.49,Wrong size,True
3436,16414,20230127,1389,7,3,1,2470.67,Other,True
3437,8260,20250129,1737,64,8,1,193.66,Late delivery,True
3438,4386,20231013,853,46,5,1,231.51,Other,True
3439,56855,20230814,1623,15,8,3,60.06,Other,True
3440,26146,20241215,1033,56,6,1,162.52,Changed mind,True
3441,34449,20250124,913,26,6,3,41.18,Other,True
3442,57546,20250320,1194,76,2,4,948.2,Late delivery,True
3443,38381,20230705,578,30,12,1,60.59,Damaged,False
3444,23625,20240317,1128,43,8,1,148.21,Damaged,True
3445,7130,20241225,1861,18,10,1,90.98,Late delivery,True
3446,55176,20250607,851,64,11,2,315.03,Other,False
3447,38824,20240524,437,83,3,1,443.39,Changed mind,True
3448,25922,20250122,943,66,7,1,87.94,Wrong size,True
3449,49959,20250108,112,45,3,1,158.87,Warranty,True
3450,21085,20240312,1094,77,5,1,92.17,Changed mind,False
3451,49917,20230824,781,79,7,1,417.86,Damaged,False
3452,41069,20251231,1867,83,12,3,1700.82,Changed mind,True
3453,5655,20241217,1736,63,2,3,794.28,Wrong size,False
3454,18527,20230312,1767,49,7,1,88.07,Changed mind,True
3455,9390,20250706,1337,62,4,1,132.58,Damaged,False
3456,14263,20250310,978,71,11,1,317.83,Warranty,True
3457,8283,20231126,448,77,5,3,265.33,Damaged,False
3458,45487,20251112,1787,95,7,4,1461.15,Late delivery,False
3459,29757,20250117,1609,28,10,1,39.69,Changed mind,True
3460,2837,20240521,919,33,11,2,168.36,Wrong size,True
3461,20411,20251227,109,69,8,4,1263.61,Late delivery,True
3462,17739,20240209,1261,89,6,2,110.85,Late delivery,True
3463,40390,20240908,1400,59,7,1,47.52,Late delivery,True
3464,44492,20250508,298,98,1,1,214.62,Damaged,False
3465,54370,20230703,1433,100,4,1,902.49,Wrong size,True
3466,32176,20250309,714,102,6,1,166.99,Damaged,False
3467,35022,20251215,620,85,4,1,435.55,Wrong size,True
3468,46375,20250413,1538,14,8,1,91.95,Changed mind,True
3469,25010,20251008,877,20,12,2,287.5,Late delivery,False
3470,19426,20250327,241,102,9,5,734.5,Damaged,False
3471,41600,20241212,523,18,6,1,92.04,Damaged,True
3472,17228,20241006,669,42,12,1,131.74,Other,True
3473,27279,20241102,619,1,11,1,1216.63,Warranty,True
3474,44934,20230912,897,108,5,2,1374.12,Wrong size,False
3475,52370,20250117,712,41,6,2,428.06,Warranty,True
3476,29432,20251021,1985,49,5,4,341.64,Wrong size,True
3477,47060,20250107,602,49,12,2,172.39,Changed mind,True
3478,28533,20240625,688,92,12,2,1064.56,Late delivery,True
3479,15176,20230316,1119,22,11,1,100.04,Other,True
3480,17910,20230521,153,87,5,2,324.17,Wrong size,True
3481,27657,20230510,502,21,9,1,87.02,Wrong size,True
3482,29743,20251010,736,44,4,1,252.37,Late delivery,True
3483,36221,20230829,1791,43,9,3,487.41,Other,True
3484,22881,20230820,1725,20,1,1,140.96,Other,False
3485,58184,20241012,863,82,10,2,1270.16,Wrong size,True
3486,58075,20230202,932,89,1,1,64.47,Wrong size,True
3487,31263,20250111,661,23,4,1,62.58,Damaged,True
3488,24103,20241211,1502,97,10,1,681.77,Wrong size,True
3489,47532,20221124,852,56,12,1,172.13,Other,False
3490,34325,20230227,1001,104,4,1,564.3,Warranty,True
3491,27557,20251231,1886,92,2,1,572.42,Other,False
3492,6769,20240210,933,79,9,2,747.86,Other,False
3493,29787,20250326,882,45,3,1,165.65,Wrong size,True
3494,5120,20250816,118,90,9,1,609.94,Changed mind,True
3495,3398,20221114,1776,55,10,1,362.15,Other,False
3496,11473,20250324,652,4,3,1,2962.27,Damaged,True
3497,10309,20250927,1506,47,3,1,116.5,Wrong size,True
3498,45854,20230713,1778,102,9,1,157.86,Other,False
3499,10472,20230719,539,24,8,4,154.12,Damaged,True
3500,6063,20221213,349,77,2,4,358.19,Changed mind,True
3501,52897,20230318,1816,21,3,2,187.36,Damaged,False
3502,32429,20240106,291,60,6,1,538.81,Other,True
3503,10815,20240718,1573,2,5,1,2037.06,Damaged,True
3504,4076,20240331,803,19,12,2,147.82,Changed mind,True
3505,37194,20240723,1061,97,11,1,721.32,Wrong size,True
3506,25533,20250101,1481,93,12,1,200.51,Other,True
3507,23745,20250718,1558,20,4,1,150.16,Warranty,True
3508,20685,20231106,1837,27,3,2,140.61,Changed mind,True
3509,4264,20251231,1445,61,7,1,318.41,Changed mind,True
3510,17280,20250211,615,15,4,1,22.53,Wrong size,True
3511,55016,20240410,1542,35,3,2,178.52,Warranty,True
3512,8969,20231204,664,31,6,3,281.22,Other,True
3513,53122,20250314,265,53,10,1,181.64,Warranty,True
3514,1110,20250918,1678,74,11,1,218.46,Damaged,True
3515,8575,20231007,1134,48,5,1,163.49,Damaged,True
3516,5834,20251231,254,84,4,1,193.47,Wrong size,False
3517,22187,20240511,1294,98,5,3,632.22,Wrong size,True
3518,28958,20240108,1520,13,12,1,12.93,Other,False
3519,53932,20250828,1542,69,11,2,733.66,Wrong size,True
3520,34751,20241208,1244,106,9,2,1688.02,Wrong size,True
3521,45556,20250319,1969,6,1,1,1485.62,Wrong size,True
3522,7254,20221104,618,69,4,1,333.22,Late delivery,True
3523,46971,20240806,1414,85,2,2,881.98,Changed mind,True
3524,43073,20240427,1703,45,10,1,172.48,Changed mind,False
3525,7947,20251231,1485,103,11,1,480.12,Other,True
3526,26391,20240831,195,91,9,1,556.74,Damaged,True
3527,33887,20220618,746,22,4,2,224.14,Damaged,True
3528,16006,20251231,1506,47,3,2,231.58,Warranty,True
3529,40384,20230315,1857,108,1,2,1228.66,Wrong size,False
3530,52836,20250203,1398,9,1,1,1057.67,Warranty,True
3531,28070,20250917,459,41,5,1,292.76,Changed mind,True
3532,17871,20250206,716,92,8,1,545.71,Other,True
3533,2727,20231215,876,15,4,3,51.13,Warranty,True
3534,45958,20220906,191,24,7,1,42.6,Warranty,True
3535,10318,20250721,1394,104,7,2,1089.12,Changed mind,True
3536,9692,20231016,771,51,9,1,254.88,Wrong size,True
3537,29770,20230513,1872,71,2,1,341.91,Late delivery,True
3538,18954,20240907,1800,24,2,2,80.24,Late delivery,True
3539,28811,20241130,284,92,1,2,1138.88,Wrong size,False
3540,33531,20240408,1331,1,6,1,1107.67,Warranty,True
3541,54112,20240711,7,69,12,5,1809.2,Damaged,False
3542,4962,20241011,1335,59,12,1,56.89,Late delivery,True
3543,8122,20250403,476,83,6,1,579.72,Wrong size,True
3544,3476,20250111,449,77,7,2,175.51,Warranty,True
3545,25808,20240130,823,46,1,1,217.06,Wrong size,True
3546,35623,20250614,366,80,9,1,185.21,Changed mind,False
3547,50916,20230309,693,19,4,1,82.13,Damaged,True
3548,43700,20240417,669,72,7,3,847.08,Changed mind,True
3549,50761,20240716,464,100,5,1,904.77,Other,True
3550,19558,20240926,718,87,1,1,131.26,Warranty,True
3551,39815,20230313,1452,26,8,2,27.97,Other,True
3552,33754,20220923,665,98,5,2,338.69,Late delivery,False
3553,38669,20250227,403,7,12,2,4710.18,Damaged,True
3554,23568,20240114,854,95,7,4,1351.65,Other,True
3555,10605,20250718,1091,96,10,1,620.94,Warranty,True
3556,35186,20241013,1351,10,10,1,1866.07,Wrong size,True
3557,26839,20231118,121,54,9,2,241.98,Other,False
3558,35512,20241025,661,36,11,1,211.68,Damaged,True
3559,56536,20250412,1729,36,2,4,823.84,Changed mind,False
3560,6708,20250127,1440,24,5,1,37.84,Changed mind,True
3561,48829,20231125,1474,60,7,1,571.4,Other,False
3562,47653,20241006,1913,8,9,1,2006.13,Changed mind,False
3563,8197,20240128,1869,36,2,2,441.72,Damaged,True
3564,49761,20250511,1792,48,1,1,158.58,Warranty,True
3565,21172,20240317,1642,64,2,1,192.52,Wrong size,True
3566,743,20220927,1070,19,1,3,211.41,Late delivery,True
3567,42822,20231125,1767,66,8,3,282.36,Warranty,False
3568,52203,20240822,328,14,7,1,84.95,Late delivery,False
3569,25175,20251231,529,31,3,1,100.42,Late delivery,True
3570,37492,20240214,152,6,6,1,1522.54,Other,True
3571,11221,20240427,98,5,3,1,3585.92,Late delivery,True
3572,47341,20240530,386,75,5,4,1357.48,Warranty,True
3573,33378,20250415,1674,43,4,1,145.17,Warranty,False
3574,40647,20240604,1370,36,1,1,190.85,Late delivery,False
3575,34679,20240529,563,59,3,1,54.52,Wrong size,True
3576,36808,20240406,130,2,11,1,1993.28,Damaged,True
3577,59863,20240323,1457,97,11,8,4868.67,Wrong size,True
3578,23798,20231219,1695,103,5,3,1805.34,Other,True
3579,18719,20250906,965,92,5,1,575.13,Other,True
3580,37214,20250411,355,32,10,2,56.84,Other,False
3581,17737,20240120,1261,56,6,8,1511.04,Wrong size,True
3582,36579,20240531,43,81,12,1,311.91,Damaged,True
3583,40229,20251215,1389,75,7,2,612.67,Changed mind,True
3584,33772,20250713,712,37,12,2,203.5,Late delivery,True
3585,7020,20251231,185,32,8,1,28.67,Late delivery,True
3586,38917,20240301,377,108,9,3,1682.62,Warranty,False
3587,28214,20221130,711,108,12,2,1290.76,Changed mind,True
3588,2572,20240128,54,68,4,1,134.76,Other,True
3589,43158,20250925,1109,62,2,2,242.11,Changed mind,True
3590,9314,20230609,93,63,1,1,249.51,Changed mind,True
3591,32613,20250110,312,37,1,2,199.9,Warranty,True
3592,46889,20240708,349,102,11,1,125.69,Damaged,True
3593,45945,20230926,572,92,5,2,1104.57,Changed mind,False
3594,47078,20240819,1948,18,4,1,88.5,Wrong size,True
3595,28974,20241223,1426,3,11,1,2838.36,Other,True
3596,54624,20240603,1407,75,1,2,646.42,Late delivery,True
3597,32409,20220909,85,64,12,1,165.64,Wrong size,True
3598,47882,20240715,1915,23,5,1,64.82,Other,True
3599,28158,20241003,84,21,11,1,90.2,Other,True
3600,15685,20251104,235,14,3,4,425.95,Other,True
3601,53889,20241105,1973,19,6,1,78.88,Changed mind,True
3602,18419,20250501,183,1,4,1,1120.34,Wrong size,True
3603,53094,20230803,455,10,5,1,1790.89,Damaged,False
3604,49709,20250718,455,35,2,2,171.76,Other,True
3605,26224,20250415,678,103,11,2,969.52,Wrong size,True
3606,22331,20220731,848,85,10,1,402.06,Late delivery,True
3607,14844,20250925,1364,38,9,1,251.26,Warranty,True
3608,27196,20250920,1450,97,5,1,720.15,Changed mind,True
3609,18142,20240116,492,20,11,1,133.46,Changed mind,True
3610,18174,20230127,1218,98,10,1,210.46,Other,True
3611,18982,20230615,640,101,3,1,596.52,Late delivery,False
3612,53093,20230830,455,40,5,1,291.67,Damaged,True
3613,31245,20230925,1724,28,7,1,39.6,Warranty,False
3614,12378,20250329,1224,30,8,3,180.06,Wrong size,True
3615,58966,20220714,744,86,10,1,275.82,Wrong size,True
3616,19668,20240425,924,42,11,1,123.65,Wrong size,True
3617,29107,20230616,221,18,9,1,102.84,Damaged,True
3618,37713,20251021,230,13,10,2,25.7,Late delivery,False
3619,21717,20231220,1802,103,11,1,589.06,Damaged,True
3620,17319,20240818,1152,79,6,1,377.01,Warranty,True
3621,52952,20241029,17,43,10,1,153.33,Late delivery,False
3622,8978,20240731,1805,89,11,2,115.76,Wrong size,False
3623,13915,20251130,1202,26,1,2,30.66,Warranty,True
3624,24874,20230624,925,30,4,4,225.8,Late delivery,True
3625,6575,20231223,422,19,1,1,80.07,Damaged,True
3626,51700,20241015,703,4,9,1,2837.88,Warranty,False
3627,41709,20251231,1138,98,7,1,199.65,Other,True
3628,51551,20250416,946,93,3,2,355.76,Warranty,False
3629,14340,20230712,138,15,6,1,19.86,Wrong size,False
3630,15647,20240510,6,29,2,2,294.72,Changed mind,True
3631,21179,20241109,1394,51,1,1,249.0,Warranty,True
3632,1053,20250226,404,98,8,1,209.1,Warranty,True
3633,16495,20240713,124,101,2,2,1164.88,Wrong size,True
3634,32840,20250215,216,99,4,3,1984.65,Damaged,True
3635,57788,20230321,1177,10,1,1,1953.2,Damaged,True
3636,29571,20250519,1462,41,6,3,858.11,Changed mind,True
3637,8278,20230307,1008,100,9,1,971.85,Late delivery,False
3638,27066,20240420,1824,23,7,2,123.79,Damaged,False
3639,36431,20240409,1176,23,1,2,120.96,Late delivery,False
3640,40652,20220922,1560,71,5,1,298.21,Damaged,False
3641,28674,20240119,1331,94,12,1,435.24,Other,False
3642,26917,20230511,663,28,6,2,85.7,Warranty,True
3643,45161,20241219,1809,69,4,3,1060.17,Warranty,True
3644,27286,20240612,951,2,9,1,2167.26,Wrong size,False
3645,49376,20241124,1248,52,7,1,56.71,Wrong size,True
3646,7754,20230515,1369,108,1,1,593.76,Changed mind,True
3647,50840,20241209,777,96,6,1,701.83,Wrong size,True
3648,27363,20230211,127,53,1,1,200.2,Other,False
3649,53492,20241125,515,50,10,1,177.83,Warranty,False
3650,10275,20221018,1390,85,11,1,335.08,Warranty,False
3651,54604,20251126,1939,7,3,1,1946.05,Wrong size,False
3652,34865,20250324,344,6,5,1,1347.87,Damaged,False
3653,58395,20250609,853,77,10,1,95.78,Late delivery,True
3654,422,20231001,349,18,9,2,188.12,Other,True
3655,41016,20230226,1758,67,6,3,532.05,Wrong size,True
3656,46681,20231222,1965,54,12,3,315.44,Damaged,True
3657,25945,20240827,1332,53,8,4,749.63,Changed mind,False
3658,51036,20240116,199,96,12,5,3256.84,Changed mind,True
3659,2080,20240920,1799,80,2,2,370.98,Other,False
3660,38691,20250521,1941,96,6,1,666.23,Late delivery,True
3661,13890,20251024,1274,100,9,1,790.45,Damaged,True
3662,22583,20250725,995,1,7,1,995.28,Wrong size,True
3663,50727,20240802,191,108,6,3,1757.82,Warranty,True
3664,38209,20250925,1005,2,7,1,1712.49,Warranty,False
3665,22406,20230218,1030,98,2,1,187.76,Damaged,True
3666,18177,20230502,1952,77,6,1,96.39,Changed mind,False
3667,13557,20230131,12,84,5,2,400.9,Other,False
3668,52598,20251107,1652,62,10,2,277.0,Changed mind,False
3669,17002,20250816,329,54,10,1,102.85,Changed mind,True
3670,52258,20250202,82,49,12,2,165.39,Late delivery,True
3671,12031,20240427,689,77,8,7,609.94,Warranty,True
3672,32381,20250401,1764,40,1,1,294.1,Warranty,True
3673,48315,20251101,1669,88,7,1,142.35,Late delivery,True
3674,33904,20250507,1110,105,10,1,532.39,Late delivery,False
3675,13584,20230512,1443,47,12,4,426.0,Changed mind,False
3676,45607,20250527,635,91,6,2,950.25,Changed mind,True
3677,48426,20230428,1828,39,6,1,120.64,Changed mind,True
3678,31979,20250825,214,28,3,3,110.58,Damaged,False
3679,55056,20241129,1787,72,8,3,797.36,Other,True
3680,56782,20240327,1072,59,5,1,54.57,Warranty,False
3681,28540,20250919,1022,14,12,1,106.84,Late delivery,True
3682,36021,20251231,1338,80,7,2,333.24,Other,False
3683,16721,20240922,502,98,2,3,630.54,Damaged,False
3684,59515,20230128,288,59,5,1,49.33,Late delivery,True
3685,29231,20221103,945,43,4,2,269.28,Wrong size,True
3686,53961,20250107,1057,100,8,1,733.28,Late delivery,True
3687,5995,20230131,919,86,1,1,301.44,Damaged,True
3688,35001,20250515,1733,53,12,4,773.96,Changed mind,True
3689,32849,20240405,117,3,2,1,2688.31,Wrong size,True
3690,39112,20240813,411,38,7,2,504.5,Changed mind,True
3691,11649,20240308,885,100,2,1,882.86,Other,True
3692,9889,20250627,615,72,2,3,884.41,Changed mind,True
3693,42003,20230624,314,22,11,1,111.86,Wrong size,True
3694,21260,20250406,773,32,12,1,25.02,Other,True
3695,58345,20250621,1354,14,4,2,190.56,Changed mind,True
3696,26594,20240905,597,81,1,1,352.1,Other,True
3697,23586,20221112,1853,6,11,1,1469.06,Late delivery,True
3698,35274,20240422,978,93,11,1,194.67,Late delivery,False
3699,2598,20240220,1048,38,7,5,957.7,Changed mind,True
3700,57117,20251231,594,53,12,3,552.6,Damaged,False
3701,13061,20251021,484,107,5,2,1026.85,Wrong size,True
3702,22605,20241020,1960,107,3,1,626.01,Changed mind,True
3703,1071,20250720,519,6,6,1,1578.94,Changed mind,True
3704,24820,20251231,1896,77,5,1,98.53,Damaged,True
3705,29729,20241006,1357,90,10,3,1803.21,Damaged,True
3706,12784,20231028,1307,108,4,1,700.76,Other,False
3707,58805,20241210,1154,40,9,1,298.99,Damaged,False
3708,8472,20250803,402,75,2,1,329.15,Other,False
3709,8711,20250824,1361,55,4,3,871.05,Other,True
3710,31156,20221001,446,16,3,5,443.53,Late delivery,True
3711,36101,20240303,1529,61,4,2,650.88,Wrong size,True
3712,32307,20240307,568,16,6,1,110.01,Other,True
3713,39888,20230715,1184,48,1,2,391.2,Other,True
3714,18140,20231019,848,94,11,1,425.96,Warranty,True
3715,4575,20250731,1152,29,6,1,136.6,Wrong size,True
3716,53068,20230611,701,90,6,2,1270.24,Damaged,True
3717,55542,20250718,839,66,12,2,212.0,Wrong size,True
3718,54333,20241115,1745,14,10,1,103.99,Other,True
3719,25422,20251127,751,70,5,3,543.41,Changed mind,False
3720,29077,20251014,149,54,9,1,110.59,Warranty,True
3721,380,20250630,910,49,1,3,238.53,Changed mind,False
3722,51282,20240208,347,76,10,1,235.01,Damaged,False
3723,49374,20230704,1348,11,11,1,4144.21,Wrong size,True
3724,30668,20250515,1770,67,11,1,165.78,Damaged,True
3725,11141,20230605,265,107,2,1,519.62,Late delivery,True
3726,22682,20251231,249,106,7,1,711.5,Late delivery,True
3727,22137,20240324,181,28,4,2,76.4,Wrong size,True
3728,11238,20231129,166,59,7,1,62.07,Late delivery,True
3729,53146,20250120,1258,59,10,3,185.34,Wrong size,True
3730,57705,20230905,1952,19,6,1,80.83,Wrong size,True
3731,5158,20241217,1489,54,7,1,107.35,Damaged,True
3732,47109,20230705,268,45,11,2,344.8,Changed mind,True
3733,55400,20230113,1364,48,7,2,313.4,Damaged,False
3734,51599,20241113,157,43,11,2,304.0,Wrong size,False
3735,50682,20250811,1795,108,2,1,645.31,Late delivery,True
3736,6251,20230826,74,47,2,1,112.9,Damaged,False
3737,15723,20250226,146,84,11,2,386.4,Late delivery,True
3738,2009,20250814,461,95,4,6,2142.02,Other,True
3739,14961,20251030,1799,29,2,1,123.28,Damaged,True
3740,58595,20251231,133,17,7,2,152.49,Damaged,True
3741,1137,20240807,452,73,3,1,322.92,Warranty,True
3742,54751,20230422,1388,43,2,1,138.91,Other,True
3743,31872,20241015,623,79,6,3,1101.09,Changed mind,True
3744,20652,20240306,259,50,10,1,200.47,Other,False
3745,9268,20231115,879,45,5,1,156.71,Other,True
3746,22859,20241108,182,39,10,1,124.19,Late delivery,True
3747,21985,20240902,1820,14,7,1,108.79,Damaged,True
3748,58233,20240823,1386,103,4,2,1187.96,Wrong size,True
3749,20062,20230614,1368,96,7,1,670.41,Wrong size,True
3750,27204,20251203,1995,93,9,2,399.5,Wrong size,False
3751,39931,20240902,934,91,2,1,499.67,Changed mind,True
3752,26799,20230410,953,96,3,1,705.85,Late delivery,False
3753,23772,20231119,1915,9,3,2,2335.54,Wrong size,True
3754,41092,20250118,1631,44,12,1,274.06,Changed mind,False
3755,49415,20250630,498,21,2,2,168.7,Other,False
3756,1450,20230921,1521,47,7,2,211.44,Changed mind,False
3757,36763,20250110,767,25,1,2,235.17,Damaged,False
3758,36111,20250807,1346,22,4,1,115.28,Late delivery,True
3759,33501,20231229,1859,89,8,1,63.74,Changed mind,True
3760,42969,20241201,791,21,5,1,84.41,Other,True
3761,34603,20250404,1237,38,5,2,451.99,Other,False
3762,42806,20230102,375,84,2,1,165.36,Changed mind,True
3763,14983,20240806,1017,107,1,1,609.39,Warranty,True
3764,34967,20220723,1074,86,11,1,238.78,Late delivery,False
3765,39873,20250201,1923,57,1,1,315.16,Late delivery,True
3766,30768,20220611,1490,88,6,1,136.36,Damaged,True
3767,58240,20240506,598,13,6,2,25.09,Damaged,True
3768,37665,20221208,990,64,11,2,398.11,Late delivery,True
3769,21581,20250927,1366,86,1,2,546.71,Late delivery,True
3770,27051,20250729,1851,89,10,3,171.54,Damaged,False
3771,6562,20221126,1952,18,7,2,158.29,Changed mind,False
3772,5987,20250304,34,29,12,1,144.67,Changed mind,True
3773,55881,20240324,85,70,9,4,709.84,Changed mind,True
3774,19896,20230121,1546,86,2,2,482.2,Late delivery,True
3775,37114,20241023,1102,19,1,1,71.57,Other,True
3776,31266,20240604,447,41,7,1,280.53,Warranty,True
3777,6080,20240724,998,43,4,1,147.75,Wrong size,True
3778,47426,20250914,440,98,6,1,175.7,Late delivery,True
3779,37623,20240817,1418,36,1,1,213.09,Damaged,True
3780,19840,20231217,611,35,1,6,442.12,Changed mind,True
3781,21704,20240325,736,45,3,1,177.05,Damaged,True
3782,39274,20241118,1493,59,2,2,118.36,Other,False
3783,42619,20230504,351,96,11,1,662.9,Warranty,True
3784,11751,20220725,1479,79,12,2,778.28,Other,False
3785,55206,20230628,13,40,11,1,335.28,Warranty,True
3786,31680,20230422,350,52,6,1,62.43,Warranty,True
3787,28077,20250608,1634,62,7,1,171.85,Late delivery,False
3788,8294,20250316,903,3,5,1,2768.4,Damaged,True
3789,48466,20250515,433,77,8,1,84.27,Wrong size,True
3790,23682,20230531,843,16,9,2,208.46,Damaged,True
3791,36241,20250129,1519,20,3,1,138.43,Late delivery,True
3792,19629,20251002,1628,51,1,1,240.36,Other,False
3793,44611,20230810,1332,83,9,1,521.45,Wrong size,True
3794,31277,20250701,280,75,7,1,332.94,Other,True
3795,34827,20251117,1758,5,10,1,3062.09,Other,False
3796,51796,20231030,237,59,8,2,114.6,Late delivery,True
3797,31101,20231205,1116,6,5,1,1475.52,Other,True
3798,13324,20250516,562,32,12,2,51.34,Changed mind,False
3799,21486,20221015,293,16,5,1,99.62,Warranty,True
3800,40770,20240504,555,33,1,2,166.96,Other,True
3801,16101,20250626,1313,29,1,5,669.11,Changed mind,True
3802,51331,20251103,1688,24,4,3,127.77,Changed mind,False
3803,42825,20251028,178,99,3,1,635.36,Damaged,True
3804,8359,20240706,456,105,2,1,536.29,Wrong size,False
3805,11329,20240814,1369,73,4,1,297.74,Warranty,True
3806,54850,20250607,11,22,9,1,103.77,Damaged,True
3807,49503,20251001,27,97,6,1,766.87,Changed mind,False
3808,32792,20240506,1016,30,5,2,114.38,Warranty,False
3809,33168,20251108,1745,98,1,1,186.69,Late delivery,True
3810,16337,20240923,1811,30,7,1,57.1,Other,True
3811,25055,20250119,1956,26,8,5,72.1,Late delivery,False
3812,42996,20250627,285,23,1,1,69.14,Damaged,False
3813,33779,20251116,1869,15,2,2,35.98,Other,True
3814,10830,20241225,1229,37,1,1,90.3,Damaged,True
3815,4770,20230109,1274,79,4,1,399.18,Changed mind,True
3816,39839,20251231,1164,7,5,1,2263.81,Changed mind,False
3817,12430,20240426,1689,76,12,3,614.09,Wrong size,True
3818,11188,20230123,29,19,10,1,69.82,Changed mind,True
3819,9774,20240713,1747,72,12,3,839.04,Wrong size,True
3820,47985,20250530,1084,32,9,1,22.52,Other,True
3821,22492,20240923,237,101,2,2,1170.41,Other,True
3822,14338,20230724,138,103,6,1,572.51,Changed mind,False
3823,26569,20250309,1156,29,5,1,133.07,Warranty,True
3824,8835,20231208,1176,106,11,1,853.48,Other,True
3825,17881,20251213,1973,69,1,1,277.03,Late delivery,True
3826,8042,20230827,1757,84,4,1,204.97,Damaged,True
3827,4977,20251102,834,53,9,2,362.16,Changed mind,False
3828,52458,20231204,171,24,3,1,39.64,Warranty,False
3829,5023,20230110,1745,46,5,1,207.78,Changed mind,True
3830,29034,20240310,1598,73,3,3,791.3,Late delivery,True
3831,52696,20250512,1468,20,2,2,283.1,Damaged,True
3832,49037,20230927,1377,19,1,2,157.87,Other,True
3833,39169,20221027,719,43,7,6,913.56,Changed mind,True
3834,19535,20250724,1375,26,7,1,13.5,Late delivery,True
3835,45797,20230419,213,98,3,2,350.72,Late delivery,True
3836,26516,20240726,295,77,11,1,77.6,Other,True
3837,34144,20240419,1972,23,1,2,128.74,Wrong size,False
3838,2406,20240513,266,41,2,1,269.29,Wrong size,False
3839,50430,20240216,1154,88,3,1,138.19,Late delivery,True
3840,42017,20240312,1066,48,10,1,151.06,Changed mind,True
3841,55245,20231213,1229,6,6,1,1377.05,Changed mind,True
3842,37569,20250104,1863,37,3,2,213.84,Wrong size,True
3843,1729,20240415,1665,56,11,1,167.19,Damaged,False
3844,39653,20221221,1436,53,2,1,157.7,Other,True
3845,45543,20250512,1952,6,8,1,1430.14,Other,True
3846,45977,20220316,1182,83,1,1,580.92,Wrong size,True
3847,28142,20220708,1137,46,2,1,229.76,Changed mind,True
3848,28555,20240420,1157,100,3,1,821.87,Damaged,True
3849,46944,20250317,1364,83,4,1,516.61,Late delivery,False
3850,13057,20240203,548,14,2,1,101.16,Wrong size,True
3851,38371,20230922,1101,76,3,2,459.26,Other,True
3852,32912,20240912,88,84,3,2,440.28,Changed mind,True
3853,34237,20241226,707,103,11,1,542.25,Late delivery,True
3854,16797,20250824,1928,40,2,1,288.54,Changed mind,False
3855,39836,20251227,1164,56,5,1,169.92,Other,True
3856,23585,20240112,744,19,10,2,151.74,Damaged,True
3857,25171,20250606,381,93,4,1,192.81,Warranty,True
3858,41413,20231017,1976,64,5,1,174.56,Warranty,True
3859,9090,20250103,1862,24,3,1,37.33,Changed mind,True
3860,31069,20250208,1467,25,9,1,122.32,Late delivery,False
3861,10245,20220912,386,89,2,2,104.09,Other,False
3862,30705,20250123,90,71,11,1,321.02,Wrong size,True
3863,39516,20251025,1135,21,11,1,85.95,Wrong size,True
3864,46708,20230324,186,65,8,2,103.12,Other,True
3865,25415,20250618,303,102,7,1,159.29,Other,False
3866,39853,20250630,1198,15,2,6,134.64,Changed mind,False
3867,13246,20240307,1450,55,5,1,321.17,Changed mind,True
3868,8974,20250329,1674,66,2,1,98.4,Late delivery,True
3869,18130,20231120,1176,100,12,2,1637.03,Warranty,False
3870,6040,20230810,670,102,11,1,145.36,Wrong size,True
3871,41717,20231204,750,102,12,5,736.11,Late delivery,True
3872,999,20251129,755,104,7,1,529.48,Damaged,True
3873,5322,20250329,314,55,3,1,313.7,Changed mind,True
3874,1720,20250406,1856,37,9,1,101.39,Damaged,False
3875,1851,20231120,1913,1,6,1,1198.89,Other,False
3876,59087,20220311,293,28,9,1,43.79,Damaged,True
3877,41793,20240302,1773,70,3,2,375.0,Wrong size,True
3878,24911,20231230,518,11,12,1,4623.16,Other,True
3879,42888,20240923,1847,59,8,1,57.85,Wrong size,True
3880,13356,20241020,327,31,2,1,84.36,Warranty,True
3881,32555,20240112,412,57,10,1,326.99,Wrong size,True
3882,49963,20250313,844,94,6,2,846.94,Changed mind,True
3883,25893,20230414,645,82,4,1,562.57,Damaged,True
3884,20089,20251203,50,44,9,1,295.53,Late delivery,True
3885,57553,20230227,157,86,2,1,298.9,Late delivery,True
3886,55471,20250929,1329,17,11,2,156.75,Warranty,True
3887,44089,20251029,348,45,3,1,155.08,Wrong size,True
3888,5137,20231005,686,49,12,1,79.3,Changed mind,False
3889,10717,20250909,1925,77,6,1,85.56,Late delivery,True
3890,33411,20240617,1664,103,7,1,622.78,Warranty,True
3891,31521,20240105,370,8,6,1,2007.25,Late delivery,True
3892,30445,20241105,540,58,8,1,372.68,Warranty,True
3893,23000,20240607,1852,47,6,1,111.4,Damaged,True
3894,28935,20250723,1960,93,10,1,175.45,Warranty,False
3895,17004,20250710,329,51,10,2,436.49,Changed mind,True
3896,53507,20241018,1577,106,5,1,841.75,Wrong size,True
3897,31577,20250714,263,37,1,3,325.21,Changed mind,True
3898,17839,20250909,1055,83,6,2,1045.93,Damaged,True
3899,9830,20240310,1383,38,11,1,237.66,Other,True
3900,4364,20240527,1080,28,7,2,81.0,Other,True
3901,39814,20251121,739,27,8,3,241.8,Other,True
3902,29204,20230817,1652,43,1,2,330.2,Damaged,True
3903,49617,20250828,924,24,8,1,31.9,Changed mind,False
3904,50893,20220923,73,86,9,2,552.18,Damaged,True
3905,16872,20240315,1280,11,1,1,4430.39,Wrong size,True
3906,54094,20240512,198,105,5,1,510.19,Other,True
3907,1023,20220817,1269,56,9,2,386.86,Late delivery,True
3908,4280,20240518,1072,21,12,4,356.72,Wrong size,False
3909,10809,20240526,437,21,3,2,164.24,Other,True
3910,58794,20220908,67,64,5,1,180.65,Changed mind,True
3911,29601,20220405,104,88,10,1,146.32,Wrong size,True
3912,6095,20251231,358,18,4,3,294.09,Damaged,False
3913,57544,20240808,1626,78,5,1,168.52,Changed mind,True
3914,15625,20250401,1490,72,6,4,1256.0,Wrong size,False
3915,6118,20230331,1211,98,1,2,410.34,Changed mind,True
3916,38945,20230828,67,6,4,1,1408.41,Warranty,False
3917,14650,20240714,628,65,11,1,46.88,Warranty,True
3918,51586,20230801,1998,84,7,3,617.16,Late delivery,True
3919,33549,20251231,1517,24,8,1,36.35,Other,False
3920,25916,20240908,1532,13,5,3,42.54,Wrong size,True
3921,35202,20230920,1144,46,4,1,196.77,Other,True
3922,13609,20230617,1620,22,2,1,108.01,Warranty,False
3923,18997,20230410,1639,85,7,3,1127.86,Changed mind,True
3924,5839,20231213,1951,71,7,1,334.77,Changed mind,True
3925,52261,20241210,1129,82,11,3,1864.53,Other,True
3926,1705,20251023,266,11,5,1,4040.53,Changed mind,False
3927,59138,20240709,997,9,2,1,1027.71,Wrong size,True
3928,7477,20230922,1504,53,3,2,416.16,Late delivery,True
3929,2745,20230506,1473,26,12,1,15.39,Wrong size,True
3930,18033,20251003,242,89,1,1,57.59,Changed mind,True
3931,13375,20250202,1305,4,6,1,2565.25,Warranty,True
3932,45650,20241125,764,107,12,2,1231.3,Warranty,True
3933,51091,20241113,1462,8,8,1,2064.81,Damaged,False
3934,56836,20240819,358,69,12,3,833.31,Late delivery,True
3935,34042,20230209,925,59,3,1,55.73,Damaged,False
3936,2545,20240118,745,49,9,2,132.58,Other,False
3937,39588,20241015,1450,81,8,2,676.5,Damaged,True
3938,34951,20240807,1477,40,1,2,620.02,Late delivery,True
3939,51431,20241029,671,96,11,1,673.6,Changed mind,False
3940,14753,20241007,760,22,6,1,92.28,Changed mind,True
3941,55409,20240608,954,14,2,2,201.15,Late delivery,True
3942,55511,20230919,190,21,6,2,168.24,Changed mind,False
3943,35703,20240505,707,24,11,1,39.0,Damaged,True
3944,23657,20250309,1834,37,6,1,102.77,Other,True
3945,11123,20251231,1573,81,8,1,359.83,Warranty,False
3946,42788,20231018,857,55,5,3,920.26,Late delivery,True
3947,10445,20251231,206,33,3,1,79.84,Damaged,True
3948,8981,20251024,214,8,2,1,2264.26,Wrong size,True
3949,19453,20220701,794,89,1,3,147.82,Other,False
3950,40396,20250308,1601,64,6,1,182.14,Late delivery,True
3951,2194,20231104,1643,18,9,2,203.06,Wrong size,False
3952,2130,20251213,1447,67,5,1,180.66,Wrong size,False
3953,44437,20241121,1555,76,9,1,255.77,Changed mind,False
3954,10242,20240423,911,37,1,3,321.39,Late delivery,True
3955,14267,20240422,913,89,11,1,56.98,Changed mind,False
3956,38647,20241228,312,41,6,5,1337.34,Late delivery,True
3957,5426,20240530,1031,75,6,1,287.19,Other,False
3958,59008,20251220,199,34,11,2,120.56,Changed mind,True
3959,28030,20240201,1291,103,11,1,562.81,Damaged,True
3960,11112,20250627,1526,30,1,1,58.22,Wrong size,True
3961,19692,20241111,625,92,7,5,2579.54,Warranty,False
3962,45769,20240713,410,21,8,6,565.02,Late delivery,True
3963,57526,20230124,743,76,9,1,261.3,Wrong size,True
3964,57687,20250816,1659,25,3,1,96.62,Changed mind,False
3965,22642,20240516,1180,105,5,1,539.52,Wrong size,False
3966,44819,20240807,1912,79,5,1,376.24,Late delivery,True
3967,7553,20251121,1874,37,10,1,89.79,Wrong size,True
3968,19332,20240402,1777,14,8,1,90.3,Changed mind,True
3969,20111,20251231,297,3,2,1,3112.64,Changed mind,False
3970,21774,20230712,1804,12,11,1,3923.57,Warranty,True
3971,30379,20240918,1736,103,10,4,2180.44,Wrong size,True
3972,57519,20240924,1536,86,11,6,1698.24,Other,True
3973,40277,20250701,1806,82,3,1,616.91,Late delivery,False
3974,11181,20250104,1185,26,9,1,14.72,Warranty,True
3975,52740,20240601,1420,81,6,1,319.22,Warranty,True
3976,4443,20240222,383,73,12,1,298.3,Wrong size,True
3977,42979,20250917,1277,9,2,2,2162.32,Damaged,True
3978,57063,20220905,593,71,11,1,323.38,Warranty,True
3979,38096,20250130,807,53,7,1,184.33,Late delivery,True
3980,21253,20250610,1817,105,7,1,480.68,Other,True
3981,35530,20251004,1721,88,11,1,134.49,Damaged,True
3982,28032,20240218,1291,86,11,1,283.49,Damaged,True
3983,20396,20230724,1683,55,5,1,312.6,Wrong size,True
3984,51707,20240329,1731,68,2,1,153.43,Warranty,False
3985,20494,20241224,660,34,5,1,56.21,Damaged,False
3986,46198,20230911,1510,87,1,3,453.81,Damaged,True
3987,50933,20240418,51,34,10,1,59.35,Changed mind,True
3988,51426,20241118,214,102,8,1,161.71,Warranty,True
3989,52774,20230809,1051,103,7,3,1672.95,Late delivery,True
3990,9860,20240117,1199,79,3,1,390.94,Changed mind,False
3991,40374,20230621,185,86,7,1,283.71,Changed mind,True
3992,1614,20241220,396,47,4,2,229.48,Changed mind,True
3993,32764,20251210,616,106,9,1,648.64,Changed mind,True
3994,11117,20230527,1790,16,3,2,231.9,Other,True
3995,47065,20250313,1855,20,5,1,132.12,Other,False
3996,2893,20221019,457,88,8,1,126.3,Other,False
3997,20170,20230528,836,108,4,1,553.79,Warranty,False
3998,52459,20230120,1580,79,11,4,1390.75,Warranty,True
3999,25901,20251224,1383,85,6,2,779.76,Late delivery,True
4000,45851,20241122,1655,80,10,1,170.37,Late delivery,True
4001,16714,20240217,1233,94,4,2,897.9,Damaged,True
4002,34408,20240805,517,33,9,4,327.12,Other,False
4003,28950,20240709,1706,42,12,2,271.84,Other,True
4004,2168,20251125,1458,1,3,1,1081.94,Damaged,True
4005,31170,20221219,1225,79,9,1,397.71,Other,False
4006,42330,20240505,1960,20,3,2,279.85,Other,True
4007,58901,20221102,1292,82,3,1,644.44,Other,True
4008,6192,20250212,1019,33,7,1,80.78,Warranty,True
4009,8297,20240209,909,96,4,2,1389.42,Wrong size,True
4010,49462,20240418,172,84,4,1,212.15,Warranty,True
4011,19630,20240410,561,85,9,1,403.85,Changed mind,False
4012,42618,20230424,351,48,11,1,160.63,Late delivery,True
4013,55990,20250730,1819,64,6,1,178.41,Damaged,True
4014,45887,20240604,1113,38,4,2,489.58,Late delivery,True
4015,5377,20251231,925,89,2,2,122.58,Late delivery,True
4016,42184,20230404,1065,87,8,1,167.14,Warranty,True
4017,4905,20251006,472,93,4,1,210.21,Wrong size,True
4018,15750,20231012,979,85,4,2,829.92,Warranty,True
4019,35408,20230519,692,1,2,1,1141.9,Other,True
4020,26928,20241205,1598,60,1,1,525.07,Late delivery,True
4021,12034,20240511,689,11,8,2,6918.11,Changed mind,True
4022,16010,20251219,652,63,5,1,218.59,Late delivery,True
4023,35812,20231121,1644,38,3,1,228.51,Damaged,True
4024,1491,20250521,1926,2,8,1,2070.78,Changed mind,True
4025,51368,20231122,306,54,12,1,85.46,Warranty,False
4026,37470,20250717,383,2,7,1,1804.53,Other,True
4027,20200,20230329,43,49,2,3,230.37,Late delivery,True
4028,35733,20241229,1540,4,12,1,3234.18,Late delivery,False
4029,30098,20240122,528,8,8,1,1995.91,Warranty,True
4030,50064,20240308,1897,3,11,1,2518.52,Warranty,True
4031,34195,20240225,281,105,10,1,437.43,Other,True
4032,33519,20230821,646,6,11,1,1496.93,Other,False
4033,862,20250423,1034,27,8,1,79.64,Changed mind,True
4034,9359,20251224,1238,78,3,2,350.06,Changed mind,True
4035,57203,20240816,1115,78,5,1,178.14,Changed mind,False
4036,11098,20250925,482,32,7,7,193.18,Warranty,True
4037,41352,20240830,604,36,4,1,210.62,Other,True
4038,12890,20240326,929,60,5,1,470.33,Warranty,True
4039,11433,20250920,1563,101,6,1,603.32,Wrong size,False
4040,23612,20230322,1931,7,12,1,2525.57,Late delivery,True
4041,3627,20221229,115,64,7,1,197.24,Warranty,True
4042,33859,20240916,1995,72,7,1,295.93,Changed mind,True
4043,53044,20240506,1250,74,6,1,182.86,Late delivery,False
4044,17366,20240111,122,14,2,1,100.26,Changed mind,True
4045,31015,20250115,1787,50,1,5,958.9,Other,False
4046,11773,20231011,1524,94,2,1,409.25,Wrong size,False
4047,30692,20250719,210,5,8,1,3318.38,Damaged,True
4048,7821,20241007,1315,52,2,1,71.54,Other,False
4049,40136,20250927,40,72,7,2,617.98,Other,True
4050,35637,20240407,744,7,7,1,2556.6,Damaged,True
4051,35351,20250805,1084,68,10,1,140.21,Changed mind,True
4052,46763,20251231,1332,94,2,3,1256.19,Changed mind,False
4053,51490,20240208,1485,65,7,1,48.04,Late delivery,True
4054,3660,20241129,1884,57,3,1,273.42,Late delivery,True
4055,511,20250814,618,105,5,2,1028.26,Warranty,True
4056,35602,20231210,1456,89,10,2,111.38,Wrong size,False
4057,56931,20240708,1022,4,9,1,3141.89,Warranty,False
4058,22165,20250221,16,87,8,1,162.77,Wrong size,False
4059,39489,20251227,176,75,1,1,301.59,Other,False
4060,33161,20230407,1287,28,4,1,36.98,Warranty,True
4061,7206,20240126,1124,83,4,1,463.94,Wrong size,True
4062,48578,20250114,1983,26,6,1,13.16,Damaged,True
4063,23468,20250401,1549,65,10,2,103.56,Other,True
4064,25124,20250118,551,56,4,2,380.38,Other,True
4065,59564,20221108,1853,98,7,1,205.28,Late delivery,False
4066,4928,20250116,1496,81,6,2,652.1,Other,False
4067,39497,20250815,987,37,1,3,301.74,Wrong size,True
4068,14766,20240405,610,52,1,1,61.45,Changed mind,True
4069,16816,20241005,1524,3,9,1,2943.15,Changed mind,True
4070,58835,20231112,618,104,11,2,1110.76,Late delivery,True
4071,13820,20231222,436,72,11,1,288.59,Wrong size,True
4072,59335,20250503,1997,26,8,2,23.68,Wrong size,True
4073,1250,20250128,580,30,4,1,53.59,Warranty,False
4074,50631,20230821,373,26,12,1,15.6,Late delivery,True
4075,48427,20230406,1828,40,6,2,647.32,Wrong size,True
4076,51678,20231128,1928,15,11,1,15.68,Wrong size,True
4077,34829,20251231,1758,5,10,1,3383.16,Damaged,False
4078,57316,20250428,1118,88,4,1,133.97,Other,True
4079,3967,20240918,444,61,6,1,332.97,Changed mind,True
4080,25122,20250221,551,19,4,2,134.79,Warranty,True
4081,8845,20251102,38,51,3,3,702.33,Wrong size,False
4082,42308,20240326,575,76,10,1,217.45,Damaged,True
4083,35231,20231027,523,64,11,1,197.55,Other,True
4084,30159,20240925,1506,15,11,1,18.51,Warranty,True
4085,19734,20250331,258,17,11,1,82.13,Other,True
4086,36577,20240625,43,10,12,1,1579.43,Warranty,False
4087,24145,20240714,327,58,11,1,380.69,Wrong size,True
4088,39372,20251102,542,44,1,1,288.18,Wrong size,True
4089,3780,20220813,9,19,11,1,74.47,Warranty,True
4090,44637,20230214,1590,82,9,8,5215.36,Changed mind,True
4091,6415,20230819,913,39,8,1,119.53,Wrong size,True
4092,100,20250913,1672,32,10,1,24.83,Changed mind,False
4093,23377,20241222,433,34,1,1,62.73,Other,True
4094,16177,20240925,357,5,6,1,3007.98,Late delivery,True
4095,13803,20240512,336,70,6,1,190.21,Damaged,True
4096,13794,20250503,60,14,6,5,490.1,Changed mind,True
4097,44189,20230627,1928,39,4,3,425.4,Late delivery,True
4098,55823,20230901,716,106,2,1,765.12,Wrong size,True
4099,21627,20240503,1131,22,6,1,105.52,Wrong size,True
4100,40815,20250812,1179,89,7,1,55.46,Other,True
4101,50567,20230802,1908,86,4,1,269.28,Late delivery,True
4102,50132,20240906,1588,70,8,1,172.87,Changed mind,True
4103,32572,20240113,1624,81,1,2,694.04,Warranty,True
4104,36952,20251231,490,100,11,1,832.26,Wrong size,True
4105,59869,20231105,1086,19,11,1,64.56,Other,True
4106,54034,20230813,592,52,7,1,59.82,Warranty,True
4107,10645,20240222,451,52,3,4,246.85,Changed mind,True
4108,43893,20251116,1092,17,10,1,69.74,Warranty,True
4109,34613,20230113,233,98,5,8,1634.02,Other,True
4110,36337,20231218,512,66,10,1,106.7,Warranty,True
4111,16379,20240724,1744,94,7,2,919.7,Changed mind,True
4112,29868,20251021,1909,84,3,5,1071.05,Warranty,True
4113,28960,20251216,1090,13,4,1,13.3,Wrong size,True
4114,9140,20231126,1328,84,6,3,568.56,Changed mind,False
4115,6482,20250527,303,97,8,2,1596.3,Other,True
4116,28633,20241007,160,31,4,1,93.97,Changed mind,True
4117,25892,20230930,970,85,6,2,841.62,Late delivery,True
4118,27125,20250131,155,14,10,1,109.1,Changed mind,True
4119,48713,20240304,1855,90,7,1,660.52,Damaged,True
4120,3389,20250304,998,64,1,2,379.08,Changed mind,True
4121,36757,20230304,665,53,10,1,179.67,Wrong size,True
4122,39418,20241229,1249,61,4,4,1147.14,Late delivery,True
4123,45029,20240413,1946,14,9,6,576.5,Changed mind,True
4124,12244,20251025,850,21,5,1,71.26,Late delivery,True
4125,45554,20251205,925,76,9,1,221.2,Other,True
4126,12018,20230626,1045,47,6,3,293.69,Warranty,True
4127,22980,20230103,1298,53,7,1,184.76,Changed mind,True
4128,14068,20240222,573,66,3,1,98.57,Late delivery,False
4129,13884,20250411,1181,4,1,1,2950.82,Wrong size,True
4130,35517,20230702,1797,28,12,1,41.45,Late delivery,False
4131,7441,20250211,1702,89,10,1,58.77,Wrong size,True
4132,48209,20240325,1374,6,5,1,1601.0,Wrong size,True
4133,3586,20230706,909,93,7,5,1001.2,Warranty,True
4134,5625,20250114,183,78,12,2,356.16,Damaged,False
4135,46965,20250515,1157,14,6,1,94.73,Changed mind,True
4136,11183,20241212,1185,94,9,1,460.34,Changed mind,True
4137,32838,20221113,1054,4,4,1,2646.08,Wrong size,True
4138,23075,20250324,89,40,5,2,548.57,Late delivery,True
4139,50771,20250827,1138,94,7,1,397.28,Late delivery,False
4140,12707,20221231,1657,69,8,1,339.32,Other,True
4141,44436,20250102,1555,108,9,2,1301.72,Damaged,False
4142,9084,20241026,1497,22,7,1,112.2,Damaged,True
4143,15505,20241103,1000,30,6,1,55.98,Damaged,True
4144,50456,20251231,9,10,12,1,2054.22,Other,True
4145,3266,20250506,995,61,2,4,1288.08,Changed mind,False
4146,6167,20251231,1074,60,11,1,543.01,Wrong size,False
4147,17629,20250701,1479,36,1,1,209.38,Late delivery,False
4148,17647,20231110,1834,87,6,1,173.34,Warranty,True
4149,59130,20250809,450,1,3,1,1274.1,Changed mind,True
4150,7442,20240325,103,44,5,1,266.6,Damaged,False
4151,9632,20250924,142,100,5,1,848.07,Wrong size,True
4152,27795,20240311,526,14,6,1,91.5,Other,False
4153,43178,20250320,418,15,10,3,60.33,Other,False
4154,21520,20231109,576,18,3,1,103.18,Late delivery,True
4155,40907,20251231,396,6,2,1,1520.71,Changed mind,True
4156,26433,20250514,1683,29,3,2,262.38,Changed mind,True
4157,47616,20241209,1910,81,1,2,754.54,Other,True
4158,23474,20251113,1660,91,6,1,525.28,Wrong size,True
4159,57533,20250331,1530,72,8,1,249.32,Warranty,True
4160,39694,20241208,1124,81,1,1,288.57,Changed mind,True
4161,7539,20240719,597,17,2,1,77.09,Wrong size,True
4162,32714,20250812,1623,89,4,3,196.83,Warranty,False
4163,41214,20240312,1399,81,5,1,365.87,Damaged,True
4164,36447,20250104,1905,41,6,1,289.68,Late delivery,False
4165,22802,20250201,1808,85,5,1,413.73,Other,False
4166,13238,20240626,1053,24,4,1,37.19,Changed mind,True
4167,54328,20230503,769,60,6,1,566.18,Damaged,True
4168,30915,20221105,1993,20,6,1,147.88,Wrong size,True
4169,17390,20240905,458,1,11,1,1231.63,Warranty,True
4170,42155,20230628,1870,11,8,1,4223.3,Wrong size,False
4171,2446,20250925,1544,23,9,1,60.29,Changed mind,False
4172,17389,20241008,458,105,11,1,488.08,Wrong size,False
4173,32780,20250723,324,14,4,4,330.51,Warranty,True
4174,2550,20241116,1775,16,5,2,234.54,Warranty,True
4175,51078,20250705,575,76,6,2,448.55,Other,True
4176,6757,20241005,947,22,9,1,115.53,Damaged,False
4177,3172,20220602,1639,22,4,1,101.6,Damaged,False
4178,56223,20250721,260,81,11,1,339.0,Late delivery,True
4179,19208,20250901,1061,60,6,1,546.52,Late delivery,True
4180,50978,20240607,153,18,6,1,92.16,Warranty,False
4181,16104,20220720,1342,98,5,2,328.32,Damaged,True
4182,5092,20250717,814,65,7,1,53.21,Wrong size,False
4183,36531,20241228,1209,26,11,1,12.2,Damaged,True
4184,2492,20240722,1463,64,12,5,906.71,Other,True
4185,20850,20221124,1190,43,6,1,152.4,Wrong size,False
4186,1877,20250331,53,22,10,2,191.32,Damaged,True
4187,22634,20230720,1153,79,9,1,388.01,Wrong size,True
4188,29073,20251009,149,35,9,2,192.34,Warranty,True
4189,15064,20230730,425,34,4,1,62.06,Late delivery,False
4190,54254,20231127,1100,22,1,3,342.03,Late delivery,False
4191,58937,20250222,503,88,9,1,151.18,Late delivery,True
4192,23219,20250401,628,83,2,2,921.06,Damaged,True
4193,2430,20230911,1547,7,5,1,2248.3,Wrong size,False
4194,56805,20240306,81,40,6,1,284.98,Other,True
4195,17316,20240808,1152,80,6,1,156.1,Warranty,False
4196,22001,20250210,1829,22,7,1,95.72,Warranty,False
4197,20046,20240806,508,64,3,1,195.64,Wrong size,False
4198,47368,20230711,775,107,6,2,1117.38,Late delivery,False
4199,885,20241216,303,44,6,1,249.88,Damaged,True
4200,40532,20231124,741,60,2,3,1493.78,Wrong size,True
