SurveyID,OrderLineID,SurveyDateKey,CustomerKey,StoreKey,SatisfactionScore,NPSGroup,CommentCategory
1,2389,20250314,858,6,6,Detractor,Delivery
2,43626,20241223,1197,10,9,Promoter,Support
3,56420,20251231,1566,10,7,Passive,Website
4,20425,20250410,1572,12,8,Passive,Support
5,11737,20250226,516,5,5,Detractor,Store experience
6,55990,20250819,1819,6,8,Passive,Store experience
7,54134,20250425,1306,9,7,Passive,Product quality
8,58831,20241105,356,6,6,Detractor,Price
9,31092,20231201,1966,12,7,Passive,Website
10,58983,20230108,241,3,8,Passive,Support
11,5559,20230524,1563,9,7,Passive,Price
12,36251,20240330,99,11,8,Passive,Store experience
13,13063,20251123,1471,9,8,Passive,Store experience
14,2733,20231029,1717,6,4,Detractor,Product quality
15,56166,20251225,1517,9,9,Promoter,Support
16,48121,20230705,146,5,8,Passive,Support
17,22285,20250524,195,10,6,Detractor,Delivery
18,15315,20230209,310,12,8,Passive,Website
19,49210,20251231,1081,9,6,Detractor,Support
20,5414,20240525,85,9,6,Detractor,Price
21,47611,20250305,1551,8,8,Passive,Website
22,56750,20231112,1041,5,4,Detractor,Support
23,1945,20230926,1130,12,5,Detractor,Support
24,35659,20231209,421,3,7,Passive,Price
25,22519,20240428,1988,11,9,Promoter,Product quality
26,18231,20250729,1149,6,9,Promoter,Store experience
27,11833,20240916,1153,6,9,Promoter,Website
28,3354,20250315,19,10,10,Promoter,Price
29,19458,20250526,1187,11,5,Detractor,Website
30,2215,20240702,714,8,7,Passive,Website
31,8503,20230712,1570,6,7,Passive,Price
32,26513,20250902,914,11,8,Passive,Delivery
33,50478,20230801,59,10,5,Detractor,Price
34,22720,20250605,405,8,8,Passive,Website
35,55388,20250208,322,3,8,Passive,Support
36,23023,20231009,871,6,6,Detractor,Delivery
37,24090,20221025,696,5,8,Passive,Support
38,48935,20250303,1956,5,6,Detractor,Support
39,24325,20250111,1124,7,7,Passive,Website
40,3000,20251122,1630,8,4,Detractor,Support
41,58470,20240530,245,5,6,Detractor,Price
42,45280,20240923,330,7,6,Detractor,Store experience
43,43048,20250902,1510,6,8,Passive,Product quality
44,49140,20250210,928,6,8,Passive,Price
45,50178,20240115,1676,7,7,Passive,Product quality
46,59271,20250606,774,10,4,Detractor,Product quality
47,16722,20240821,502,2,5,Detractor,Website
48,27661,20250824,1139,1,10,Promoter,Store experience
49,48016,20230503,184,10,5,Detractor,Support
50,43993,20221122,814,7,4,Detractor,Price
51,10292,20241120,666,8,7,Passive,Product quality
52,56990,20240526,1619,8,6,Detractor,Product quality
53,6313,20240223,897,5,6,Detractor,Price
54,27239,20251015,299,10,6,Detractor,Product quality
55,44114,20250427,1522,1,5,Detractor,Website
56,15761,20231218,1159,11,9,Promoter,Store experience
57,34511,20240329,186,3,6,Detractor,Product quality
58,4424,20240618,1203,5,7,Passive,Product quality
59,10459,20240418,1571,4,10,Promoter,Delivery
60,18708,20250722,1501,6,7,Passive,Store experience
61,16061,20250623,1512,11,6,Detractor,Delivery
62,43016,20230803,1868,9,8,Passive,Product quality
63,24157,20240524,1236,11,4,Detractor,Support
64,45340,20230207,995,7,7,Passive,Store experience
65,16646,20250629,443,4,10,Promoter,Product quality
66,41707,20230831,1687,10,5,Detractor,Store experience
67,56261,20240725,962,12,3,Detractor,Store experience
68,26490,20240306,1478,9,6,Detractor,Support
69,30447,20230829,447,1,8,Passive,Product quality
70,53630,20240211,659,10,7,Passive,Store experience
71,39702,20230109,851,12,6,Detractor,Website
72,57159,20251124,417,2,8,Passive,Website
73,10924,20240807,780,2,4,Detractor,Support
74,14424,20250302,128,8,5,Detractor,Delivery
75,22126,20250609,1575,2,6,Detractor,Price
76,25926,20240709,606,9,7,Passive,Delivery
77,25646,20221229,1923,3,6,Detractor,Product quality
78,21809,20240606,121,7,7,Passive,Product quality
79,24637,20251230,1545,2,5,Detractor,Support
80,12733,20251104,771,1,10,Promoter,Product quality
81,43288,20250803,1906,9,6,Detractor,Price
82,6580,20220428,918,9,7,Passive,Product quality
83,38538,20240819,1745,12,6,Detractor,Support
84,5403,20240505,1005,8,6,Detractor,Website
85,43302,20240814,396,6,6,Detractor,Support
86,1309,20240204,1868,11,6,Detractor,Product quality
87,25056,20250109,1956,8,6,Detractor,Store experience
88,42791,20241114,1029,8,10,Promoter,Delivery
89,38402,20251002,985,1,8,Passive,Store experience
90,48326,20231202,1352,11,8,Passive,Store experience
91,51373,20250219,942,1,10,Promoter,Store experience
92,19601,20250110,1424,4,6,Detractor,Website
93,36870,20221015,1122,12,9,Promoter,Price
94,21517,20251205,1388,3,9,Promoter,Support
95,24829,20230904,1256,3,9,Promoter,Website
96,20032,20240728,823,5,8,Passive,Delivery
97,8424,20230812,1594,2,5,Detractor,Price
98,29502,20250218,1515,4,6,Detractor,Product quality
99,22623,20250402,160,10,7,Passive,Website
100,1351,20230106,1519,8,7,Passive,Price
101,24628,20251230,1769,5,7,Passive,Store experience
102,9529,20240427,73,1,9,Promoter,Product quality
103,33971,20251231,1505,3,9,Promoter,Product quality
104,56094,20230903,639,9,9,Promoter,Store experience
105,47959,20251231,975,9,8,Passive,Product quality
106,52873,20240430,1945,11,8,Passive,Store experience
107,41903,20231106,1552,11,7,Passive,Delivery
108,23658,20250319,1834,6,10,Promoter,Product quality
109,42208,20251022,124,3,7,Passive,Website
110,40740,20230914,1924,1,9,Promoter,Delivery
111,39741,20230323,254,1,8,Passive,Website
112,4140,20251102,7,9,5,Detractor,Support
113,5430,20220928,857,8,9,Promoter,Delivery
114,23990,20250817,1467,11,7,Passive,Price
115,17373,20220425,849,11,9,Promoter,Website
116,31169,20240705,673,8,4,Detractor,Support
117,1123,20250808,269,11,9,Promoter,Store experience
118,20198,20240425,1882,9,5,Detractor,Price
119,45122,20250418,1009,8,6,Detractor,Price
120,18516,20230711,449,10,3,Detractor,Website
121,39325,20240914,1168,1,8,Passive,Support
122,12673,20250315,209,4,4,Detractor,Support
123,25117,20250427,1066,9,7,Passive,Store experience
124,23285,20240706,639,3,7,Passive,Website
125,19650,20251025,1193,7,6,Detractor,Delivery
126,4089,20230215,1539,11,4,Detractor,Product quality
127,57486,20250703,707,4,8,Passive,Product quality
128,12613,20250118,1103,6,8,Passive,Website
129,55777,20250818,784,4,5,Detractor,Website
130,34364,20251231,1138,12,7,Passive,Support
131,34171,20231218,9,6,7,Passive,Product quality
132,47890,20240301,880,6,10,Promoter,Website
133,58216,20250316,1019,9,6,Detractor,Website
134,48227,20250420,133,2,6,Detractor,Product quality
135,56835,20240813,358,12,9,Promoter,Website
136,29303,20240215,1595,12,6,Detractor,Price
137,53415,20241103,1354,6,8,Passive,Price
138,11014,20230807,748,1,4,Detractor,Price
139,28051,20240709,936,11,8,Passive,Product quality
140,42589,20230724,1952,5,6,Detractor,Website
141,17872,20250124,716,8,4,Detractor,Product quality
142,44554,20240712,281,8,6,Detractor,Support
143,40116,20251116,1813,5,7,Passive,Support
144,7579,20241015,1791,4,7,Passive,Delivery
145,39901,20250724,1769,9,7,Passive,Delivery
146,28515,20250828,1474,11,6,Detractor,Website
147,23557,20240125,1848,1,10,Promoter,Delivery
148,30137,20250104,781,10,4,Detractor,Support
149,2400,20240818,1385,9,8,Passive,Website
150,5009,20241231,57,1,7,Passive,Delivery
151,50612,20240529,1262,3,7,Passive,Delivery
152,59017,20240628,974,10,8,Passive,Delivery
153,48772,20221203,874,11,6,Detractor,Website
154,11674,20240719,1765,10,8,Passive,Delivery
155,21830,20240201,1688,6,5,Detractor,Website
156,50912,20240425,700,3,7,Passive,Product quality
157,16594,20250310,121,9,5,Detractor,Website
158,59871,20250118,1758,2,6,Detractor,Product quality
159,14025,20250609,1830,7,6,Detractor,Product quality
160,55999,20251216,1534,10,9,Promoter,Price
161,54764,20230526,1237,6,4,Detractor,Delivery
162,56961,20240104,1236,8,7,Passive,Price
163,9868,20251118,1858,8,6,Detractor,Support
164,14582,20241209,1825,6,8,Passive,Price
165,32671,20251214,1729,3,8,Passive,Price
166,36661,20240605,353,7,7,Passive,Product quality
167,40404,20250531,896,12,9,Promoter,Store experience
168,39372,20251017,542,1,8,Passive,Support
169,28199,20250202,1685,2,5,Detractor,Price
170,2282,20241005,595,12,6,Detractor,Product quality
171,46772,20240905,1593,12,4,Detractor,Website
172,52933,20230409,546,2,9,Promoter,Store experience
173,37408,20251231,1756,8,8,Passive,Support
174,52505,20240127,1485,12,5,Detractor,Store experience
175,6894,20240106,1259,2,7,Passive,Store experience
176,54724,20240625,1677,1,5,Detractor,Price
177,30630,20251231,1491,3,7,Passive,Support
178,32800,20220909,15,4,6,Detractor,Store experience
179,29021,20250627,1901,7,6,Detractor,Price
180,29426,20240324,761,12,10,Promoter,Store experience
181,8293,20250411,903,5,9,Promoter,Price
182,3925,20221027,1803,11,7,Passive,Website
183,54384,20230526,793,5,6,Detractor,Store experience
184,23608,20250328,1381,9,8,Passive,Product quality
185,1631,20231014,1163,10,7,Passive,Delivery
186,32775,20250530,1796,11,9,Promoter,Product quality
187,30330,20240320,364,11,4,Detractor,Delivery
188,19348,20251204,1140,11,9,Promoter,Delivery
189,10964,20240122,1816,10,4,Detractor,Delivery
190,13124,20240611,1829,11,6,Detractor,Price
191,9019,20231007,1606,3,5,Detractor,Product quality
192,17698,20240630,161,3,10,Promoter,Store experience
193,50787,20251004,771,10,10,Promoter,Website
194,59341,20240916,1204,3,3,Detractor,Website
195,34645,20251024,604,7,7,Passive,Website
196,8649,20241026,1918,7,7,Passive,Product quality
197,575,20240112,635,10,6,Detractor,Price
198,58715,20250116,431,6,7,Passive,Website
199,48105,20251231,184,11,9,Promoter,Store experience
200,52421,20240504,1591,10,4,Detractor,Delivery
201,13689,20240229,1847,12,9,Promoter,Delivery
202,42881,20250529,533,5,5,Detractor,Product quality
203,7404,20230723,645,7,5,Detractor,Delivery
204,4090,20230223,1539,11,6,Detractor,Price
205,7517,20230603,1707,4,5,Detractor,Delivery
206,33555,20250710,11,5,8,Passive,Delivery
207,15025,20250529,448,8,8,Passive,Price
208,41216,20250131,1202,8,5,Detractor,Product quality
209,34211,20250317,1940,1,7,Passive,Website
210,58426,20251019,119,11,6,Detractor,Price
211,53270,20231209,997,3,10,Promoter,Website
212,11840,20250906,1190,7,10,Promoter,Price
213,32749,20251215,1974,11,9,Promoter,Product quality
214,18007,20230807,1065,12,4,Detractor,Delivery
215,7632,20241212,342,9,7,Passive,Store experience
216,58095,20230512,1728,6,10,Promoter,Price
217,16378,20240831,1744,7,6,Detractor,Support
218,20424,20250302,1572,12,9,Promoter,Product quality
219,48129,20250918,1413,10,7,Passive,Support
220,51576,20240619,1018,11,9,Promoter,Website
221,10081,20240224,1708,7,6,Detractor,Product quality
222,13496,20230818,1327,11,7,Passive,Price
223,18555,20230930,826,7,8,Passive,Price
224,51020,20231101,1465,9,8,Passive,Product quality
225,44279,20250426,1994,3,5,Detractor,Store experience
226,51563,20240426,1353,1,9,Promoter,Delivery
227,45721,20250222,1634,4,6,Detractor,Price
228,14280,20231217,1962,10,3,Detractor,Store experience
229,55015,20240304,1542,3,8,Passive,Store experience
230,55844,20250810,1986,8,5,Detractor,Price
231,30044,20240618,1308,7,8,Passive,Support
232,1210,20230831,577,12,5,Detractor,Support
233,47532,20221031,852,12,7,Passive,Website
234,51278,20251231,339,9,8,Passive,Support
235,58465,20230611,1089,3,6,Detractor,Website
236,24229,20240528,1370,7,8,Passive,Delivery
237,59317,20251229,1685,8,8,Passive,Website
238,35417,20230701,1762,11,3,Detractor,Store experience
239,41075,20250731,1108,9,5,Detractor,Price
240,27510,20250616,610,10,4,Detractor,Delivery
241,51625,20251215,349,12,9,Promoter,Support
242,52822,20250329,1152,7,9,Promoter,Support
243,32579,20251103,1791,12,6,Detractor,Product quality
244,15169,20251122,1017,4,6,Detractor,Website
245,38326,20251106,494,10,9,Promoter,Support
246,56102,20241112,81,8,8,Passive,Support
247,17620,20251231,1505,11,6,Detractor,Price
248,33597,20250413,1883,6,6,Detractor,Delivery
249,9604,20231214,1508,10,9,Promoter,Delivery
250,51379,20221118,1445,12,6,Detractor,Delivery
251,31737,20220818,259,8,7,Passive,Website
252,10764,20251205,302,1,8,Passive,Product quality
253,7801,20251224,138,8,6,Detractor,Delivery
254,14121,20251005,390,4,7,Passive,Store experience
255,39445,20251129,1684,6,9,Promoter,Store experience
256,4045,20230812,1995,5,6,Detractor,Website
257,29893,20240317,408,3,6,Detractor,Price
258,29688,20251106,981,12,9,Promoter,Support
259,24457,20240222,1944,10,10,Promoter,Delivery
260,41336,20251231,1499,1,7,Passive,Support
261,7673,20251231,1519,9,6,Detractor,Price
262,43173,20240705,413,2,6,Detractor,Delivery
263,54160,20241123,915,6,4,Detractor,Website
264,22190,20251021,1614,10,6,Detractor,Support
265,9704,20240211,1032,3,4,Detractor,Price
266,57576,20250421,792,2,5,Detractor,Product quality
267,59748,20251114,281,9,7,Passive,Product quality
268,13418,20240113,1359,1,10,Promoter,Support
269,37515,20231013,1765,6,9,Promoter,Delivery
270,41219,20250130,1202,8,10,Promoter,Support
271,3352,20241113,320,7,7,Passive,Delivery
272,48122,20251231,484,3,7,Passive,Support
273,5956,20250430,1234,4,9,Promoter,Delivery
274,42519,20240715,1333,10,4,Detractor,Store experience
275,29041,20250618,450,4,2,Detractor,Delivery
276,30640,20250929,1198,3,5,Detractor,Support
277,26240,20250822,1994,8,7,Passive,Delivery
278,39948,20230127,493,1,9,Promoter,Price
279,56849,20221124,1159,4,8,Passive,Price
280,9137,20251124,211,7,10,Promoter,Price
281,46768,20240928,1593,12,6,Detractor,Product quality
282,35032,20250705,1081,8,7,Passive,Delivery
283,4382,20230731,1726,7,6,Detractor,Product quality
284,31425,20230301,909,2,10,Promoter,Product quality
285,22153,20251102,194,12,6,Detractor,Price
286,59824,20240807,516,1,8,Passive,Price
287,56300,20230820,1592,6,6,Detractor,Website
288,23669,20250618,1546,8,8,Passive,Delivery
289,30878,20240606,1555,2,8,Passive,Store experience
290,4723,20250222,1412,6,6,Detractor,Store experience
291,27530,20240410,1949,2,10,Promoter,Store experience
292,10177,20250530,526,5,6,Detractor,Website
293,47083,20230413,1966,11,8,Passive,Website
294,58708,20250909,849,11,6,Detractor,Support
295,8016,20240720,42,2,7,Passive,Store experience
296,16924,20250228,577,11,6,Detractor,Website
297,17346,20251229,907,8,4,Detractor,Product quality
298,54388,20230813,466,12,7,Passive,Delivery
299,37075,20251105,1683,8,8,Passive,Support
300,56732,20250731,1336,7,7,Passive,Store experience
301,19195,20240907,1958,4,6,Detractor,Delivery
302,37934,20221216,189,3,5,Detractor,Delivery
303,2247,20250807,710,9,10,Promoter,Support
304,47183,20231124,1556,9,4,Detractor,Website
305,46784,20250825,232,2,7,Passive,Price
306,11474,20251212,1693,3,5,Detractor,Store experience
307,16686,20250218,1810,3,10,Promoter,Support
308,59667,20250213,1094,1,10,Promoter,Price
309,32503,20221231,774,9,7,Passive,Support
310,34153,20231231,313,1,5,Detractor,Website
311,12421,20240410,490,5,8,Passive,Store experience
312,34706,20240930,25,9,8,Passive,Support
313,30814,20230924,1916,3,7,Passive,Website
314,48268,20251203,1400,7,6,Detractor,Support
315,44603,20221231,635,9,7,Passive,Website
316,55940,20250401,102,4,5,Detractor,Support
317,7703,20240628,1739,9,6,Detractor,Product quality
318,39736,20240617,560,7,7,Passive,Price
319,19101,20250827,177,1,7,Passive,Product quality
320,23753,20240816,510,10,7,Passive,Price
321,34200,20251231,3,6,6,Detractor,Product quality
322,41372,20250819,512,3,9,Promoter,Product quality
323,42046,20230222,639,12,6,Detractor,Product quality
324,3890,20240513,1724,4,7,Passive,Website
325,39228,20230805,1075,8,6,Detractor,Delivery
326,22346,20251022,807,7,10,Promoter,Support
327,24292,20230715,889,6,8,Passive,Store experience
328,17565,20251022,1955,2,5,Detractor,Product quality
329,29247,20251231,333,1,8,Passive,Website
330,18941,20240403,1040,3,9,Promoter,Delivery
331,41776,20241207,537,5,6,Detractor,Support
332,20497,20241109,660,5,6,Detractor,Delivery
333,43429,20250908,1221,6,6,Detractor,Price
334,32885,20251206,497,5,8,Passive,Product quality
335,12962,20250201,1084,9,8,Passive,Support
336,51799,20250117,836,12,5,Detractor,Delivery
337,12401,20240501,634,8,10,Promoter,Product quality
338,48392,20250828,526,9,7,Passive,Support
339,44474,20251231,1210,7,10,Promoter,Price
340,35101,20250117,869,10,7,Passive,Price
341,13435,20230424,366,12,6,Detractor,Product quality
342,55837,20250527,157,1,7,Passive,Website
343,35422,20251001,134,9,5,Detractor,Website
344,58207,20230926,665,3,10,Promoter,Support
345,44893,20240920,98,10,9,Promoter,Store experience
346,41837,20230930,664,5,7,Passive,Website
347,7498,20250220,1072,1,6,Detractor,Support
348,43580,20250125,1608,7,4,Detractor,Price
349,14947,20250816,1083,9,10,Promoter,Delivery
350,44517,20231019,773,5,8,Passive,Price
351,25055,20241210,1956,8,9,Promoter,Delivery
352,42054,20240916,339,3,4,Detractor,Delivery
353,45538,20240522,944,12,7,Passive,Support
354,44763,20231227,1788,5,6,Detractor,Website
355,42640,20251126,1293,7,8,Passive,Price
356,25015,20231113,1734,6,7,Passive,Delivery
357,19558,20240919,718,1,10,Promoter,Website
358,55310,20240812,1026,10,9,Promoter,Delivery
359,851,20241014,1490,1,5,Detractor,Price
360,26306,20250331,1350,3,10,Promoter,Price
361,45923,20251125,1682,6,5,Detractor,Website
362,28759,20240212,969,3,8,Passive,Website
363,13460,20230427,1570,6,4,Detractor,Product quality
364,36207,20221111,1100,8,7,Passive,Delivery
365,47008,20251212,599,8,7,Passive,Delivery
366,46606,20240420,1083,2,8,Passive,Support
367,33498,20240101,1859,8,9,Promoter,Delivery
368,32873,20230628,722,10,8,Passive,Delivery
369,5965,20240213,1946,12,6,Detractor,Price
370,13272,20240825,333,5,7,Passive,Delivery
371,51462,20240326,1107,1,5,Detractor,Website
372,18344,20230312,1019,10,5,Detractor,Price
373,27125,20241221,155,10,8,Passive,Website
374,51814,20231119,676,10,8,Passive,Delivery
375,47779,20240222,1835,12,2,Detractor,Product quality
376,15521,20250421,730,8,6,Detractor,Delivery
377,41238,20250928,1111,3,7,Passive,Website
378,55835,20250516,157,1,8,Passive,Store experience
379,58263,20230910,1787,10,5,Detractor,Product quality
380,6827,20250415,1101,9,8,Passive,Support
381,2197,20240704,804,3,8,Passive,Product quality
382,10033,20221203,797,12,7,Passive,Website
383,5728,20230927,932,3,3,Detractor,Support
384,39792,20240918,414,10,5,Detractor,Store experience
385,36675,20240328,1288,2,8,Passive,Website
386,59584,20250927,1150,2,6,Detractor,Website
387,38040,20251227,172,5,5,Detractor,Product quality
388,4932,20230818,497,11,6,Detractor,Support
389,19203,20250101,1147,10,5,Detractor,Product quality
390,59763,20230217,245,2,8,Passive,Support
391,45622,20240201,1172,9,6,Detractor,Price
392,9458,20241119,1575,7,10,Promoter,Support
393,24121,20250202,885,8,6,Detractor,Support
394,19786,20241005,1373,5,9,Promoter,Store experience
395,15879,20240617,1734,2,4,Detractor,Delivery
396,4252,20221129,1091,12,8,Passive,Delivery
397,11310,20230314,1329,2,5,Detractor,Product quality
398,3870,20250906,1,12,5,Detractor,Store experience
399,8346,20231129,335,6,9,Promoter,Product quality
400,50725,20250920,922,12,2,Detractor,Product quality
401,39803,20230321,517,7,4,Detractor,Product quality
402,3712,20250804,1420,5,7,Passive,Support
403,37110,20230211,1419,7,10,Promoter,Product quality
404,39963,20240430,1474,3,3,Detractor,Price
405,8687,20241101,1660,2,8,Passive,Product quality
406,43512,20240410,340,8,7,Passive,Website
407,44163,20251217,96,11,9,Promoter,Delivery
408,51101,20250715,1312,12,5,Detractor,Website
409,50552,20250410,751,4,6,Detractor,Product quality
410,33688,20230806,1646,6,6,Detractor,Website
411,46636,20250817,821,3,7,Passive,Store experience
412,14421,20250124,1131,7,6,Detractor,Support
413,10002,20251023,1152,7,9,Promoter,Store experience
414,5244,20251026,1786,4,10,Promoter,Delivery
415,21048,20250621,623,1,6,Detractor,Price
416,1116,20240428,214,6,7,Passive,Website
417,37943,20250915,922,1,7,Passive,Store experience
418,23817,20240719,1653,8,9,Promoter,Delivery
419,18015,20250728,1995,12,4,Detractor,Delivery
420,32854,20240330,388,2,6,Detractor,Website
421,13671,20250222,1719,10,5,Detractor,Store experience
422,59260,20251217,448,1,3,Detractor,Website
423,24191,20241031,926,7,8,Passive,Store experience
424,38019,20250203,579,1,8,Passive,Delivery
425,2558,20250825,763,3,7,Passive,Delivery
426,59135,20240726,997,2,7,Passive,Website
427,21258,20240821,765,7,5,Detractor,Support
428,52707,20250603,895,2,8,Passive,Product quality
429,16040,20220208,302,9,5,Detractor,Product quality
430,35439,20250616,1080,5,7,Passive,Delivery
431,15725,20241124,982,3,7,Passive,Support
432,49986,20240912,95,4,7,Passive,Store experience
433,59204,20240517,404,9,7,Passive,Support
434,27143,20251231,1932,3,5,Detractor,Product quality
435,55438,20251116,201,11,8,Passive,Price
436,5649,20250413,1205,3,5,Detractor,Support
437,17456,20240914,1818,1,4,Detractor,Delivery
438,38399,20251123,616,11,6,Detractor,Delivery
439,35874,20231019,166,5,8,Passive,Delivery
440,26789,20251110,792,9,7,Passive,Store experience
441,6128,20240803,1219,1,4,Detractor,Price
442,577,20240908,1873,8,4,Detractor,Store experience
443,10090,20231209,993,1,7,Passive,Product quality
444,45459,20240923,206,7,6,Detractor,Product quality
445,17259,20250827,1420,10,6,Detractor,Price
446,43126,20250523,1649,9,7,Passive,Website
447,32933,20231224,176,1,7,Passive,Product quality
448,49458,20250428,959,1,8,Passive,Store experience
449,27718,20250218,569,4,8,Passive,Price
450,10969,20230526,322,10,10,Promoter,Support
451,42892,20240625,786,12,7,Passive,Price
452,55001,20250405,1239,1,7,Passive,Delivery
453,11567,20250727,381,3,9,Promoter,Store experience
454,46299,20231205,120,8,6,Detractor,Website
455,30766,20230112,1909,4,8,Passive,Delivery
456,44668,20230621,1496,5,7,Passive,Store experience
457,36790,20240819,814,12,7,Passive,Delivery
458,12165,20230702,604,11,7,Passive,Store experience
459,22460,20250613,597,1,10,Promoter,Store experience
460,23293,20251208,1802,12,5,Detractor,Store experience
461,16610,20221202,308,6,7,Passive,Delivery
462,52898,20230409,1816,3,4,Detractor,Website
463,41556,20241111,1280,4,6,Detractor,Support
464,45815,20240916,1879,6,7,Passive,Price
465,16447,20250517,1088,7,6,Detractor,Website
466,23419,20250519,1910,12,7,Passive,Website
467,7478,20250728,1542,4,5,Detractor,Store experience
468,4799,20230311,946,8,7,Passive,Delivery
469,18747,20230116,132,8,5,Detractor,Store experience
470,19548,20250112,146,5,7,Passive,Product quality
471,32482,20251009,1998,4,9,Promoter,Price
472,59835,20251211,351,6,6,Detractor,Product quality
473,1025,20220613,127,9,8,Passive,Product quality
474,6475,20240707,1517,7,7,Passive,Product quality
475,35104,20240624,1851,7,5,Detractor,Support
476,21064,20230319,402,12,5,Detractor,Support
477,28472,20220529,1311,5,6,Detractor,Delivery
478,27970,20240831,541,10,8,Passive,Price
479,38675,20240710,283,5,8,Passive,Website
480,50709,20230813,1619,5,9,Promoter,Support
481,55960,20241213,1781,12,7,Passive,Product quality
482,8850,20250207,600,12,5,Detractor,Support
483,53605,20251029,913,6,5,Detractor,Price
484,55015,20240317,1542,3,6,Detractor,Product quality
485,34390,20220810,16,12,7,Passive,Product quality
486,54242,20250201,56,1,7,Passive,Delivery
487,10175,20240622,1007,3,8,Passive,Support
488,22202,20230418,1786,9,6,Detractor,Store experience
489,25360,20251211,1326,2,8,Passive,Product quality
490,10129,20251227,203,6,7,Passive,Price
491,16917,20231116,1005,4,10,Promoter,Store experience
492,58908,20240611,1323,3,4,Detractor,Website
493,41577,20250129,622,4,8,Passive,Website
494,59877,20240710,520,3,3,Detractor,Delivery
495,7715,20250820,886,6,8,Passive,Store experience
496,24258,20240930,1637,12,7,Passive,Price
497,29566,20230705,739,4,7,Passive,Price
498,2139,20240824,263,8,8,Passive,Support
499,42417,20230709,1065,12,8,Passive,Product quality
500,52625,20240927,1781,7,10,Promoter,Price
501,51252,20230625,1174,10,8,Passive,Store experience
502,15179,20230406,286,6,6,Detractor,Price
503,25163,20250204,1701,6,5,Detractor,Support
504,10844,20250701,29,2,6,Detractor,Website
505,39271,20231125,1016,3,9,Promoter,Website
506,42035,20230112,108,3,5,Detractor,Price
507,23160,20251112,1397,12,7,Passive,Product quality
508,28653,20241020,949,2,4,Detractor,Store experience
509,35555,20230901,864,7,6,Detractor,Delivery
510,1187,20250504,1219,11,6,Detractor,Price
511,48002,20230320,453,11,7,Passive,Price
512,35250,20240619,1923,2,7,Passive,Website
513,42249,20251231,1708,5,7,Passive,Delivery
514,32590,20250716,439,11,8,Passive,Support
515,30535,20230517,816,11,5,Detractor,Store experience
516,49239,20231112,411,2,8,Passive,Delivery
517,50216,20250807,738,6,5,Detractor,Website
518,44011,20230309,1621,10,6,Detractor,Delivery
519,39642,20251103,418,12,6,Detractor,Website
520,11109,20251212,1974,5,6,Detractor,Product quality
521,2855,20250928,1298,9,6,Detractor,Website
522,33693,20240927,1109,7,10,Promoter,Website
523,53101,20250924,368,3,8,Passive,Product quality
524,47876,20230912,1176,12,7,Passive,Delivery
525,43538,20251231,92,11,10,Promoter,Delivery
526,50633,20241220,127,2,7,Passive,Delivery
527,56401,20240919,205,9,7,Passive,Store experience
528,28541,20250830,1022,12,8,Passive,Support
529,20794,20231201,878,5,8,Passive,Delivery
530,46959,20251002,1076,11,8,Passive,Website
531,42869,20251203,1429,2,8,Passive,Website
532,15053,20251210,1172,9,10,Promoter,Support
533,35611,20240610,638,1,8,Passive,Delivery
534,21435,20240912,995,12,7,Passive,Price
535,30800,20241214,1658,9,4,Detractor,Support
536,44179,20230806,489,6,8,Passive,Delivery
537,15312,20250729,1233,4,7,Passive,Product quality
538,52275,20240422,1539,9,8,Passive,Delivery
539,49748,20250808,384,10,3,Detractor,Store experience
540,35503,20241012,1136,11,7,Passive,Support
541,22818,20251124,259,2,7,Passive,Product quality
542,14274,20230408,466,5,5,Detractor,Delivery
543,3035,20230714,1367,5,8,Passive,Support
544,21677,20230922,1309,6,5,Detractor,Product quality
545,46761,20251018,961,5,4,Detractor,Price
546,29456,20250326,456,9,6,Detractor,Product quality
547,10589,20240222,1302,8,4,Detractor,Price
548,57786,20241006,1018,5,5,Detractor,Product quality
549,27631,20250209,1830,5,5,Detractor,Support
550,41685,20240603,985,5,10,Promoter,Website
551,6599,20240604,1240,9,3,Detractor,Support
552,48463,20240517,983,11,6,Detractor,Website
553,38980,20240520,1192,6,8,Passive,Support
554,26562,20240519,1830,1,9,Promoter,Delivery
555,23629,20240301,329,1,5,Detractor,Product quality
556,21546,20250725,118,10,10,Promoter,Website
557,57400,20251011,856,11,6,Detractor,Support
558,52577,20221019,941,2,10,Promoter,Price
559,37813,20230904,343,11,7,Passive,Price
560,59648,20230316,502,10,6,Detractor,Price
561,6923,20231206,918,4,6,Detractor,Support
562,39745,20241204,1084,11,5,Detractor,Product quality
563,7,20240223,1979,9,7,Passive,Product quality
564,34904,20241207,1907,8,4,Detractor,Delivery
565,49170,20250621,907,9,8,Passive,Delivery
566,8386,20240906,613,8,7,Passive,Support
567,42911,20241027,1139,11,6,Detractor,Store experience
568,20605,20230131,1587,11,7,Passive,Price
569,59796,20251030,1498,12,10,Promoter,Delivery
570,57665,20231030,543,3,5,Detractor,Website
571,34262,20250202,1539,1,8,Passive,Store experience
572,17796,20221231,928,2,8,Passive,Price
573,12019,20230619,1045,6,7,Passive,Delivery
574,7586,20230216,1781,3,6,Detractor,Website
575,7795,20250904,25,1,6,Detractor,Product quality
576,8394,20250407,1253,2,10,Promoter,Website
577,49075,20240830,1892,2,6,Detractor,Website
578,41177,20220520,1996,3,7,Passive,Support
579,51342,20240217,820,10,8,Passive,Delivery
580,22298,20241212,314,4,4,Detractor,Product quality
581,44829,20240119,273,1,8,Passive,Support
582,14905,20251220,537,3,8,Passive,Delivery
583,58802,20250403,122,6,6,Detractor,Price
584,41944,20230325,585,1,8,Passive,Price
585,38641,20240421,725,6,8,Passive,Product quality
586,50086,20250505,824,6,5,Detractor,Delivery
587,7936,20240813,57,9,8,Passive,Product quality
588,39498,20250711,987,1,7,Passive,Store experience
589,59125,20250915,934,12,8,Passive,Support
590,12769,20240413,68,4,4,Detractor,Support
591,52753,20231125,727,2,9,Promoter,Delivery
592,14142,20250716,1679,12,6,Detractor,Support
593,42008,20231201,1262,12,7,Passive,Price
594,38431,20240514,318,6,7,Passive,Product quality
595,28812,20241109,284,1,6,Detractor,Product quality
596,21209,20251025,714,4,7,Passive,Product quality
597,3909,20250202,1069,9,7,Passive,Store experience
598,23773,20241210,492,5,5,Detractor,Website
599,7852,20240725,1918,7,3,Detractor,Website
600,37719,20221122,1561,1,6,Detractor,Store experience
601,2376,20221224,1557,8,7,Passive,Support
602,18393,20221225,1680,11,8,Passive,Store experience
603,17746,20240301,530,8,5,Detractor,Website
604,30117,20240715,1597,3,8,Passive,Product quality
605,55492,20250204,547,11,7,Passive,Website
606,3609,20230920,641,1,6,Detractor,Delivery
607,19037,20250804,240,7,10,Promoter,Website
608,26976,20241216,318,2,8,Passive,Product quality
609,32564,20240815,1719,6,6,Detractor,Store experience
610,12606,20241101,828,11,9,Promoter,Website
611,4424,20240526,1203,5,5,Detractor,Store experience
612,11223,20240121,1194,6,6,Detractor,Website
613,47165,20240714,317,10,10,Promoter,Delivery
614,25100,20230722,1285,7,7,Passive,Support
615,41532,20231002,1708,10,9,Promoter,Delivery
616,47430,20250912,921,5,9,Promoter,Support
617,48563,20230731,1933,11,6,Detractor,Store experience
618,6612,20231031,1958,2,7,Passive,Product quality
619,38096,20250112,807,7,6,Detractor,Website
620,51177,20250617,741,10,6,Detractor,Support
621,55202,20230223,742,10,7,Passive,Store experience
622,23889,20250922,707,7,6,Detractor,Price
623,38743,20240717,1295,10,6,Detractor,Store experience
624,32457,20240831,165,10,8,Passive,Store experience
625,8384,20231205,20,11,5,Detractor,Website
626,41860,20230704,1923,9,9,Promoter,Price
627,15617,20240508,240,1,6,Detractor,Price
628,34618,20231219,310,5,6,Detractor,Product quality
629,54781,20241031,373,11,7,Passive,Store experience
630,26098,20250621,437,6,8,Passive,Product quality
631,14084,20230420,579,3,6,Detractor,Price
632,19875,20221014,41,4,5,Detractor,Product quality
633,50213,20250904,738,6,9,Promoter,Product quality
634,57662,20220426,773,1,7,Passive,Price
635,4609,20251226,798,3,7,Passive,Product quality
636,55543,20250628,839,12,4,Detractor,Store experience
637,34955,20251017,955,5,5,Detractor,Support
638,43007,20231124,139,12,10,Promoter,Product quality
639,23314,20250620,1400,12,10,Promoter,Support
640,26771,20231025,1558,11,3,Detractor,Website
641,53292,20240116,600,11,5,Detractor,Support
642,56388,20231115,1102,5,7,Passive,Store experience
643,50818,20250805,1651,9,7,Passive,Delivery
644,51720,20251121,1046,9,8,Passive,Delivery
645,20632,20241017,1953,10,8,Passive,Website
646,26671,20250803,1399,11,3,Detractor,Website
647,53492,20241110,515,10,4,Detractor,Store experience
648,55081,20241202,1600,7,8,Passive,Store experience
649,35588,20250730,170,7,8,Passive,Price
650,19728,20230108,13,1,4,Detractor,Website
651,24721,20231124,1357,12,7,Passive,Website
652,16806,20241023,1818,8,9,Promoter,Product quality
653,49603,20231212,621,12,7,Passive,Product quality
654,44850,20250218,1714,6,6,Detractor,Website
655,3832,20250628,1475,2,8,Passive,Delivery
656,58398,20241111,1908,1,5,Detractor,Website
657,10825,20250414,1195,1,7,Passive,Support
658,26787,20231224,120,11,7,Passive,Store experience
659,56369,20240706,1555,9,9,Promoter,Website
660,51785,20250629,1468,11,7,Passive,Support
661,41185,20241029,779,8,8,Passive,Store experience
662,35537,20250514,1215,2,4,Detractor,Product quality
663,26806,20251017,1946,7,7,Passive,Support
664,27470,20250226,1073,12,10,Promoter,Product quality
665,10472,20230713,539,8,8,Passive,Price
666,40767,20251106,640,4,6,Detractor,Website
667,53679,20250629,851,8,6,Detractor,Delivery
668,17379,20221201,1546,11,9,Promoter,Product quality
669,1940,20241221,221,2,8,Passive,Support
670,15933,20230602,1799,7,7,Passive,Price
671,26178,20240301,1697,7,6,Detractor,Support
672,56218,20240922,672,5,6,Detractor,Price
673,15729,20230816,613,5,6,Detractor,Store experience
674,45972,20250719,1390,1,8,Passive,Price
675,39692,20241217,1124,1,8,Passive,Delivery
676,47412,20220827,1608,10,7,Passive,Support
677,3803,20231010,1362,11,6,Detractor,Product quality
678,32972,20250612,1559,7,7,Passive,Website
679,59051,20250805,1777,8,8,Passive,Delivery
680,59154,20230307,1950,12,10,Promoter,Website
681,57328,20230911,385,10,10,Promoter,Delivery
682,46147,20240115,1122,11,6,Detractor,Price
683,45990,20241017,53,12,6,Detractor,Price
684,36874,20220625,631,7,9,Promoter,Price
685,28389,20251020,885,7,5,Detractor,Website
686,42137,20221226,258,2,5,Detractor,Delivery
687,2174,20241130,1625,12,7,Passive,Store experience
688,13598,20240725,936,12,8,Passive,Website
689,58717,20230513,84,8,8,Passive,Store experience
690,24616,20250311,1604,10,10,Promoter,Website
691,21474,20250124,1892,10,8,Passive,Store experience
692,29796,20221221,1791,5,10,Promoter,Price
693,10134,20231014,825,9,5,Detractor,Support
694,30623,20251121,1796,4,4,Detractor,Support
695,25421,20251119,751,5,5,Detractor,Store experience
696,42714,20240809,1989,6,6,Detractor,Website
697,51173,20230705,500,4,10,Promoter,Price
698,32060,20230430,1140,11,8,Passive,Store experience
699,48731,20240627,914,5,5,Detractor,Website
700,16869,20240419,1280,1,8,Passive,Website
701,5628,20250202,183,12,6,Detractor,Delivery
702,11410,20230117,1683,3,5,Detractor,Price
703,3874,20250221,856,4,6,Detractor,Delivery
704,28465,20241115,1806,9,9,Promoter,Product quality
705,36116,20250701,206,10,7,Passive,Product quality
706,54352,20250906,626,1,8,Passive,Website
707,15118,20240522,352,2,4,Detractor,Product quality
708,11126,20240803,111,9,6,Detractor,Product quality
709,44046,20240610,1122,3,6,Detractor,Price
710,58938,20250314,503,9,8,Passive,Delivery
711,1756,20250827,1392,4,9,Promoter,Delivery
712,54079,20250828,248,12,7,Passive,Support
713,9080,20240323,290,9,5,Detractor,Store experience
714,46594,20221025,833,4,7,Passive,Website
715,55109,20240313,1919,3,10,Promoter,Product quality
716,4623,20250111,219,4,5,Detractor,Price
717,32022,20231003,296,7,10,Promoter,Product quality
718,5177,20221007,649,2,10,Promoter,Support
719,30060,20251011,1942,4,9,Promoter,Product quality
720,1281,20250215,214,11,6,Detractor,Store experience
721,19646,20240209,1563,7,7,Passive,Delivery
722,21766,20240824,392,10,9,Promoter,Price
723,58490,20230216,1607,3,7,Passive,Product quality
724,55090,20231205,1005,2,7,Passive,Price
725,37763,20230804,510,3,8,Passive,Delivery
726,48140,20221207,1222,6,7,Passive,Delivery
727,50635,20231016,70,8,7,Passive,Product quality
728,6365,20240609,1290,10,7,Passive,Support
729,9766,20251125,1930,7,10,Promoter,Price
730,35300,20251231,1409,1,6,Detractor,Website
731,27587,20220702,1212,10,8,Passive,Support
732,52424,20251014,142,11,7,Passive,Support
733,50286,20240227,1628,11,8,Passive,Product quality
734,48859,20231028,1925,8,6,Detractor,Store experience
735,6948,20240926,1515,8,9,Promoter,Website
736,8954,20250204,237,3,7,Passive,Store experience
737,59550,20251010,658,10,7,Passive,Website
738,38714,20240501,226,7,5,Detractor,Support
739,42846,20240727,790,5,9,Promoter,Delivery
740,53254,20241111,1652,11,8,Passive,Website
741,16978,20230514,897,5,9,Promoter,Product quality
742,23196,20250624,1060,3,4,Detractor,Product quality
743,34853,20230704,649,5,8,Passive,Delivery
744,23947,20230914,19,1,7,Passive,Delivery
745,55146,20240828,1407,12,7,Passive,Product quality
746,57094,20230723,486,2,4,Detractor,Support
747,29872,20241223,386,3,7,Passive,Store experience
748,46043,20240204,804,10,6,Detractor,Support
749,9198,20240711,218,10,4,Detractor,Support
750,43024,20241216,274,6,5,Detractor,Website
751,14659,20240411,1189,2,8,Passive,Product quality
752,41639,20240305,323,7,7,Passive,Store experience
753,29000,20250622,1944,6,6,Detractor,Price
754,6627,20240827,1793,10,7,Passive,Product quality
755,3600,20250101,1235,4,4,Detractor,Product quality
756,29083,20230312,1135,2,7,Passive,Delivery
757,29356,20240520,657,5,7,Passive,Product quality
758,31287,20240717,228,1,8,Passive,Price
759,4697,20250203,1679,12,7,Passive,Store experience
760,58153,20231118,213,6,8,Passive,Delivery
761,57668,20250828,668,1,9,Promoter,Store experience
762,43485,20250118,611,3,6,Detractor,Product quality
763,42400,20250505,237,2,8,Passive,Website
764,2561,20230808,40,6,9,Promoter,Store experience
765,25209,20241107,731,7,6,Detractor,Price
766,45506,20240617,1258,12,6,Detractor,Store experience
767,55930,20220801,1636,8,8,Passive,Website
768,53178,20251231,1442,12,7,Passive,Store experience
769,54293,20250126,564,7,9,Promoter,Store experience
770,47137,20230715,816,12,8,Passive,Product quality
771,11910,20231011,1421,12,8,Passive,Support
772,29862,20250513,255,2,7,Passive,Price
773,4774,20230605,1015,9,9,Promoter,Price
774,4122,20240829,1040,5,10,Promoter,Price
775,15741,20230620,1292,8,7,Passive,Support
776,19385,20251104,1852,12,9,Promoter,Support
777,58633,20250319,1525,1,6,Detractor,Store experience
778,5494,20240406,1308,6,8,Passive,Support
779,27459,20230401,969,8,4,Detractor,Delivery
780,4017,20230722,453,1,6,Detractor,Website
781,37886,20240616,889,4,8,Passive,Website
782,13735,20240909,80,5,6,Detractor,Store experience
783,28952,20250914,1873,8,9,Promoter,Support
784,43570,20230903,1698,10,7,Passive,Store experience
785,58631,20250919,1491,3,8,Passive,Website
786,27138,20231223,465,9,9,Promoter,Product quality
787,28690,20250719,1456,8,7,Passive,Store experience
788,36727,20240707,478,2,7,Passive,Price
789,8515,20250722,691,8,5,Detractor,Website
790,214,20230128,757,5,4,Detractor,Product quality
791,2668,20250511,1166,12,10,Promoter,Support
792,20143,20250711,488,8,5,Detractor,Website
793,7594,20251102,782,12,7,Passive,Store experience
794,9091,20241224,1862,3,7,Passive,Product quality
795,43089,20230914,1281,1,6,Detractor,Store experience
796,40737,20250624,801,6,8,Passive,Store experience
797,51925,20230706,1924,5,4,Detractor,Website
798,99,20240224,1574,10,6,Detractor,Support
799,9871,20250608,726,10,9,Promoter,Price
800,33107,20230730,510,7,7,Passive,Product quality
801,7599,20250930,785,2,7,Passive,Product quality
802,50151,20250828,362,1,9,Promoter,Delivery
803,50935,20241231,1702,3,8,Passive,Delivery
804,43418,20240130,1546,10,6,Detractor,Delivery
805,48385,20241130,1417,7,4,Detractor,Store experience
806,43355,20240903,1093,5,7,Passive,Website
807,49134,20251107,1992,8,5,Detractor,Support
808,34897,20241110,275,8,8,Passive,Delivery
809,20848,20221113,1905,6,5,Detractor,Store experience
810,37535,20250528,1286,10,3,Detractor,Support
811,27132,20220707,741,1,8,Passive,Store experience
812,39121,20240120,1884,2,4,Detractor,Delivery
813,6552,20240217,447,9,7,Passive,Website
814,42176,20240706,142,8,7,Passive,Website
815,55793,20250721,848,7,6,Detractor,Product quality
816,54076,20250913,248,12,9,Promoter,Website
817,53685,20241006,238,12,6,Detractor,Support
818,23550,20230901,990,6,6,Detractor,Delivery
819,22264,20251006,495,7,4,Detractor,Store experience
820,3895,20250516,1078,7,5,Detractor,Store experience
821,8626,20240127,863,3,6,Detractor,Delivery
822,14282,20251009,1006,7,7,Passive,Product quality
823,12179,20250721,833,11,8,Passive,Product quality
824,19043,20240313,1426,6,4,Detractor,Product quality
825,4169,20240102,1004,12,6,Detractor,Store experience
826,33755,20220907,665,5,8,Passive,Support
827,34342,20221123,1089,6,10,Promoter,Product quality
828,9879,20250612,1106,9,6,Detractor,Product quality
829,30802,20230127,361,8,5,Detractor,Delivery
830,15448,20250430,907,2,7,Passive,Price
831,35745,20231116,1073,9,8,Passive,Product quality
832,58579,20241208,234,3,9,Promoter,Delivery
833,13940,20250827,1130,12,4,Detractor,Website
834,40177,20240517,1735,6,4,Detractor,Delivery
835,48501,20251107,795,8,2,Detractor,Support
836,8451,20231016,1183,11,8,Passive,Website
837,2352,20220716,117,12,4,Detractor,Website
838,47530,20241101,573,6,9,Promoter,Delivery
839,57472,20230511,1251,1,6,Detractor,Product quality
840,40467,20241126,1352,3,7,Passive,Website
841,16881,20250124,1317,1,8,Passive,Product quality
842,1452,20250715,1279,10,8,Passive,Store experience
843,31575,20250623,263,1,5,Detractor,Website
844,56952,20240610,852,6,5,Detractor,Price
845,12276,20250520,1384,11,8,Passive,Product quality
846,37455,20240802,290,12,7,Passive,Product quality
847,17203,20250216,1910,5,3,Detractor,Website
848,47856,20250510,7,8,9,Promoter,Product quality
849,11648,20240318,885,2,7,Passive,Delivery
850,13011,20250101,836,9,7,Passive,Product quality
851,37999,20250330,618,5,9,Promoter,Store experience
852,51025,20251209,1494,9,6,Detractor,Delivery
853,35168,20250408,212,5,6,Detractor,Support
854,58810,20251212,1744,2,6,Detractor,Website
855,26260,20241102,241,7,6,Detractor,Store experience
856,48951,20230404,313,2,6,Detractor,Website
857,11835,20241010,1153,6,5,Detractor,Price
858,6260,20230726,314,10,7,Passive,Website
859,58696,20241031,947,6,6,Detractor,Store experience
860,25516,20250116,246,5,6,Detractor,Store experience
861,34057,20250223,1322,12,9,Promoter,Price
862,36957,20250131,385,2,5,Detractor,Price
863,49237,20250514,249,6,6,Detractor,Price
864,59071,20240416,332,8,4,Detractor,Website
865,54204,20250110,1169,3,8,Passive,Store experience
866,21075,20230430,426,10,7,Passive,Product quality
867,17166,20230707,1698,9,9,Promoter,Store experience
868,19623,20230420,292,12,4,Detractor,Support
869,59238,20240824,1920,2,7,Passive,Store experience
870,36714,20230109,546,5,5,Detractor,Store experience
871,23798,20231214,1695,5,5,Detractor,Product quality
872,49013,20231017,609,5,5,Detractor,Website
873,54444,20240121,1625,1,10,Promoter,Store experience
874,25275,20251031,447,4,8,Passive,Website
875,38789,20231213,1451,9,8,Passive,Support
876,52465,20240701,948,11,9,Promoter,Delivery
877,28327,20241116,155,8,10,Promoter,Store experience
878,32822,20250414,1847,7,8,Passive,Delivery
879,48883,20240426,1826,10,8,Passive,Product quality
880,44550,20251019,1534,2,3,Detractor,Price
881,30315,20250710,1289,1,7,Passive,Price
882,19624,20230426,292,12,6,Detractor,Website
883,16250,20221110,1008,9,9,Promoter,Product quality
884,2481,20251231,1963,8,10,Promoter,Price
885,28797,20251228,928,2,4,Detractor,Price
886,57913,20251225,1413,6,7,Passive,Price
887,24694,20251016,566,10,7,Passive,Product quality
888,53692,20241012,476,7,6,Detractor,Website
889,54535,20250523,933,11,6,Detractor,Website
890,26934,20240211,398,3,7,Passive,Product quality
891,36167,20240906,776,10,9,Promoter,Delivery
892,495,20230204,968,6,8,Passive,Support
893,29728,20241013,1357,10,3,Detractor,Support
894,49756,20240613,1878,5,7,Passive,Price
895,24698,20230918,82,10,7,Passive,Store experience
896,38874,20250930,690,12,6,Detractor,Delivery
897,4884,20240819,1731,12,8,Passive,Website
898,24911,20231204,518,12,8,Passive,Store experience
899,3011,20250822,139,7,9,Promoter,Website
900,32109,20240327,1105,3,8,Passive,Store experience
901,35471,20241014,316,6,4,Detractor,Support
902,54504,20251220,243,9,7,Passive,Store experience
903,13999,20241214,1764,11,7,Passive,Delivery
904,27043,20240629,1866,6,10,Promoter,Product quality
905,27485,20241210,563,12,7,Passive,Delivery
906,37584,20250817,1261,10,7,Passive,Delivery
907,38092,20240614,187,4,7,Passive,Support
908,1982,20251231,1505,10,7,Passive,Support
909,54478,20240318,220,5,8,Passive,Website
910,51272,20221024,152,7,6,Detractor,Store experience
911,12406,20231011,1698,5,8,Passive,Support
912,35698,20250406,1436,7,7,Passive,Delivery
913,42321,20250302,1494,11,6,Detractor,Delivery
914,20285,20251120,335,1,9,Promoter,Product quality
915,29576,20240904,1997,12,6,Detractor,Delivery
916,40562,20250510,977,5,9,Promoter,Store experience
917,24645,20231009,696,1,10,Promoter,Store experience
918,12006,20241128,1303,10,9,Promoter,Website
919,14109,20240708,1111,5,10,Promoter,Delivery
920,37926,20241126,1797,12,6,Detractor,Store experience
921,34224,20240702,327,8,7,Passive,Support
922,22964,20240714,13,6,6,Detractor,Price
923,37565,20230717,1572,12,10,Promoter,Price
924,35947,20250525,649,9,7,Passive,Support
925,56878,20230323,322,7,7,Passive,Price
926,27116,20230308,689,11,9,Promoter,Delivery
927,35959,20251114,310,4,9,Promoter,Support
928,7299,20231004,793,10,8,Passive,Support
929,40008,20240309,519,5,7,Passive,Product quality
930,50348,20230903,350,12,5,Detractor,Website
931,31772,20230528,612,7,8,Passive,Website
932,47661,20250607,1533,11,8,Passive,Website
933,59854,20221009,1024,1,7,Passive,Delivery
934,52104,20231018,1091,12,8,Passive,Product quality
935,22156,20240829,1177,10,6,Detractor,Product quality
936,49540,20230610,1285,6,7,Passive,Support
937,2787,20250203,16,2,8,Passive,Support
938,34437,20251228,1861,11,8,Passive,Website
939,7669,20241120,1981,1,5,Detractor,Store experience
940,5886,20251231,1088,9,3,Detractor,Store experience
941,27046,20240623,1866,6,3,Detractor,Price
942,9667,20230317,737,4,9,Promoter,Price
943,46232,20240812,725,3,8,Passive,Price
944,37884,20250606,1966,11,10,Promoter,Delivery
945,58816,20240107,63,3,10,Promoter,Price
946,17559,20250105,426,6,7,Passive,Store experience
947,28267,20250606,168,2,6,Detractor,Delivery
948,19327,20251204,960,5,5,Detractor,Price
949,36784,20250731,1038,8,7,Passive,Price
950,20849,20221202,1190,6,6,Detractor,Price
951,36910,20230201,1020,12,7,Passive,Website
952,42695,20250913,195,2,6,Detractor,Store experience
953,54124,20240811,1379,8,8,Passive,Website
954,26828,20250719,1429,5,6,Detractor,Price
955,5215,20251010,1961,12,6,Detractor,Website
956,22245,20250515,700,1,9,Promoter,Store experience
957,4830,20250127,1600,2,9,Promoter,Support
958,24161,20241124,1402,1,6,Detractor,Price
959,51289,20240109,247,7,9,Promoter,Support
960,51898,20250322,1353,8,9,Promoter,Delivery
961,57469,20251113,144,12,6,Detractor,Store experience
962,19564,20231227,722,7,8,Passive,Support
963,52320,20250104,1082,4,5,Detractor,Price
964,20485,20240411,1354,6,7,Passive,Store experience
965,29031,20240316,1598,3,10,Promoter,Website
966,17067,20250220,58,5,7,Passive,Website
967,22842,20251231,184,8,8,Passive,Price
968,44595,20250606,473,11,7,Passive,Delivery
969,28231,20230131,1285,3,8,Passive,Website
970,46116,20230712,982,8,9,Promoter,Support
971,11253,20230323,561,8,7,Passive,Store experience
972,33040,20250717,1958,9,9,Promoter,Website
973,7875,20230505,350,9,5,Detractor,Delivery
974,51074,20230908,1449,2,9,Promoter,Price
975,11979,20231229,62,9,8,Passive,Store experience
976,5014,20250811,1251,10,8,Passive,Price
977,43944,20251116,1233,4,7,Passive,Website
978,8371,20240111,348,5,4,Detractor,Delivery
979,59343,20230302,1047,9,6,Detractor,Support
980,29830,20250620,584,6,7,Passive,Price
981,45989,20240124,1723,6,5,Detractor,Price
982,27156,20241122,243,9,8,Passive,Website
983,29773,20240323,639,9,4,Detractor,Support
984,33698,20220711,150,11,4,Detractor,Price
985,3847,20220608,1697,8,8,Passive,Product quality
986,8287,20221112,1636,3,9,Promoter,Product quality
987,48259,20250427,1253,8,5,Detractor,Delivery
988,20361,20240207,1267,5,7,Passive,Store experience
989,32592,20250711,130,4,4,Detractor,Store experience
990,45211,20231019,26,11,7,Passive,Store experience
991,1702,20230616,1381,8,10,Promoter,Website
992,25915,20240612,1249,11,8,Passive,Product quality
993,40491,20250226,887,11,8,Passive,Store experience
994,5495,20250605,1585,8,6,Detractor,Delivery
995,49985,20220929,1618,5,5,Detractor,Product quality
996,24579,20240326,672,8,7,Passive,Store experience
997,25966,20250620,1053,9,6,Detractor,Website
998,12112,20250629,98,10,6,Detractor,Store experience
999,40541,20221028,920,5,7,Passive,Store experience
1000,43104,20230501,272,11,9,Promoter,Delivery
1001,34391,20240917,650,5,7,Passive,Price
1002,35610,20250507,1594,10,6,Detractor,Website
1003,43057,20240723,461,6,7,Passive,Website
1004,51606,20231210,1277,2,5,Detractor,Price
1005,10570,20230710,6,6,10,Promoter,Support
1006,11800,20230308,598,3,5,Detractor,Product quality
1007,23188,20240326,722,3,8,Passive,Website
1008,58423,20240301,341,11,3,Detractor,Store experience
1009,2048,20240228,510,10,5,Detractor,Website
1010,4120,20240819,1040,5,9,Promoter,Price
1011,47119,20240711,1021,12,7,Passive,Delivery
1012,25360,20251222,1326,2,6,Detractor,Store experience
1013,24108,20240225,1223,8,7,Passive,Price
1014,2659,20250920,816,10,7,Passive,Website
1015,42002,20230730,1531,6,6,Detractor,Website
1016,18107,20220627,508,10,6,Detractor,Price
1017,27532,20240630,807,3,6,Detractor,Website
1018,26146,20241115,1033,6,9,Promoter,Product quality
1019,14149,20230916,1249,11,7,Passive,Website
1020,9300,20230320,1203,5,6,Detractor,Price
1021,28000,20220710,946,1,7,Passive,Product quality
1022,52114,20241102,1283,4,6,Detractor,Support
1023,35676,20230319,367,8,8,Passive,Price
1024,27491,20241025,1154,12,8,Passive,Website
1025,17750,20230507,251,9,7,Passive,Support
1026,49984,20240916,1729,12,6,Detractor,Support
1027,26120,20240621,637,4,7,Passive,Store experience
1028,5942,20230705,939,3,5,Detractor,Delivery
1029,2023,20220522,881,3,8,Passive,Delivery
1030,42811,20240710,1402,7,10,Promoter,Product quality
1031,31060,20250509,1927,2,7,Passive,Price
1032,38701,20240403,1854,8,6,Detractor,Support
1033,57931,20241129,1735,10,8,Passive,Price
1034,4638,20250927,347,11,5,Detractor,Store experience
1035,32855,20240312,388,2,7,Passive,Delivery
1036,12041,20241122,771,6,8,Passive,Support
1037,59799,20220917,533,3,6,Detractor,Support
1038,39981,20231127,940,7,8,Passive,Delivery
1039,15679,20250313,1531,8,8,Passive,Store experience
1040,19984,20241209,747,2,5,Detractor,Price
1041,54053,20231207,876,10,7,Passive,Delivery
1042,29077,20250929,149,9,9,Promoter,Store experience
1043,18593,20250424,88,6,9,Promoter,Store experience
1044,25475,20250327,505,10,9,Promoter,Product quality
1045,41857,20240107,1099,5,10,Promoter,Delivery
1046,43957,20250706,1803,10,8,Passive,Website
1047,13023,20251114,1825,6,9,Promoter,Support
1048,9894,20241028,417,8,8,Passive,Website
1049,58059,20220715,303,2,6,Detractor,Price
1050,32530,20241111,203,5,10,Promoter,Price
1051,40155,20231205,1520,5,5,Detractor,Support
1052,23526,20251123,1430,5,8,Passive,Product quality
1053,57810,20250129,548,10,8,Passive,Store experience
1054,46750,20240426,1194,10,6,Detractor,Store experience
1055,31103,20251231,1860,5,6,Detractor,Price
1056,54518,20251229,101,10,6,Detractor,Product quality
1057,12672,20250201,209,4,6,Detractor,Website
1058,56557,20230104,1218,10,8,Passive,Store experience
1059,47029,20241202,1104,8,7,Passive,Website
1060,30698,20251022,22,7,4,Detractor,Product quality
1061,59108,20250419,1888,2,7,Passive,Product quality
1062,39115,20240720,411,7,10,Promoter,Product quality
1063,41403,20251220,1960,7,7,Passive,Website
1064,3548,20241127,815,4,7,Passive,Product quality
1065,30604,20240415,777,4,5,Detractor,Website
1066,10906,20240207,1391,11,5,Detractor,Product quality
1067,27677,20240214,530,5,9,Promoter,Support
1068,48117,20250323,412,9,6,Detractor,Store experience
1069,9321,20250906,1074,9,4,Detractor,Store experience
1070,30504,20221004,146,8,7,Passive,Price
1071,39441,20230627,904,4,8,Passive,Website
1072,58060,20250130,420,4,9,Promoter,Price
1073,12919,20230208,1299,12,3,Detractor,Support
1074,39499,20240910,949,6,10,Promoter,Website
1075,40611,20251005,1407,5,7,Passive,Product quality
1076,29705,20241010,1713,10,5,Detractor,Support
1077,10419,20250217,1529,1,10,Promoter,Support
1078,26299,20240114,328,12,8,Passive,Website
1079,47374,20251203,458,3,7,Passive,Delivery
1080,54084,20251231,1430,6,8,Passive,Delivery
1081,10603,20240914,1357,12,7,Passive,Product quality
1082,10610,20250908,894,2,8,Passive,Support
1083,44613,20240531,1979,2,4,Detractor,Support
1084,31912,20230715,1150,8,10,Promoter,Website
1085,27696,20250306,869,11,5,Detractor,Store experience
1086,1113,20250331,476,11,9,Promoter,Delivery
1087,16154,20231029,52,10,6,Detractor,Delivery
1088,28585,20241228,826,9,6,Detractor,Product quality
1089,10457,20240324,1571,4,9,Promoter,Delivery
1090,57529,20250525,1968,3,7,Passive,Support
1091,32533,20241008,203,5,7,Passive,Product quality
1092,53834,20250722,1228,3,7,Passive,Delivery
1093,33995,20240106,601,11,5,Detractor,Website
1094,23155,20240127,1064,7,4,Detractor,Delivery
1095,20503,20221029,1481,3,6,Detractor,Price
1096,34811,20220625,604,12,4,Detractor,Product quality
1097,1195,20240519,1998,4,7,Passive,Price
1098,25284,20250122,1307,12,10,Promoter,Support
1099,12247,20251116,1690,1,8,Passive,Store experience
1100,8846,20250802,1660,12,8,Passive,Store experience
1101,1119,20240416,214,6,9,Promoter,Delivery
1102,56449,20251206,1470,9,7,Passive,Website
1103,26315,20230822,1090,11,3,Detractor,Support
1104,35140,20241221,46,10,10,Promoter,Store experience
1105,21450,20230711,504,12,7,Passive,Price
1106,26303,20240904,1776,12,8,Passive,Product quality
1107,53980,20250618,916,6,5,Detractor,Delivery
1108,44238,20240427,1643,9,6,Detractor,Website
1109,45449,20250404,942,11,4,Detractor,Delivery
1110,47369,20231113,462,10,7,Passive,Store experience
1111,59211,20240513,1785,7,10,Promoter,Product quality
1112,45200,20251024,371,9,7,Passive,Delivery
1113,15585,20251123,1678,9,7,Passive,Store experience
1114,26104,20240606,1043,3,6,Detractor,Delivery
1115,54316,20230205,1734,12,9,Promoter,Delivery
1116,8572,20241012,1354,6,9,Promoter,Support
1117,22896,20230714,867,7,7,Passive,Store experience
1118,32035,20220601,1946,7,6,Detractor,Store experience
1119,22694,20251231,761,11,5,Detractor,Product quality
1120,53559,20241202,711,6,5,Detractor,Product quality
1121,54846,20221227,776,2,7,Passive,Price
1122,46867,20230311,1454,9,7,Passive,Support
1123,30542,20250705,889,7,8,Passive,Support
1124,26231,20251231,1189,5,7,Passive,Website
1125,10546,20250514,683,5,8,Passive,Delivery
1126,52451,20251019,1126,4,6,Detractor,Store experience
1127,24741,20241115,1656,4,7,Passive,Support
1128,44159,20250102,47,9,3,Detractor,Website
1129,9230,20240119,1053,7,5,Detractor,Support
1130,44031,20240713,1094,12,6,Detractor,Support
1131,20719,20230305,447,1,9,Promoter,Price
1132,7037,20250112,434,11,9,Promoter,Store experience
1133,11412,20251229,153,6,9,Promoter,Delivery
1134,19857,20250630,411,6,8,Passive,Product quality
1135,7278,20240824,258,2,8,Passive,Price
1136,41938,20250228,1060,3,6,Detractor,Product quality
1137,26806,20251012,1946,7,7,Passive,Price
1138,7714,20250115,1580,7,4,Detractor,Store experience
1139,59829,20230320,1901,11,6,Detractor,Store experience
1140,46404,20231213,1059,9,8,Passive,Store experience
1141,24695,20251023,566,10,6,Detractor,Product quality
1142,39673,20240417,399,5,7,Passive,Price
1143,21856,20240831,150,5,7,Passive,Product quality
1144,49108,20240814,948,8,6,Detractor,Website
1145,25729,20240707,468,8,5,Detractor,Delivery
1146,29278,20221215,1862,3,6,Detractor,Product quality
1147,2009,20250817,461,4,5,Detractor,Price
1148,3719,20240908,1642,8,9,Promoter,Support
1149,51168,20220926,573,10,10,Promoter,Delivery
1150,17855,20250518,762,5,7,Passive,Store experience
1151,31343,20251021,1705,5,7,Passive,Delivery
1152,23742,20250518,693,10,6,Detractor,Website
1153,23173,20250121,1854,7,10,Promoter,Support
1154,48460,20240505,983,11,5,Detractor,Price
1155,22532,20230302,108,9,5,Detractor,Store experience
1156,12084,20221213,937,2,9,Promoter,Delivery
1157,4004,20240504,795,2,6,Detractor,Price
1158,21090,20240722,774,7,8,Passive,Product quality
1159,18689,20250211,900,5,8,Passive,Store experience
1160,15272,20251219,792,4,8,Passive,Store experience
1161,36117,20250608,206,10,6,Detractor,Store experience
1162,58040,20241010,952,11,7,Passive,Support
1163,39499,20240817,949,6,9,Promoter,Product quality
1164,13849,20230216,738,2,6,Detractor,Price
1165,27886,20230108,989,5,4,Detractor,Store experience
1166,41400,20250203,1160,2,7,Passive,Store experience
1167,7740,20220429,1865,7,7,Passive,Product quality
1168,24901,20231113,1770,11,9,Promoter,Support
1169,28478,20220722,1192,4,7,Passive,Product quality
1170,57904,20240613,16,1,7,Passive,Support
1171,924,20240927,1532,9,8,Passive,Support
1172,31904,20250215,446,9,6,Detractor,Support
1173,4179,20251127,1572,7,7,Passive,Delivery
1174,30660,20230420,1999,2,6,Detractor,Support
1175,57483,20240312,1295,10,5,Detractor,Store experience
1176,41111,20240619,1489,8,8,Passive,Store experience
1177,25462,20241115,624,3,6,Detractor,Store experience
1178,16651,20250113,57,4,5,Detractor,Support
1179,2083,20251231,828,3,10,Promoter,Delivery
1180,5825,20230615,230,7,10,Promoter,Product quality
1181,56276,20251126,683,8,5,Detractor,Store experience
1182,51356,20251213,727,4,6,Detractor,Delivery
1183,33636,20250712,627,9,8,Passive,Product quality
1184,47203,20240424,819,5,5,Detractor,Delivery
1185,4195,20240830,1347,10,5,Detractor,Product quality
1186,5327,20241013,324,10,7,Passive,Price
1187,33731,20230707,1333,12,8,Passive,Support
1188,10883,20240225,1622,3,7,Passive,Store experience
1189,856,20251231,1629,1,9,Promoter,Delivery
1190,43569,20230909,1698,10,9,Promoter,Website
1191,34835,20241002,910,11,8,Passive,Support
1192,10301,20251225,1882,2,6,Detractor,Website
1193,58771,20240731,583,5,7,Passive,Product quality
1194,47303,20230824,82,1,3,Detractor,Product quality
1195,5489,20220615,469,6,9,Promoter,Support
1196,3519,20230429,1611,9,4,Detractor,Delivery
1197,18049,20241009,91,8,3,Detractor,Website
1198,681,20241210,810,7,9,Promoter,Store experience
1199,59177,20220228,1291,7,9,Promoter,Support
1200,43436,20251029,1319,6,10,Promoter,Store experience
1201,34881,20250920,507,11,8,Passive,Store experience
1202,23358,20241221,258,2,8,Passive,Website
1203,12962,20250302,1084,9,7,Passive,Support
1204,47602,20241017,1645,8,5,Detractor,Delivery
1205,46286,20241109,1143,10,9,Promoter,Support
1206,30491,20251231,1841,6,6,Detractor,Price
1207,57559,20250827,68,2,4,Detractor,Store experience
1208,39200,20251229,1145,4,7,Passive,Delivery
1209,31715,20241114,756,4,9,Promoter,Website
1210,45766,20240905,1043,8,6,Detractor,Price
1211,8018,20221211,951,8,6,Detractor,Support
1212,18260,20241212,1467,7,8,Passive,Price
1213,12409,20230528,1516,10,7,Passive,Store experience
1214,56045,20240331,1865,2,6,Detractor,Store experience
1215,55815,20230525,59,8,4,Detractor,Delivery
1216,32282,20251231,39,2,8,Passive,Store experience
1217,26708,20231005,752,3,5,Detractor,Store experience
1218,34123,20230629,1875,4,5,Detractor,Website
1219,19478,20240412,1800,3,10,Promoter,Price
1220,49275,20240929,27,11,6,Detractor,Product quality
1221,58738,20230312,757,2,4,Detractor,Support
1222,43974,20251118,1801,10,8,Passive,Website
1223,36147,20250727,888,2,7,Passive,Store experience
1224,57072,20240916,1733,8,5,Detractor,Price
1225,54771,20230707,15,6,4,Detractor,Delivery
1226,58656,20251228,895,5,3,Detractor,Price
1227,55591,20250930,230,5,8,Passive,Support
1228,11456,20240518,1181,5,8,Passive,Delivery
1229,39014,20240917,367,10,10,Promoter,Delivery
1230,50153,20250807,362,1,7,Passive,Product quality
1231,39060,20230110,1219,7,6,Detractor,Price
1232,41077,20250729,1108,9,6,Detractor,Delivery
1233,56636,20250515,615,11,6,Detractor,Store experience
1234,58055,20251119,1705,10,4,Detractor,Price
1235,57579,20230102,272,5,7,Passive,Product quality
1236,27768,20251014,240,5,8,Passive,Store experience
1237,7727,20251230,1614,11,10,Promoter,Price
1238,26612,20231031,1482,1,6,Detractor,Product quality
1239,20816,20250707,1092,2,8,Passive,Product quality
1240,48084,20231217,550,9,8,Passive,Support
1241,33009,20251208,1267,6,10,Promoter,Website
1242,31313,20241120,1943,7,7,Passive,Price
1243,6400,20250910,1490,2,6,Detractor,Product quality
1244,28068,20230815,833,7,5,Detractor,Website
1245,20557,20240626,1042,9,8,Passive,Price
1246,47177,20231213,518,3,10,Promoter,Price
1247,18301,20231015,949,6,7,Passive,Support
1248,9655,20231026,108,5,3,Detractor,Website
1249,47713,20250527,1190,11,10,Promoter,Store experience
1250,14143,20250723,1679,12,7,Passive,Price
1251,9021,20250102,1966,2,8,Passive,Price
1252,55839,20250521,157,1,6,Detractor,Price
1253,11110,20251202,1974,5,6,Detractor,Support
1254,57292,20241003,1827,10,8,Passive,Delivery
1255,38796,20250323,1820,11,7,Passive,Price
1256,42379,20250723,715,10,7,Passive,Support
1257,43098,20230623,735,8,6,Detractor,Price
1258,32329,20240923,1152,10,10,Promoter,Website
1259,36613,20251216,1574,4,8,Passive,Product quality
1260,38730,20220614,500,2,7,Passive,Product quality
1261,3430,20240906,1574,3,5,Detractor,Product quality
1262,23368,20230106,327,2,7,Passive,Delivery
1263,8813,20230918,512,3,5,Detractor,Website
1264,51416,20231001,1142,7,8,Passive,Support
1265,41692,20250710,948,11,6,Detractor,Product quality
1266,3108,20230805,1570,5,9,Promoter,Price
1267,20955,20230712,1715,2,8,Passive,Product quality
1268,12506,20251222,1769,9,5,Detractor,Store experience
1269,4282,20240517,1072,12,5,Detractor,Delivery
1270,52237,20240922,1875,6,6,Detractor,Price
1271,49300,20230627,1212,11,8,Passive,Support
1272,9948,20240624,570,2,4,Detractor,Website
1273,52025,20230227,713,11,10,Promoter,Price
1274,44894,20240927,98,10,8,Passive,Price
1275,24143,20240719,327,11,9,Promoter,Product quality
1276,53346,20250321,1903,8,7,Passive,Store experience
1277,31289,20240708,228,1,7,Passive,Website
1278,5473,20230915,850,1,8,Passive,Store experience
1279,13322,20240804,1588,7,6,Detractor,Product quality
1280,2151,20240918,684,10,6,Detractor,Support
1281,37207,20251215,1057,7,6,Detractor,Delivery
1282,26360,20230822,959,5,7,Passive,Product quality
1283,25518,20220922,1246,6,7,Passive,Support
1284,10992,20240130,965,9,6,Detractor,Support
1285,9787,20251231,1672,8,10,Promoter,Price
1286,8893,20230418,544,11,7,Passive,Website
1287,36205,20240423,572,11,7,Passive,Support
1288,47374,20251215,458,3,6,Detractor,Website
1289,13478,20240117,652,4,8,Passive,Product quality
1290,12404,20241105,167,7,3,Detractor,Store experience
1291,50292,20221017,801,9,8,Passive,Store experience
1292,14992,20251021,1652,1,6,Detractor,Store experience
1293,34214,20250509,1371,11,7,Passive,Product quality
1294,27647,20241023,223,2,4,Detractor,Delivery
1295,25594,20240427,1600,1,10,Promoter,Store experience
1296,55705,20230805,1229,5,8,Passive,Support
1297,4110,20251218,1703,12,9,Promoter,Support
1298,46300,20231109,120,8,8,Passive,Support
1299,9475,20240326,562,9,5,Detractor,Delivery
1300,58390,20240519,1086,6,5,Detractor,Support
1301,51098,20230305,708,9,6,Detractor,Price
1302,15627,20250326,1490,6,10,Promoter,Store experience
1303,57459,20250213,1345,9,6,Detractor,Delivery
1304,12383,20251121,783,12,6,Detractor,Store experience
1305,45510,20240914,1433,3,8,Passive,Website
1306,9230,20231229,1053,7,5,Detractor,Product quality
1307,42283,20221005,154,4,4,Detractor,Delivery
1308,53772,20240402,1595,4,7,Passive,Store experience
1309,32865,20251231,1900,10,7,Passive,Price
1310,6418,20250628,1415,6,10,Promoter,Website
1311,41617,20231028,2000,12,9,Promoter,Price
1312,31264,20250118,661,4,6,Detractor,Product quality
1313,24900,20231111,1770,11,10,Promoter,Price
1314,13771,20240829,598,10,5,Detractor,Store experience
1315,8460,20250307,406,9,10,Promoter,Website
1316,18436,20231011,1686,8,8,Passive,Support
1317,18488,20240712,1250,11,6,Detractor,Store experience
1318,54380,20230920,196,4,4,Detractor,Product quality
1319,3544,20230812,518,7,8,Passive,Delivery
1320,51823,20240125,1940,2,9,Promoter,Price
1321,29800,20240424,414,7,8,Passive,Store experience
1322,24455,20250101,246,8,10,Promoter,Website
1323,27560,20230830,703,2,6,Detractor,Price
1324,55657,20240410,1789,5,8,Passive,Store experience
1325,28917,20240701,904,6,6,Detractor,Price
1326,38187,20240512,1379,6,5,Detractor,Support
1327,45375,20240324,1941,4,4,Detractor,Website
1328,43526,20230815,1850,8,8,Passive,Product quality
1329,58894,20250503,1338,10,7,Passive,Support
1330,7617,20240516,1193,10,6,Detractor,Support
1331,3537,20240108,1,10,5,Detractor,Support
1332,10340,20240910,630,1,6,Detractor,Website
1333,2428,20220905,162,4,8,Passive,Store experience
1334,7949,20251231,1485,11,6,Detractor,Product quality
1335,38493,20251231,903,1,6,Detractor,Price
1336,49421,20251016,1621,4,9,Promoter,Website
1337,18614,20220815,1015,5,5,Detractor,Delivery
1338,26695,20231206,1610,11,6,Detractor,Price
1339,51118,20250623,1452,3,3,Detractor,Price
1340,1537,20250831,1726,6,7,Passive,Delivery
1341,24304,20240927,74,4,7,Passive,Support
1342,24125,20250525,879,1,10,Promoter,Website
1343,11750,20250612,767,6,8,Passive,Support
1344,45016,20250806,1996,8,5,Detractor,Support
1345,44019,20230124,1161,11,6,Detractor,Support
1346,37803,20250317,899,11,10,Promoter,Store experience
1347,9130,20240903,492,12,7,Passive,Delivery
1348,6208,20240303,1640,7,5,Detractor,Price
1349,18830,20240922,242,5,6,Detractor,Product quality
1350,21709,20250425,1539,1,6,Detractor,Product quality
1351,2453,20250306,1416,12,6,Detractor,Price
1352,35328,20250412,921,10,8,Passive,Delivery
1353,18086,20230624,1355,4,5,Detractor,Delivery
1354,39429,20240608,289,12,7,Passive,Website
1355,34340,20250110,1289,2,9,Promoter,Product quality
1356,25537,20240222,1021,2,3,Detractor,Delivery
1357,1798,20230629,1346,3,8,Passive,Delivery
1358,51969,20251129,1485,8,8,Passive,Product quality
1359,36106,20250502,1082,8,6,Detractor,Delivery
1360,21305,20231126,884,9,9,Promoter,Website
1361,57187,20251218,352,3,9,Promoter,Website
1362,52960,20230620,424,11,8,Passive,Price
1363,43584,20251212,526,4,8,Passive,Product quality
1364,55550,20241106,209,8,6,Detractor,Price
1365,39353,20241112,681,9,6,Detractor,Price
1366,34462,20230105,258,7,8,Passive,Store experience
1367,4829,20250126,1600,2,10,Promoter,Delivery
1368,53385,20250717,1677,12,6,Detractor,Website
1369,49611,20241021,805,9,10,Promoter,Price
1370,23537,20240513,121,7,4,Detractor,Store experience
1371,47891,20240407,880,6,8,Passive,Store experience
1372,14701,20230727,823,1,9,Promoter,Delivery
1373,21091,20240802,774,7,7,Passive,Support
1374,56012,20250728,1594,9,4,Detractor,Store experience
1375,16607,20230526,474,10,8,Passive,Delivery
1376,19849,20220928,1561,9,8,Passive,Delivery
1377,28573,20220829,1657,3,7,Passive,Product quality
1378,53192,20250529,1258,4,9,Promoter,Delivery
1379,24528,20251207,1596,8,6,Detractor,Delivery
1380,35601,20231204,1456,10,8,Passive,Store experience
1381,59127,20250820,450,3,4,Detractor,Product quality
1382,45285,20250115,1326,12,6,Detractor,Product quality
1383,23288,20240621,639,3,8,Passive,Product quality
1384,42818,20250206,1095,4,8,Passive,Store experience
1385,28361,20240512,1793,4,5,Detractor,Price
1386,50258,20250103,1216,8,8,Passive,Delivery
1387,47859,20230226,525,2,7,Passive,Product quality
1388,41431,20240114,952,9,8,Passive,Support
1389,31577,20250725,263,1,8,Passive,Support
1390,813,20241118,553,7,8,Passive,Product quality
1391,13148,20250217,715,5,8,Passive,Delivery
1392,21938,20240414,1408,5,4,Detractor,Website
1393,24543,20231208,1554,8,5,Detractor,Delivery
1394,14231,20240129,1439,12,8,Passive,Support
1395,46181,20250123,1611,8,6,Detractor,Price
1396,20339,20241228,354,9,9,Promoter,Store experience
1397,30777,20250403,1542,5,7,Passive,Website
1398,30657,20251220,1924,5,5,Detractor,Store experience
1399,11524,20231224,1722,6,7,Passive,Store experience
1400,52784,20250816,605,6,7,Passive,Price
1401,31492,20230402,1884,2,6,Detractor,Product quality
1402,40910,20251213,396,2,7,Passive,Store experience
1403,14360,20251117,871,12,9,Promoter,Price
1404,42544,20230709,393,12,5,Detractor,Product quality
1405,33966,20250524,1402,12,9,Promoter,Support
1406,50437,20251216,220,3,10,Promoter,Website
1407,38032,20231031,1844,5,7,Passive,Product quality
1408,6567,20251212,441,6,4,Detractor,Delivery
1409,29423,20240317,761,12,8,Passive,Store experience
1410,34435,20251209,1861,11,6,Detractor,Delivery
1411,28775,20230111,1011,9,10,Promoter,Website
1412,53429,20250820,1583,2,8,Passive,Product quality
1413,15085,20231113,829,3,3,Detractor,Delivery
1414,9345,20221106,210,8,6,Detractor,Delivery
1415,38556,20251212,253,8,6,Detractor,Support
1416,4779,20251231,337,3,8,Passive,Price
1417,30108,20250305,1462,8,10,Promoter,Price
1418,54715,20240628,81,11,8,Passive,Delivery
1419,58097,20240703,1546,1,9,Promoter,Product quality
1420,22503,20230128,1441,10,8,Passive,Product quality
1421,56785,20251231,1078,9,9,Promoter,Product quality
1422,5351,20241218,1408,7,10,Promoter,Store experience
1423,871,20251219,87,10,10,Promoter,Website
1424,51349,20241105,248,12,7,Passive,Product quality
1425,42447,20241127,319,7,7,Passive,Website
1426,12134,20241224,1994,6,8,Passive,Delivery
1427,53494,20241114,515,10,6,Detractor,Website
1428,29759,20230328,681,8,7,Passive,Support
1429,52084,20251102,1632,4,7,Passive,Price
1430,45518,20241025,1618,11,8,Passive,Store experience
1431,31289,20240707,228,1,5,Detractor,Website
1432,27554,20221212,453,3,7,Passive,Product quality
1433,28232,20241028,583,6,7,Passive,Store experience
1434,25594,20240509,1600,1,5,Detractor,Website
1435,59656,20240714,1804,7,9,Promoter,Store experience
1436,17269,20240716,1504,9,5,Detractor,Delivery
1437,48378,20240205,730,10,8,Passive,Support
1438,38785,20250523,1203,6,7,Passive,Product quality
1439,55112,20230104,890,6,7,Passive,Support
1440,34436,20251231,1861,11,8,Passive,Price
1441,29052,20221001,1435,8,5,Detractor,Price
1442,18213,20230218,1908,9,6,Detractor,Price
1443,52256,20250201,82,12,6,Detractor,Price
1444,42716,20240909,1989,6,9,Promoter,Product quality
1445,14415,20231004,1832,12,6,Detractor,Support
1446,3718,20240910,1642,8,6,Detractor,Website
1447,8251,20240416,183,8,5,Detractor,Price
1448,14151,20250329,1570,1,7,Passive,Store experience
1449,12448,20250530,259,3,6,Detractor,Delivery
1450,46293,20251005,1014,7,10,Promoter,Store experience
1451,46197,20230616,1699,12,8,Passive,Delivery
1452,32894,20231214,375,12,9,Promoter,Website
1453,5743,20250227,123,10,8,Passive,Website
1454,57262,20240920,1331,7,7,Passive,Website
1455,31189,20230504,776,8,8,Passive,Website
1456,13138,20240524,917,3,7,Passive,Website
1457,17931,20250728,782,6,9,Promoter,Delivery
1458,45484,20230217,1745,8,9,Promoter,Product quality
1459,27587,20220807,1212,10,9,Promoter,Delivery
1460,40184,20240607,565,4,9,Promoter,Website
1461,19092,20240428,1264,7,7,Passive,Store experience
1462,16558,20240429,890,1,8,Passive,Price
1463,22689,20251018,1784,3,3,Detractor,Website
1464,38128,20240624,663,4,7,Passive,Website
1465,8548,20240411,1899,3,6,Detractor,Delivery
1466,4336,20230519,519,3,6,Detractor,Price
1467,52986,20231224,543,7,7,Passive,Store experience
1468,26558,20240120,1142,5,7,Passive,Website
1469,40512,20240601,1283,6,7,Passive,Support
1470,42548,20240821,769,7,7,Passive,Price
1471,48752,20231020,480,10,7,Passive,Store experience
1472,32132,20240225,1718,8,6,Detractor,Delivery
1473,3923,20231231,257,2,10,Promoter,Delivery
1474,27292,20240623,1755,12,9,Promoter,Store experience
1475,29796,20221208,1791,5,4,Detractor,Website
1476,11888,20250517,1092,1,5,Detractor,Website
1477,39335,20250828,1138,8,7,Passive,Product quality
1478,2641,20221208,1695,9,7,Passive,Website
1479,53856,20250929,593,6,3,Detractor,Support
1480,33228,20250809,370,3,7,Passive,Price
1481,8243,20231124,397,6,8,Passive,Delivery
1482,49115,20231204,1664,9,7,Passive,Delivery
1483,45747,20240831,1335,12,10,Promoter,Store experience
1484,38694,20250523,1941,6,9,Promoter,Support
1485,56600,20240609,76,7,7,Passive,Store experience
1486,43200,20250818,1094,4,9,Promoter,Delivery
1487,31235,20240213,1333,11,10,Promoter,Website
1488,3531,20241015,1871,8,6,Detractor,Support
1489,20188,20240606,1825,7,4,Detractor,Support
1490,1532,20250617,1792,1,8,Passive,Price
1491,39091,20250113,52,6,5,Detractor,Price
1492,11611,20240408,1546,4,5,Detractor,Delivery
1493,4513,20221115,1999,6,7,Passive,Store experience
1494,24246,20251004,683,2,6,Detractor,Delivery
1495,38580,20220915,99,4,4,Detractor,Support
1496,28391,20241018,23,1,7,Passive,Product quality
1497,52323,20241225,1082,4,6,Detractor,Store experience
1498,54291,20250121,564,7,8,Passive,Website
1499,57644,20221117,560,6,7,Passive,Delivery
1500,59543,20241221,595,2,10,Promoter,Product quality
1501,32587,20251231,1015,10,7,Passive,Product quality
1502,52460,20250819,159,12,7,Passive,Website
1503,47200,20230225,305,10,8,Passive,Support
1504,54723,20240531,1677,1,9,Promoter,Store experience
1505,55778,20241023,1353,4,4,Detractor,Price
1506,25815,20240928,89,4,5,Detractor,Store experience
1507,6579,20241222,653,4,8,Passive,Store experience
1508,10297,20251231,1882,2,5,Detractor,Delivery
1509,17399,20240617,1355,11,8,Passive,Support
1510,21373,20240628,262,10,10,Promoter,Delivery
1511,13920,20251005,1217,3,9,Promoter,Website
1512,40887,20221223,815,8,8,Passive,Product quality
1513,12589,20231029,1880,3,6,Detractor,Price
1514,20733,20250607,973,10,6,Detractor,Price
1515,28546,20230625,1491,2,8,Passive,Delivery
1516,29309,20240102,1627,3,7,Passive,Website
1517,48859,20231003,1925,8,10,Promoter,Support
1518,50416,20251028,728,4,9,Promoter,Support
1519,19963,20231123,1957,9,7,Passive,Product quality
1520,26515,20241109,1277,2,7,Passive,Price
1521,48768,20240125,1845,7,8,Passive,Product quality
1522,58410,20250628,1733,8,6,Detractor,Price
1523,31152,20221219,623,5,9,Promoter,Store experience
1524,39136,20230130,1112,8,3,Detractor,Product quality
1525,45935,20250510,1207,9,5,Detractor,Website
1526,28020,20230715,1920,12,10,Promoter,Support
1527,39629,20240903,1213,3,5,Detractor,Store experience
1528,47422,20231212,758,11,10,Promoter,Product quality
1529,5236,20251119,667,10,8,Passive,Delivery
1530,125,20240402,994,6,9,Promoter,Price
1531,53567,20230903,1227,10,9,Promoter,Price
1532,20507,20230906,985,5,5,Detractor,Support
1533,55430,20250314,1829,10,8,Passive,Store experience
1534,22395,20250201,491,4,7,Passive,Price
1535,212,20230106,757,5,6,Detractor,Website
1536,7928,20250823,1729,9,9,Promoter,Product quality
1537,19087,20240701,280,6,4,Detractor,Store experience
1538,4264,20251231,1445,7,7,Passive,Delivery
1539,39979,20241110,5,8,7,Passive,Website
1540,2239,20250704,553,4,8,Passive,Delivery
1541,12004,20240314,526,7,8,Passive,Website
1542,55367,20240907,1448,11,8,Passive,Price
1543,8329,20251006,1602,6,6,Detractor,Price
1544,28257,20241205,1931,8,8,Passive,Product quality
1545,55903,20251016,1205,10,5,Detractor,Delivery
1546,25133,20250208,869,12,4,Detractor,Website
1547,52413,20230128,1298,12,9,Promoter,Product quality
1548,4156,20240623,805,1,7,Passive,Store experience
1549,17921,20230610,1724,1,8,Passive,Price
1550,13982,20240323,562,10,7,Passive,Delivery
1551,56704,20240725,973,1,10,Promoter,Price
1552,29752,20231215,118,6,6,Detractor,Support
1553,32621,20230710,408,6,7,Passive,Website
1554,25566,20220615,980,4,8,Passive,Price
1555,38477,20240325,1709,5,6,Detractor,Support
1556,17541,20241028,394,8,7,Passive,Website
1557,46888,20240730,349,11,6,Detractor,Website
1558,12656,20251012,730,6,7,Passive,Website
1559,46654,20250420,2000,1,6,Detractor,Website
1560,46790,20221005,584,11,7,Passive,Product quality
1561,29883,20240120,824,12,10,Promoter,Support
1562,22287,20250227,1119,2,6,Detractor,Product quality
1563,6204,20240306,1260,3,6,Detractor,Website
1564,24931,20250601,1068,7,6,Detractor,Website
1565,57037,20250928,1406,4,6,Detractor,Support
1566,6905,20230319,505,6,10,Promoter,Price
1567,2780,20250403,1236,4,3,Detractor,Price
1568,25040,20230109,701,5,6,Detractor,Product quality
1569,29231,20221121,945,4,9,Promoter,Price
1570,45472,20251018,1561,2,6,Detractor,Delivery
1571,39091,20250119,52,6,7,Passive,Delivery
1572,13433,20230501,366,12,8,Passive,Store experience
1573,57002,20240602,192,7,10,Promoter,Website
1574,4839,20250401,479,12,9,Promoter,Product quality
1575,22892,20250806,1270,10,4,Detractor,Price
1576,20980,20240612,781,5,9,Promoter,Support
1577,28183,20230523,1936,2,7,Passive,Delivery
1578,2442,20241230,325,6,4,Detractor,Website
1579,14862,20230723,401,8,6,Detractor,Support
1580,13358,20241018,327,2,9,Promoter,Delivery
1581,28591,20240129,1617,7,8,Passive,Website
1582,34886,20220901,720,10,6,Detractor,Delivery
1583,58691,20250115,1409,8,9,Promoter,Website
1584,31778,20240416,433,1,8,Passive,Product quality
1585,6463,20230620,1165,8,5,Detractor,Support
1586,3999,20230821,640,8,7,Passive,Support
1587,11993,20241108,20,2,8,Passive,Store experience
1588,38557,20251216,253,8,6,Detractor,Website
1589,53520,20241031,642,5,4,Detractor,Support
1590,9100,20221123,855,5,9,Promoter,Delivery
1591,49329,20231031,716,10,4,Detractor,Store experience
1592,37950,20230605,1839,9,10,Promoter,Support
1593,15262,20241228,93,5,7,Passive,Delivery
1594,51431,20241013,671,11,8,Passive,Support
1595,36579,20240603,43,12,9,Promoter,Support
1596,1931,20250509,240,4,7,Passive,Website
1597,36594,20241220,1414,8,6,Detractor,Website
1598,55850,20231001,939,6,8,Passive,Store experience
1599,14133,20240918,124,2,8,Passive,Product quality
1600,47270,20240331,232,2,8,Passive,Price
1601,8224,20250813,378,10,5,Detractor,Product quality
1602,13879,20250109,420,5,8,Passive,Price
1603,13897,20220805,123,12,8,Passive,Support
1604,26170,20220917,1752,3,6,Detractor,Price
1605,55175,20230612,930,2,7,Passive,Website
1606,1406,20250604,1084,6,10,Promoter,Website
1607,56041,20240526,1843,5,9,Promoter,Support
1608,15974,20241112,800,1,7,Passive,Delivery
1609,43842,20241210,1339,5,7,Passive,Website
1610,45052,20240328,5,12,7,Passive,Store experience
1611,19491,20241016,1017,8,7,Passive,Support
1612,30694,20220715,1583,4,5,Detractor,Website
1613,290,20250512,915,10,5,Detractor,Price
1614,56594,20230704,1831,12,6,Detractor,Price
1615,54111,20250421,739,11,6,Detractor,Product quality
1616,47909,20221231,745,5,5,Detractor,Website
1617,14946,20250102,1892,12,4,Detractor,Product quality
1618,11515,20251124,1587,2,6,Detractor,Website
1619,39894,20250728,731,9,7,Passive,Store experience
1620,45981,20241231,1435,12,10,Promoter,Store experience
1621,8700,20250606,589,9,7,Passive,Price
1622,19838,20240731,1761,7,6,Detractor,Product quality
1623,57978,20230720,1768,3,7,Passive,Price
1624,8034,20250127,150,10,6,Detractor,Delivery
1625,37703,20241012,1520,9,10,Promoter,Support
1626,16008,20251130,652,5,8,Passive,Delivery
1627,34230,20240327,1538,8,5,Detractor,Store experience
1628,22325,20240304,1474,4,8,Passive,Delivery
1629,21957,20251113,562,9,9,Promoter,Price
1630,56606,20230911,985,12,5,Detractor,Support
1631,7732,20240418,336,5,7,Passive,Website
1632,16734,20230923,66,11,7,Passive,Support
1633,48557,20231102,1339,11,6,Detractor,Support
1634,27590,20251009,1869,3,5,Detractor,Store experience
1635,55652,20231126,1777,2,6,Detractor,Price
1636,22105,20221230,1594,1,7,Passive,Product quality
1637,45311,20231212,1531,4,7,Passive,Store experience
1638,38290,20240628,1437,2,9,Promoter,Product quality
1639,39299,20230517,892,11,8,Passive,Product quality
1640,53753,20240209,1326,8,7,Passive,Support
1641,33654,20251114,89,11,4,Detractor,Store experience
1642,13496,20230728,1327,11,9,Promoter,Website
1643,49359,20251118,1007,4,7,Passive,Price
1644,23744,20250629,1558,4,7,Passive,Website
1645,25677,20250210,1801,8,4,Detractor,Price
1646,1151,20220916,1638,1,8,Passive,Delivery
1647,52115,20241107,1283,4,10,Promoter,Store experience
1648,46332,20251209,1497,3,9,Promoter,Price
1649,22004,20250111,1829,7,10,Promoter,Price
1650,52527,20231126,115,5,5,Detractor,Website
1651,29233,20221109,1759,6,6,Detractor,Product quality
1652,28042,20240521,1203,8,6,Detractor,Product quality
1653,380,20250623,910,1,8,Passive,Store experience
1654,49290,20240210,375,4,9,Promoter,Product quality
1655,9888,20220915,1792,9,6,Detractor,Store experience
1656,55102,20240927,1560,6,6,Detractor,Delivery
1657,35231,20231028,523,11,7,Passive,Support
1658,23978,20240421,1862,12,6,Detractor,Website
1659,43897,20250214,1232,9,10,Promoter,Delivery
1660,25411,20241203,1960,2,7,Passive,Product quality
1661,15946,20231127,1982,12,3,Detractor,Price
1662,56618,20240806,656,4,9,Promoter,Store experience
1663,7089,20230124,1481,1,8,Passive,Delivery
1664,55153,20240322,1433,12,8,Passive,Support
1665,17593,20230722,177,8,4,Detractor,Product quality
1666,21665,20231222,1222,4,6,Detractor,Price
1667,24591,20220408,1671,7,9,Promoter,Support
1668,7897,20250108,500,11,7,Passive,Support
1669,19379,20240425,361,8,10,Promoter,Store experience
1670,41594,20251231,1620,5,7,Passive,Support
1671,24649,20251215,880,2,7,Passive,Store experience
1672,17137,20250201,1782,7,4,Detractor,Website
1673,4338,20250807,389,2,7,Passive,Store experience
1674,18950,20240823,48,4,6,Detractor,Store experience
1675,29044,20240118,1168,1,4,Detractor,Product quality
1676,53288,20241122,824,11,6,Detractor,Price
1677,48722,20230803,169,9,8,Passive,Price
1678,32692,20240630,1042,1,6,Detractor,Support
1679,11702,20230302,529,4,9,Promoter,Website
1680,6682,20240323,1909,2,7,Passive,Product quality
1681,8992,20241019,270,9,6,Detractor,Product quality
1682,12312,20230821,1591,5,9,Promoter,Product quality
1683,10047,20231127,657,3,9,Promoter,Product quality
1684,32724,20220425,1688,6,8,Passive,Website
1685,57807,20240502,1914,6,10,Promoter,Product quality
1686,52256,20250202,82,12,8,Passive,Support
1687,31828,20230311,1908,2,6,Detractor,Website
1688,20752,20231006,1674,5,9,Promoter,Store experience
1689,35799,20250402,1245,7,6,Detractor,Product quality
1690,24052,20231028,979,12,7,Passive,Support
1691,1921,20230413,1788,3,8,Passive,Price
1692,51912,20241128,1315,6,6,Detractor,Website
1693,21459,20240422,1336,9,7,Passive,Product quality
1694,5713,20250708,1427,6,8,Passive,Product quality
1695,33149,20240206,1564,4,2,Detractor,Support
1696,33689,20220826,1548,3,7,Passive,Price
1697,36788,20240918,814,12,8,Passive,Website
1698,21520,20231124,576,3,7,Passive,Product quality
1699,10344,20231219,542,1,6,Detractor,Store experience
1700,35006,20240207,341,2,9,Promoter,Product quality
1701,4194,20240905,1347,10,8,Passive,Price
1702,30294,20230514,313,5,9,Promoter,Price
1703,46803,20241026,1972,3,9,Promoter,Store experience
1704,30913,20231230,680,3,6,Detractor,Store experience
1705,11768,20251119,1231,3,5,Detractor,Product quality
1706,50949,20230412,83,4,8,Passive,Store experience
1707,40421,20240422,1012,6,5,Detractor,Delivery
1708,31565,20251231,6,4,7,Passive,Website
1709,48362,20240530,945,6,8,Passive,Product quality
1710,2617,20241020,319,3,6,Detractor,Price
1711,17525,20250810,331,11,4,Detractor,Website
1712,32382,20250315,1764,1,6,Detractor,Support
1713,35536,20250418,1215,2,8,Passive,Support
1714,42757,20240515,1455,3,7,Passive,Website
1715,34204,20251231,3,6,4,Detractor,Support
1716,34488,20241003,1211,7,7,Passive,Delivery
1717,52441,20251127,1783,2,6,Detractor,Store experience
1718,52621,20250214,1204,5,3,Detractor,Price
1719,27206,20231122,340,6,5,Detractor,Delivery
1720,53467,20221222,738,9,3,Detractor,Website
1721,37192,20230311,1394,11,6,Detractor,Support
1722,58702,20241007,149,2,5,Detractor,Store experience
1723,10262,20240427,383,1,7,Passive,Website
1724,27724,20251012,367,8,10,Promoter,Store experience
1725,52108,20251106,1825,10,8,Passive,Store experience
1726,51937,20240618,1674,10,6,Detractor,Price
1727,27684,20240114,349,8,5,Detractor,Store experience
1728,55583,20250222,1836,2,7,Passive,Support
1729,59759,20250127,336,12,10,Promoter,Website
1730,9441,20251231,1109,1,6,Detractor,Store experience
1731,32553,20240128,1924,6,9,Promoter,Delivery
1732,43280,20231013,1104,7,5,Detractor,Website
1733,51508,20221007,11,12,8,Passive,Delivery
1734,1380,20231216,321,7,6,Detractor,Store experience
1735,8549,20250128,64,4,4,Detractor,Product quality
1736,56487,20230212,1962,11,5,Detractor,Delivery
1737,20422,20230701,1431,11,10,Promoter,Website
1738,44268,20241127,123,4,7,Passive,Website
1739,56648,20250417,395,1,10,Promoter,Delivery
1740,58671,20230603,329,3,6,Detractor,Delivery
1741,4212,20250122,1895,1,8,Passive,Store experience
1742,58254,20230307,1264,11,6,Detractor,Product quality
1743,51739,20240704,985,6,6,Detractor,Delivery
1744,52188,20221010,48,3,8,Passive,Website
1745,14107,20240708,1111,5,6,Detractor,Website
1746,58798,20250419,122,6,10,Promoter,Product quality
1747,34714,20250614,1709,6,7,Passive,Price
1748,42367,20250105,1323,12,9,Promoter,Delivery
1749,7428,20251216,1952,3,9,Promoter,Support
1750,10481,20230713,1210,4,6,Detractor,Product quality
1751,53039,20250802,949,7,9,Promoter,Delivery
1752,4246,20230117,1184,9,7,Passive,Store experience
1753,50471,20250411,501,6,8,Passive,Product quality
1754,9656,20250805,1929,10,9,Promoter,Support
1755,27921,20250425,1468,4,6,Detractor,Delivery
1756,40521,20250109,1967,7,8,Passive,Support
1757,36403,20250927,1962,2,10,Promoter,Product quality
1758,23910,20241111,1966,6,8,Passive,Support
1759,18725,20250107,1512,9,10,Promoter,Store experience
1760,14148,20230826,1249,11,4,Detractor,Website
1761,40996,20230209,767,2,4,Detractor,Store experience
1762,16482,20250829,246,2,4,Detractor,Website
1763,19965,20220701,991,11,4,Detractor,Delivery
1764,28792,20241002,721,8,5,Detractor,Website
1765,8669,20250515,307,3,9,Promoter,Price
1766,33969,20250209,1947,4,6,Detractor,Delivery
1767,32665,20251231,1500,8,7,Passive,Support
1768,57802,20250628,45,10,9,Promoter,Support
1769,32703,20241112,331,5,7,Passive,Support
1770,34493,20230203,1474,10,10,Promoter,Store experience
1771,39187,20240702,1224,10,8,Passive,Product quality
1772,47688,20250811,1887,2,7,Passive,Price
1773,51039,20240112,199,12,4,Detractor,Delivery
1774,14603,20240409,329,12,6,Detractor,Product quality
1775,24827,20251002,543,2,7,Passive,Delivery
1776,38148,20231123,1847,9,9,Promoter,Product quality
1777,25245,20240316,651,4,10,Promoter,Store experience
1778,10360,20230401,532,12,5,Detractor,Support
1779,47501,20250906,1039,12,9,Promoter,Delivery
1780,50090,20231216,1914,10,8,Passive,Support
1781,58040,20241016,952,11,7,Passive,Price
1782,12760,20240606,1309,2,10,Promoter,Store experience
1783,17538,20251120,1746,2,4,Detractor,Product quality
1784,6116,20240313,1336,7,5,Detractor,Website
1785,45248,20250323,827,11,8,Passive,Delivery
1786,23890,20250922,707,7,4,Detractor,Support
1787,28331,20250311,1356,8,4,Detractor,Price
1788,25104,20240902,1620,2,10,Promoter,Support
1789,14983,20240822,1017,1,9,Promoter,Support
1790,31372,20251011,215,12,6,Detractor,Website
1791,30941,20231218,671,10,5,Detractor,Product quality
1792,55701,20250730,780,11,8,Passive,Support
1793,18554,20230919,826,7,10,Promoter,Website
1794,27934,20240607,18,4,7,Passive,Support
1795,39593,20230928,202,1,10,Promoter,Delivery
1796,19166,20240228,1992,7,7,Passive,Product quality
1797,29104,20250612,1100,1,8,Passive,Support
1798,10470,20230710,99,1,6,Detractor,Website
1799,20252,20230404,411,3,6,Detractor,Delivery
1800,25605,20221008,291,11,8,Passive,Support
1801,34152,20240522,718,5,8,Passive,Price
1802,51688,20221212,602,6,3,Detractor,Product quality
1803,46600,20241112,1073,10,6,Detractor,Store experience
1804,1781,20221005,973,3,9,Promoter,Product quality
1805,35780,20250515,1087,11,5,Detractor,Product quality
1806,23899,20251112,1314,8,5,Detractor,Store experience
1807,28489,20241116,1649,8,7,Passive,Support
1808,20697,20250208,1523,5,7,Passive,Website
1809,41391,20250527,1785,6,8,Passive,Delivery
1810,29064,20240522,40,10,10,Promoter,Support
1811,50835,20230624,1368,4,9,Promoter,Store experience
1812,40713,20251010,1817,7,8,Passive,Store experience
1813,28079,20250317,338,9,5,Detractor,Price
1814,24147,20221108,687,10,9,Promoter,Delivery
1815,12586,20231113,989,4,8,Passive,Support
1816,7095,20231227,1729,8,5,Detractor,Price
1817,57824,20250211,1228,9,6,Detractor,Price
1818,23157,20250528,97,10,4,Detractor,Support
1819,1543,20231004,1154,11,8,Passive,Product quality
1820,13362,20240826,1497,10,3,Detractor,Product quality
1821,28144,20230223,569,11,7,Passive,Product quality
1822,30190,20251231,534,5,9,Promoter,Website
1823,34670,20230810,1016,8,7,Passive,Website
1824,34438,20231201,1421,7,5,Detractor,Support
1825,22590,20241022,1220,4,5,Detractor,Store experience
1826,48622,20240507,1681,3,5,Detractor,Store experience
1827,53478,20240127,729,10,7,Passive,Website
1828,29221,20251124,140,11,5,Detractor,Price
1829,7244,20240928,1664,7,7,Passive,Delivery
1830,5631,20230107,38,11,5,Detractor,Delivery
1831,46699,20250415,1132,7,7,Passive,Delivery
1832,27423,20251205,1047,7,8,Passive,Product quality
1833,50453,20230914,678,6,3,Detractor,Delivery
1834,40337,20230816,93,1,5,Detractor,Delivery
1835,14398,20250720,1744,11,10,Promoter,Delivery
1836,13741,20250517,414,4,6,Detractor,Support
1837,34880,20251223,194,4,6,Detractor,Store experience
1838,2208,20230613,252,8,8,Passive,Price
1839,51044,20240619,659,1,5,Detractor,Price
1840,33449,20240821,742,4,8,Passive,Store experience
1841,29782,20240110,1637,1,7,Passive,Price
1842,5420,20250421,720,4,7,Passive,Delivery
1843,49073,20240816,1892,2,7,Passive,Price
1844,44503,20230327,470,10,6,Detractor,Store experience
1845,55312,20240106,1971,3,8,Passive,Support
1846,45647,20230708,1322,10,8,Passive,Delivery
1847,49726,20251012,219,5,4,Detractor,Price
1848,58082,20250701,1724,11,5,Detractor,Website
1849,25705,20240922,892,3,8,Passive,Support
1850,31448,20250426,1333,9,9,Promoter,Product quality
1851,29845,20240927,1207,5,9,Promoter,Support
1852,10479,20250329,1744,8,6,Detractor,Store experience
1853,34239,20241223,707,11,2,Detractor,Product quality
1854,2873,20221103,628,11,8,Passive,Product quality
1855,43521,20230409,1081,6,5,Detractor,Delivery
1856,28409,20240317,1159,9,5,Detractor,Support
1857,43654,20240502,999,10,4,Detractor,Website
1858,5375,20250711,1543,11,7,Passive,Support
1859,26146,20241212,1033,6,7,Passive,Store experience
1860,42226,20250802,183,8,7,Passive,Support
1861,19748,20240815,228,6,10,Promoter,Product quality
1862,5830,20230611,1636,5,5,Detractor,Store experience
1863,5760,20250328,1737,7,6,Detractor,Support
1864,1809,20231120,1718,11,8,Passive,Store experience
1865,32325,20250512,355,9,5,Detractor,Store experience
1866,19613,20241209,1054,7,6,Detractor,Delivery
1867,41679,20250213,1060,8,7,Passive,Product quality
1868,36402,20251024,1962,2,9,Promoter,Website
1869,53580,20230827,712,3,9,Promoter,Website
1870,17604,20240329,1432,2,6,Detractor,Delivery
1871,20354,20251226,1044,8,8,Passive,Store experience
1872,29609,20250226,738,9,8,Passive,Website
1873,7525,20240828,482,6,6,Detractor,Price
1874,11403,20250530,1743,5,7,Passive,Website
1875,30676,20251024,556,12,5,Detractor,Price
1876,32135,20250621,1142,11,8,Passive,Product quality
1877,57663,20230826,1505,5,5,Detractor,Store experience
1878,35839,20251201,1207,7,9,Promoter,Website
1879,35098,20250202,869,10,7,Passive,Support
1880,40871,20240110,1608,8,5,Detractor,Website
1881,11495,20240908,611,2,8,Passive,Delivery
1882,53892,20250524,1223,9,9,Promoter,Store experience
1883,29733,20250809,1732,4,8,Passive,Website
1884,19078,20250713,37,4,5,Detractor,Store experience
1885,38811,20250320,204,11,7,Passive,Delivery
1886,51899,20250403,1353,8,5,Detractor,Store experience
1887,13598,20240712,936,12,6,Detractor,Website
1888,33505,20231003,21,2,6,Detractor,Website
1889,15603,20230116,1605,9,9,Promoter,Price
1890,3373,20250523,269,11,9,Promoter,Product quality
1891,31208,20230715,1051,12,10,Promoter,Delivery
1892,8932,20251115,219,11,6,Detractor,Price
1893,37852,20251030,242,12,9,Promoter,Product quality
1894,1750,20241117,1770,9,9,Promoter,Delivery
1895,31497,20240521,1067,9,6,Detractor,Store experience
1896,33675,20250219,1202,2,6,Detractor,Website
1897,11303,20240317,69,8,7,Passive,Product quality
1898,8418,20250313,1327,9,6,Detractor,Store experience
1899,2233,20230201,946,3,4,Detractor,Delivery
1900,53378,20250511,1318,11,8,Passive,Website
1901,44512,20230625,1850,7,5,Detractor,Product quality
1902,5943,20230608,939,3,6,Detractor,Price
1903,47896,20240411,1111,6,6,Detractor,Product quality
1904,10357,20240815,1623,12,8,Passive,Website
1905,49045,20231110,1679,8,6,Detractor,Price
1906,7235,20230322,28,2,8,Passive,Delivery
1907,55294,20230716,1149,1,4,Detractor,Price
1908,19325,20250418,180,3,8,Passive,Store experience
1909,28558,20241101,1016,6,9,Promoter,Price
1910,10808,20240609,437,3,5,Detractor,Store experience
1911,49394,20250503,1451,8,6,Detractor,Price
1912,13921,20250919,1217,3,9,Promoter,Support
1913,21406,20250801,452,4,7,Passive,Delivery
1914,54475,20250622,69,2,7,Passive,Support
1915,47053,20250305,617,3,5,Detractor,Website
1916,55963,20250507,1611,11,5,Detractor,Website
1917,19152,20240211,849,9,7,Passive,Price
1918,7314,20250328,1026,1,4,Detractor,Website
1919,57359,20251231,1305,4,6,Detractor,Website
1920,26777,20241122,1037,12,8,Passive,Support
1921,45713,20240301,1310,12,7,Passive,Delivery
1922,30763,20240224,957,7,5,Detractor,Website
1923,50908,20240704,1749,2,10,Promoter,Delivery
1924,3678,20241117,1425,12,8,Passive,Support
1925,43442,20240211,977,2,7,Passive,Support
1926,45944,20221016,577,4,7,Passive,Product quality
1927,29857,20230114,447,8,8,Passive,Price
1928,44747,20240402,1499,9,7,Passive,Website
1929,20191,20240621,1825,7,7,Passive,Store experience
1930,30034,20220806,1179,4,8,Passive,Website
1931,24594,20241227,1299,3,7,Passive,Store experience
1932,39450,20251031,745,2,6,Detractor,Delivery
1933,15655,20250104,833,4,7,Passive,Delivery
1934,34566,20230702,267,10,4,Detractor,Website
1935,32054,20250930,501,3,7,Passive,Delivery
1936,7302,20220908,1395,10,7,Passive,Store experience
1937,19621,20230219,1604,9,7,Passive,Price
1938,16461,20220802,1383,12,6,Detractor,Website
1939,46858,20231207,602,10,6,Detractor,Price
1940,50140,20241018,1776,7,7,Passive,Store experience
1941,53757,20251030,479,8,5,Detractor,Website
1942,24324,20240711,1635,11,8,Passive,Website
1943,43905,20230324,53,12,9,Promoter,Product quality
1944,20491,20250408,1041,7,8,Passive,Support
1945,59227,20241109,1243,3,5,Detractor,Delivery
1946,37682,20250701,1697,9,6,Detractor,Product quality
1947,13221,20220713,229,8,8,Passive,Delivery
1948,43145,20241016,1769,9,10,Promoter,Store experience
1949,42529,20230817,201,8,6,Detractor,Delivery
1950,24413,20250803,725,11,2,Detractor,Product quality
1951,40768,20240422,555,1,7,Passive,Store experience
1952,53403,20241002,61,12,7,Passive,Website
1953,22411,20230424,1490,4,8,Passive,Store experience
1954,56551,20230217,287,12,9,Promoter,Support
1955,46315,20250519,311,3,9,Promoter,Support
1956,16711,20230620,205,5,7,Passive,Product quality
1957,57906,20240617,16,1,8,Passive,Store experience
1958,1253,20241228,580,4,7,Passive,Website
1959,10690,20231122,322,7,9,Promoter,Support
1960,52556,20250715,1941,10,10,Promoter,Product quality
1961,47480,20220728,366,5,9,Promoter,Product quality
1962,23934,20240817,1215,7,8,Passive,Product quality
1963,50344,20250410,1014,6,5,Detractor,Support
1964,24880,20250919,337,5,9,Promoter,Store experience
1965,13828,20250701,881,9,7,Passive,Website
1966,24535,20240101,1561,12,7,Passive,Store experience
1967,38810,20240315,1811,5,6,Detractor,Product quality
1968,36195,20250401,921,1,5,Detractor,Price
1969,51579,20240610,1018,11,8,Passive,Price
1970,59560,20240601,1441,8,8,Passive,Support
1971,42598,20241109,399,10,7,Passive,Price
1972,6733,20230401,481,3,8,Passive,Website
1973,7124,20251231,131,11,6,Detractor,Price
1974,57312,20230803,1851,1,5,Detractor,Delivery
1975,55201,20230427,1459,4,7,Passive,Product quality
1976,37174,20240225,442,2,3,Detractor,Delivery
1977,10645,20240404,451,3,7,Passive,Support
1978,55747,20240413,310,5,7,Passive,Delivery
1979,59567,20251231,793,9,2,Detractor,Delivery
1980,50058,20221121,1538,9,7,Passive,Delivery
1981,37114,20241004,1102,1,9,Promoter,Store experience
1982,19227,20250827,1622,6,5,Detractor,Website
1983,19423,20251212,1235,7,6,Detractor,Price
1984,22878,20250216,358,1,6,Detractor,Website
1985,9121,20221028,777,12,6,Detractor,Product quality
1986,25054,20241211,1956,8,6,Detractor,Store experience
1987,22487,20240428,1276,9,8,Passive,Product quality
1988,50235,20250811,479,11,10,Promoter,Product quality
1989,47938,20230313,120,11,10,Promoter,Delivery
1990,18501,20250106,4,1,5,Detractor,Support
1991,48915,20241101,1668,2,6,Detractor,Store experience
1992,56645,20251012,1735,8,8,Passive,Delivery
1993,20026,20250513,7,4,6,Detractor,Store experience
1994,49313,20250704,1451,6,5,Detractor,Website
1995,16341,20241103,924,4,8,Passive,Website
1996,51506,20250130,89,6,7,Passive,Website
1997,10239,20250825,244,4,9,Promoter,Price
1998,46007,20230723,391,11,5,Detractor,Support
1999,10820,20250206,1570,10,4,Detractor,Product quality
2000,58467,20230602,1089,3,10,Promoter,Website
2001,7459,20250110,1622,5,8,Passive,Store experience
2002,4706,20240110,77,10,7,Passive,Product quality
2003,35467,20230413,1585,12,9,Promoter,Delivery
2004,42204,20240210,978,5,6,Detractor,Delivery
2005,8428,20240214,1321,10,6,Detractor,Price
2006,37545,20230523,667,3,8,Passive,Delivery
2007,31875,20251108,1897,11,9,Promoter,Delivery
2008,7808,20240229,1955,2,7,Passive,Delivery
2009,7492,20241217,513,2,5,Detractor,Price
2010,34694,20220530,1535,10,4,Detractor,Support
2011,6625,20240822,1793,10,7,Passive,Website
2012,29853,20231212,1850,6,6,Detractor,Support
2013,49691,20251025,301,2,4,Detractor,Product quality
2014,40796,20240918,1271,4,6,Detractor,Website
2015,43465,20240714,534,3,5,Detractor,Price
2016,7830,20240129,834,7,7,Passive,Product quality
2017,1904,20250125,874,8,8,Passive,Website
2018,38632,20230614,1388,10,8,Passive,Product quality
2019,15942,20251109,1794,5,5,Detractor,Product quality
2020,9654,20231005,108,5,6,Detractor,Delivery
2021,25775,20240121,124,2,7,Passive,Product quality
2022,6050,20240217,418,12,7,Passive,Website
2023,22684,20240227,1335,9,5,Detractor,Product quality
2024,18297,20240120,115,11,7,Passive,Store experience
2025,11547,20241211,433,8,5,Detractor,Delivery
2026,47656,20241023,1913,9,10,Promoter,Support
2027,36969,20250819,820,12,5,Detractor,Website
2028,9875,20241113,488,10,4,Detractor,Store experience
2029,25812,20251031,1025,3,5,Detractor,Store experience
2030,47983,20250313,1156,1,2,Detractor,Price
2031,29985,20250713,592,3,7,Passive,Price
2032,14238,20250412,1993,8,6,Detractor,Price
2033,46094,20250227,932,10,7,Passive,Website
2034,3649,20230411,1810,9,8,Passive,Delivery
2035,198,20230309,1588,10,7,Passive,Support
2036,33734,20250630,824,5,5,Detractor,Price
2037,8764,20240526,1035,11,8,Passive,Price
2038,28930,20230902,23,8,7,Passive,Support
2039,31776,20230630,612,7,5,Detractor,Support
2040,44076,20251113,996,2,8,Passive,Website
2041,8520,20240808,1826,3,4,Detractor,Price
2042,23690,20240826,263,7,10,Promoter,Store experience
2043,9374,20240822,1352,2,8,Passive,Price
2044,59568,20250606,904,2,8,Passive,Support
2045,45587,20240220,934,8,6,Detractor,Delivery
2046,42585,20250928,689,4,6,Detractor,Delivery
2047,28240,20241213,229,6,6,Detractor,Website
2048,4527,20240702,1441,9,6,Detractor,Product quality
2049,24017,20231228,795,4,10,Promoter,Support
2050,55696,20240427,1663,8,8,Passive,Store experience
2051,17261,20250829,1420,10,7,Passive,Price
2052,50554,20250802,707,6,5,Detractor,Product quality
2053,9290,20231213,578,2,6,Detractor,Store experience
2054,23530,20240712,239,9,7,Passive,Website
2055,6080,20240605,998,4,4,Detractor,Website
2056,57020,20241015,940,3,5,Detractor,Price
2057,50454,20251217,9,12,5,Detractor,Store experience
2058,29118,20240216,32,6,6,Detractor,Support
2059,50730,20250813,867,7,7,Passive,Delivery
2060,7780,20231113,821,9,5,Detractor,Website
2061,3080,20230606,313,1,9,Promoter,Product quality
2062,59229,20250611,1916,4,8,Passive,Support
2063,38165,20240415,262,6,6,Detractor,Support
2064,30713,20241225,319,2,5,Detractor,Support
2065,50056,20240203,84,10,8,Passive,Support
2066,39371,20251120,542,1,4,Detractor,Support
2067,53387,20250509,67,8,5,Detractor,Website
2068,29008,20250625,1889,1,7,Passive,Delivery
2069,51548,20230326,1719,5,6,Detractor,Support
2070,45795,20231224,1107,12,8,Passive,Website
2071,26392,20240730,195,9,6,Detractor,Price
2072,32650,20240302,272,8,4,Detractor,Delivery
2073,51711,20240718,52,2,4,Detractor,Product quality
2074,1552,20240131,386,3,7,Passive,Price
2075,2093,20221009,973,3,10,Promoter,Price
2076,45898,20230705,537,5,5,Detractor,Delivery
2077,45327,20250424,898,5,5,Detractor,Support
2078,4650,20241104,1408,6,5,Detractor,Website
2079,40918,20251216,34,6,5,Detractor,Delivery
2080,2487,20241126,1215,5,9,Promoter,Website
2081,2854,20221104,1773,8,4,Detractor,Support
2082,42131,20231001,343,1,8,Passive,Website
2083,55571,20230426,1451,4,4,Detractor,Store experience
2084,15538,20230908,418,3,6,Detractor,Price
2085,47306,20241018,1687,9,8,Passive,Store experience
2086,19214,20240511,868,1,5,Detractor,Website
2087,17374,20240820,1337,6,10,Promoter,Product quality
2088,639,20240917,1099,11,8,Passive,Delivery
2089,55430,20250404,1829,10,10,Promoter,Support
2090,49953,20250324,1338,3,5,Detractor,Website
2091,53862,20240830,1849,9,9,Promoter,Store experience
2092,18027,20231116,993,12,8,Passive,Delivery
2093,19990,20230724,1786,1,8,Passive,Support
2094,42103,20231128,1493,7,6,Detractor,Support
2095,33714,20250729,414,3,6,Detractor,Product quality
2096,11146,20241127,1636,12,10,Promoter,Support
2097,27480,20240622,1414,7,6,Detractor,Store experience
2098,9644,20241106,1729,6,8,Passive,Delivery
2099,54234,20240418,874,12,6,Detractor,Product quality
2100,29143,20230618,229,11,10,Promoter,Store experience
2101,16058,20220926,1958,10,8,Passive,Store experience
2102,50334,20230523,275,12,8,Passive,Store experience
2103,39092,20241226,52,6,6,Detractor,Support
2104,49972,20230218,977,9,3,Detractor,Store experience
2105,13660,20241008,1418,11,7,Passive,Support
2106,55904,20250905,1205,10,7,Passive,Delivery
2107,46131,20250328,100,10,7,Passive,Price
2108,15051,20251121,1172,9,7,Passive,Support
2109,54395,20230521,416,2,5,Detractor,Website
2110,45752,20231105,1234,11,7,Passive,Store experience
2111,7195,20231216,1985,9,5,Detractor,Website
2112,56842,20221012,1657,10,7,Passive,Website
2113,42995,20230826,1193,11,9,Promoter,Website
2114,19888,20240104,213,2,8,Passive,Store experience
2115,52423,20251007,142,11,9,Promoter,Website
2116,5856,20250429,1754,4,7,Passive,Website
2117,44390,20231207,178,4,6,Detractor,Store experience
2118,49419,20240301,670,4,5,Detractor,Product quality
2119,53312,20220912,1458,9,6,Detractor,Product quality
2120,30231,20230922,1030,3,3,Detractor,Price
2121,24271,20250209,936,11,7,Passive,Price
2122,2375,20221225,1557,8,6,Detractor,Support
2123,47491,20240126,70,1,10,Promoter,Website
2124,8856,20230805,1588,7,8,Passive,Store experience
2125,51117,20250605,1452,3,6,Detractor,Store experience
2126,631,20251010,361,11,7,Passive,Website
2127,51597,20231008,1718,6,7,Passive,Support
2128,47470,20250316,528,10,5,Detractor,Website
2129,41745,20240507,1397,7,6,Detractor,Store experience
2130,39428,20240719,289,12,7,Passive,Store experience
2131,30698,20251106,22,7,5,Detractor,Support
2132,4440,20240304,383,12,5,Detractor,Delivery
2133,41368,20240907,1467,12,6,Detractor,Website
2134,32011,20240521,339,6,8,Passive,Support
2135,5115,20240718,1441,12,7,Passive,Store experience
2136,15604,20230206,383,11,7,Passive,Store experience
2137,11372,20250308,1810,1,5,Detractor,Store experience
2138,20411,20251231,109,8,7,Passive,Price
2139,7625,20220627,445,3,7,Passive,Delivery
2140,26323,20250224,1531,10,6,Detractor,Delivery
2141,32719,20250310,1347,3,8,Passive,Website
2142,5869,20241003,141,7,1,Detractor,Delivery
2143,48405,20250711,891,11,6,Detractor,Store experience
2144,8354,20241124,634,12,5,Detractor,Website
2145,55513,20230911,190,6,4,Detractor,Delivery
2146,51365,20220802,1144,6,10,Promoter,Store experience
2147,52334,20250319,1471,5,10,Promoter,Support
2148,27905,20230314,1535,9,5,Detractor,Website
2149,33544,20240917,219,11,6,Detractor,Store experience
2150,22772,20251108,659,2,5,Detractor,Website
2151,57015,20240916,1164,8,10,Promoter,Delivery
2152,9826,20221024,1179,12,6,Detractor,Store experience
2153,42760,20241018,609,12,4,Detractor,Store experience
2154,17557,20250114,426,6,6,Detractor,Product quality
2155,32765,20251030,616,9,8,Passive,Support
2156,36019,20231210,15,11,6,Detractor,Website
2157,13994,20230620,522,8,6,Detractor,Price
2158,15715,20230930,388,1,9,Promoter,Website
2159,4793,20250120,1268,4,7,Passive,Price
2160,30126,20240314,913,11,7,Passive,Delivery
2161,52542,20240429,258,11,5,Detractor,Support
2162,46159,20220615,1076,4,8,Passive,Website
2163,15743,20240811,1122,7,5,Detractor,Price
2164,33299,20250928,1674,3,4,Detractor,Website
2165,54949,20241016,457,4,8,Passive,Store experience
2166,11223,20240201,1194,6,9,Promoter,Delivery
2167,48427,20230410,1828,6,7,Passive,Delivery
2168,17381,20231005,1305,1,8,Passive,Price
2169,2075,20250427,538,9,10,Promoter,Price
2170,56496,20231201,984,11,5,Detractor,Delivery
2171,55321,20230204,166,7,5,Detractor,Website
2172,6040,20230806,670,11,8,Passive,Delivery
2173,55246,20231209,1229,6,4,Detractor,Price
2174,40380,20241205,1544,3,7,Passive,Store experience
2175,54255,20231218,1100,1,6,Detractor,Website
2176,11126,20240813,111,9,9,Promoter,Price
2177,17783,20250212,766,3,9,Promoter,Price
2178,58529,20250321,353,4,8,Passive,Store experience
2179,46896,20250530,960,5,7,Passive,Delivery
2180,45888,20240612,1113,4,8,Passive,Delivery
2181,50026,20230124,1655,10,9,Promoter,Price
2182,23802,20240326,634,11,7,Passive,Price
2183,2401,20240723,1385,9,4,Detractor,Price
2184,45444,20240515,1965,8,8,Passive,Price
2185,5966,20240129,1946,12,7,Passive,Store experience
2186,34145,20240219,878,3,5,Detractor,Support
2187,25479,20230312,1013,7,9,Promoter,Website
2188,46784,20250923,232,2,6,Detractor,Support
2189,50544,20240711,1433,3,10,Promoter,Website
2190,21795,20250717,825,2,8,Passive,Support
2191,8477,20230918,1365,10,10,Promoter,Price
2192,20974,20231015,809,3,6,Detractor,Website
2193,12788,20251105,1118,7,8,Passive,Store experience
2194,58227,20231116,691,12,7,Passive,Price
2195,11428,20251231,863,2,5,Detractor,Delivery
2196,4486,20250126,1050,5,7,Passive,Website
2197,50390,20251023,358,10,4,Detractor,Support
2198,9371,20240205,225,9,8,Passive,Support
2199,13997,20241202,1764,11,8,Passive,Store experience
2200,45938,20240620,1637,8,8,Passive,Delivery
2201,54054,20231109,876,10,5,Detractor,Product quality
2202,44714,20250423,1353,1,6,Detractor,Delivery
2203,56073,20240118,507,7,9,Promoter,Store experience
2204,53260,20230301,1675,7,5,Detractor,Support
2205,25908,20250202,430,9,7,Passive,Product quality
2206,44414,20221209,1954,6,6,Detractor,Store experience
2207,17633,20251114,426,9,8,Passive,Support
2208,30459,20240827,1288,9,7,Passive,Delivery
2209,9057,20220815,1030,12,8,Passive,Delivery
2210,32461,20240716,1926,2,9,Promoter,Price
2211,10823,20231213,582,5,6,Detractor,Website
2212,46020,20240814,907,10,7,Passive,Product quality
2213,5984,20250531,1275,5,9,Promoter,Support
2214,18093,20251003,1923,7,6,Detractor,Website
2215,58625,20240923,206,1,7,Passive,Support
2216,11239,20240116,50,7,6,Detractor,Website
2217,9925,20231211,1079,3,6,Detractor,Support
2218,51247,20250921,458,2,10,Promoter,Store experience
2219,53427,20251231,1977,8,10,Promoter,Delivery
2220,42764,20240529,1598,2,10,Promoter,Support
2221,12879,20240101,911,5,7,Passive,Delivery
2222,35464,20230504,1828,2,4,Detractor,Product quality
2223,30909,20231226,680,3,6,Detractor,Delivery
2224,7509,20230907,877,6,5,Detractor,Product quality
2225,13826,20250323,84,6,7,Passive,Product quality
2226,14789,20240903,1203,5,7,Passive,Support
2227,52617,20241002,1423,3,6,Detractor,Delivery
2228,23256,20230120,1517,9,8,Passive,Price
2229,50031,20240129,733,10,8,Passive,Support
2230,19635,20250220,1123,2,4,Detractor,Product quality
2231,49773,20230104,1168,8,7,Passive,Product quality
2232,15017,20230321,39,5,6,Detractor,Delivery
2233,13131,20251130,1968,7,10,Promoter,Product quality
2234,29109,20241110,388,6,6,Detractor,Price
2235,15100,20250906,285,8,7,Passive,Support
2236,14303,20230308,1976,7,9,Promoter,Support
2237,59133,20240813,1478,10,4,Detractor,Product quality
2238,38993,20250315,295,4,9,Promoter,Website
2239,12017,20230623,1045,6,6,Detractor,Price
2240,50496,20230614,1629,4,5,Detractor,Price
2241,52066,20230915,1220,5,6,Detractor,Website
2242,59802,20220922,461,4,8,Passive,Product quality
2243,58015,20240114,1767,11,8,Passive,Support
2244,32420,20230630,1408,12,7,Passive,Product quality
2245,41784,20220928,1123,2,6,Detractor,Support
2246,2499,20221130,1617,10,8,Passive,Price
2247,57009,20250211,1765,7,9,Promoter,Product quality
2248,29381,20250227,63,1,5,Detractor,Price
2249,1284,20241010,1549,3,7,Passive,Product quality
2250,49595,20250119,1893,1,8,Passive,Store experience
2251,11748,20250525,767,6,5,Detractor,Support
2252,3245,20251011,1219,8,7,Passive,Delivery
2253,2790,20240531,1165,3,5,Detractor,Price
2254,3638,20240214,1489,7,7,Passive,Store experience
2255,44109,20250124,741,6,5,Detractor,Store experience
2256,17248,20251231,740,10,10,Promoter,Delivery
2257,54775,20251120,1798,2,7,Passive,Price
2258,56890,20250401,760,5,7,Passive,Support
2259,23802,20240324,634,11,8,Passive,Store experience
2260,51738,20240801,985,6,9,Promoter,Price
2261,12121,20241001,1920,1,6,Detractor,Support
2262,42173,20240720,142,8,8,Passive,Price
2263,11294,20230829,1812,4,8,Passive,Support
2264,20451,20241016,1638,12,8,Passive,Store experience
2265,51798,20250102,836,12,6,Detractor,Support
2266,32500,20250722,1914,1,5,Detractor,Support
2267,37178,20221104,1041,1,6,Detractor,Price
2268,37304,20231211,1221,8,7,Passive,Store experience
2269,58027,20240712,28,3,10,Promoter,Delivery
2270,13900,20230709,1934,3,8,Passive,Store experience
2271,57462,20240229,469,2,8,Passive,Store experience
2272,46676,20221116,508,8,6,Detractor,Delivery
2273,19761,20251231,103,9,9,Promoter,Delivery
2274,34766,20251231,86,4,5,Detractor,Product quality
2275,30605,20240424,777,4,4,Detractor,Delivery
2276,46281,20240404,1724,12,6,Detractor,Price
2277,7021,20251220,185,8,9,Promoter,Store experience
2278,9704,20240115,1032,3,7,Passive,Store experience
2279,35993,20241227,1920,10,6,Detractor,Product quality
2280,2568,20251022,156,8,9,Promoter,Website
2281,21125,20240715,101,4,6,Detractor,Website
2282,38424,20250208,1500,5,7,Passive,Product quality
2283,15364,20240322,1431,3,8,Passive,Price
2284,10700,20240705,1233,5,7,Passive,Website
2285,49230,20240722,639,11,6,Detractor,Price
2286,2654,20250803,1973,3,7,Passive,Product quality
2287,35700,20240412,707,11,7,Passive,Website
2288,33820,20251231,396,11,6,Detractor,Support
2289,6800,20250907,49,2,9,Promoter,Delivery
2290,25936,20230628,1098,7,6,Detractor,Store experience
2291,52847,20240531,410,9,7,Passive,Website
2292,22887,20250129,574,11,6,Detractor,Website
2293,31678,20230521,681,11,8,Passive,Store experience
2294,2621,20221223,59,11,7,Passive,Delivery
2295,59161,20230518,1026,7,7,Passive,Product quality
2296,49732,20250130,1353,12,9,Promoter,Support
2297,47587,20230530,1436,4,5,Detractor,Delivery
2298,51502,20250224,1208,3,9,Promoter,Price
2299,19761,20251231,103,9,9,Promoter,Store experience
2300,53040,20221229,777,6,8,Passive,Website
2301,17010,20221116,1138,7,8,Passive,Website
2302,13133,20240330,1771,12,5,Detractor,Website
2303,40686,20250222,12,9,9,Promoter,Store experience
2304,54177,20231205,1975,4,8,Passive,Delivery
2305,37829,20251030,1031,6,5,Detractor,Delivery
2306,3845,20231215,355,4,3,Detractor,Price
2307,23207,20240123,1989,5,8,Passive,Product quality
2308,52669,20230906,116,8,6,Detractor,Support
2309,1176,20230821,868,4,7,Passive,Price
2310,33539,20251228,1414,9,8,Passive,Price
2311,59163,20251115,348,9,7,Passive,Store experience
2312,11398,20240910,620,12,8,Passive,Store experience
2313,57433,20231015,1662,7,6,Detractor,Product quality
2314,54217,20250801,1074,6,4,Detractor,Product quality
2315,39254,20250223,1019,12,8,Passive,Delivery
2316,11784,20240115,201,9,5,Detractor,Support
2317,34704,20230428,1621,6,10,Promoter,Price
2318,4058,20251220,990,9,9,Promoter,Store experience
2319,18792,20250414,542,7,3,Detractor,Price
2320,44547,20250217,1982,6,5,Detractor,Store experience
2321,26961,20241023,1935,3,7,Passive,Product quality
2322,37146,20221010,554,4,6,Detractor,Support
2323,26274,20240209,1110,7,4,Detractor,Website
2324,3614,20240810,563,12,4,Detractor,Store experience
2325,54680,20240521,48,4,8,Passive,Delivery
2326,19127,20221028,988,3,4,Detractor,Delivery
2327,58936,20240120,419,8,8,Passive,Website
2328,47221,20250203,1258,6,5,Detractor,Support
2329,17604,20240406,1432,2,5,Detractor,Delivery
2330,42197,20250804,1685,8,10,Promoter,Price
2331,46198,20230824,1510,1,6,Detractor,Store experience
2332,17541,20241102,394,8,7,Passive,Support
2333,2700,20251128,959,9,7,Passive,Product quality
2334,28231,20230217,1285,3,8,Passive,Price
2335,19720,20250713,1502,1,8,Passive,Website
2336,55888,20240709,1515,8,6,Detractor,Price
2337,15218,20230423,1570,6,9,Promoter,Support
2338,21592,20221119,1547,6,10,Promoter,Support
2339,36774,20231015,378,6,7,Passive,Delivery
2340,6299,20240817,770,3,9,Promoter,Price
2341,17182,20250720,631,5,9,Promoter,Price
2342,11443,20240130,1035,3,6,Detractor,Support
2343,41420,20221023,1184,3,3,Detractor,Website
2344,21159,20251029,1677,6,6,Detractor,Store experience
2345,44380,20250619,50,9,5,Detractor,Delivery
2346,43460,20250820,1207,8,7,Passive,Product quality
2347,18065,20240719,3,12,5,Detractor,Price
2348,21330,20221123,990,5,8,Passive,Price
2349,34077,20240302,73,2,9,Promoter,Website
2350,52379,20250313,1953,5,7,Passive,Support
2351,37727,20250225,979,5,6,Detractor,Product quality
2352,34944,20240328,1074,9,10,Promoter,Product quality
2353,41094,20240831,1348,9,8,Passive,Price
2354,28862,20250213,1437,10,7,Passive,Price
2355,2183,20250723,1827,10,7,Passive,Price
2356,58432,20230429,258,3,7,Passive,Product quality
2357,59316,20251229,1685,8,7,Passive,Product quality
2358,42437,20250206,623,7,6,Detractor,Support
2359,53669,20240211,97,10,9,Promoter,Website
2360,42993,20251116,945,10,6,Detractor,Website
2361,57449,20240324,1171,6,3,Detractor,Delivery
2362,2209,20230602,252,8,7,Passive,Product quality
2363,35468,20241010,316,6,6,Detractor,Store experience
2364,4563,20240116,1729,3,5,Detractor,Delivery
2365,38724,20250719,184,6,9,Promoter,Support
2366,5091,20240724,366,4,6,Detractor,Delivery
2367,45763,20250416,688,4,9,Promoter,Product quality
2368,24923,20240819,1406,5,6,Detractor,Product quality
2369,34940,20230527,1242,10,7,Passive,Store experience
2370,47447,20250901,448,11,8,Passive,Product quality
2371,34875,20250305,1227,3,9,Promoter,Store experience
2372,49143,20240909,1010,8,8,Passive,Product quality
2373,58649,20240219,1791,7,7,Passive,Website
2374,41797,20250529,354,2,5,Detractor,Delivery
2375,9468,20250830,1247,2,9,Promoter,Support
2376,27005,20250808,801,2,8,Passive,Price
2377,34194,20251124,415,9,8,Passive,Product quality
2378,56977,20250213,1298,12,5,Detractor,Price
2379,31133,20250114,611,4,7,Passive,Product quality
2380,18889,20240905,1436,11,7,Passive,Support
2381,35366,20231022,1048,11,8,Passive,Website
2382,7521,20251015,690,6,10,Promoter,Price
2383,41246,20221120,1337,10,9,Promoter,Website
2384,19875,20221116,41,4,5,Detractor,Support
2385,38802,20250301,1335,12,2,Detractor,Support
2386,22608,20230917,1670,8,4,Detractor,Website
2387,52836,20250315,1398,1,8,Passive,Product quality
2388,17353,20230311,928,4,8,Passive,Support
2389,16110,20251105,98,8,8,Passive,Product quality
2390,57528,20250528,1968,3,6,Detractor,Price
2391,26373,20240824,1896,1,5,Detractor,Support
2392,54,20240120,1506,8,8,Passive,Product quality
2393,16238,20250426,1920,11,5,Detractor,Product quality
2394,21797,20250926,1960,6,5,Detractor,Support
2395,32441,20240725,154,10,8,Passive,Website
2396,19892,20230118,1546,2,4,Detractor,Support
2397,47771,20230621,326,6,6,Detractor,Price
2398,49692,20251104,301,2,6,Detractor,Product quality
2399,27556,20230327,1111,10,8,Passive,Delivery
2400,50587,20240903,510,12,7,Passive,Price
2401,21287,20240115,959,7,7,Passive,Support
2402,47668,20250318,1684,5,5,Detractor,Product quality
2403,735,20221001,1405,3,7,Passive,Price
2404,2232,20230724,1760,2,6,Detractor,Store experience
2405,55256,20240825,1160,2,7,Passive,Support
2406,4174,20240707,1844,5,7,Passive,Store experience
2407,16606,20230609,474,10,8,Passive,Website
2408,47784,20241215,1567,1,8,Passive,Support
2409,22084,20241228,1558,8,6,Detractor,Store experience
2410,31195,20221123,1410,11,3,Detractor,Product quality
2411,12407,20230915,1698,5,4,Detractor,Price
2412,39695,20241230,1124,1,7,Passive,Support
2413,54645,20241019,1245,7,8,Passive,Delivery
2414,35784,20240428,1727,2,5,Detractor,Delivery
2415,28348,20241217,1154,9,6,Detractor,Product quality
2416,17178,20240212,1392,11,6,Detractor,Product quality
2417,25162,20250129,1701,6,7,Passive,Delivery
2418,14330,20240919,28,4,5,Detractor,Price
2419,21178,20241125,1394,1,7,Passive,Support
2420,35954,20240504,1331,2,9,Promoter,Price
2421,12319,20220514,1114,5,8,Passive,Store experience
2422,38399,20251103,616,11,8,Passive,Website
2423,754,20250124,1580,11,8,Passive,Support
2424,5737,20230108,1173,3,5,Detractor,Price
2425,18597,20240507,494,9,8,Passive,Delivery
2426,33679,20250814,1439,6,8,Passive,Support
2427,59336,20250505,1997,8,5,Detractor,Product quality
2428,22687,20250815,1759,8,8,Passive,Website
2429,33440,20241125,1846,5,9,Promoter,Store experience
2430,56750,20231013,1041,5,8,Passive,Website
2431,34397,20240211,521,5,7,Passive,Delivery
2432,57835,20240913,799,6,8,Passive,Product quality
2433,55196,20221230,1608,6,7,Passive,Website
2434,28540,20250917,1022,12,10,Promoter,Store experience
2435,47647,20250727,374,8,9,Promoter,Support
2436,50619,20250104,1516,5,7,Passive,Store experience
2437,36089,20250319,809,12,6,Detractor,Price
2438,34894,20220921,1614,1,10,Promoter,Website
2439,54473,20251212,420,8,8,Passive,Product quality
2440,14537,20250107,1753,12,10,Promoter,Delivery
2441,4417,20231027,267,2,10,Promoter,Support
2442,8834,20230804,1383,1,5,Detractor,Support
2443,57831,20240212,1210,2,9,Promoter,Store experience
2444,22352,20230630,198,7,5,Detractor,Support
2445,14278,20240116,1034,11,6,Detractor,Support
2446,48434,20241009,1910,3,7,Passive,Store experience
2447,447,20231225,122,5,7,Passive,Website
2448,53332,20250616,775,11,7,Passive,Support
2449,3564,20240624,1658,12,7,Passive,Website
2450,3292,20221223,352,9,6,Detractor,Support
2451,24986,20250920,1833,12,8,Passive,Support
2452,28029,20240628,762,9,4,Detractor,Support
2453,6569,20221227,676,11,8,Passive,Website
2454,50381,20221019,1587,12,7,Passive,Support
2455,17511,20230724,795,2,3,Detractor,Delivery
2456,28907,20230620,1242,4,7,Passive,Price
2457,53259,20230227,1675,7,10,Promoter,Website
2458,38320,20230130,1277,6,7,Passive,Support
2459,7858,20240803,1209,8,6,Detractor,Store experience
2460,10812,20240712,1573,5,5,Detractor,Store experience
2461,21697,20241128,1196,10,9,Promoter,Store experience
2462,50362,20231112,1834,1,9,Promoter,Product quality
2463,39796,20240727,1103,12,10,Promoter,Price
2464,10462,20240310,208,6,7,Passive,Store experience
2465,59319,20250923,949,5,6,Detractor,Support
2466,24590,20230503,970,6,7,Passive,Price
2467,15749,20231012,979,4,7,Passive,Price
2468,24468,20250920,1255,5,7,Passive,Delivery
2469,54200,20251022,186,12,9,Promoter,Support
2470,36530,20241213,1209,11,9,Promoter,Store experience
2471,35870,20241007,1808,7,5,Detractor,Support
2472,32977,20250922,1041,11,5,Detractor,Price
2473,33368,20250913,585,4,6,Detractor,Price
2474,22625,20250401,160,10,5,Detractor,Product quality
2475,49528,20220707,1456,6,8,Passive,Delivery
2476,18111,20240705,936,5,8,Passive,Store experience
2477,14871,20240728,288,4,5,Detractor,Store experience
2478,35340,20220831,1489,1,8,Passive,Support
2479,44642,20221119,34,9,9,Promoter,Price
2480,48917,20240728,1926,5,5,Detractor,Website
2481,36498,20230816,1440,8,8,Passive,Price
2482,35390,20230728,1352,7,5,Detractor,Delivery
2483,46425,20221021,74,8,4,Detractor,Product quality
2484,8287,20221106,1636,3,9,Promoter,Product quality
2485,37811,20230830,343,11,7,Passive,Store experience
2486,11034,20240724,1560,11,9,Promoter,Website
2487,7678,20230711,1885,3,5,Detractor,Store experience
2488,56845,20240625,1128,9,7,Passive,Delivery
2489,56314,20231103,891,12,10,Promoter,Store experience
2490,16855,20250527,681,11,10,Promoter,Support
2491,40322,20250810,811,7,7,Passive,Delivery
2492,3569,20250517,770,2,6,Detractor,Price
2493,38414,20251031,694,7,5,Detractor,Product quality
2494,29044,20240101,1168,1,7,Passive,Store experience
2495,4282,20240520,1072,12,5,Detractor,Product quality
2496,30829,20251218,815,11,6,Detractor,Price
2497,32586,20251231,1015,10,7,Passive,Price
2498,38966,20241124,312,5,6,Detractor,Delivery
2499,7417,20250430,1654,6,9,Promoter,Delivery
2500,31209,20230720,1051,12,8,Passive,Price
2501,12411,20230531,1516,10,7,Passive,Product quality
2502,54886,20240708,1096,6,6,Detractor,Store experience
2503,4421,20221126,1676,7,5,Detractor,Price
2504,3546,20230914,1343,7,6,Detractor,Price
2505,7139,20241224,601,2,8,Passive,Delivery
2506,26213,20250814,845,11,6,Detractor,Product quality
2507,29259,20240328,1917,7,8,Passive,Store experience
2508,46182,20230223,167,1,7,Passive,Store experience
2509,27777,20221110,626,10,7,Passive,Price
2510,32385,20240602,1596,8,7,Passive,Store experience
2511,27038,20241206,745,7,7,Passive,Price
2512,45611,20241017,276,5,6,Detractor,Price
2513,47964,20220609,1354,5,7,Passive,Website
2514,40186,20240602,565,4,5,Detractor,Store experience
2515,52280,20250925,634,5,10,Promoter,Store experience
2516,50698,20240703,421,2,7,Passive,Store experience
2517,37080,20250909,124,2,7,Passive,Product quality
2518,55527,20221109,818,5,8,Passive,Product quality
2519,4347,20241203,672,7,8,Passive,Store experience
2520,50905,20240206,1458,10,6,Detractor,Delivery
2521,48870,20250430,293,5,8,Passive,Website
2522,33133,20251103,1718,3,6,Detractor,Store experience
2523,29562,20230427,1804,7,8,Passive,Product quality
2524,35188,20241008,1351,10,7,Passive,Support
2525,30336,20230702,1533,9,8,Passive,Delivery
2526,11881,20241222,330,10,7,Passive,Price
2527,24821,20251231,1896,5,7,Passive,Price
2528,43338,20240810,167,7,6,Detractor,Store experience
2529,55410,20240621,954,2,9,Promoter,Website
2530,24396,20241222,1886,6,10,Promoter,Delivery
2531,40432,20231225,1285,5,9,Promoter,Price
2532,26780,20250113,159,10,6,Detractor,Product quality
2533,47228,20251008,60,7,7,Passive,Support
2534,18146,20251231,1706,12,9,Promoter,Delivery
2535,7704,20240204,331,10,8,Passive,Website
2536,51790,20230129,1241,7,9,Promoter,Support
2537,41877,20250919,779,7,8,Passive,Store experience
2538,9034,20250518,478,10,7,Passive,Support
2539,47860,20230325,525,2,10,Promoter,Support
2540,23835,20220815,1091,6,9,Promoter,Support
2541,35064,20250609,850,12,7,Passive,Price
2542,58898,20251124,365,10,9,Promoter,Delivery
2543,52026,20251108,1956,11,9,Promoter,Product quality
2544,29956,20250205,467,2,5,Detractor,Website
2545,41577,20250106,622,4,5,Detractor,Website
2546,226,20231017,910,12,10,Promoter,Store experience
2547,49739,20231120,1585,2,4,Detractor,Product quality
2548,13083,20230702,924,4,7,Passive,Delivery
2549,33401,20250102,746,11,7,Passive,Support
2550,44306,20250624,871,1,9,Promoter,Delivery
2551,36333,20241008,18,11,6,Detractor,Product quality
2552,41933,20240105,1271,3,9,Promoter,Delivery
2553,39968,20240308,419,11,8,Passive,Delivery
2554,25700,20230325,67,3,8,Passive,Price
2555,50252,20240701,1517,7,6,Detractor,Website
2556,51846,20250321,1822,9,8,Passive,Support
2557,30593,20240224,321,10,5,Detractor,Store experience
2558,27245,20250130,1366,6,8,Passive,Delivery
2559,20889,20251018,1258,10,3,Detractor,Price
2560,33081,20251212,1346,4,6,Detractor,Product quality
2561,55674,20230411,797,9,7,Passive,Delivery
2562,988,20220718,1580,5,10,Promoter,Website
2563,40375,20240714,1044,6,9,Promoter,Store experience
2564,32176,20250306,714,6,5,Detractor,Price
2565,34975,20221214,334,1,8,Passive,Product quality
2566,1388,20250622,656,3,10,Promoter,Delivery
2567,45560,20250309,1969,1,9,Promoter,Support
2568,1221,20240122,1842,9,7,Passive,Delivery
2569,43274,20240830,206,2,7,Passive,Product quality
2570,52736,20231103,1058,9,8,Passive,Website
2571,29176,20240603,665,3,6,Detractor,Delivery
2572,23060,20250208,392,7,8,Passive,Support
2573,44921,20240327,1965,12,9,Promoter,Support
2574,40644,20251231,1387,11,7,Passive,Delivery
2575,19784,20231116,120,1,5,Detractor,Price
2576,49103,20251202,601,3,5,Detractor,Store experience
2577,43084,20230414,861,4,10,Promoter,Product quality
2578,46216,20250324,1156,9,6,Detractor,Support
2579,45698,20250212,1601,11,10,Promoter,Delivery
2580,6748,20230506,1046,2,5,Detractor,Support
2581,44806,20251124,1824,1,9,Promoter,Delivery
2582,1216,20240609,1561,8,6,Detractor,Support
2583,18318,20220706,1766,1,7,Passive,Product quality
2584,12509,20251126,1769,9,5,Detractor,Product quality
2585,1868,20240329,127,7,5,Detractor,Store experience
2586,26192,20250425,1958,3,6,Detractor,Price
2587,39381,20231208,506,8,10,Promoter,Website
2588,22065,20230218,1759,3,7,Passive,Product quality
2589,44083,20230628,1841,11,6,Detractor,Price
2590,18725,20250101,1512,9,5,Detractor,Delivery
2591,31544,20251025,1257,1,6,Detractor,Price
2592,14960,20250921,1799,2,6,Detractor,Product quality
2593,58994,20250829,1369,9,7,Passive,Store experience
2594,39359,20220628,1583,1,7,Passive,Website
2595,40193,20240227,882,2,7,Passive,Support
2596,18892,20221021,153,9,8,Passive,Product quality
2597,51107,20240918,557,4,6,Detractor,Delivery
2598,5507,20250426,97,10,7,Passive,Product quality
2599,53721,20221127,605,6,5,Detractor,Store experience
2600,26246,20250211,646,9,9,Promoter,Support
2601,24687,20230117,1125,12,8,Passive,Website
2602,19166,20240224,1992,7,10,Promoter,Delivery
2603,28181,20250306,1492,7,5,Detractor,Support
2604,49360,20251113,1007,4,7,Passive,Delivery
2605,20463,20250508,105,5,7,Passive,Store experience
2606,11690,20230912,316,1,6,Detractor,Website
2607,9491,20250712,878,4,10,Promoter,Price
2608,20064,20230927,1947,5,7,Passive,Store experience
2609,28048,20241128,1059,6,8,Passive,Support
2610,5339,20220622,262,10,3,Detractor,Store experience
2611,58142,20220429,798,3,6,Detractor,Price
2612,14835,20240223,297,6,5,Detractor,Price
2613,19227,20250930,1622,6,6,Detractor,Product quality
2614,40705,20251008,1440,1,6,Detractor,Support
2615,6795,20241130,860,9,9,Promoter,Support
2616,9039,20240604,1246,12,7,Passive,Delivery
2617,56276,20251205,683,8,6,Detractor,Support
2618,36970,20250907,820,12,6,Detractor,Price
2619,28425,20221004,1117,6,7,Passive,Delivery
2620,39644,20250131,1249,3,4,Detractor,Product quality
2621,50712,20230724,1619,5,8,Passive,Website
2622,21751,20250711,581,10,9,Promoter,Delivery
2623,20029,20240729,823,5,5,Detractor,Store experience
2624,59037,20240626,1482,7,5,Detractor,Price
2625,58396,20241201,1908,1,10,Promoter,Price
2626,17267,20240723,1504,9,10,Promoter,Product quality
2627,27048,20230604,1386,2,4,Detractor,Support
2628,20114,20251120,1975,10,8,Passive,Delivery
2629,51916,20240915,1814,3,7,Passive,Delivery
2630,38968,20241201,312,5,6,Detractor,Website
2631,43188,20240909,921,6,8,Passive,Price
2632,19222,20240425,1678,2,6,Detractor,Delivery
2633,3258,20250608,1909,10,9,Promoter,Website
2634,8015,20240821,42,2,6,Detractor,Product quality
2635,28002,20231130,719,6,8,Passive,Price
2636,11993,20241031,20,2,8,Passive,Support
2637,42520,20240611,1333,10,4,Detractor,Delivery
2638,85,20240916,1016,3,10,Promoter,Product quality
2639,7696,20230115,258,6,9,Promoter,Product quality
2640,15976,20241003,800,1,6,Detractor,Product quality
2641,38640,20240222,1017,11,6,Detractor,Support
2642,16757,20240708,1939,11,9,Promoter,Website
2643,41510,20231223,1257,1,6,Detractor,Price
2644,817,20230228,1081,11,9,Promoter,Support
2645,9362,20241207,1330,10,5,Detractor,Delivery
2646,27774,20220929,626,10,6,Detractor,Product quality
2647,50291,20221116,801,9,7,Passive,Product quality
2648,12573,20250822,632,9,3,Detractor,Price
2649,49455,20240909,367,4,8,Passive,Support
2650,24685,20250413,128,7,7,Passive,Delivery
2651,46905,20251114,638,6,6,Detractor,Store experience
2652,32002,20230219,891,12,7,Passive,Price
2653,2697,20240411,1380,1,9,Promoter,Product quality
2654,19008,20250330,1019,1,8,Passive,Product quality
2655,36768,20240220,981,1,6,Detractor,Delivery
2656,12388,20250706,743,12,4,Detractor,Support
2657,40563,20241210,908,1,7,Passive,Support
2658,58997,20250909,1369,9,7,Passive,Website
2659,33163,20251008,1405,9,8,Passive,Website
2660,57120,20240106,1076,12,8,Passive,Product quality
2661,10354,20240330,790,11,6,Detractor,Delivery
2662,39663,20250314,1841,7,8,Passive,Support
2663,19782,20240213,679,9,9,Promoter,Website
2664,36626,20250826,979,8,4,Detractor,Price
2665,36156,20251211,1148,2,7,Passive,Price
2666,29979,20251013,1524,2,8,Passive,Support
2667,37284,20250606,813,7,8,Passive,Store experience
2668,18501,20250115,4,1,5,Detractor,Store experience
2669,40003,20250317,658,1,9,Promoter,Product quality
2670,30230,20231014,1030,3,8,Passive,Store experience
2671,1729,20240321,1665,11,4,Detractor,Website
2672,14556,20250818,1529,2,8,Passive,Delivery
2673,18956,20240731,1800,2,7,Passive,Product quality
2674,36833,20241209,1977,9,6,Detractor,Price
2675,2091,20221024,973,3,6,Detractor,Price
2676,9028,20250619,1963,9,9,Promoter,Website
2677,21962,20230309,807,8,10,Promoter,Store experience
2678,26190,20230805,235,4,6,Detractor,Website
2679,9251,20240729,1761,6,6,Detractor,Support
2680,10614,20230713,1527,9,10,Promoter,Product quality
2681,44961,20240908,313,12,5,Detractor,Store experience
2682,33990,20250208,1801,9,8,Passive,Product quality
2683,1664,20241118,53,4,5,Detractor,Price
2684,1362,20240910,991,11,4,Detractor,Price
2685,19299,20250827,1041,10,7,Passive,Store experience
2686,38513,20250628,7,9,8,Passive,Support
2687,11210,20231120,1034,1,9,Promoter,Delivery
2688,59684,20250209,525,10,5,Detractor,Website
2689,39402,20221026,948,9,10,Promoter,Support
2690,8673,20240711,1615,11,10,Promoter,Delivery
2691,34005,20250212,528,5,9,Promoter,Delivery
2692,8655,20240917,852,2,6,Detractor,Price
2693,24973,20240416,123,5,7,Passive,Delivery
2694,5752,20241125,338,4,7,Passive,Support
2695,9712,20240508,255,7,5,Detractor,Price
2696,6676,20250810,1646,2,4,Detractor,Delivery
2697,42847,20240805,790,5,7,Passive,Delivery
2698,24924,20240819,1406,5,8,Passive,Product quality
2699,18661,20240627,1364,11,9,Promoter,Product quality
2700,51404,20240512,74,7,8,Passive,Product quality
2701,22372,20251105,1644,7,6,Detractor,Store experience
2702,4646,20230709,1394,8,9,Promoter,Store experience
2703,18088,20230329,275,5,7,Passive,Support
2704,18924,20220301,1955,5,7,Passive,Delivery
2705,54953,20230926,1796,10,6,Detractor,Website
2706,7759,20250825,1552,11,10,Promoter,Support
2707,28067,20230901,833,7,9,Promoter,Price
2708,15207,20241002,645,12,3,Detractor,Price
2709,12638,20240420,326,3,5,Detractor,Price
2710,56222,20250620,260,11,8,Passive,Website
2711,57157,20251123,417,2,5,Detractor,Support
2712,19048,20231020,470,7,9,Promoter,Website
2713,48030,20250616,1233,8,6,Detractor,Website
2714,34086,20221110,336,3,8,Passive,Product quality
2715,49629,20241108,1589,7,8,Passive,Store experience
2716,24580,20240419,672,8,10,Promoter,Website
2717,36842,20221115,584,6,7,Passive,Support
2718,33175,20240626,928,10,5,Detractor,Store experience
2719,19545,20250207,326,2,8,Passive,Store experience
2720,26601,20231224,1807,2,9,Promoter,Delivery
2721,56686,20240729,112,4,5,Detractor,Product quality
2722,41540,20250830,1980,2,8,Passive,Delivery
2723,6316,20250710,1981,2,10,Promoter,Support
2724,48389,20251231,1360,1,6,Detractor,Support
2725,28281,20250524,874,2,8,Passive,Website
2726,19066,20231124,393,5,10,Promoter,Store experience
2727,33374,20251117,35,3,8,Passive,Website
2728,58923,20250314,462,8,9,Promoter,Store experience
2729,59422,20250114,892,11,6,Detractor,Product quality
2730,8706,20240415,1857,4,5,Detractor,Support
2731,5180,20240912,1019,6,6,Detractor,Product quality
2732,36599,20241222,1197,8,8,Passive,Website
2733,4314,20241225,1435,2,9,Promoter,Delivery
2734,48726,20250411,1137,4,9,Promoter,Delivery
2735,22129,20251231,114,7,6,Detractor,Delivery
2736,25059,20250621,924,1,7,Passive,Price
2737,26683,20240528,5,1,6,Detractor,Store experience
2738,35777,20230731,697,4,6,Detractor,Support
2739,8130,20250423,981,3,9,Promoter,Website
2740,33922,20250611,1800,8,9,Promoter,Price
2741,17325,20250310,392,10,9,Promoter,Price
2742,33437,20251212,1118,8,4,Detractor,Product quality
2743,46026,20250329,595,7,8,Passive,Website
2744,50220,20250715,1307,3,7,Passive,Product quality
2745,13499,20241219,1336,5,7,Passive,Price
2746,28584,20250118,826,9,7,Passive,Product quality
2747,33748,20250401,103,5,7,Passive,Support
2748,42926,20221029,1067,1,7,Passive,Support
2749,18804,20240222,1105,6,6,Detractor,Support
2750,41559,20240630,1928,9,5,Detractor,Website
2751,19076,20250711,37,4,7,Passive,Support
2752,28560,20231230,1374,4,10,Promoter,Delivery
2753,5392,20250812,1608,5,9,Promoter,Store experience
2754,13255,20251110,988,6,5,Detractor,Product quality
2755,6909,20240110,1823,2,6,Detractor,Support
2756,5894,20231113,545,10,8,Passive,Delivery
2757,486,20250120,1936,5,8,Passive,Delivery
2758,17332,20230722,440,5,7,Passive,Delivery
2759,20667,20250718,1780,9,8,Passive,Website
2760,7942,20250723,1553,3,8,Passive,Support
2761,9956,20220502,1977,8,6,Detractor,Product quality
2762,26170,20221014,1752,3,4,Detractor,Support
2763,33669,20231222,27,4,7,Passive,Store experience
2764,26333,20230116,58,5,9,Promoter,Support
2765,1582,20240204,1139,1,2,Detractor,Website
2766,43347,20231124,1652,9,7,Passive,Delivery
2767,23095,20230821,1977,12,9,Promoter,Price
2768,21323,20240709,370,6,7,Passive,Support
2769,25212,20230526,543,10,9,Promoter,Support
2770,46065,20240909,1761,4,6,Detractor,Store experience
2771,20574,20240509,219,4,7,Passive,Website
2772,2663,20231101,1958,7,6,Detractor,Delivery
2773,46857,20231220,602,10,6,Detractor,Product quality
2774,49217,20230917,376,9,3,Detractor,Price
2775,3514,20250621,291,8,6,Detractor,Support
2776,35370,20240221,1529,11,10,Promoter,Product quality
2777,55209,20250102,957,10,7,Passive,Price
2778,28773,20250427,1832,5,8,Passive,Price
2779,16831,20230601,1696,8,9,Promoter,Delivery
2780,32370,20231017,1272,9,9,Promoter,Product quality
2781,47495,20230102,363,6,9,Promoter,Store experience
2782,8781,20240316,1364,7,5,Detractor,Product quality
2783,54167,20250606,366,3,7,Passive,Delivery
2784,25568,20220821,1902,8,8,Passive,Product quality
2785,28315,20250204,331,7,6,Detractor,Price
2786,14045,20230812,1637,12,6,Detractor,Website
2787,8558,20240802,650,1,9,Promoter,Delivery
2788,8227,20240313,1745,2,5,Detractor,Price
2789,58083,20250722,1724,11,7,Passive,Price
2790,6676,20250723,1646,2,6,Detractor,Store experience
2791,54575,20250202,271,3,6,Detractor,Price
2792,5881,20250916,1027,4,8,Passive,Delivery
2793,21583,20250906,1366,1,5,Detractor,Support
2794,2554,20241103,1158,10,7,Passive,Delivery
2795,22870,20250729,337,11,3,Detractor,Delivery
2796,13705,20231204,1126,2,6,Detractor,Website
2797,3767,20250117,83,1,8,Passive,Delivery
2798,12109,20220601,724,9,7,Passive,Delivery
2799,40593,20230415,1076,2,8,Passive,Store experience
2800,53554,20220312,1711,5,6,Detractor,Support
2801,20046,20240716,508,3,7,Passive,Product quality
2802,18033,20250925,242,1,8,Passive,Product quality
2803,33549,20251231,1517,8,7,Passive,Support
2804,2419,20250724,1381,1,9,Promoter,Support
2805,25571,20240817,1823,1,8,Passive,Price
2806,59281,20230816,1501,11,7,Passive,Store experience
2807,28240,20241228,229,6,6,Detractor,Price
2808,18110,20240726,936,5,8,Passive,Support
2809,17167,20230622,1698,9,8,Passive,Product quality
2810,52377,20250211,1953,5,7,Passive,Store experience
2811,1874,20230812,1326,7,4,Detractor,Store experience
2812,58627,20230711,1513,4,6,Detractor,Product quality
2813,14714,20241025,127,2,8,Passive,Support
2814,19323,20240925,1291,8,4,Detractor,Price
2815,836,20250715,1652,1,9,Promoter,Product quality
2816,20199,20240523,1882,9,9,Promoter,Store experience
2817,56537,20250322,1729,2,8,Passive,Support
2818,13426,20240409,1718,7,5,Detractor,Product quality
2819,16194,20240129,1477,10,7,Passive,Price
2820,12440,20230419,1703,4,7,Passive,Delivery
2821,3709,20230423,314,10,9,Promoter,Store experience
2822,7593,20251013,782,12,7,Passive,Website
2823,48402,20250121,188,6,8,Passive,Support
2824,25188,20251231,1358,12,10,Promoter,Price
2825,477,20240324,1942,3,6,Detractor,Price
2826,11520,20231118,877,4,6,Detractor,Delivery
2827,29653,20240428,694,8,6,Detractor,Support
2828,30281,20240505,789,1,7,Passive,Price
2829,21780,20240309,367,10,5,Detractor,Store experience
2830,10350,20251231,44,7,5,Detractor,Delivery
2831,15200,20240202,1794,4,4,Detractor,Product quality
2832,7454,20250828,263,1,8,Passive,Website
2833,29917,20230206,1819,8,7,Passive,Store experience
2834,762,20250518,157,4,4,Detractor,Store experience
2835,43366,20251030,1928,9,8,Passive,Support
2836,20957,20231116,1970,9,6,Detractor,Price
2837,38720,20250630,184,6,7,Passive,Website
2838,21385,20231211,1832,12,9,Promoter,Support
2839,25562,20250801,1978,10,6,Detractor,Support
2840,42542,20230803,1613,10,7,Passive,Support
2841,14350,20231129,786,4,7,Passive,Product quality
2842,51388,20251231,1033,10,8,Passive,Delivery
2843,49149,20251106,934,2,10,Promoter,Website
2844,44647,20240920,114,3,8,Passive,Store experience
2845,15315,20230225,310,12,10,Promoter,Store experience
2846,26538,20230916,71,7,7,Passive,Support
2847,38910,20230921,839,5,6,Detractor,Support
2848,29105,20230616,221,9,7,Passive,Product quality
2849,31021,20230513,294,8,6,Detractor,Product quality
2850,34328,20230216,1001,4,7,Passive,Delivery
2851,36595,20241224,1414,8,7,Passive,Support
2852,10509,20250803,1636,12,7,Passive,Store experience
2853,56957,20250723,1777,7,9,Promoter,Store experience
2854,7825,20250219,1162,1,7,Passive,Website
2855,20530,20221208,323,11,2,Detractor,Website
2856,9524,20240217,1741,8,6,Detractor,Product quality
2857,24309,20251113,1120,7,6,Detractor,Website
2858,50085,20250406,824,6,6,Detractor,Website
2859,31616,20230113,141,1,5,Detractor,Support
2860,13465,20240826,1632,3,8,Passive,Price
2861,28607,20250406,1186,9,10,Promoter,Support
2862,16243,20250107,465,5,7,Passive,Website
2863,34079,20250722,935,2,6,Detractor,Website
2864,33570,20221209,1806,4,7,Passive,Delivery
2865,786,20240308,508,6,7,Passive,Website
2866,36445,20240615,1726,10,6,Detractor,Price
2867,35611,20240520,638,1,5,Detractor,Price
2868,21486,20221021,293,5,7,Passive,Product quality
2869,45794,20240107,1107,12,10,Promoter,Store experience
2870,45608,20250506,635,6,9,Promoter,Delivery
2871,2488,20241111,1215,5,8,Passive,Delivery
2872,5222,20250720,17,6,7,Passive,Price
2873,50499,20251106,823,4,4,Detractor,Price
2874,56557,20230105,1218,10,6,Detractor,Store experience
2875,19570,20240606,184,1,9,Promoter,Product quality
2876,41571,20251231,974,6,7,Passive,Store experience
2877,37933,20231217,1472,5,8,Passive,Product quality
2878,8317,20241004,537,3,9,Promoter,Product quality
2879,55875,20240414,1260,3,6,Detractor,Price
2880,10211,20251127,71,7,4,Detractor,Store experience
2881,54414,20251227,410,10,9,Promoter,Delivery
2882,57941,20230803,1134,5,6,Detractor,Website
2883,1104,20240428,169,11,10,Promoter,Product quality
2884,35290,20240830,759,7,4,Detractor,Price
2885,8334,20220922,1624,3,10,Promoter,Website
2886,23180,20240806,1171,1,10,Promoter,Product quality
2887,38045,20240702,492,3,10,Promoter,Delivery
2888,13486,20230921,1276,1,7,Passive,Price
2889,31038,20240411,39,6,8,Passive,Delivery
2890,11378,20250413,884,11,7,Passive,Delivery
2891,5200,20240911,1084,12,7,Passive,Website
2892,54860,20231126,1619,8,10,Promoter,Store experience
2893,21280,20251225,1420,7,8,Passive,Product quality
2894,24741,20241216,1656,4,5,Detractor,Product quality
2895,3979,20230306,1091,10,4,Detractor,Website
2896,50392,20251027,358,10,5,Detractor,Website
2897,38608,20230123,1786,1,6,Detractor,Website
2898,26727,20251018,789,5,8,Passive,Support
2899,19311,20230913,848,5,10,Promoter,Store experience
2900,5645,20230411,1157,2,6,Detractor,Store experience
2901,10552,20240614,520,2,3,Detractor,Store experience
2902,5390,20230423,1738,10,4,Detractor,Delivery
2903,55172,20250713,786,2,9,Promoter,Website
2904,44908,20231203,1554,2,8,Passive,Store experience
2905,928,20251224,1793,5,7,Passive,Delivery
2906,28696,20250206,1421,7,10,Promoter,Delivery
2907,52440,20251121,1783,2,8,Passive,Store experience
2908,11732,20240304,1055,7,7,Passive,Support
2909,18916,20231230,1146,9,6,Detractor,Store experience
2910,7335,20250813,978,5,7,Passive,Website
2911,3732,20240714,928,3,9,Promoter,Website
2912,9496,20230101,1371,11,8,Passive,Product quality
2913,25633,20250628,1238,7,6,Detractor,Delivery
2914,7695,20230116,258,6,7,Passive,Support
2915,55931,20221214,1970,10,6,Detractor,Product quality
2916,49622,20231025,1250,5,9,Promoter,Store experience
2917,9362,20241124,1330,10,9,Promoter,Support
2918,23654,20240125,1896,4,4,Detractor,Store experience
2919,33681,20230313,536,3,6,Detractor,Support
2920,38039,20251231,172,5,7,Passive,Product quality
2921,54651,20251216,1460,1,7,Passive,Product quality
2922,49104,20221105,1762,2,7,Passive,Product quality
2923,39672,20250319,1827,9,8,Passive,Price
2924,54814,20250720,495,3,8,Passive,Delivery
2925,32648,20251226,313,9,8,Passive,Product quality
2926,24595,20241222,1299,3,7,Passive,Website
2927,6816,20250728,84,7,10,Promoter,Website
2928,39838,20251231,1164,5,8,Passive,Store experience
2929,44286,20240503,383,5,8,Passive,Website
2930,42292,20240116,590,12,4,Detractor,Support
2931,38278,20241127,428,1,6,Detractor,Store experience
2932,15780,20240416,788,7,5,Detractor,Product quality
2933,13858,20240817,122,6,6,Detractor,Product quality
2934,31372,20251114,215,12,10,Promoter,Support
2935,9038,20240603,1246,12,7,Passive,Product quality
2936,7476,20230830,799,10,5,Detractor,Delivery
2937,24991,20230606,740,8,8,Passive,Price
2938,47646,20250626,374,8,7,Passive,Store experience
2939,9666,20240508,1088,8,7,Passive,Website
2940,15258,20240822,356,10,5,Detractor,Price
2941,32519,20230113,1403,11,8,Passive,Support
2942,4280,20240514,1072,12,6,Detractor,Store experience
2943,46842,20251002,786,10,3,Detractor,Price
2944,4957,20240304,555,5,7,Passive,Website
2945,23204,20241121,625,6,4,Detractor,Website
2946,57880,20221025,1088,3,10,Promoter,Website
2947,46356,20251004,1084,2,5,Detractor,Website
2948,44558,20250103,1407,12,6,Detractor,Product quality
2949,18699,20250102,1810,5,6,Detractor,Store experience
2950,50641,20250307,1783,8,9,Promoter,Website
2951,50891,20250428,1212,9,7,Passive,Price
2952,4519,20250728,382,4,10,Promoter,Website
2953,63,20240316,43,12,5,Detractor,Website
2954,11991,20241024,20,2,6,Detractor,Product quality
2955,3588,20250801,29,9,5,Detractor,Product quality
2956,54529,20240915,1136,3,6,Detractor,Support
2957,34702,20240609,1929,8,7,Passive,Delivery
2958,25358,20251213,1326,2,7,Passive,Price
2959,59858,20230816,1582,8,7,Passive,Price
2960,50501,20231129,1517,3,7,Passive,Support
2961,53300,20250711,1642,10,6,Detractor,Product quality
2962,4076,20240319,803,12,7,Passive,Store experience
2963,28697,20240411,741,1,7,Passive,Product quality
2964,36735,20250422,440,3,10,Promoter,Product quality
2965,47366,20250518,786,10,8,Passive,Website
2966,59644,20241127,1341,8,7,Passive,Product quality
2967,49160,20240207,373,5,6,Detractor,Website
2968,46702,20250410,1132,7,8,Passive,Price
2969,8452,20221207,1164,7,7,Passive,Support
2970,44307,20250603,871,1,10,Promoter,Product quality
2971,27943,20231119,66,11,8,Passive,Store experience
2972,11012,20240524,1917,11,9,Promoter,Support
2973,22263,20250923,495,7,6,Detractor,Price
2974,47575,20251129,1998,9,3,Detractor,Price
2975,16987,20250530,814,6,5,Detractor,Product quality
2976,26251,20240106,1434,6,4,Detractor,Price
2977,35950,20250206,1575,6,3,Detractor,Product quality
2978,23004,20250711,65,9,6,Detractor,Product quality
2979,52484,20250213,984,11,9,Promoter,Price
2980,36746,20250413,1274,12,6,Detractor,Support
2981,17955,20250116,851,12,8,Passive,Support
2982,47391,20231223,1270,5,10,Promoter,Store experience
2983,24293,20230515,29,8,8,Passive,Store experience
2984,44640,20230506,482,11,10,Promoter,Website
2985,54196,20240806,1191,12,6,Detractor,Store experience
2986,45182,20240514,1591,9,4,Detractor,Website
2987,20472,20220523,814,6,7,Passive,Product quality
2988,28170,20231011,200,5,7,Passive,Price
2989,5806,20240717,1695,11,5,Detractor,Support
2990,49347,20250601,1806,12,7,Passive,Support
2991,40826,20230425,678,3,7,Passive,Delivery
2992,44977,20240103,714,5,5,Detractor,Delivery
2993,50356,20250626,1955,7,5,Detractor,Support
2994,6112,20250105,1788,9,5,Detractor,Website
2995,32144,20241001,1946,1,5,Detractor,Website
2996,8547,20240311,1899,3,9,Promoter,Website
2997,48513,20240814,1191,12,4,Detractor,Store experience
2998,54639,20230501,1302,2,7,Passive,Store experience
2999,41416,20220609,445,7,8,Passive,Store experience
3000,4914,20240502,15,11,7,Passive,Support
3001,41856,20250731,409,7,6,Detractor,Store experience
3002,28600,20231115,353,3,10,Promoter,Product quality
3003,41885,20251011,444,9,10,Promoter,Price
3004,25857,20230627,801,4,4,Detractor,Support
3005,12497,20240315,1256,11,4,Detractor,Product quality
3006,32307,20240224,568,6,9,Promoter,Product quality
3007,58119,20240717,651,3,8,Passive,Store experience
3008,45521,20221210,340,11,6,Detractor,Store experience
3009,46202,20240326,1718,2,7,Passive,Store experience
3010,46283,20231002,299,12,4,Detractor,Store experience
3011,43272,20240917,206,2,6,Detractor,Price
3012,16145,20240930,1439,2,8,Passive,Website
3013,57643,20251025,1023,8,6,Detractor,Store experience
3014,51344,20231005,977,6,8,Passive,Price
3015,17105,20240220,1644,11,10,Promoter,Product quality
3016,12268,20250127,354,10,7,Passive,Delivery
3017,42923,20220526,1202,7,1,Detractor,Store experience
3018,23860,20250324,1992,2,10,Promoter,Product quality
3019,31980,20250711,214,3,9,Promoter,Website
3020,4683,20240626,1208,10,5,Detractor,Product quality
3021,11001,20241022,839,8,8,Passive,Product quality
3022,38954,20231214,786,6,6,Detractor,Delivery
3023,1567,20250112,766,2,6,Detractor,Website
3024,20007,20240317,607,10,7,Passive,Website
3025,9351,20220515,518,7,5,Detractor,Store experience
3026,5380,20231116,519,2,6,Detractor,Support
3027,21984,20240910,1820,7,10,Promoter,Support
3028,37944,20250911,922,1,9,Promoter,Website
3029,18108,20240319,572,4,8,Passive,Support
3030,58073,20230905,196,5,6,Detractor,Delivery
3031,18183,20241112,1346,8,9,Promoter,Price
3032,28247,20230419,306,10,6,Detractor,Website
3033,58701,20241003,149,2,7,Passive,Delivery
3034,43317,20240927,1449,1,5,Detractor,Product quality
3035,51280,20230619,1580,4,7,Passive,Product quality
3036,51393,20240904,546,1,7,Passive,Support
3037,53939,20250719,996,11,7,Passive,Delivery
3038,46559,20250501,443,1,6,Detractor,Support
3039,30292,20250520,57,6,10,Promoter,Store experience
3040,51547,20230307,1719,5,7,Passive,Delivery
3041,47639,20250808,1644,10,6,Detractor,Price
3042,2419,20250722,1381,1,8,Passive,Website
3043,13765,20230628,749,6,4,Detractor,Product quality
3044,57367,20241010,252,7,9,Promoter,Product quality
3045,51202,20240307,945,7,9,Promoter,Store experience
3046,6887,20241113,1200,12,8,Passive,Product quality
3047,51561,20240523,1353,1,7,Passive,Delivery
3048,36272,20250208,1304,8,9,Promoter,Price
3049,4468,20240416,833,4,3,Detractor,Support
3050,5864,20241108,1461,11,5,Detractor,Support
3051,44700,20230418,1811,12,6,Detractor,Product quality
3052,57647,20240229,1302,4,6,Detractor,Price
3053,35742,20230720,408,1,7,Passive,Delivery
3054,18984,20251231,1731,11,5,Detractor,Website
3055,57874,20240503,706,3,7,Passive,Delivery
3056,3548,20241224,815,4,7,Passive,Product quality
3057,34320,20240604,71,3,5,Detractor,Store experience
3058,28041,20240514,1203,8,7,Passive,Product quality
3059,41034,20241109,1759,8,6,Detractor,Website
3060,34973,20250327,810,5,9,Promoter,Store experience
3061,14757,20250528,1404,3,6,Detractor,Delivery
3062,19851,20250306,970,2,8,Passive,Delivery
3063,14742,20251126,911,5,7,Passive,Store experience
3064,39374,20251029,542,1,8,Passive,Website
3065,30832,20250919,1998,12,5,Detractor,Website
3066,24409,20230510,1252,8,7,Passive,Support
3067,40079,20230917,1045,7,7,Passive,Support
3068,50681,20250724,1795,2,8,Passive,Website
3069,35073,20220728,1911,3,10,Promoter,Price
3070,42220,20251009,513,12,7,Passive,Delivery
3071,4399,20240603,1902,1,8,Passive,Delivery
3072,13179,20241112,1192,2,8,Passive,Support
3073,11437,20240604,1461,3,5,Detractor,Price
3074,13257,20250112,1399,8,7,Passive,Delivery
3075,35007,20240206,341,2,7,Passive,Support
3076,34800,20241024,1072,9,8,Passive,Store experience
3077,42191,20230727,1424,3,10,Promoter,Store experience
3078,54347,20251203,514,4,7,Passive,Price
3079,9630,20250820,142,5,2,Detractor,Store experience
3080,6406,20250828,1544,12,5,Detractor,Price
3081,9475,20240418,562,9,5,Detractor,Delivery
3082,6641,20220420,1874,10,4,Detractor,Delivery
3083,53189,20250530,1258,4,10,Promoter,Price
3084,22566,20240213,525,8,2,Detractor,Delivery
3085,10451,20250107,1477,5,6,Detractor,Store experience
3086,12315,20231122,198,10,7,Passive,Price
3087,46422,20241018,477,2,9,Promoter,Store experience
3088,22788,20231022,617,1,8,Passive,Product quality
3089,49174,20230412,1050,5,6,Detractor,Price
3090,51538,20250411,1808,9,8,Passive,Delivery
3091,19236,20221014,1425,5,6,Detractor,Price
3092,53002,20240327,215,1,7,Passive,Store experience
3093,26144,20250528,1107,10,7,Passive,Delivery
3094,36089,20250217,809,12,8,Passive,Product quality
3095,3543,20230410,1130,6,8,Passive,Website
3096,45656,20251202,931,8,10,Promoter,Store experience
3097,31454,20250103,1028,11,6,Detractor,Support
3098,33536,20220523,74,2,8,Passive,Store experience
3099,50249,20240512,1266,10,5,Detractor,Store experience
3100,37380,20231203,88,11,3,Detractor,Price
3101,43606,20230420,1928,11,4,Detractor,Price
3102,33158,20251004,472,8,6,Detractor,Website
3103,53335,20241217,714,5,7,Passive,Product quality
3104,49009,20250101,366,3,6,Detractor,Product quality
3105,4503,20251125,1903,1,7,Passive,Price
3106,27992,20240413,406,12,8,Passive,Store experience
3107,4462,20250806,1744,4,8,Passive,Delivery
3108,50542,20240707,1433,3,8,Passive,Support
3109,59798,20251015,1498,12,7,Passive,Website
3110,58951,20231122,1657,7,6,Detractor,Price
3111,54241,20250128,56,1,9,Promoter,Store experience
3112,28467,20250727,820,2,7,Passive,Store experience
3113,5811,20221114,181,1,5,Detractor,Website
3114,12890,20240321,929,5,9,Promoter,Price
3115,39775,20250826,823,12,2,Detractor,Support
3116,27330,20230706,1094,2,7,Passive,Website
3117,25478,20230325,1013,7,4,Detractor,Product quality
3118,10453,20250123,1477,5,9,Promoter,Support
3119,25059,20250615,924,1,7,Passive,Price
3120,59752,20251226,1330,6,6,Detractor,Support
3121,55839,20250608,157,1,6,Detractor,Website
3122,56415,20250620,1487,3,7,Passive,Store experience
3123,31209,20230703,1051,12,6,Detractor,Delivery
3124,51178,20220707,564,12,6,Detractor,Product quality
3125,49211,20230411,1190,7,7,Passive,Price
3126,3419,20230304,1181,10,5,Detractor,Website
3127,32338,20250507,681,10,6,Detractor,Store experience
3128,59644,20241202,1341,8,3,Detractor,Delivery
3129,55170,20251210,1107,12,9,Promoter,Product quality
3130,3978,20240811,523,4,10,Promoter,Store experience
3131,8891,20241001,1759,10,7,Passive,Delivery
3132,44540,20240131,199,2,5,Detractor,Website
3133,11959,20250222,1247,10,7,Passive,Store experience
3134,34208,20240805,1889,7,8,Passive,Delivery
3135,21106,20250513,1700,11,9,Promoter,Store experience
3136,49595,20250118,1893,1,6,Detractor,Product quality
3137,48389,20251231,1360,1,6,Detractor,Website
3138,36878,20251231,192,2,7,Passive,Delivery
3139,2075,20250415,538,9,9,Promoter,Support
3140,30319,20251115,259,7,9,Promoter,Delivery
3141,16868,20240703,1021,6,5,Detractor,Product quality
3142,17791,20240201,1522,8,9,Promoter,Delivery
3143,5637,20241002,523,9,7,Passive,Delivery
3144,52565,20220809,290,1,7,Passive,Product quality
3145,148,20241018,551,8,6,Detractor,Product quality
3146,22702,20241220,505,4,7,Passive,Delivery
3147,21810,20250719,1707,3,6,Detractor,Price
3148,50814,20251014,1089,1,6,Detractor,Delivery
3149,25631,20251105,1631,4,10,Promoter,Website
3150,45800,20231205,66,5,8,Passive,Price
3151,28369,20240717,342,7,6,Detractor,Price
3152,17732,20251225,862,8,6,Detractor,Support
3153,32955,20240515,184,10,8,Passive,Store experience
3154,52899,20230405,1816,3,5,Detractor,Store experience
3155,55528,20250508,410,3,9,Promoter,Website
3156,717,20240915,1302,10,10,Promoter,Website
3157,47222,20250224,1258,6,10,Promoter,Website
3158,18154,20250911,93,11,10,Promoter,Store experience
3159,54687,20240718,1791,7,8,Passive,Store experience
3160,31269,20240420,447,7,4,Detractor,Website
3161,45124,20250516,1009,8,8,Passive,Product quality
3162,21696,20241105,1196,10,6,Detractor,Store experience
3163,57942,20230802,1134,5,5,Detractor,Delivery
3164,26387,20230411,895,3,9,Promoter,Website
3165,13510,20241127,1521,8,10,Promoter,Product quality
3166,37987,20241219,563,8,8,Passive,Support
3167,49612,20241021,805,9,4,Detractor,Delivery
3168,34150,20231209,1227,12,8,Passive,Product quality
3169,40702,20240104,1756,6,8,Passive,Website
3170,46446,20250823,708,8,9,Promoter,Price
3171,28958,20231217,1520,12,6,Detractor,Store experience
3172,13401,20250916,760,3,9,Promoter,Price
3173,10181,20240516,986,10,9,Promoter,Support
3174,47674,20240828,1231,12,4,Detractor,Support
3175,40415,20250429,1795,6,5,Detractor,Support
3176,10190,20240421,346,2,8,Passive,Support
3177,13996,20230711,522,8,7,Passive,Delivery
3178,46265,20251231,308,8,5,Detractor,Store experience
3179,41530,20241110,1223,6,7,Passive,Delivery
3180,56462,20240206,1152,11,6,Detractor,Website
3181,40824,20251005,883,4,6,Detractor,Store experience
3182,41358,20230527,999,6,10,Promoter,Support
3183,25044,20241123,1149,1,6,Detractor,Delivery
3184,45913,20241104,1572,6,7,Passive,Website
3185,37163,20240201,1244,12,3,Detractor,Delivery
3186,43092,20250531,1417,11,7,Passive,Support
3187,39533,20251231,1343,6,4,Detractor,Product quality
3188,17562,20231118,345,2,7,Passive,Website
3189,50499,20251103,823,4,8,Passive,Price
3190,34594,20220511,1967,11,8,Passive,Price
3191,904,20251207,1499,12,7,Passive,Delivery
3192,47280,20250810,1181,4,4,Detractor,Support
3193,4702,20230206,1873,5,4,Detractor,Price
3194,27640,20240607,1845,11,9,Promoter,Website
3195,8149,20240320,519,4,5,Detractor,Delivery
3196,19514,20251207,1285,3,7,Passive,Support
3197,14882,20230720,1615,9,10,Promoter,Website
3198,28871,20240814,717,1,9,Promoter,Store experience
3199,39784,20241016,933,7,7,Passive,Price
3200,8459,20220329,1472,3,4,Detractor,Store experience
3201,24998,20240910,4,8,9,Promoter,Product quality
3202,34593,20240726,1788,3,5,Detractor,Delivery
3203,10728,20240304,399,2,5,Detractor,Website
3204,44872,20250508,1464,10,10,Promoter,Website
3205,32664,20251231,1500,8,5,Detractor,Product quality
3206,1240,20241018,1526,5,7,Passive,Support
3207,38526,20240611,1731,5,8,Passive,Support
3208,407,20251122,874,2,7,Passive,Price
3209,41454,20240402,1334,9,8,Passive,Store experience
3210,7208,20240730,1459,4,7,Passive,Store experience
3211,51403,20240607,74,7,9,Promoter,Website
3212,53035,20250719,949,7,7,Passive,Product quality
3213,34894,20220919,1614,1,6,Detractor,Store experience
3214,44726,20231001,47,3,10,Promoter,Delivery
3215,29125,20240715,1398,1,5,Detractor,Delivery
3216,19220,20240525,1678,2,6,Detractor,Support
3217,52415,20230628,986,12,8,Passive,Store experience
3218,47745,20231031,1225,4,6,Detractor,Support
3219,51138,20220717,1319,8,3,Detractor,Price
3220,32527,20230109,359,5,9,Promoter,Price
3221,7242,20220723,647,3,6,Detractor,Support
3222,1546,20240729,1887,8,4,Detractor,Delivery
3223,9639,20250502,1581,8,6,Detractor,Price
3224,2641,20221217,1695,9,5,Detractor,Product quality
3225,7825,20250205,1162,1,7,Passive,Support
3226,37243,20240601,1901,7,10,Promoter,Product quality
3227,48487,20230602,1514,7,8,Passive,Delivery
3228,10656,20251209,1456,7,3,Detractor,Website
3229,28088,20251005,1984,9,7,Passive,Delivery
3230,49384,20231119,1232,12,7,Passive,Product quality
3231,45545,20250424,1952,8,8,Passive,Delivery
3232,14620,20250801,1091,9,6,Detractor,Store experience
3233,9886,20250407,1233,5,7,Passive,Product quality
3234,43782,20250830,1048,4,8,Passive,Price
3235,53914,20241204,675,6,7,Passive,Delivery
3236,46444,20241023,1148,11,9,Promoter,Price
3237,852,20250403,586,7,6,Detractor,Support
3238,33211,20240308,1231,3,5,Detractor,Delivery
3239,59149,20240829,1526,12,8,Passive,Price
3240,52893,20240418,1333,11,8,Passive,Delivery
3241,24241,20251216,37,11,5,Detractor,Delivery
3242,51855,20251118,1637,6,6,Detractor,Store experience
3243,52806,20231015,310,1,7,Passive,Price
3244,56339,20220625,1820,10,5,Detractor,Product quality
3245,52512,20230308,998,5,5,Detractor,Website
3246,38307,20230325,1161,11,5,Detractor,Website
3247,39321,20250223,1602,1,7,Passive,Website
3248,52571,20240219,890,3,8,Passive,Price
3249,6538,20230529,1025,10,8,Passive,Product quality
3250,1850,20221208,332,10,3,Detractor,Support
3251,28225,20231203,1214,6,5,Detractor,Store experience
3252,31367,20240616,1421,2,4,Detractor,Product quality
3253,45931,20231019,1717,1,7,Passive,Delivery
3254,10952,20231019,1379,2,8,Passive,Support
3255,7691,20251027,488,3,7,Passive,Support
3256,49154,20241202,1564,8,8,Passive,Price
3257,11094,20240709,1523,11,10,Promoter,Store experience
3258,57030,20251007,1504,2,5,Detractor,Support
3259,48714,20240406,1855,7,5,Detractor,Delivery
3260,30375,20240420,579,2,7,Passive,Product quality
3261,33797,20250612,712,4,6,Detractor,Website
3262,27613,20220923,1970,8,9,Promoter,Price
3263,48533,20230124,771,4,10,Promoter,Price
3264,45821,20221130,1725,5,5,Detractor,Website
3265,2188,20250124,81,12,5,Detractor,Price
3266,41939,20250319,1060,3,6,Detractor,Website
3267,25074,20250210,1405,5,9,Promoter,Store experience
3268,54741,20230507,1796,12,5,Detractor,Delivery
3269,47227,20250924,60,7,7,Passive,Delivery
3270,47886,20240203,1331,9,5,Detractor,Support
3271,54131,20240704,1610,6,5,Detractor,Website
3272,50055,20240728,134,4,6,Detractor,Support
3273,14062,20241023,267,3,7,Passive,Support
3274,42116,20230113,1643,1,6,Detractor,Delivery
3275,11000,20241010,839,8,8,Passive,Price
3276,41712,20240707,1442,2,4,Detractor,Price
3277,37246,20250812,330,11,6,Detractor,Store experience
3278,20126,20240419,1454,10,7,Passive,Delivery
3279,44266,20240413,127,12,7,Passive,Product quality
3280,53675,20240911,857,3,9,Promoter,Website
3281,13445,20250212,1225,12,6,Detractor,Delivery
3282,5749,20250103,1027,7,4,Detractor,Website
3283,43806,20250419,1097,10,7,Passive,Product quality
3284,26726,20250918,789,5,3,Detractor,Product quality
3285,51631,20240213,1358,6,5,Detractor,Product quality
3286,6444,20231230,1278,8,7,Passive,Website
3287,7071,20250428,1490,2,4,Detractor,Website
3288,30863,20250715,1347,4,8,Passive,Delivery
3289,33663,20241207,84,2,8,Passive,Store experience
3290,47541,20230427,1339,5,5,Detractor,Store experience
3291,10498,20240920,395,3,6,Detractor,Product quality
3292,42576,20240529,1454,11,9,Promoter,Price
3293,8949,20230914,1255,1,6,Detractor,Website
3294,44816,20241218,143,1,10,Promoter,Product quality
3295,3433,20250131,517,1,5,Detractor,Website
3296,56712,20251118,1220,12,9,Promoter,Store experience
3297,44464,20240917,1412,5,10,Promoter,Store experience
3298,42176,20240703,142,8,9,Promoter,Store experience
3299,59134,20240721,1478,10,8,Passive,Support
3300,32033,20230414,1483,1,8,Passive,Price
3301,48737,20250124,1848,5,2,Detractor,Support
3302,37143,20230911,1682,1,9,Promoter,Delivery
3303,52915,20250718,498,2,5,Detractor,Price
3304,41966,20251220,653,2,8,Passive,Support
3305,19634,20250126,1123,2,7,Passive,Price
3306,43187,20240930,921,6,5,Detractor,Product quality
3307,33211,20240307,1231,3,5,Detractor,Product quality
3308,3636,20221219,1141,8,10,Promoter,Website
3309,23538,20240517,121,7,7,Passive,Price
3310,26631,20241218,33,8,7,Passive,Support
3311,389,20250320,396,8,6,Detractor,Store experience
3312,30574,20250228,1023,6,3,Detractor,Support
3313,51880,20250907,924,9,8,Passive,Product quality
3314,12370,20221012,735,8,8,Passive,Support
3315,20590,20230614,92,9,9,Promoter,Website
3316,14654,20221116,1788,4,10,Promoter,Product quality
3317,19855,20251102,1983,3,5,Detractor,Store experience
3318,56971,20241103,1747,6,7,Passive,Website
3319,3818,20220619,1297,12,6,Detractor,Support
3320,15058,20240712,140,2,10,Promoter,Product quality
3321,28493,20241115,1649,8,8,Passive,Support
3322,53584,20231119,19,3,5,Detractor,Website
3323,54970,20240426,573,9,9,Promoter,Price
3324,38123,20250407,830,1,10,Promoter,Support
3325,41313,20221024,1364,9,7,Passive,Delivery
3326,4076,20240320,803,12,7,Passive,Price
3327,32995,20230812,1404,7,6,Detractor,Product quality
3328,9295,20230903,637,4,8,Passive,Support
3329,11240,20240102,50,7,7,Passive,Product quality
3330,40967,20230912,566,3,10,Promoter,Delivery
3331,37963,20230905,432,3,5,Detractor,Price
3332,50974,20240220,1295,10,10,Promoter,Store experience
3333,2999,20251110,1630,8,5,Detractor,Product quality
3334,45499,20250530,140,5,6,Detractor,Product quality
3335,52935,20241209,1792,11,7,Passive,Product quality
3336,2761,20251121,89,9,6,Detractor,Price
3337,5350,20241218,1408,7,8,Passive,Store experience
3338,56829,20250324,1919,12,6,Detractor,Delivery
3339,42695,20250920,195,2,7,Passive,Product quality
3340,7150,20251206,1994,2,8,Passive,Price
3341,50442,20250225,57,12,7,Passive,Product quality
3342,22884,20250223,574,11,7,Passive,Store experience
3343,38427,20250226,1500,5,10,Promoter,Support
3344,58072,20231004,196,5,7,Passive,Support
3345,38364,20241124,241,9,6,Detractor,Support
3346,46101,20250824,525,8,8,Passive,Store experience
3347,55293,20230518,257,6,4,Detractor,Website
3348,37831,20230810,1709,6,7,Passive,Website
3349,11126,20240730,111,9,6,Detractor,Price
3350,54158,20241209,915,6,6,Detractor,Support
3351,33616,20250123,1395,9,4,Detractor,Product quality
3352,16336,20240919,1811,7,7,Passive,Store experience
3353,39494,20250704,987,1,9,Promoter,Delivery
3354,26115,20221223,449,8,6,Detractor,Delivery
3355,41193,20220825,1556,6,6,Detractor,Product quality
3356,52169,20241124,782,6,7,Passive,Delivery
3357,18907,20240229,1079,10,8,Passive,Website
3358,23653,20240128,1896,4,6,Detractor,Support
3359,4259,20221205,1686,5,4,Detractor,Price
3360,38194,20251213,446,10,7,Passive,Price
3361,55073,20240518,213,1,7,Passive,Product quality
3362,37717,20240509,362,3,6,Detractor,Website
3363,19646,20240129,1563,7,7,Passive,Support
3364,20627,20240322,1782,5,8,Passive,Delivery
3365,42663,20250211,1142,2,6,Detractor,Price
3366,13283,20251231,1995,1,10,Promoter,Store experience
3367,6965,20251125,1410,5,5,Detractor,Website
3368,34537,20250723,108,6,7,Passive,Website
3369,35637,20240402,744,7,10,Promoter,Product quality
3370,54988,20251128,1765,1,7,Passive,Price
3371,12309,20240914,465,9,6,Detractor,Price
3372,21052,20250120,42,5,5,Detractor,Product quality
3373,54887,20240623,1096,6,6,Detractor,Product quality
3374,20896,20230421,377,8,7,Passive,Product quality
3375,47382,20230702,274,4,5,Detractor,Price
3376,23051,20250113,277,11,6,Detractor,Price
3377,14676,20240429,323,9,5,Detractor,Website
3378,32810,20250509,27,4,8,Passive,Store experience
3379,27207,20221121,1855,6,7,Passive,Store experience
3380,34818,20250908,1970,11,7,Passive,Support
3381,55225,20241228,966,3,6,Detractor,Product quality
3382,24768,20250922,1075,8,5,Detractor,Store experience
3383,37449,20250908,1292,4,6,Detractor,Product quality
3384,10848,20230613,1244,1,2,Detractor,Website
3385,45132,20241230,947,1,6,Detractor,Delivery
3386,52153,20231103,1289,6,8,Passive,Delivery
3387,16812,20250121,302,11,6,Detractor,Product quality
3388,5493,20240308,1308,6,7,Passive,Price
3389,46237,20231007,1250,8,10,Promoter,Product quality
3390,45679,20250815,1631,5,8,Passive,Product quality
3391,54644,20241108,1245,7,8,Passive,Store experience
3392,51830,20251231,1267,7,7,Passive,Store experience
3393,9756,20240722,1678,12,6,Detractor,Website
3394,49168,20250524,452,4,7,Passive,Store experience
3395,57313,20250517,1118,4,10,Promoter,Delivery
3396,38176,20240901,1275,9,8,Passive,Product quality
3397,8751,20250411,1116,7,5,Detractor,Delivery
3398,25994,20250121,774,7,10,Promoter,Delivery
3399,32781,20250610,324,4,7,Passive,Product quality
3400,12631,20250405,361,5,6,Detractor,Store experience
3401,28866,20241203,48,6,6,Detractor,Delivery
3402,58188,20240422,545,2,7,Passive,Support
3403,15810,20230807,1461,1,5,Detractor,Website
3404,28384,20240425,1144,2,6,Detractor,Store experience
3405,11700,20250103,1686,11,10,Promoter,Store experience
3406,27881,20240906,327,11,6,Detractor,Website
3407,750,20241230,25,6,5,Detractor,Store experience
3408,47870,20230809,1143,1,7,Passive,Website
3409,12085,20231208,460,7,7,Passive,Website
3410,24167,20240418,1205,11,6,Detractor,Support
3411,19122,20240624,577,7,7,Passive,Website
3412,26144,20250625,1107,10,9,Promoter,Delivery
3413,8316,20240424,586,7,5,Detractor,Delivery
3414,16483,20250902,1417,10,6,Detractor,Delivery
3415,57939,20251230,749,12,6,Detractor,Website
3416,9167,20240326,539,4,7,Passive,Product quality
3417,48540,20230107,1102,2,10,Promoter,Website
3418,17738,20240203,1261,6,8,Passive,Delivery
3419,21207,20240128,116,6,7,Passive,Website
3420,3050,20241115,142,11,8,Passive,Price
3421,3149,20250609,1120,2,8,Passive,Delivery
3422,22321,20250908,207,12,6,Detractor,Store experience
3423,41920,20251231,1656,10,8,Passive,Support
3424,9839,20250208,198,1,6,Detractor,Store experience
3425,1254,20241209,580,4,9,Promoter,Website
3426,57500,20250411,1794,12,5,Detractor,Store experience
3427,8940,20251113,1982,9,6,Detractor,Store experience
3428,21910,20221208,658,3,7,Passive,Support
3429,10205,20250519,1793,11,5,Detractor,Price
3430,19030,20230115,367,2,8,Passive,Product quality
3431,24558,20251202,1116,6,9,Promoter,Product quality
3432,25073,20250307,1405,5,8,Passive,Product quality
3433,52596,20251103,1652,10,5,Detractor,Price
3434,47595,20240707,1972,10,6,Detractor,Store experience
3435,883,20241026,1285,9,7,Passive,Product quality
3436,31884,20251126,998,4,10,Promoter,Support
3437,43178,20250317,418,10,5,Detractor,Website
3438,51219,20251230,1946,5,5,Detractor,Store experience
3439,48185,20240813,924,12,4,Detractor,Price
3440,26901,20240815,701,9,8,Passive,Product quality
3441,46077,20240415,764,12,8,Passive,Website
3442,46578,20241012,263,11,8,Passive,Product quality
3443,28795,20251231,928,2,5,Detractor,Delivery
3444,53270,20231220,997,3,8,Passive,Website
3445,10421,20220908,1223,4,5,Detractor,Delivery
3446,39775,20250819,823,12,8,Passive,Website
3447,17628,20250406,41,1,6,Detractor,Website
3448,12730,20251231,1136,7,5,Detractor,Product quality
3449,40851,20241028,80,7,4,Detractor,Product quality
3450,1590,20250307,330,7,7,Passive,Support
3451,25815,20240914,89,4,6,Detractor,Support
3452,3320,20241104,1376,8,4,Detractor,Product quality
3453,17795,20250426,705,12,7,Passive,Delivery
3454,5694,20250902,1145,9,6,Detractor,Store experience
3455,21116,20240709,240,4,7,Passive,Store experience
3456,14315,20230903,1980,4,8,Passive,Support
3457,23981,20240409,1862,12,5,Detractor,Store experience
3458,29172,20240222,877,6,10,Promoter,Product quality
3459,6561,20240331,575,11,10,Promoter,Store experience
3460,15092,20230311,1384,10,6,Detractor,Support
3461,10145,20240523,847,2,8,Passive,Store experience
3462,46779,20240516,578,1,9,Promoter,Support
3463,40640,20240423,154,6,6,Detractor,Price
3464,27582,20250715,1963,2,7,Passive,Website
3465,1804,20250530,1233,1,6,Detractor,Product quality
3466,40446,20250323,680,6,8,Passive,Product quality
3467,23243,20221220,260,9,6,Detractor,Support
3468,9812,20231009,897,5,7,Passive,Product quality
3469,54249,20230622,559,6,7,Passive,Price
3470,40494,20250602,188,6,6,Detractor,Price
3471,17171,20240922,968,9,7,Passive,Delivery
3472,10927,20240106,602,6,6,Detractor,Price
3473,40015,20250713,972,8,7,Passive,Store experience
3474,15153,20231208,1578,1,10,Promoter,Delivery
3475,25730,20240709,468,8,7,Passive,Product quality
3476,19060,20250416,323,12,6,Detractor,Delivery
3477,14478,20250102,136,8,8,Passive,Store experience
3478,32194,20231204,1439,8,10,Promoter,Product quality
3479,30879,20240609,1555,2,8,Passive,Product quality
3480,14649,20221008,390,6,4,Detractor,Website
3481,24482,20250716,833,12,8,Passive,Price
3482,54047,20241126,1299,4,6,Detractor,Price
3483,42086,20250416,1820,2,8,Passive,Delivery
3484,27520,20241107,1442,11,7,Passive,Price
3485,1813,20240603,1441,7,9,Promoter,Support
3486,6212,20240915,1049,8,4,Detractor,Store experience
3487,48932,20230724,1769,1,4,Detractor,Price
3488,10984,20220316,1115,12,7,Passive,Support
3489,42630,20240420,641,8,7,Passive,Support
3490,44669,20251231,299,2,5,Detractor,Store experience
3491,58832,20241110,356,6,8,Passive,Support
3492,30066,20240715,1361,6,7,Passive,Product quality
3493,12363,20240404,84,1,10,Promoter,Price
3494,5286,20250104,1062,8,9,Promoter,Delivery
3495,49295,20230819,1329,12,9,Promoter,Store experience
3496,49872,20221225,1277,7,6,Detractor,Website
3497,16442,20230715,90,1,6,Detractor,Website
3498,5281,20230219,480,11,6,Detractor,Delivery
3499,51160,20230611,1708,11,9,Promoter,Support
3500,42511,20240423,1,1,7,Passive,Delivery
3501,19902,20250110,1400,3,9,Promoter,Website
3502,18305,20251231,1345,12,3,Detractor,Product quality
3503,39767,20230703,769,10,9,Promoter,Store experience
3504,57858,20240519,1153,4,9,Promoter,Support
3505,20858,20240309,179,12,5,Detractor,Delivery
3506,58145,20240319,1175,7,8,Passive,Website
3507,57931,20241122,1735,10,6,Detractor,Price
3508,1665,20241101,53,4,4,Detractor,Product quality
3509,43960,20230605,409,2,5,Detractor,Support
3510,39209,20241009,1133,3,4,Detractor,Support
3511,18087,20230622,1355,4,7,Passive,Support
3512,24740,20251102,833,5,7,Passive,Store experience
3513,15712,20231118,1927,7,6,Detractor,Store experience
3514,52142,20230831,820,6,5,Detractor,Store experience
3515,10313,20251009,612,1,6,Detractor,Delivery
3516,27324,20241231,1586,1,6,Detractor,Delivery
3517,2250,20250730,710,9,6,Detractor,Store experience
3518,43143,20241018,1769,9,4,Detractor,Product quality
3519,17834,20250913,435,11,7,Passive,Store experience
3520,23080,20250906,269,1,7,Passive,Delivery
3521,18025,20230928,1710,2,7,Passive,Product quality
3522,26327,20240209,252,9,3,Detractor,Website
3523,48283,20250828,851,9,10,Promoter,Support
3524,49841,20241204,1324,4,9,Promoter,Store experience
3525,53977,20250528,759,3,5,Detractor,Website
3526,32238,20240506,1594,11,6,Detractor,Price
3527,29364,20230223,1949,7,7,Passive,Price
3528,21305,20231116,884,9,8,Passive,Product quality
3529,49229,20240818,639,11,4,Detractor,Price
3530,6682,20240303,1909,2,6,Detractor,Website
3531,58435,20240702,1301,3,4,Detractor,Product quality
3532,5157,20241208,1489,7,4,Detractor,Website
3533,44352,20250516,968,5,7,Passive,Product quality
3534,52676,20230212,351,9,8,Passive,Delivery
3535,21930,20240123,850,2,5,Detractor,Product quality
3536,31790,20250812,1923,5,6,Detractor,Price
3537,3098,20221010,1412,5,9,Promoter,Support
3538,48005,20250503,905,3,6,Detractor,Delivery
3539,25201,20230430,137,8,8,Passive,Price
3540,43788,20240331,1053,6,10,Promoter,Delivery
3541,11624,20250226,1225,4,5,Detractor,Website
3542,1209,20251009,1604,8,7,Passive,Price
3543,1286,20221230,456,11,5,Detractor,Support
3544,29282,20241021,552,9,7,Passive,Delivery
3545,13665,20230725,1883,5,2,Detractor,Website
3546,22181,20240911,463,2,10,Promoter,Website
3547,38008,20240120,1298,5,6,Detractor,Website
3548,54180,20221029,1881,2,6,Detractor,Support
3549,17723,20240819,40,6,6,Detractor,Support
3550,24728,20250610,1244,1,7,Passive,Store experience
3551,36769,20240313,981,1,6,Detractor,Website
3552,49604,20230529,156,12,8,Passive,Store experience
3553,43048,20250911,1510,6,8,Passive,Delivery
3554,31321,20251231,577,10,8,Passive,Price
3555,38102,20241019,880,12,6,Detractor,Price
3556,54910,20250506,1589,2,8,Passive,Support
3557,45313,20240513,230,3,7,Passive,Website
3558,27597,20230720,170,8,7,Passive,Support
3559,52728,20250408,1287,8,5,Detractor,Support
3560,41334,20251231,1499,1,5,Detractor,Support
3561,37750,20240303,1987,3,6,Detractor,Delivery
3562,25034,20240205,548,12,7,Passive,Delivery
3563,42625,20241117,850,8,6,Detractor,Store experience
3564,12919,20230310,1299,12,7,Passive,Delivery
3565,11405,20241126,471,9,6,Detractor,Support
3566,36255,20240320,99,11,6,Detractor,Support
3567,24494,20250106,452,12,7,Passive,Store experience
3568,48035,20231206,631,2,9,Promoter,Support
3569,4355,20250502,1385,11,5,Detractor,Delivery
3570,59979,20240226,333,12,5,Detractor,Website
3571,46440,20240412,1849,8,8,Passive,Delivery
3572,53905,20250213,789,9,6,Detractor,Delivery
3573,47081,20251103,441,3,4,Detractor,Price
3574,28722,20231203,458,3,3,Detractor,Delivery
3575,43178,20250211,418,10,4,Detractor,Delivery
3576,42683,20251202,120,7,8,Passive,Store experience
3577,46613,20230320,1299,2,4,Detractor,Product quality
3578,51103,20250705,1312,12,3,Detractor,Price
3579,52956,20230415,895,5,10,Promoter,Delivery
3580,44491,20250429,298,1,8,Passive,Support
3581,18608,20251009,1188,12,10,Promoter,Delivery
3582,7791,20241207,1352,5,9,Promoter,Price
3583,17243,20240518,285,2,6,Detractor,Product quality
3584,28780,20220908,1524,2,8,Passive,Website
3585,9646,20241108,1729,6,5,Detractor,Store experience
3586,10148,20251121,831,3,8,Passive,Support
3587,23224,20221214,465,9,8,Passive,Product quality
3588,56301,20230905,1592,6,4,Detractor,Store experience
3589,7034,20250209,434,11,6,Detractor,Price
3590,28,20250921,1726,10,9,Promoter,Price
3591,38500,20240419,1749,10,6,Detractor,Product quality
3592,43067,20230620,172,7,6,Detractor,Store experience
3593,25379,20240427,698,5,10,Promoter,Delivery
3594,33819,20251231,396,11,8,Passive,Delivery
3595,11855,20240603,400,4,6,Detractor,Product quality
3596,10463,20250218,551,11,6,Detractor,Delivery
3597,10129,20251221,203,6,8,Passive,Support
3598,28099,20221207,663,5,10,Promoter,Product quality
3599,51108,20240819,557,4,9,Promoter,Website
3600,20180,20240923,815,7,3,Detractor,Support
3601,56951,20240503,852,6,7,Passive,Product quality
3602,46934,20221021,190,5,8,Passive,Website
3603,26330,20251207,590,3,6,Detractor,Delivery
3604,5796,20251025,1004,12,8,Passive,Store experience
3605,36562,20250915,69,5,9,Promoter,Price
3606,35193,20240525,1364,11,5,Detractor,Delivery
3607,25692,20240427,295,10,9,Promoter,Store experience
3608,35968,20230114,19,3,7,Passive,Support
3609,10261,20221121,26,9,8,Passive,Store experience
3610,38392,20221129,137,1,5,Detractor,Product quality
3611,54979,20250912,466,4,9,Promoter,Support
3612,15944,20231120,1982,12,7,Passive,Delivery
3613,38190,20240702,1286,5,7,Passive,Price
3614,48383,20241217,1417,7,9,Promoter,Store experience
3615,48239,20240430,900,9,7,Passive,Website
3616,49502,20251029,27,6,9,Promoter,Product quality
3617,47625,20230918,1267,8,7,Passive,Delivery
3618,10806,20240313,1864,10,4,Detractor,Product quality
3619,26907,20240219,513,12,8,Passive,Price
3620,34204,20251231,3,6,9,Promoter,Store experience
3621,48843,20231015,496,11,7,Passive,Website
3622,23492,20240212,1823,9,7,Passive,Price
3623,10810,20240606,437,3,5,Detractor,Delivery
3624,8309,20230524,354,7,8,Passive,Support
3625,39068,20240603,1876,10,7,Passive,Price
3626,15783,20220919,1545,4,9,Promoter,Support
3627,25024,20240710,517,9,7,Passive,Store experience
3628,27671,20230423,885,12,6,Detractor,Support
3629,42261,20250106,224,11,8,Passive,Delivery
3630,59790,20240428,1303,7,8,Passive,Product quality
3631,40377,20240726,1044,6,10,Promoter,Delivery
3632,17614,20251101,648,8,5,Detractor,Support
3633,1114,20250303,476,11,7,Passive,Price
3634,51070,20250325,1487,2,6,Detractor,Website
3635,50560,20251231,1598,6,6,Detractor,Website
3636,10658,20241029,1632,4,7,Passive,Support
3637,14807,20240328,1632,3,8,Passive,Product quality
3638,11091,20240624,1523,11,6,Detractor,Product quality
3639,38414,20251129,694,7,6,Detractor,Store experience
3640,20772,20240807,1083,10,6,Detractor,Price
3641,58334,20241210,1767,4,7,Passive,Support
3642,57484,20250623,707,4,7,Passive,Price
3643,2710,20241031,191,5,6,Detractor,Website
3644,54736,20251127,1683,5,7,Passive,Website
3645,5331,20251228,1614,12,10,Promoter,Support
3646,139,20230422,150,5,7,Passive,Product quality
3647,10801,20250720,531,7,10,Promoter,Store experience
3648,48622,20240331,1681,3,4,Detractor,Support
3649,37232,20230308,427,2,7,Passive,Price
3650,46020,20240902,907,10,7,Passive,Website
3651,2884,20231029,770,1,7,Passive,Product quality
3652,38278,20241026,428,1,8,Passive,Support
3653,58516,20231220,788,3,10,Promoter,Delivery
3654,48471,20220722,1894,5,7,Passive,Price
3655,34573,20220723,949,6,7,Passive,Delivery
3656,23914,20241112,1311,3,5,Detractor,Store experience
3657,39240,20230109,1362,4,10,Promoter,Delivery
3658,29283,20241111,552,9,6,Detractor,Delivery
3659,2468,20220506,917,2,6,Detractor,Price
3660,26726,20250928,789,5,9,Promoter,Store experience
3661,46766,20251230,1332,2,5,Detractor,Support
3662,34471,20250825,290,1,7,Passive,Delivery
3663,52856,20230820,203,3,7,Passive,Store experience
3664,27136,20251201,132,8,7,Passive,Store experience
3665,33111,20250623,1871,2,6,Detractor,Product quality
3666,5068,20251210,1529,3,7,Passive,Support
3667,22374,20240818,486,2,8,Passive,Delivery
3668,21220,20250624,1789,7,8,Passive,Price
3669,44206,20250725,507,11,8,Passive,Store experience
3670,35130,20230910,1889,5,6,Detractor,Product quality
3671,10064,20240212,1720,12,8,Passive,Website
3672,23488,20240123,1823,9,5,Detractor,Product quality
3673,44048,20251031,510,3,6,Detractor,Website
3674,58697,20241109,947,6,7,Passive,Product quality
3675,55922,20230712,1807,11,2,Detractor,Product quality
3676,31884,20251031,998,4,9,Promoter,Delivery
3677,3251,20250929,763,1,7,Passive,Support
3678,947,20250821,1202,9,9,Promoter,Delivery
3679,36894,20250611,6,2,5,Detractor,Support
3680,4442,20240228,383,12,5,Detractor,Store experience
3681,16585,20250415,458,6,6,Detractor,Price
3682,35433,20240804,570,8,7,Passive,Support
3683,5873,20241211,1791,3,8,Passive,Store experience
3684,9475,20240421,562,9,5,Detractor,Support
3685,58220,20240315,1982,5,10,Promoter,Store experience
3686,40163,20220814,1610,10,6,Detractor,Store experience
3687,41548,20230914,839,1,7,Passive,Price
3688,13592,20250517,3,12,6,Detractor,Delivery
3689,28339,20240601,313,10,9,Promoter,Support
3690,28567,20230316,568,12,5,Detractor,Delivery
3691,22123,20241113,534,1,8,Passive,Support
3692,26875,20250821,940,2,5,Detractor,Support
3693,20987,20231205,638,4,7,Passive,Product quality
3694,30237,20240430,1614,8,6,Detractor,Price
3695,1079,20231204,1331,5,9,Promoter,Website
3696,47612,20250302,1551,8,9,Promoter,Store experience
3697,32229,20251010,323,9,9,Promoter,Price
3698,41913,20230417,961,9,6,Detractor,Support
3699,34289,20250909,1152,2,8,Passive,Support
3700,41213,20240225,1399,5,9,Promoter,Price
3701,288,20250928,1901,3,7,Passive,Website
3702,41171,20231210,1173,6,8,Passive,Price
3703,4302,20251231,569,2,4,Detractor,Store experience
3704,42637,20251124,1293,7,8,Passive,Website
3705,33768,20250302,1995,8,9,Promoter,Website
3706,58243,20250214,954,3,7,Passive,Delivery
3707,54131,20240609,1610,6,8,Passive,Support
3708,30414,20250704,1881,6,7,Passive,Product quality
3709,51369,20231123,306,12,5,Detractor,Price
3710,58262,20230907,1787,10,5,Detractor,Website
3711,26196,20250929,1907,6,9,Promoter,Delivery
3712,7383,20221215,718,11,7,Passive,Support
3713,7498,20250306,1072,1,8,Passive,Delivery
3714,19926,20250506,1717,5,9,Promoter,Website
3715,40530,20250206,74,7,8,Passive,Price
3716,46064,20240510,93,12,7,Passive,Website
3717,40500,20250914,52,9,9,Promoter,Support
3718,5172,20250814,1670,11,7,Passive,Price
3719,46948,20231014,425,3,4,Detractor,Store experience
3720,6826,20241002,1966,11,8,Passive,Store experience
3721,47785,20251005,1572,4,7,Passive,Price
3722,37576,20240713,1584,3,7,Passive,Price
3723,54606,20251114,1939,3,6,Detractor,Price
3724,40854,20251007,758,11,9,Promoter,Delivery
3725,49665,20241218,1611,12,7,Passive,Delivery
3726,46043,20240109,804,10,6,Detractor,Delivery
3727,537,20240108,258,3,10,Promoter,Price
3728,20425,20250324,1572,12,5,Detractor,Delivery
3729,17481,20240326,988,11,8,Passive,Price
3730,25899,20251218,1383,6,9,Promoter,Website
3731,32276,20231231,1684,6,8,Passive,Store experience
3732,1439,20240217,857,6,5,Detractor,Support
3733,54563,20231010,31,8,9,Promoter,Product quality
3734,11978,20240121,62,9,7,Passive,Store experience
3735,30216,20230411,1348,1,6,Detractor,Price
3736,44654,20240827,1048,9,10,Promoter,Product quality
3737,28277,20230925,878,2,8,Passive,Delivery
3738,23804,20230917,1858,1,7,Passive,Product quality
3739,10988,20250623,471,6,8,Passive,Website
3740,46072,20240212,1440,4,8,Passive,Price
3741,51727,20230710,446,6,6,Detractor,Support
3742,45223,20230807,1272,3,7,Passive,Support
3743,48941,20251117,1970,2,6,Detractor,Product quality
3744,27951,20240406,1158,3,6,Detractor,Price
3745,41073,20250524,1808,2,4,Detractor,Price
3746,46313,20240718,718,11,3,Detractor,Website
3747,59258,20251119,448,1,8,Passive,Store experience
3748,31366,20250903,547,1,10,Promoter,Support
3749,55767,20231209,691,8,10,Promoter,Price
3750,15612,20241230,722,6,9,Promoter,Support
3751,9048,20220718,1643,10,4,Detractor,Delivery
3752,21903,20241009,1644,11,4,Detractor,Support
3753,17724,20240803,40,6,5,Detractor,Delivery
3754,43784,20250905,1048,4,4,Detractor,Store experience
3755,41078,20240831,1712,7,8,Passive,Delivery
3756,57020,20240920,940,3,8,Passive,Delivery
3757,21782,20221212,1374,10,9,Promoter,Website
3758,1131,20250615,1478,11,8,Passive,Price
3759,37823,20250923,484,1,8,Passive,Delivery
3760,50409,20220925,359,3,5,Detractor,Price
3761,11114,20250623,1526,1,8,Passive,Delivery
3762,20368,20250214,1635,12,7,Passive,Delivery
3763,37292,20251025,1479,7,7,Passive,Delivery
3764,34825,20250612,1901,4,7,Passive,Website
3765,16647,20250621,443,4,8,Passive,Product quality
3766,39086,20250302,244,7,9,Promoter,Website
3767,33124,20231221,818,9,4,Detractor,Delivery
3768,38348,20241228,800,5,6,Detractor,Support
3769,58338,20251222,1271,4,10,Promoter,Price
3770,56835,20240810,358,12,7,Passive,Support
3771,194,20250701,1399,12,8,Passive,Product quality
3772,9083,20250501,1174,10,7,Passive,Delivery
3773,24543,20231203,1554,8,9,Promoter,Store experience
3774,33706,20231128,1159,5,6,Detractor,Product quality
3775,46150,20241102,872,9,7,Passive,Price
3776,16384,20230407,495,8,7,Passive,Store experience
3777,47391,20231207,1270,5,5,Detractor,Support
3778,15955,20250224,1609,8,8,Passive,Price
3779,6001,20230728,751,11,7,Passive,Website
3780,307,20240915,829,10,10,Promoter,Store experience
3781,46333,20251231,1497,3,10,Promoter,Store experience
3782,4625,20241231,219,4,7,Passive,Website
3783,241,20251216,283,12,7,Passive,Product quality
3784,50938,20230914,463,4,9,Promoter,Support
3785,1587,20231018,66,9,2,Detractor,Website
3786,11697,20250128,1301,8,8,Passive,Price
3787,6947,20241023,1515,8,8,Passive,Delivery
3788,56250,20240308,605,11,8,Passive,Website
3789,35773,20250210,215,4,8,Passive,Price
3790,10078,20240126,1708,7,9,Promoter,Website
3791,13379,20250203,1305,6,7,Passive,Website
3792,53337,20241202,714,5,7,Passive,Support
3793,16403,20251231,342,3,10,Promoter,Support
3794,57880,20221101,1088,3,7,Passive,Website
3795,7756,20240315,104,12,9,Promoter,Price
3796,16749,20221116,584,8,5,Detractor,Store experience
3797,59721,20250130,177,5,7,Passive,Price
3798,37010,20240531,1432,3,9,Promoter,Support
3799,26055,20231008,319,12,7,Passive,Store experience
3800,54883,20230912,308,7,3,Detractor,Price
3801,10525,20240317,1762,9,8,Passive,Support
3802,7258,20250208,1712,9,7,Passive,Price
3803,59857,20230411,49,12,5,Detractor,Delivery
3804,1294,20240217,1312,5,4,Detractor,Delivery
3805,30562,20251007,77,11,8,Passive,Delivery
3806,43758,20230121,1599,3,7,Passive,Product quality
3807,39369,20240407,1494,11,6,Detractor,Delivery
3808,30484,20240706,1556,10,10,Promoter,Support
3809,50313,20230527,1478,1,9,Promoter,Store experience
3810,895,20251206,613,6,6,Detractor,Website
3811,13223,20220710,229,8,9,Promoter,Product quality
3812,45909,20220519,1022,2,6,Detractor,Support
3813,56876,20240930,425,8,8,Passive,Website
3814,6592,20251109,1586,7,8,Passive,Website
3815,9545,20250305,1596,2,3,Detractor,Product quality
3816,33499,20231204,1859,8,6,Detractor,Delivery
3817,56246,20251007,85,11,7,Passive,Support
3818,34254,20241201,1849,12,8,Passive,Product quality
3819,31861,20250227,651,7,10,Promoter,Website
3820,11962,20250306,1247,10,5,Detractor,Store experience
3821,11943,20250330,1876,5,8,Passive,Store experience
3822,23413,20230407,1249,4,6,Detractor,Delivery
3823,16562,20250317,857,11,5,Detractor,Product quality
3824,53381,20250730,975,7,6,Detractor,Store experience
3825,35226,20230822,701,5,4,Detractor,Delivery
3826,30482,20240708,1556,10,6,Detractor,Support
3827,36312,20251231,249,2,6,Detractor,Price
3828,790,20241203,170,8,7,Passive,Support
3829,16782,20251026,1242,11,7,Passive,Store experience
3830,6071,20250307,523,5,5,Detractor,Price
3831,50496,20230614,1629,4,6,Detractor,Price
3832,28876,20250508,875,7,8,Passive,Delivery
3833,16555,20240511,890,1,5,Detractor,Website
3834,36736,20250415,440,3,7,Passive,Website
3835,41598,20251224,1620,5,8,Passive,Delivery
3836,45887,20240623,1113,4,4,Detractor,Delivery
3837,4005,20240420,795,2,8,Passive,Support
3838,54841,20241029,799,2,8,Passive,Price
3839,4537,20240503,66,2,7,Passive,Product quality
3840,28077,20250525,1634,7,9,Promoter,Delivery
3841,9638,20230103,664,1,9,Promoter,Support
3842,24616,20250327,1604,10,4,Detractor,Store experience
3843,3919,20230327,627,9,8,Passive,Store experience
3844,54385,20230509,793,5,8,Passive,Price
3845,54517,20251218,101,10,6,Detractor,Store experience
3846,7826,20250227,1162,1,7,Passive,Product quality
3847,13096,20220827,1905,11,5,Detractor,Store experience
3848,8330,20250926,1602,6,7,Passive,Product quality
3849,660,20240311,1509,1,5,Detractor,Price
3850,11676,20250613,1248,8,10,Promoter,Product quality
3851,23571,20240719,1122,9,7,Passive,Price
3852,15282,20240105,480,6,10,Promoter,Price
3853,51410,20251217,98,1,6,Detractor,Product quality
3854,12762,20240606,1309,2,3,Detractor,Product quality
3855,53870,20250228,1613,12,7,Passive,Store experience
3856,32095,20241126,1428,7,7,Passive,Delivery
3857,5859,20230129,241,4,5,Detractor,Delivery
3858,34246,20250318,1727,10,7,Passive,Product quality
3859,14474,20250125,662,2,5,Detractor,Delivery
3860,10825,20250409,1195,1,7,Passive,Website
3861,18572,20250308,1675,4,8,Passive,Delivery
3862,37322,20241009,1896,4,6,Detractor,Product quality
3863,52771,20250130,936,10,8,Passive,Product quality
3864,30230,20231020,1030,3,5,Detractor,Support
3865,87,20240918,1016,3,9,Promoter,Price
3866,55380,20240518,1435,3,8,Passive,Support
3867,52898,20230319,1816,3,6,Detractor,Store experience
3868,46006,20250401,102,12,10,Promoter,Store experience
3869,26604,20251214,1089,7,7,Passive,Delivery
3870,56986,20230808,1193,4,10,Promoter,Delivery
3871,47609,20250305,1551,8,6,Detractor,Website
3872,35372,20230327,396,5,7,Passive,Price
3873,43883,20251231,831,11,3,Detractor,Store experience
3874,35467,20230326,1585,12,6,Detractor,Store experience
3875,29841,20220913,804,6,7,Passive,Price
3876,14760,20220819,621,9,10,Promoter,Price
3877,58308,20241115,17,2,6,Detractor,Product quality
3878,14924,20230702,1491,3,4,Detractor,Delivery
3879,15627,20250315,1490,6,6,Detractor,Product quality
3880,12514,20251229,493,9,6,Detractor,Product quality
3881,35998,20240918,1453,11,9,Promoter,Store experience
3882,33225,20231110,139,9,9,Promoter,Store experience
3883,36810,20240923,640,6,8,Passive,Product quality
3884,21313,20231207,1494,7,9,Promoter,Price
3885,14492,20250610,195,3,7,Passive,Product quality
3886,44615,20240622,1979,2,8,Passive,Delivery
3887,46433,20250508,808,7,3,Detractor,Support
3888,4157,20240602,805,1,7,Passive,Support
3889,50224,20251231,1750,1,9,Promoter,Price
3890,51507,20251231,453,2,10,Promoter,Price
3891,51720,20251106,1046,9,9,Promoter,Price
3892,24230,20240513,1370,7,9,Promoter,Website
3893,23102,20250706,1692,10,5,Detractor,Price
3894,34345,20230720,1554,10,4,Detractor,Product quality
3895,55591,20251008,230,5,9,Promoter,Store experience
3896,5920,20230821,291,1,9,Promoter,Store experience
3897,18015,20250710,1995,12,4,Detractor,Store experience
3898,30081,20241221,569,2,8,Passive,Store experience
3899,11041,20250912,1922,6,5,Detractor,Price
3900,42401,20250420,237,2,5,Detractor,Product quality
3901,33820,20251231,396,11,6,Detractor,Website
3902,23716,20230914,676,10,5,Detractor,Website
3903,5650,20250318,1205,3,7,Passive,Price
3904,8222,20250807,378,10,7,Passive,Delivery
3905,37319,20251231,177,1,6,Detractor,Website
3906,38151,20231111,1847,9,4,Detractor,Delivery
3907,9305,20221128,1871,3,4,Detractor,Website
3908,20018,20240728,1963,6,3,Detractor,Store experience
3909,24286,20240409,949,4,4,Detractor,Website
3910,16501,20241227,1161,9,9,Promoter,Delivery
3911,29013,20241110,533,11,7,Passive,Price
3912,50205,20231231,1632,12,8,Passive,Price
3913,51776,20230721,1388,11,8,Passive,Support
3914,4781,20240709,111,9,5,Detractor,Product quality
3915,24157,20240417,1236,11,7,Passive,Support
3916,18302,20240417,1425,5,7,Passive,Website
3917,29955,20250220,467,2,8,Passive,Delivery
3918,91,20240404,1988,11,6,Detractor,Delivery
3919,35686,20250709,1752,9,5,Detractor,Product quality
3920,3335,20220927,465,8,4,Detractor,Product quality
3921,12023,20220626,1304,12,5,Detractor,Delivery
3922,3420,20230129,1181,10,9,Promoter,Price
3923,52228,20250324,1979,10,5,Detractor,Product quality
3924,6758,20241016,947,9,9,Promoter,Product quality
3925,2389,20250329,858,6,8,Passive,Support
3926,11503,20241117,846,4,9,Promoter,Store experience
3927,55338,20221026,418,1,5,Detractor,Delivery
3928,16321,20250509,1406,11,8,Passive,Support
3929,44966,20240603,60,9,8,Passive,Product quality
3930,38445,20251231,617,3,5,Detractor,Store experience
3931,32978,20250829,1041,11,6,Detractor,Store experience
3932,59849,20240820,1647,2,8,Passive,Store experience
3933,23474,20251114,1660,6,5,Detractor,Support
3934,37503,20231208,1263,11,9,Promoter,Support
3935,36357,20250430,72,3,7,Passive,Delivery
3936,36008,20250309,1803,9,6,Detractor,Product quality
3937,21055,20231216,44,6,7,Passive,Website
3938,54641,20220713,38,6,8,Passive,Website
3939,53694,20241103,476,7,7,Passive,Delivery
3940,22158,20250324,875,10,5,Detractor,Support
3941,26500,20241226,437,6,7,Passive,Website
3942,37982,20240408,983,2,7,Passive,Product quality
3943,29914,20231019,1635,3,5,Detractor,Product quality
3944,5135,20240215,145,11,5,Detractor,Delivery
3945,2018,20250703,1773,4,6,Detractor,Website
3946,59047,20240509,521,1,8,Passive,Price
3947,177,20250928,179,5,5,Detractor,Support
3948,2766,20241013,230,2,7,Passive,Delivery
3949,58067,20230613,1300,1,7,Passive,Website
3950,56977,20250228,1298,12,9,Promoter,Delivery
3951,9490,20230813,1208,4,8,Passive,Product quality
3952,33686,20240128,359,5,8,Passive,Price
3953,40875,20241119,1430,1,6,Detractor,Store experience
3954,11079,20250819,645,11,3,Detractor,Support
3955,33771,20250318,1995,8,6,Detractor,Store experience
3956,16706,20240311,1047,3,6,Detractor,Product quality
3957,26894,20241114,664,6,7,Passive,Price
3958,24966,20251001,1147,6,9,Promoter,Store experience
3959,32352,20221004,1245,2,8,Passive,Product quality
3960,2540,20241024,393,3,6,Detractor,Support
3961,47278,20251016,1196,6,9,Promoter,Support
3962,54096,20250222,1207,8,9,Promoter,Product quality
3963,8783,20240906,709,9,8,Passive,Store experience
3964,30235,20240604,1614,8,8,Passive,Price
3965,46803,20241015,1972,3,6,Detractor,Product quality
3966,4637,20250905,347,11,7,Passive,Price
3967,6121,20240601,275,10,9,Promoter,Price
3968,58987,20240802,292,9,8,Passive,Delivery
3969,54873,20250814,1733,3,7,Passive,Website
3970,15457,20241111,1602,10,9,Promoter,Store experience
3971,46514,20230421,272,7,6,Detractor,Store experience
3972,8106,20241224,726,2,7,Passive,Product quality
3973,50803,20251231,1804,6,7,Passive,Delivery
3974,13558,20241223,714,12,9,Promoter,Delivery
3975,58859,20230517,1025,12,5,Detractor,Delivery
3976,8022,20251224,1023,12,7,Passive,Delivery
3977,38289,20231007,981,2,8,Passive,Delivery
3978,21118,20230614,981,6,8,Passive,Store experience
3979,27358,20250701,246,9,5,Detractor,Delivery
3980,20991,20231127,638,4,7,Passive,Product quality
3981,59958,20250610,1210,6,5,Detractor,Delivery
3982,23586,20221117,1853,11,7,Passive,Store experience
3983,39514,20250717,657,9,7,Passive,Website
3984,16640,20220909,532,8,8,Passive,Price
3985,22420,20230804,172,12,10,Promoter,Website
3986,14574,20231027,385,11,8,Passive,Product quality
3987,37826,20240111,205,5,8,Passive,Store experience
3988,57686,20241203,1583,12,4,Detractor,Support
3989,52803,20240216,1484,1,4,Detractor,Delivery
3990,16637,20231216,1974,7,6,Detractor,Product quality
3991,20555,20240612,1042,9,8,Passive,Store experience
3992,9966,20240720,281,5,5,Detractor,Delivery
3993,52241,20240204,230,1,5,Detractor,Product quality
3994,46105,20250828,1366,5,7,Passive,Delivery
3995,30936,20250917,1037,3,10,Promoter,Website
3996,36889,20250330,972,12,7,Passive,Store experience
3997,13466,20250507,1036,8,6,Detractor,Store experience
3998,25464,20241219,624,3,5,Detractor,Website
3999,53390,20250409,67,8,8,Passive,Price
4000,1259,20250327,1703,5,6,Detractor,Delivery
4001,17427,20240319,870,12,9,Promoter,Delivery
4002,13361,20250208,1005,2,10,Promoter,Delivery
4003,48737,20241224,1848,5,6,Detractor,Store experience
4004,10641,20251108,694,3,8,Passive,Product quality
4005,33655,20221027,299,5,7,Passive,Price
4006,23432,20240219,1670,5,5,Detractor,Store experience
4007,41699,20240330,964,5,9,Promoter,Website
4008,46013,20230820,615,4,4,Detractor,Support
4009,22918,20240906,394,12,4,Detractor,Price
4010,5058,20250208,1827,9,7,Passive,Support
4011,11273,20250514,1489,8,7,Passive,Website
4012,39373,20251103,542,1,7,Passive,Store experience
4013,6054,20240223,418,12,7,Passive,Store experience
4014,54004,20240224,393,12,9,Promoter,Support
4015,6358,20240601,1810,4,5,Detractor,Price
4016,32796,20250128,408,4,7,Passive,Store experience
4017,21283,20230714,667,10,3,Detractor,Delivery
4018,40565,20230830,1467,4,8,Passive,Website
4019,25600,20240510,814,1,8,Passive,Store experience
4020,47446,20251007,548,3,6,Detractor,Website
4021,26565,20250224,1156,5,10,Promoter,Website
4022,39869,20251231,499,12,9,Promoter,Website
4023,35892,20250505,1867,11,9,Promoter,Delivery
4024,8716,20240705,250,2,9,Promoter,Store experience
4025,56629,20250228,954,9,7,Passive,Store experience
4026,1320,20250112,668,1,9,Promoter,Product quality
4027,40514,20251231,736,12,8,Passive,Support
4028,33202,20251029,1356,4,4,Detractor,Product quality
4029,54572,20251022,426,10,7,Passive,Delivery
4030,21591,20221112,1547,6,5,Detractor,Support
4031,13300,20240511,1030,4,8,Passive,Delivery
4032,40823,20230627,877,7,10,Promoter,Support
4033,2016,20240425,31,9,7,Passive,Website
4034,16020,20240325,372,5,5,Detractor,Store experience
4035,21588,20231103,1049,1,7,Passive,Price
4036,32060,20230401,1140,11,7,Passive,Website
4037,3693,20240705,1560,9,4,Detractor,Product quality
4038,42526,20241101,76,11,8,Passive,Product quality
4039,19481,20251029,204,12,6,Detractor,Website
4040,57923,20251231,1940,10,8,Passive,Price
4041,42727,20230329,514,3,6,Detractor,Delivery
4042,3392,20250318,998,1,4,Detractor,Delivery
4043,39254,20250226,1019,12,5,Detractor,Website
4044,42824,20251121,178,3,7,Passive,Price
4045,19629,20251022,1628,1,10,Promoter,Support
4046,17969,20250709,1158,1,6,Detractor,Support
4047,24607,20231005,642,12,8,Passive,Website
4048,31865,20250218,923,5,5,Detractor,Delivery
4049,25715,20241121,749,2,10,Promoter,Website
4050,58595,20251231,133,7,6,Detractor,Delivery
4051,44471,20251231,1210,7,5,Detractor,Product quality
4052,8574,20241001,1354,6,7,Passive,Website
4053,27987,20240306,1498,6,6,Detractor,Price
4054,37745,20230201,1335,9,8,Passive,Price
4055,45578,20230517,1013,12,9,Promoter,Product quality
4056,14125,20240620,552,6,5,Detractor,Product quality
4057,23783,20231229,746,7,8,Passive,Delivery
4058,23887,20221105,425,11,7,Passive,Delivery
4059,42928,20250214,802,2,9,Promoter,Price
4060,8156,20230903,1552,2,5,Detractor,Store experience
4061,14725,20230823,475,3,8,Passive,Delivery
4062,12,20230203,43,3,8,Passive,Price
4063,1054,20251228,1637,2,7,Passive,Support
4064,1321,20251207,92,11,8,Passive,Product quality
4065,3189,20221213,1803,4,5,Detractor,Support
4066,57860,20250824,1675,3,6,Detractor,Delivery
4067,53855,20250911,52,3,7,Passive,Support
4068,12459,20240816,310,1,7,Passive,Website
4069,25923,20231005,1170,7,6,Detractor,Support
4070,47347,20230410,1624,1,8,Passive,Product quality
4071,50078,20231231,1698,5,6,Detractor,Delivery
4072,39842,20220920,1302,7,10,Promoter,Support
4073,14845,20251009,1364,9,3,Detractor,Price
4074,20277,20240210,629,11,7,Passive,Store experience
4075,9975,20231014,392,11,6,Detractor,Support
4076,40159,20231224,1520,5,6,Detractor,Price
4077,6766,20241020,1618,8,7,Passive,Product quality
4078,2304,20230806,1240,11,7,Passive,Support
4079,20426,20250313,1572,12,8,Passive,Price
4080,22102,20250603,18,1,6,Detractor,Store experience
4081,3248,20250429,620,10,9,Promoter,Support
4082,49512,20251228,248,7,7,Passive,Store experience
4083,53759,20251026,479,8,7,Passive,Delivery
4084,21509,20240227,56,12,6,Detractor,Delivery
4085,40996,20230213,767,2,7,Passive,Website
4086,55998,20251216,1534,10,10,Promoter,Store experience
4087,43369,20250209,788,7,5,Detractor,Support
4088,18320,20250718,1734,9,8,Passive,Product quality
4089,50898,20230502,1138,6,4,Detractor,Store experience
4090,34833,20230214,969,3,6,Detractor,Delivery
4091,15208,20221017,681,7,8,Passive,Product quality
4092,2889,20240503,1154,11,4,Detractor,Support
4093,14383,20250125,628,1,4,Detractor,Product quality
4094,39418,20241201,1249,4,6,Detractor,Website
4095,9570,20241003,285,8,6,Detractor,Support
4096,16826,20240817,773,7,4,Detractor,Price
4097,39095,20250426,525,2,6,Detractor,Price
4098,37333,20230626,1877,12,6,Detractor,Product quality
4099,47651,20250521,1388,2,6,Detractor,Website
4100,33793,20250624,712,4,10,Promoter,Store experience
4101,32061,20251113,1316,9,6,Detractor,Website
4102,48443,20240114,701,9,6,Detractor,Store experience
4103,19175,20251231,581,10,9,Promoter,Support
4104,39957,20240316,132,12,10,Promoter,Support
4105,44618,20230407,1033,9,4,Detractor,Delivery
4106,27423,20251214,1047,7,4,Detractor,Price
4107,26127,20240701,1255,2,5,Detractor,Store experience
4108,17368,20240311,133,1,7,Passive,Delivery
4109,254,20250724,1462,10,2,Detractor,Website
4110,22035,20230213,1044,11,10,Promoter,Product quality
4111,4024,20241010,408,1,6,Detractor,Product quality
4112,36037,20250827,1591,2,9,Promoter,Price
4113,21787,20250622,1977,4,6,Detractor,Store experience
4114,59467,20240913,730,3,5,Detractor,Store experience
4115,54072,20240914,1110,7,6,Detractor,Store experience
4116,45789,20240207,1477,5,8,Passive,Delivery
4117,5395,20240307,1801,3,7,Passive,Support
4118,7742,20250925,231,4,8,Passive,Delivery
4119,7065,20231226,1018,3,4,Detractor,Price
4120,41072,20250527,1808,2,8,Passive,Website
4121,28378,20240602,1477,7,7,Passive,Price
4122,32132,20240322,1718,8,6,Detractor,Delivery
4123,17810,20230308,764,9,8,Passive,Support
4124,18010,20230916,1565,10,5,Detractor,Website
4125,26333,20230115,58,5,9,Promoter,Price
4126,23206,20241209,625,6,6,Detractor,Price
4127,27599,20230521,1736,5,6,Detractor,Support
4128,30873,20220616,193,10,5,Detractor,Price
4129,6451,20230526,801,2,6,Detractor,Store experience
4130,7149,20241006,1802,2,5,Detractor,Product quality
4131,34603,20250305,1237,5,7,Passive,Store experience
4132,6354,20220709,78,9,5,Detractor,Delivery
4133,23754,20240810,510,10,6,Detractor,Price
4134,20832,20251231,643,2,6,Detractor,Price
4135,45923,20251122,1682,6,10,Promoter,Delivery
4136,40106,20250703,1728,12,7,Passive,Support
4137,52601,20240101,195,9,5,Detractor,Support
4138,22566,20240116,525,8,5,Detractor,Store experience
4139,13608,20250914,438,10,5,Detractor,Support
4140,19206,20241007,1758,9,5,Detractor,Product quality
4141,4953,20231123,1328,2,8,Passive,Price
4142,3906,20230605,933,1,7,Passive,Website
4143,4672,20230901,76,8,7,Passive,Support
4144,23088,20240621,1117,12,9,Promoter,Product quality
4145,50534,20240909,1696,1,7,Passive,Product quality
4146,9260,20251231,485,11,5,Detractor,Price
4147,15305,20241231,989,2,7,Passive,Store experience
4148,42544,20230728,393,12,6,Detractor,Website
4149,57814,20230426,162,2,7,Passive,Support
4150,54758,20250915,1389,10,8,Passive,Support
4151,10028,20240311,20,4,8,Passive,Price
4152,16278,20240118,422,7,5,Detractor,Product quality
4153,34452,20230822,646,12,3,Detractor,Support
4154,23230,20241024,703,3,3,Detractor,Price
4155,5418,20250507,720,4,7,Passive,Support
4156,3960,20240412,828,9,9,Promoter,Price
4157,37941,20250911,922,1,3,Detractor,Store experience
4158,57861,20250809,1675,3,7,Passive,Product quality
4159,4686,20250131,1211,6,9,Promoter,Store experience
4160,2868,20240304,3,7,6,Detractor,Product quality
4161,46136,20250319,642,6,7,Passive,Product quality
4162,44940,20250626,1100,3,5,Detractor,Store experience
4163,40863,20250610,195,2,8,Passive,Product quality
4164,2833,20251123,463,2,6,Detractor,Support
4165,11765,20241009,1393,12,7,Passive,Price
4166,23197,20250606,1060,3,6,Detractor,Support
4167,58395,20250604,853,10,8,Passive,Support
4168,14050,20230123,1712,4,5,Detractor,Store experience
4169,4842,20230312,1799,2,7,Passive,Delivery
4170,10661,20250306,1618,6,9,Promoter,Price
4171,19428,20220816,802,8,5,Detractor,Store experience
4172,28154,20241202,1124,5,8,Passive,Support
4173,58427,20220705,794,4,5,Detractor,Price
4174,48145,20220810,705,8,6,Detractor,Price
4175,34529,20240630,1557,11,6,Detractor,Price
4176,31956,20230916,240,7,7,Passive,Store experience
4177,29326,20251105,761,11,10,Promoter,Product quality
4178,7121,20240716,1271,7,9,Promoter,Delivery
4179,8094,20250412,994,4,6,Detractor,Support
4180,6900,20220327,83,8,6,Detractor,Store experience
4181,53927,20240428,1119,5,5,Detractor,Support
4182,56340,20250721,1389,2,7,Passive,Store experience
4183,23955,20240322,1738,6,8,Passive,Price
4184,21679,20240321,656,3,7,Passive,Support
4185,41354,20240708,868,8,8,Passive,Store experience
4186,14615,20241010,81,12,7,Passive,Website
4187,182,20230923,1419,4,6,Detractor,Website
4188,38417,20230403,1443,7,7,Passive,Support
4189,56974,20241205,1747,6,9,Promoter,Support
4190,1235,20231029,127,8,8,Passive,Support
4191,56318,20230330,868,9,5,Detractor,Delivery
4192,9734,20250810,1781,7,6,Detractor,Website
4193,14806,20230726,370,5,7,Passive,Price
4194,45213,20230204,1717,4,7,Passive,Website
4195,655,20251231,1475,1,9,Promoter,Store experience
4196,6867,20230803,1496,8,7,Passive,Support
4197,53372,20230217,1605,8,5,Detractor,Delivery
4198,4025,20241015,408,1,8,Passive,Price
4199,34103,20221012,1750,3,6,Detractor,Website
4200,37631,20220808,473,1,7,Passive,Product quality
4201,2796,20221125,230,10,7,Passive,Product quality
4202,14829,20250313,170,6,7,Passive,Product quality
4203,55066,20240109,1091,5,7,Passive,Store experience
4204,44367,20250909,1575,6,8,Passive,Price
4205,6111,20241211,1788,9,5,Detractor,Support
4206,29366,20240401,268,6,6,Detractor,Price
4207,57541,20240901,1626,5,6,Detractor,Store experience
4208,38038,20251231,172,5,8,Passive,Website
4209,53824,20241113,1608,6,4,Detractor,Store experience
4210,34461,20221227,258,7,7,Passive,Store experience
4211,21185,20231020,1957,12,4,Detractor,Price
4212,8747,20240920,390,3,9,Promoter,Store experience
4213,54624,20240526,1407,1,5,Detractor,Product quality
4214,35447,20250102,1283,10,8,Passive,Product quality
4215,10069,20250918,629,7,7,Passive,Delivery
4216,373,20220604,1199,1,6,Detractor,Support
4217,54381,20220425,1570,10,7,Passive,Support
4218,37769,20240420,1908,8,6,Detractor,Delivery
4219,45190,20220704,51,10,5,Detractor,Product quality
4220,27234,20220705,1385,7,7,Passive,Price
4221,10851,20231219,1394,6,5,Detractor,Delivery
4222,24426,20250424,1039,5,7,Passive,Delivery
4223,47651,20250425,1388,2,7,Passive,Support
4224,54291,20250102,564,7,10,Promoter,Website
4225,16251,20221116,1008,9,9,Promoter,Product quality
4226,12403,20241027,167,7,7,Passive,Delivery
4227,52831,20240120,322,4,3,Detractor,Website
4228,6709,20250209,1440,5,6,Detractor,Delivery
4229,58973,20251231,410,8,6,Detractor,Product quality
4230,8384,20231222,20,11,5,Detractor,Delivery
4231,16399,20230521,1615,6,9,Promoter,Support
4232,44070,20230828,1886,6,6,Detractor,Support
4233,31957,20231023,240,7,9,Promoter,Product quality
4234,26394,20250405,469,3,5,Detractor,Store experience
4235,56016,20250707,1594,9,4,Detractor,Support
4236,40757,20240401,1981,12,4,Detractor,Website
4237,32050,20240816,1737,11,8,Passive,Delivery
4238,55853,20240601,899,9,8,Passive,Delivery
4239,14662,20250106,332,12,4,Detractor,Support
4240,12192,20251107,1841,1,7,Passive,Product quality
4241,39391,20250212,649,10,6,Detractor,Support
4242,38532,20250703,101,9,6,Detractor,Delivery
4243,50928,20230603,144,2,8,Passive,Product quality
4244,40764,20251031,640,4,5,Detractor,Delivery
4245,12148,20240212,892,8,6,Detractor,Website
4246,20163,20250515,1783,11,9,Promoter,Product quality
4247,10666,20240717,1509,5,8,Passive,Website
4248,54477,20240812,472,11,8,Passive,Website
4249,19050,20231103,1918,1,7,Passive,Store experience
4250,2796,20221128,230,10,2,Detractor,Delivery
4251,18530,20221217,1646,9,8,Passive,Support
4252,49914,20250726,49,12,6,Detractor,Store experience
4253,1897,20230403,1835,10,6,Detractor,Product quality
4254,57884,20221028,1088,3,9,Promoter,Product quality
4255,36292,20250421,180,5,7,Passive,Store experience
4256,21081,20230613,77,11,7,Passive,Delivery
4257,6578,20241217,653,4,7,Passive,Product quality
4258,27643,20251126,1567,11,6,Detractor,Support
4259,44273,20230714,1913,11,3,Detractor,Website
4260,40789,20241209,527,4,4,Detractor,Price
4261,21017,20241011,1936,3,8,Passive,Delivery
4262,41803,20241110,497,9,6,Detractor,Product quality
4263,30652,20250406,997,5,6,Detractor,Support
4264,30831,20251215,815,11,6,Detractor,Support
4265,57162,20220907,1101,4,6,Detractor,Support
4266,31468,20231114,1088,11,8,Passive,Website
4267,59307,20240425,1000,4,2,Detractor,Support
4268,10929,20231231,602,6,9,Promoter,Price
4269,17360,20240517,1667,1,8,Passive,Delivery
4270,44744,20240418,714,12,6,Detractor,Support
4271,12098,20251231,1168,1,7,Passive,Price
4272,10884,20241113,1579,9,7,Passive,Delivery
4273,55209,20250103,957,10,6,Detractor,Support
4274,48829,20231218,1474,7,8,Passive,Product quality
4275,34086,20221110,336,3,4,Detractor,Store experience
4276,57826,20250112,1228,9,7,Passive,Delivery
4277,20957,20231221,1970,9,6,Detractor,Support
4278,29540,20240924,1494,10,6,Detractor,Website
4279,27738,20240530,549,4,6,Detractor,Website
4280,13399,20250103,1984,11,5,Detractor,Product quality
4281,2762,20240601,724,4,7,Passive,Delivery
4282,14563,20240606,791,5,8,Passive,Support
4283,48796,20250519,557,9,6,Detractor,Delivery
4284,1907,20251117,156,6,6,Detractor,Product quality
4285,7468,20231212,45,7,9,Promoter,Delivery
4286,43837,20250710,1320,5,8,Passive,Support
4287,4501,20240816,88,9,6,Detractor,Website
4288,46279,20240402,1724,12,9,Promoter,Store experience
4289,16003,20251231,1506,3,8,Passive,Website
4290,54854,20230215,1012,6,6,Detractor,Delivery
4291,20892,20250410,346,7,7,Passive,Support
4292,46164,20250127,403,1,7,Passive,Delivery
4293,40704,20251016,1440,1,6,Detractor,Support
4294,35316,20240520,33,2,7,Passive,Support
4295,7910,20250721,1158,3,8,Passive,Website
4296,6241,20240809,1594,3,3,Detractor,Website
4297,41973,20250915,1167,2,7,Passive,Website
4298,38781,20240510,1061,9,8,Passive,Support
4299,23901,20251012,1314,8,7,Passive,Product quality
4300,31720,20220924,1976,3,7,Passive,Support
4301,27388,20240512,1306,11,6,Detractor,Store experience
4302,26375,20240125,1352,3,6,Detractor,Website
4303,22630,20240103,78,11,8,Passive,Price
4304,39159,20230403,998,2,8,Passive,Product quality
4305,53581,20231216,19,3,5,Detractor,Store experience
4306,8027,20240206,1997,3,5,Detractor,Product quality
4307,5905,20221205,1353,8,8,Passive,Product quality
4308,7582,20250924,1503,6,7,Passive,Product quality
4309,20953,20230804,1715,2,8,Passive,Product quality
4310,43165,20240627,726,4,10,Promoter,Website
4311,23093,20230123,707,6,9,Promoter,Delivery
4312,26961,20241009,1935,3,4,Detractor,Delivery
4313,53616,20240221,89,4,6,Detractor,Product quality
4314,46019,20240811,907,10,6,Detractor,Website
4315,52911,20251111,1099,6,5,Detractor,Product quality
4316,12951,20250715,703,7,10,Promoter,Product quality
4317,53932,20250911,1542,11,7,Passive,Store experience
4318,31590,20230710,85,12,5,Detractor,Website
4319,38566,20240524,315,3,4,Detractor,Price
4320,26902,20240719,701,9,8,Passive,Store experience
4321,28453,20251231,139,10,6,Detractor,Delivery
4322,27707,20230413,1082,10,7,Passive,Price
4323,37277,20251216,370,5,9,Promoter,Support
4324,49513,20250620,341,11,5,Detractor,Price
4325,33379,20250505,1674,4,8,Passive,Delivery
4326,18778,20240725,745,5,9,Promoter,Price
4327,19078,20250626,37,4,7,Passive,Website
4328,5964,20240302,517,11,5,Detractor,Delivery
4329,20793,20231202,878,5,2,Detractor,Support
4330,2184,20230607,1026,11,8,Passive,Delivery
4331,10458,20240326,1571,4,6,Detractor,Support
4332,50937,20231005,463,4,5,Detractor,Price
4333,51763,20230608,1206,10,7,Passive,Delivery
4334,32814,20221129,406,11,8,Passive,Store experience
4335,13787,20241127,1777,9,6,Detractor,Product quality
4336,22022,20230521,1504,10,6,Detractor,Product quality
4337,58933,20251103,91,11,1,Detractor,Product quality
4338,47658,20250921,730,1,6,Detractor,Support
4339,33268,20250505,1564,3,5,Detractor,Support
4340,53825,20240527,725,2,7,Passive,Store experience
4341,40977,20240930,1945,11,7,Passive,Store experience
4342,1953,20240123,69,1,7,Passive,Delivery
4343,2544,20231218,745,9,10,Promoter,Store experience
4344,16453,20240709,474,8,6,Detractor,Delivery
4345,28996,20250611,1944,6,8,Passive,Delivery
4346,43317,20241023,1449,1,9,Promoter,Price
4347,33378,20250503,1674,4,9,Promoter,Support
4348,2868,20240227,3,7,8,Passive,Support
4349,30697,20251020,22,7,8,Passive,Store experience
4350,52866,20250322,1644,6,7,Passive,Support
4351,32137,20250918,603,8,7,Passive,Delivery
4352,13447,20250126,1225,12,9,Promoter,Support
4353,33264,20250321,1391,10,8,Passive,Store experience
4354,13309,20231209,653,3,8,Passive,Price
4355,32697,20240825,98,1,8,Passive,Delivery
4356,20540,20221002,877,1,7,Passive,Price
4357,389,20250314,396,8,6,Detractor,Store experience
4358,39925,20230315,796,5,5,Detractor,Website
4359,161,20250702,1190,9,9,Promoter,Support
4360,15679,20250417,1531,8,8,Passive,Website
4361,3643,20250613,1154,11,4,Detractor,Price
4362,22705,20241123,574,9,5,Detractor,Website
4363,7618,20240505,1193,10,6,Detractor,Price
4364,35459,20241223,1960,10,7,Passive,Delivery
4365,50740,20230703,805,9,9,Promoter,Store experience
4366,14884,20250803,1748,2,5,Detractor,Support
4367,58596,20240921,452,6,7,Passive,Support
4368,54740,20250127,1219,3,9,Promoter,Support
4369,47477,20221231,1241,3,8,Passive,Store experience
4370,9991,20250306,1070,11,6,Detractor,Website
4371,53219,20230927,1324,7,5,Detractor,Product quality
4372,26698,20250919,822,8,5,Detractor,Price
4373,29094,20250430,320,5,7,Passive,Support
4374,40223,20250607,1398,1,6,Detractor,Price
4375,23419,20250506,1910,12,8,Passive,Price
4376,53555,20231210,1470,11,7,Passive,Delivery
4377,10999,20241112,839,8,5,Detractor,Website
4378,50334,20230625,275,12,9,Promoter,Product quality
4379,20411,20251231,109,8,8,Passive,Website
4380,48166,20240301,1918,3,5,Detractor,Delivery
4381,19207,20240901,1758,9,6,Detractor,Website
4382,23816,20240723,1653,8,7,Passive,Delivery
4383,47438,20250725,1612,2,3,Detractor,Price
4384,20245,20251204,1399,5,7,Passive,Store experience
4385,6148,20230304,810,6,8,Passive,Price
4386,5368,20251026,1570,2,5,Detractor,Price
4387,593,20250928,773,10,5,Detractor,Support
4388,22515,20240303,310,11,9,Promoter,Website
4389,19584,20251126,890,8,10,Promoter,Price
4390,52459,20221207,1580,11,8,Passive,Website
4391,20181,20220513,92,11,7,Passive,Product quality
4392,25032,20251006,1784,8,8,Passive,Store experience
4393,13387,20241219,1776,9,5,Detractor,Product quality
4394,52069,20231006,475,5,7,Passive,Delivery
4395,30854,20250515,214,11,6,Detractor,Support
4396,41714,20240726,1442,2,3,Detractor,Product quality
4397,4237,20241015,966,2,5,Detractor,Product quality
4398,55833,20251111,694,3,7,Passive,Store experience
4399,16343,20241024,24,11,9,Promoter,Product quality
4400,29337,20250920,1976,9,10,Promoter,Website
4401,5033,20250110,1458,12,7,Passive,Store experience
4402,19145,20250108,1055,12,4,Detractor,Store experience
4403,52081,20220804,1860,9,8,Passive,Delivery
4404,46763,20251218,1332,2,7,Passive,Price
4405,14542,20250206,1710,10,6,Detractor,Support
4406,41994,20250307,1114,1,5,Detractor,Store experience
4407,31786,20250222,813,11,6,Detractor,Price
4408,13621,20230917,442,7,6,Detractor,Price
4409,10261,20221209,26,9,5,Detractor,Price
4410,1266,20250221,1184,3,10,Promoter,Price
4411,41135,20251207,958,7,9,Promoter,Delivery
4412,2643,20230614,531,11,7,Passive,Product quality
4413,58454,20240507,1599,12,8,Passive,Delivery
4414,16804,20241106,1818,8,9,Promoter,Delivery
4415,54450,20250524,1734,5,9,Promoter,Store experience
4416,54186,20220611,350,12,5,Detractor,Store experience
4417,9740,20221102,274,5,7,Passive,Product quality
4418,37874,20251217,690,9,6,Detractor,Store experience
4419,9849,20231019,879,4,5,Detractor,Support
4420,13560,20231216,1753,10,8,Passive,Store experience
4421,59618,20240810,1215,10,8,Passive,Support
4422,35285,20250309,1354,8,4,Detractor,Store experience
4423,23048,20230820,961,11,9,Promoter,Price
4424,41731,20221201,699,2,7,Passive,Product quality
4425,25393,20250303,822,8,7,Passive,Store experience
4426,54379,20230912,196,4,7,Passive,Website
4427,50418,20250601,1414,11,7,Passive,Website
4428,38899,20240901,1707,4,6,Detractor,Store experience
4429,13462,20240626,305,2,5,Detractor,Delivery
4430,47928,20251121,75,7,7,Passive,Support
4431,10402,20241205,1549,2,5,Detractor,Price
4432,20136,20231007,1018,1,9,Promoter,Support
4433,23208,20240121,1989,5,7,Passive,Product quality
4434,21586,20241129,1479,11,9,Promoter,Product quality
4435,50435,20221116,1654,10,8,Passive,Price
4436,33969,20250228,1947,4,7,Passive,Price
4437,13237,20251217,1276,4,9,Promoter,Website
4438,36716,20240831,470,9,6,Detractor,Price
4439,58815,20241020,1346,5,7,Passive,Delivery
4440,15007,20250330,614,9,9,Promoter,Store experience
4441,57073,20240821,1733,8,9,Promoter,Product quality
4442,43121,20231007,641,5,7,Passive,Support
4443,24149,20221113,687,10,9,Promoter,Price
4444,25331,20250405,1418,2,7,Passive,Store experience
4445,53589,20250601,338,10,5,Detractor,Delivery
4446,26710,20250708,1658,1,6,Detractor,Product quality
4447,48965,20240713,893,12,5,Detractor,Product quality
4448,32281,20251231,39,2,9,Promoter,Support
4449,39277,20250320,1678,5,8,Passive,Product quality
4450,11513,20251110,1587,2,7,Passive,Store experience
4451,38046,20250616,53,4,6,Detractor,Store experience
4452,42336,20230529,531,4,7,Passive,Delivery
4453,54223,20240627,508,4,7,Passive,Product quality
4454,24671,20240906,87,7,8,Passive,Delivery
4455,36668,20240326,468,11,4,Detractor,Website
4456,13323,20250601,562,12,6,Detractor,Website
4457,45831,20230525,223,1,7,Passive,Store experience
4458,23611,20250818,1709,4,6,Detractor,Delivery
4459,57488,20250720,707,4,9,Promoter,Support
4460,33654,20251123,89,11,7,Passive,Price
4461,19674,20221002,1326,6,7,Passive,Support
4462,21819,20251018,948,7,5,Detractor,Store experience
4463,5365,20250928,1570,2,8,Passive,Store experience
4464,11974,20251231,1532,12,7,Passive,Store experience
4465,56873,20240215,1277,8,7,Passive,Product quality
4466,37630,20220811,473,1,4,Detractor,Support
4467,8078,20240705,1242,2,4,Detractor,Website
4468,42204,20240202,978,5,7,Passive,Support
4469,30665,20250413,1587,10,7,Passive,Store experience
4470,26992,20250310,1589,11,6,Detractor,Support
4471,5223,20240419,1434,9,3,Detractor,Website
4472,13961,20230805,9,10,6,Detractor,Delivery
4473,2536,20250509,1678,4,8,Passive,Delivery
4474,25481,20251219,538,9,7,Passive,Support
4475,37699,20251209,1093,10,6,Detractor,Price
4476,13189,20250514,1577,11,9,Promoter,Delivery
4477,11839,20250914,1190,7,7,Passive,Delivery
4478,44872,20250530,1464,10,7,Passive,Store experience
4479,21300,20221203,771,4,2,Detractor,Website
4480,51878,20250910,924,9,5,Detractor,Delivery
4481,38676,20240706,283,5,8,Passive,Website
4482,55264,20230829,1601,4,9,Promoter,Store experience
4483,16800,20241222,1562,3,6,Detractor,Store experience
4484,2441,20230810,330,2,6,Detractor,Store experience
4485,39361,20240720,1619,9,6,Detractor,Product quality
4486,51468,20231220,1189,3,7,Passive,Support
4487,31433,20240207,595,10,8,Passive,Product quality
4488,17288,20250819,1954,7,9,Promoter,Price
4489,2790,20240601,1165,3,8,Passive,Product quality
4490,2328,20240312,1297,9,6,Detractor,Website
4491,14597,20240522,760,10,4,Detractor,Website
4492,50325,20250426,485,7,4,Detractor,Support
4493,28888,20240426,1058,2,8,Passive,Website
4494,31748,20251211,1161,9,7,Passive,Support
4495,11066,20250324,1570,3,6,Detractor,Store experience
4496,20319,20240413,604,11,6,Detractor,Price
4497,40486,20231113,265,9,5,Detractor,Store experience
4498,3097,20230916,1420,12,8,Passive,Product quality
4499,36367,20241222,582,8,5,Detractor,Support
4500,51123,20231212,423,5,5,Detractor,Delivery
4501,22285,20250429,195,10,3,Detractor,Website
4502,33017,20230720,1677,11,9,Promoter,Price
4503,34091,20231110,365,10,8,Passive,Delivery
4504,53408,20251227,1537,5,7,Passive,Website
4505,21816,20250211,1389,5,5,Detractor,Support
4506,20751,20230927,1674,5,7,Passive,Delivery
4507,42266,20241031,1737,3,7,Passive,Delivery
4508,13455,20240812,1678,6,4,Detractor,Support
4509,14426,20231016,630,5,5,Detractor,Website
4510,15758,20241228,1639,12,5,Detractor,Product quality
4511,52735,20231025,1058,9,7,Passive,Delivery
4512,33646,20251026,19,6,4,Detractor,Delivery
4513,50030,20240605,829,1,8,Passive,Website
4514,57586,20250214,443,2,4,Detractor,Support
4515,1674,20240924,1060,6,7,Passive,Store experience
4516,22622,20250328,160,10,7,Passive,Website
4517,5371,20250307,839,5,5,Detractor,Store experience
4518,20807,20250112,1188,2,3,Detractor,Product quality
4519,17586,20231207,1854,1,7,Passive,Website
4520,43721,20250628,1123,11,8,Passive,Product quality
4521,40855,20240124,492,1,7,Passive,Price
4522,45453,20240211,1977,8,6,Detractor,Support
4523,45960,20230601,1146,10,8,Passive,Website
4524,47475,20240917,13,5,5,Detractor,Website
4525,40458,20220729,31,2,5,Detractor,Product quality
4526,24101,20250121,298,10,4,Detractor,Website
4527,28121,20241214,824,4,9,Promoter,Price
4528,54511,20240313,546,3,7,Passive,Support
4529,53247,20250602,767,1,8,Passive,Product quality
4530,17518,20250107,727,6,6,Detractor,Support
4531,1107,20250121,952,11,2,Detractor,Product quality
4532,30013,20231026,582,9,8,Passive,Price
4533,57969,20251231,1448,11,9,Promoter,Store experience
4534,39360,20240724,1619,9,8,Passive,Support
4535,51924,20250316,558,7,4,Detractor,Support
4536,6015,20251231,1183,5,7,Passive,Delivery
4537,20306,20240610,993,8,8,Passive,Website
4538,51731,20251106,1816,7,4,Detractor,Store experience
4539,9226,20250702,825,12,6,Detractor,Support
4540,9828,20221112,1179,12,6,Detractor,Price
4541,58467,20230629,1089,3,8,Passive,Delivery
4542,56560,20250510,836,6,4,Detractor,Store experience
4543,6238,20250909,1317,6,4,Detractor,Delivery
4544,35403,20241208,778,1,7,Passive,Store experience
4545,46998,20250308,881,8,9,Promoter,Store experience
4546,8806,20251210,935,6,7,Passive,Delivery
4547,10660,20250313,1618,6,8,Passive,Store experience
4548,37634,20231110,1430,7,8,Passive,Delivery
4549,13284,20231122,1742,11,5,Detractor,Support
4550,22115,20231130,1376,5,5,Detractor,Delivery
4551,58050,20251231,1142,5,5,Detractor,Store experience
4552,38573,20250526,1507,5,8,Passive,Price
4553,28880,20250404,875,7,7,Passive,Support
4554,46404,20231130,1059,9,9,Promoter,Delivery
4555,51694,20240613,1230,3,10,Promoter,Store experience
4556,38653,20250207,322,6,7,Passive,Delivery
4557,57861,20250801,1675,3,6,Detractor,Delivery
4558,6395,20251231,887,7,10,Promoter,Delivery
4559,8930,20251111,219,11,7,Passive,Support
4560,40281,20250531,1806,3,8,Passive,Price
4561,40882,20241110,485,12,6,Detractor,Price
4562,19106,20251229,872,5,7,Passive,Delivery
4563,9673,20240929,1194,4,7,Passive,Product quality
4564,41489,20251231,667,9,7,Passive,Product quality
4565,19396,20251222,617,7,5,Detractor,Delivery
4566,454,20250721,116,5,7,Passive,Support
4567,21048,20250710,623,1,9,Promoter,Website
4568,5262,20220905,831,2,6,Detractor,Product quality
4569,16175,20240811,357,6,7,Passive,Delivery
4570,20593,20240305,1989,8,6,Detractor,Support
4571,6218,20250524,890,6,8,Passive,Website
4572,32429,20231223,291,6,4,Detractor,Support
4573,8798,20240118,1207,2,6,Detractor,Website
4574,35234,20250123,129,1,7,Passive,Website
4575,55760,20250308,1024,10,4,Detractor,Store experience
4576,25551,20220708,688,6,7,Passive,Price
4577,22990,20250520,285,10,6,Detractor,Price
4578,10042,20230919,1413,5,8,Passive,Delivery
4579,86,20240907,1016,3,6,Detractor,Delivery
4580,11685,20240410,380,5,7,Passive,Website
4581,24741,20241219,1656,4,6,Detractor,Store experience
4582,16176,20240907,357,6,3,Detractor,Store experience
4583,4715,20230214,1600,6,7,Passive,Product quality
4584,47833,20230724,1803,8,7,Passive,Price
4585,25927,20240716,606,9,7,Passive,Delivery
4586,17112,20251231,1935,5,7,Passive,Support
4587,7385,20240828,148,5,5,Detractor,Store experience
4588,2123,20250312,222,10,7,Passive,Store experience
4589,13670,20250306,1719,10,5,Detractor,Delivery
4590,25467,20241022,1414,1,7,Passive,Website
4591,16115,20251231,1019,1,7,Passive,Website
4592,38994,20250217,295,4,8,Passive,Price
4593,47566,20221017,1276,8,5,Detractor,Store experience
4594,22605,20241031,1960,3,5,Detractor,Support
4595,25955,20241225,1328,7,7,Passive,Support
4596,54197,20240712,1191,12,9,Promoter,Price
4597,53767,20240709,45,1,6,Detractor,Price
4598,40329,20220905,911,11,8,Passive,Product quality
4599,43025,20240917,1336,12,7,Passive,Delivery
4600,20431,20241117,324,6,6,Detractor,Store experience
4601,8205,20230128,868,12,7,Passive,Price
4602,4615,20250504,2,9,7,Passive,Store experience
4603,45826,20230917,914,7,9,Promoter,Delivery
4604,59943,20251208,1356,4,9,Promoter,Product quality
4605,235,20251003,1844,1,5,Detractor,Delivery
4606,39059,20230106,1219,7,6,Detractor,Website
4607,59021,20241206,1077,7,9,Promoter,Delivery
4608,12149,20240203,892,8,8,Passive,Delivery
4609,13136,20230319,220,3,6,Detractor,Price
4610,20614,20240928,982,8,6,Detractor,Support
4611,8735,20251013,848,12,10,Promoter,Product quality
4612,10683,20250115,1180,2,5,Detractor,Store experience
4613,20471,20250903,863,3,8,Passive,Store experience
4614,57124,20230723,909,12,9,Promoter,Price
4615,48281,20250601,153,2,10,Promoter,Support
4616,55103,20240903,1560,6,7,Passive,Store experience
4617,8640,20250106,640,1,6,Detractor,Price
4618,38216,20241206,663,11,3,Detractor,Product quality
4619,59336,20250526,1997,8,5,Detractor,Product quality
4620,5955,20220611,1664,6,5,Detractor,Website
4621,39442,20230614,904,4,7,Passive,Store experience
4622,44138,20241009,406,6,5,Detractor,Store experience
4623,5662,20240611,675,4,7,Passive,Support
4624,50032,20240222,733,10,5,Detractor,Product quality
4625,51616,20250426,244,7,6,Detractor,Delivery
4626,16041,20221015,1067,5,9,Promoter,Delivery
4627,36623,20221017,504,6,7,Passive,Price
4628,3867,20220711,993,2,8,Passive,Delivery
4629,45513,20240307,1967,2,7,Passive,Product quality
4630,21685,20250930,173,5,5,Detractor,Store experience
4631,8182,20240705,1081,3,9,Promoter,Store experience
4632,4347,20241210,672,7,5,Detractor,Website
4633,50084,20250805,808,4,4,Detractor,Website
4634,17880,20251203,1973,1,5,Detractor,Price
4635,24926,20230728,1065,12,7,Passive,Store experience
4636,11255,20250307,396,9,6,Detractor,Delivery
4637,8979,20240628,1805,11,6,Detractor,Website
4638,31427,20240705,1578,3,4,Detractor,Price
4639,25458,20250222,939,2,9,Promoter,Website
4640,54541,20240217,742,9,10,Promoter,Store experience
4641,16144,20240907,1439,2,10,Promoter,Website
4642,46597,20241222,1073,10,4,Detractor,Website
4643,23135,20251006,1457,3,7,Passive,Price
4644,43198,20230913,1732,3,7,Passive,Store experience
4645,2107,20241203,358,11,9,Promoter,Store experience
4646,31781,20240518,433,1,5,Detractor,Support
4647,13413,20250711,467,11,7,Passive,Website
4648,38007,20231229,1298,5,8,Passive,Price
4649,11312,20230707,178,2,6,Detractor,Delivery
4650,8226,20240314,1745,2,5,Detractor,Website
4651,14948,20250815,1083,9,5,Detractor,Store experience
4652,21573,20240328,1940,12,4,Detractor,Store experience
4653,11960,20250223,1247,10,6,Detractor,Store experience
4654,55779,20241122,1353,4,6,Detractor,Price
4655,59658,20240801,1804,7,9,Promoter,Product quality
4656,28087,20250917,1984,9,4,Detractor,Website
4657,41269,20250504,674,4,8,Passive,Website
4658,48749,20230930,480,10,6,Detractor,Support
4659,31474,20251124,924,3,6,Detractor,Delivery
4660,21796,20251001,1960,6,7,Passive,Store experience
4661,51644,20251231,1323,4,9,Promoter,Support
4662,26754,20240816,1259,5,10,Promoter,Delivery
4663,14679,20250401,1690,4,4,Detractor,Price
4664,42136,20230115,258,2,6,Detractor,Price
4665,52030,20251231,953,4,7,Passive,Support
4666,17819,20231122,444,9,4,Detractor,Product quality
4667,45462,20240110,402,11,7,Passive,Price
4668,10310,20250901,1506,3,10,Promoter,Delivery
4669,59781,20240203,1729,3,5,Detractor,Website
4670,27613,20221010,1970,8,7,Passive,Website
4671,36084,20230212,1619,6,5,Detractor,Delivery
4672,12886,20230621,48,7,5,Detractor,Support
4673,16455,20230607,180,11,7,Passive,Support
4674,47512,20250314,1270,6,9,Promoter,Price
4675,228,20250906,926,5,8,Passive,Delivery
4676,2932,20240115,853,11,8,Passive,Price
4677,16750,20250208,1535,11,7,Passive,Store experience
4678,56562,20250429,836,6,7,Passive,Website
4679,18959,20240605,241,5,4,Detractor,Delivery
4680,25337,20231114,1493,12,7,Passive,Product quality
4681,9485,20221213,131,5,5,Detractor,Product quality
4682,33957,20240515,151,7,10,Promoter,Product quality
4683,786,20240317,508,6,4,Detractor,Website
4684,50658,20220420,1952,4,8,Passive,Store experience
4685,28382,20240322,1144,2,8,Passive,Store experience
4686,21654,20241209,1315,12,5,Detractor,Store experience
4687,42492,20231222,829,9,7,Passive,Support
4688,8358,20240721,456,2,6,Detractor,Product quality
4689,16039,20251225,1598,11,8,Passive,Product quality
4690,25041,20230107,701,5,8,Passive,Delivery
4691,35688,20230426,818,11,8,Passive,Delivery
4692,28406,20241013,277,12,8,Passive,Price
4693,44237,20240525,1643,9,6,Detractor,Store experience
4694,9023,20241208,1966,2,8,Passive,Website
4695,46276,20230223,429,3,5,Detractor,Product quality
4696,53118,20250906,886,3,8,Passive,Price
4697,13798,20230802,1644,1,6,Detractor,Website
4698,55366,20241008,1448,11,7,Passive,Price
4699,58318,20250210,569,12,6,Detractor,Support
4700,51189,20250813,1099,3,9,Promoter,Support
4701,19659,20250126,1633,10,6,Detractor,Website
4702,46002,20250325,102,12,8,Passive,Product quality
4703,50637,20231112,70,8,9,Promoter,Delivery
4704,36555,20250901,620,12,3,Detractor,Product quality
4705,19654,20240714,1904,10,7,Passive,Store experience
4706,33688,20230803,1646,6,8,Passive,Support
4707,2670,20240419,1702,4,5,Detractor,Price
4708,53800,20250202,169,5,5,Detractor,Product quality
4709,9649,20250705,417,9,9,Promoter,Product quality
4710,8078,20240710,1242,2,6,Detractor,Store experience
4711,36123,20250621,625,11,7,Passive,Support
4712,3514,20250625,291,8,3,Detractor,Product quality
4713,56576,20230415,617,3,8,Passive,Store experience
4714,56748,20231114,1041,5,4,Detractor,Price
4715,20527,20230728,1093,11,8,Passive,Product quality
4716,46601,20241215,1073,10,8,Passive,Store experience
4717,51060,20230511,71,4,7,Passive,Price
4718,38445,20251212,617,3,5,Detractor,Store experience
4719,54848,20251231,976,3,5,Detractor,Price
4720,13060,20240629,536,2,7,Passive,Product quality
4721,40957,20240430,1999,3,10,Promoter,Price
4722,46737,20240506,1445,1,8,Passive,Website
4723,51204,20240401,1089,5,7,Passive,Product quality
4724,29135,20251204,1579,7,10,Promoter,Product quality
4725,17968,20250709,1158,1,9,Promoter,Price
4726,21836,20250620,1369,2,7,Passive,Store experience
4727,43881,20230227,951,2,6,Detractor,Price
4728,46654,20250408,2000,1,5,Detractor,Website
4729,39963,20240412,1474,3,5,Detractor,Price
4730,38856,20231019,607,11,9,Promoter,Website
4731,46546,20221022,1962,12,6,Detractor,Price
4732,38721,20250629,184,6,8,Passive,Support
4733,18808,20240129,324,7,6,Detractor,Product quality
4734,47192,20230122,1103,3,7,Passive,Delivery
4735,27596,20230526,288,8,6,Detractor,Website
4736,25975,20240827,1438,5,7,Passive,Support
4737,35381,20240901,647,8,6,Detractor,Product quality
4738,19784,20231117,120,1,9,Promoter,Store experience
4739,7533,20240205,1435,4,5,Detractor,Product quality
4740,16958,20241221,242,3,6,Detractor,Website
4741,7176,20221217,632,4,6,Detractor,Delivery
4742,26908,20240228,513,12,3,Detractor,Support
4743,48584,20230210,1804,6,9,Promoter,Product quality
4744,54760,20250904,1389,10,7,Passive,Website
4745,36630,20231129,1512,9,8,Passive,Price
4746,17908,20230523,153,5,7,Passive,Website
4747,55285,20221028,1165,4,6,Detractor,Price
4748,18812,20241226,1954,8,7,Passive,Support
4749,26318,20240824,1520,5,10,Promoter,Price
4750,58073,20231003,196,5,7,Passive,Delivery
4751,28314,20250117,331,7,2,Detractor,Product quality
4752,51584,20231229,905,4,7,Passive,Price
4753,11251,20231128,720,8,5,Detractor,Website
4754,55987,20230528,1020,6,10,Promoter,Product quality
4755,8133,20250503,981,3,4,Detractor,Store experience
4756,34538,20240129,878,2,7,Passive,Product quality
4757,29954,20250217,467,2,5,Detractor,Product quality
4758,13614,20240906,349,10,4,Detractor,Website
4759,19383,20230427,815,5,9,Promoter,Delivery
4760,46440,20240502,1849,8,7,Passive,Product quality
4761,7831,20240111,834,7,5,Detractor,Price
4762,15478,20220214,1979,6,6,Detractor,Price
4763,5318,20250407,314,3,9,Promoter,Price
4764,486,20250119,1936,5,7,Passive,Support
4765,29206,20240819,1009,2,8,Passive,Store experience
4766,17175,20241205,1618,6,8,Passive,Delivery
4767,45457,20230530,107,1,9,Promoter,Website
4768,31343,20250929,1705,5,8,Passive,Delivery
4769,51589,20230718,1998,7,9,Promoter,Delivery
4770,37909,20221203,1404,5,5,Detractor,Delivery
4771,40405,20250530,896,12,5,Detractor,Delivery
4772,52969,20250401,686,7,7,Passive,Delivery
4773,7401,20241116,319,11,7,Passive,Store experience
4774,57070,20250916,211,7,8,Passive,Delivery
4775,38862,20221219,1964,7,7,Passive,Website
4776,14234,20230422,1198,1,8,Passive,Delivery
4777,14803,20240727,1729,8,7,Passive,Product quality
4778,2737,20221005,1282,2,8,Passive,Price
4779,22526,20241205,1782,3,7,Passive,Website
4780,16543,20240304,111,1,8,Passive,Website
4781,37289,20240301,1611,11,7,Passive,Support
4782,47900,20250303,1382,6,10,Promoter,Delivery
4783,42749,20230728,646,6,10,Promoter,Price
4784,53910,20230224,1977,7,7,Passive,Store experience
4785,8627,20240303,863,3,8,Passive,Delivery
4786,27084,20250314,1048,5,8,Passive,Support
4787,35678,20230422,367,8,7,Passive,Support
4788,30115,20220928,1283,4,6,Detractor,Price
4789,42029,20240725,1475,6,8,Passive,Price
4790,6609,20231022,1458,3,4,Detractor,Store experience
4791,28948,20240707,1706,12,5,Detractor,Delivery
4792,17018,20240327,219,11,5,Detractor,Support
4793,39009,20220417,1856,2,7,Passive,Store experience
4794,52323,20241230,1082,4,5,Detractor,Delivery
4795,32594,20250608,130,4,6,Detractor,Delivery
4796,5879,20250830,1027,4,10,Promoter,Delivery
4797,8455,20240530,1798,4,7,Passive,Website
4798,10616,20240624,840,5,8,Passive,Product quality
4799,17037,20251030,1966,1,6,Detractor,Website
4800,12206,20240206,1288,11,5,Detractor,Product quality
4801,27044,20240705,1866,6,9,Promoter,Product quality
4802,16317,20250827,953,12,8,Passive,Store experience
4803,37583,20250902,1261,10,9,Promoter,Price
4804,58006,20250312,1623,11,10,Promoter,Support
4805,9903,20250803,662,12,6,Detractor,Product quality
4806,41726,20250113,1987,8,6,Detractor,Price
4807,44624,20250712,304,3,7,Passive,Price
4808,47809,20230810,1838,3,8,Passive,Delivery
4809,39850,20230530,1933,10,7,Passive,Price
4810,50908,20240802,1749,2,9,Promoter,Store experience
4811,32641,20241109,627,6,7,Passive,Support
4812,42185,20230408,1065,8,7,Passive,Support
4813,37137,20240923,1609,1,5,Detractor,Website
4814,15157,20230618,1287,1,5,Detractor,Store experience
4815,44496,20241127,220,6,8,Passive,Store experience
4816,56898,20250611,92,3,6,Detractor,Support
4817,59767,20250919,1684,2,10,Promoter,Product quality
4818,5616,20231115,250,1,7,Passive,Website
4819,27353,20241214,395,12,4,Detractor,Support
4820,8904,20240831,83,3,9,Promoter,Store experience
4821,36076,20251007,471,11,7,Passive,Product quality
4822,22360,20250810,848,3,6,Detractor,Delivery
4823,36446,20250114,1905,6,8,Passive,Delivery
4824,11347,20220530,536,6,6,Detractor,Price
4825,53522,20230223,1211,3,7,Passive,Store experience
4826,56907,20250310,722,2,5,Detractor,Price
4827,59306,20240501,1000,4,9,Promoter,Delivery
4828,59417,20250521,1815,1,5,Detractor,Delivery
4829,34777,20231008,1502,3,7,Passive,Website
4830,9560,20250125,460,1,7,Passive,Support
4831,29347,20230319,1477,12,4,Detractor,Delivery
4832,1089,20231127,354,1,6,Detractor,Store experience
4833,8076,20230728,1661,1,4,Detractor,Product quality
4834,35203,20230822,1144,4,9,Promoter,Store experience
4835,58958,20230325,229,10,5,Detractor,Price
4836,48795,20250513,557,9,10,Promoter,Product quality
4837,57662,20220517,773,1,6,Detractor,Store experience
4838,48655,20241024,705,10,7,Passive,Delivery
4839,34475,20251231,669,2,7,Passive,Product quality
4840,55126,20230508,1378,1,8,Passive,Product quality
4841,25224,20250106,591,12,7,Passive,Product quality
4842,42723,20241201,558,6,8,Passive,Support
4843,48890,20230602,1592,1,6,Detractor,Price
4844,5058,20250313,1827,9,5,Detractor,Price
4845,28072,20250826,459,5,7,Passive,Product quality
4846,15324,20250803,247,11,6,Detractor,Product quality
4847,40164,20251016,969,2,7,Passive,Store experience
4848,46914,20240517,474,2,5,Detractor,Website
4849,15353,20230302,221,10,7,Passive,Support
4850,34063,20241010,1157,8,3,Detractor,Website
4851,17219,20241205,1937,2,7,Passive,Price
4852,8014,20240720,42,2,10,Promoter,Store experience
4853,25628,20240812,10,7,5,Detractor,Price
4854,10806,20240309,1864,10,8,Passive,Delivery
4855,25871,20240830,1794,4,6,Detractor,Support
4856,4775,20230614,1015,9,5,Detractor,Website
4857,21446,20250803,579,5,7,Passive,Product quality
4858,35185,20240927,1351,10,4,Detractor,Delivery
4859,35,20220317,8,9,6,Detractor,Support
4860,48578,20250101,1983,6,8,Passive,Delivery
4861,40834,20230917,572,3,4,Detractor,Website
4862,23959,20240421,901,5,6,Detractor,Product quality
4863,54241,20250121,56,1,8,Passive,Price
4864,7918,20221225,1296,12,7,Passive,Price
4865,10841,20240827,1951,10,6,Detractor,Store experience
4866,23839,20250802,124,10,9,Promoter,Price
4867,42880,20250619,533,5,5,Detractor,Support
4868,12722,20220929,1750,8,9,Promoter,Price
4869,19003,20251015,870,1,8,Passive,Support
4870,4059,20251231,990,9,8,Passive,Delivery
4871,5538,20240527,799,6,4,Detractor,Price
4872,32356,20240320,367,12,9,Promoter,Price
4873,59290,20240319,1643,8,7,Passive,Support
4874,20714,20251010,1469,6,10,Promoter,Store experience
4875,24596,20250129,1299,3,10,Promoter,Price
4876,2711,20241115,1309,5,5,Detractor,Support
4877,17108,20250107,1763,6,6,Detractor,Product quality
4878,26290,20250511,1200,9,5,Detractor,Store experience
4879,37695,20230914,542,5,7,Passive,Delivery
4880,32879,20241021,1434,5,5,Detractor,Delivery
4881,9591,20220905,806,8,6,Detractor,Product quality
4882,18280,20230501,1980,7,7,Passive,Delivery
4883,15224,20231203,1436,5,8,Passive,Support
4884,20845,20240608,1501,5,9,Promoter,Price
4885,43085,20250314,1937,4,9,Promoter,Store experience
4886,30628,20251231,1491,3,5,Detractor,Delivery
4887,37068,20240103,1133,1,3,Detractor,Product quality
4888,6665,20230124,914,7,5,Detractor,Price
4889,59666,20250217,1094,1,9,Promoter,Product quality
4890,6436,20240326,1842,3,9,Promoter,Website
4891,1717,20230409,676,7,8,Passive,Support
4892,41033,20241120,1759,8,8,Passive,Website
4893,23172,20241223,1854,7,9,Promoter,Website
4894,55514,20231010,190,6,7,Passive,Price
4895,53434,20240223,206,7,7,Passive,Price
4896,45881,20250402,30,11,10,Promoter,Product quality
4897,25695,20230412,1261,12,10,Promoter,Store experience
4898,28635,20240919,160,4,7,Passive,Price
4899,42913,20241105,1139,11,10,Promoter,Website
4900,30198,20250126,629,4,7,Passive,Website
4901,21439,20230923,539,12,8,Passive,Store experience
4902,47955,20250731,1022,7,10,Promoter,Product quality
4903,22314,20250512,910,10,6,Detractor,Store experience
4904,9196,20230502,1582,12,6,Detractor,Support
4905,53248,20250513,767,1,9,Promoter,Price
4906,41243,20251231,800,10,6,Detractor,Delivery
4907,45763,20250430,688,4,10,Promoter,Website
4908,17512,20240608,1941,1,7,Passive,Support
4909,9639,20250419,1581,8,9,Promoter,Price
4910,27070,20231123,1832,6,6,Detractor,Support
4911,59936,20250611,1187,9,10,Promoter,Store experience
4912,37600,20241030,50,11,8,Passive,Store experience
4913,34166,20241227,1132,12,7,Passive,Website
4914,49428,20240716,474,9,8,Passive,Delivery
4915,5106,20250216,1254,1,6,Detractor,Delivery
4916,40499,20250902,52,9,9,Promoter,Store experience
4917,47709,20251114,601,3,6,Detractor,Price
4918,58623,20241011,206,1,8,Passive,Product quality
4919,18348,20240402,1841,11,7,Passive,Support
4920,56013,20250711,1594,9,5,Detractor,Delivery
4921,27981,20250705,1341,6,4,Detractor,Store experience
4922,23842,20231227,1323,3,4,Detractor,Delivery
4923,20094,20230203,157,12,6,Detractor,Price
4924,35867,20240831,1808,7,6,Detractor,Product quality
4925,6131,20250319,1351,8,7,Passive,Price
4926,996,20250324,174,5,7,Passive,Delivery
4927,54345,20240820,913,3,7,Passive,Store experience
4928,58426,20251012,119,11,5,Detractor,Delivery
4929,11025,20240311,892,5,4,Detractor,Website
4930,6980,20250728,761,12,7,Passive,Support
4931,52860,20250123,1554,9,8,Passive,Price
4932,15574,20240330,763,4,8,Passive,Store experience
4933,9285,20230817,50,9,10,Promoter,Support
4934,59198,20231206,327,8,8,Passive,Delivery
4935,58909,20240617,1323,3,5,Detractor,Product quality
4936,8114,20240119,1037,4,5,Detractor,Website
4937,112,20251018,1604,7,10,Promoter,Website
4938,45974,20240516,366,4,6,Detractor,Price
4939,15385,20251021,1468,8,10,Promoter,Product quality
4940,2610,20251231,1707,7,8,Passive,Product quality
4941,1850,20221216,332,10,8,Passive,Support
4942,48006,20240501,1201,12,7,Passive,Store experience
4943,27655,20251230,1011,5,5,Detractor,Store experience
4944,24750,20251102,11,9,10,Promoter,Delivery
4945,1716,20230329,676,7,6,Detractor,Website
4946,39403,20240427,802,6,5,Detractor,Support
4947,41616,20231118,2000,12,5,Detractor,Support
4948,42413,20250107,898,7,5,Detractor,Price
4949,24671,20240910,87,7,5,Detractor,Website
4950,57313,20250514,1118,4,9,Promoter,Store experience
4951,41238,20250924,1111,3,8,Passive,Support
4952,6399,20250916,1490,2,7,Passive,Support
4953,1126,20241002,1831,3,5,Detractor,Website
4954,45950,20230210,1735,12,10,Promoter,Delivery
4955,6450,20230523,931,7,8,Passive,Store experience
4956,26709,20250712,1658,1,4,Detractor,Delivery
4957,51708,20240209,1731,2,8,Passive,Support
4958,40079,20231017,1045,7,6,Detractor,Website
4959,57029,20250919,1504,2,5,Detractor,Product quality
4960,48209,20240401,1374,5,7,Passive,Price
4961,27224,20241127,92,11,5,Detractor,Product quality
4962,46784,20250925,232,2,9,Promoter,Store experience
4963,13893,20251012,1274,9,4,Detractor,Price
4964,52347,20250607,1939,7,5,Detractor,Website
4965,4472,20240413,833,4,9,Promoter,Price
4966,25537,20240224,1021,2,3,Detractor,Product quality
4967,43577,20250204,1608,7,6,Detractor,Website
4968,12332,20220720,1571,9,9,Promoter,Delivery
4969,28744,20240326,1016,10,9,Promoter,Price
4970,4939,20240714,1913,1,7,Passive,Support
4971,38623,20250805,1563,3,8,Passive,Price
4972,52437,20220827,1051,12,6,Detractor,Support
4973,20359,20250610,78,3,5,Detractor,Store experience
4974,58501,20250705,374,1,10,Promoter,Website
4975,19124,20240701,577,7,8,Passive,Website
4976,20303,20250507,652,7,8,Passive,Store experience
4977,45138,20240529,487,6,8,Passive,Product quality
4978,49191,20240227,349,3,5,Detractor,Store experience
4979,15993,20250101,1439,1,9,Promoter,Store experience
4980,8207,20231128,986,10,6,Detractor,Product quality
4981,30161,20231108,1153,11,6,Detractor,Website
4982,32102,20230902,724,11,6,Detractor,Price
4983,52846,20240514,410,9,9,Promoter,Delivery
4984,35819,20231227,1266,10,2,Detractor,Support
4985,30074,20240813,1067,7,8,Passive,Price
4986,5983,20250510,1275,5,4,Detractor,Price
4987,12370,20221012,735,8,9,Promoter,Product quality
4988,12756,20221224,160,12,10,Promoter,Website
4989,23185,20241018,1057,5,8,Passive,Support
4990,49879,20250211,798,11,8,Passive,Product quality
4991,6108,20250129,239,10,5,Detractor,Price
4992,42052,20230919,757,11,6,Detractor,Product quality
4993,1284,20241028,1549,3,10,Promoter,Price
4994,2394,20251102,1404,9,6,Detractor,Price
4995,23003,20250617,65,9,7,Passive,Price
4996,50594,20230923,1145,11,9,Promoter,Website
4997,55988,20221115,561,7,3,Detractor,Delivery
4998,53001,20230212,435,11,8,Passive,Website
4999,6259,20230420,782,9,9,Promoter,Support
5000,2844,20221108,142,12,9,Promoter,Delivery
5001,14203,20250510,1358,6,9,Promoter,Store experience
5002,34128,20240221,1947,2,5,Detractor,Website
5003,53161,20231125,32,4,9,Promoter,Store experience
5004,28203,20230417,1511,1,7,Passive,Delivery
5005,46814,20250220,1910,6,5,Detractor,Product quality
5006,1083,20240109,1331,5,4,Detractor,Website
5007,35505,20231029,920,5,8,Passive,Website
5008,6577,20241130,653,4,7,Passive,Website
5009,8508,20241221,1422,1,8,Passive,Price
5010,46976,20250823,1754,11,7,Passive,Website
5011,7806,20240319,1955,2,7,Passive,Price
5012,42385,20250315,794,5,5,Detractor,Product quality
5013,10151,20251119,831,3,4,Detractor,Support
5014,40741,20230917,1924,1,8,Passive,Price
5015,32846,20240103,1574,6,6,Detractor,Store experience
5016,22457,20240920,979,11,7,Passive,Website
5017,1862,20231021,836,8,8,Passive,Product quality
5018,3275,20230805,476,7,8,Passive,Store experience
5019,45804,20250613,48,6,7,Passive,Store experience
5020,52675,20251016,1752,11,5,Detractor,Support
5021,57969,20251231,1448,11,7,Passive,Product quality
5022,57302,20250314,497,4,8,Passive,Store experience
5023,57292,20240911,1827,10,10,Promoter,Website
5024,36466,20250612,1417,7,6,Detractor,Store experience
5025,46302,20231205,120,8,8,Passive,Price
5026,280,20250703,1883,10,7,Passive,Support
5027,27020,20250520,1157,6,7,Passive,Product quality
5028,38974,20240722,21,7,7,Passive,Support
5029,45627,20240904,397,11,8,Passive,Price
5030,49571,20251216,1775,5,6,Detractor,Delivery
5031,37914,20240313,885,11,5,Detractor,Delivery
5032,54377,20230107,273,4,5,Detractor,Website
5033,59491,20250513,234,6,5,Detractor,Price
5034,37839,20250328,1894,9,4,Detractor,Website
5035,54115,20240718,7,12,8,Passive,Support
5036,35165,20241119,1665,4,6,Detractor,Website
5037,16451,20240707,474,8,6,Detractor,Support
5038,48611,20230914,1647,12,6,Detractor,Website
5039,4329,20251210,1928,12,7,Passive,Website
5040,33970,20250313,1947,4,8,Passive,Store experience
5041,19521,20230827,1990,9,9,Promoter,Product quality
5042,48864,20230423,872,2,6,Detractor,Price
5043,54946,20250814,752,2,8,Passive,Product quality
5044,41999,20231113,160,3,7,Passive,Website
5045,59909,20240426,1906,4,9,Promoter,Support
5046,59074,20250420,126,7,5,Detractor,Store experience
5047,32208,20230406,692,7,8,Passive,Product quality
5048,44391,20220628,1614,6,8,Passive,Store experience
5049,13113,20240718,1522,5,6,Detractor,Store experience
5050,26461,20221113,907,12,8,Passive,Product quality
5051,51597,20231016,1718,6,9,Promoter,Delivery
5052,9892,20230613,1325,11,5,Detractor,Product quality
5053,13360,20231112,135,12,9,Promoter,Support
5054,1198,20250109,1536,3,5,Detractor,Price
5055,18487,20240706,1250,11,10,Promoter,Website
5056,46298,20221102,1646,12,9,Promoter,Website
5057,34571,20251204,645,12,4,Detractor,Website
5058,35169,20250415,212,5,7,Passive,Product quality
5059,10324,20220914,121,6,7,Passive,Delivery
5060,56407,20230611,480,9,9,Promoter,Delivery
5061,40229,20251125,1389,7,4,Detractor,Delivery
5062,23402,20231023,523,1,9,Promoter,Support
5063,56187,20240513,1528,5,10,Promoter,Price
5064,57333,20250108,720,6,6,Detractor,Store experience
5065,16019,20230609,8,9,6,Detractor,Store experience
5066,53128,20251203,1230,8,6,Detractor,Price
5067,29571,20250515,1462,6,8,Passive,Product quality
5068,20124,20250527,53,11,4,Detractor,Website
5069,3430,20240812,1574,3,7,Passive,Website
5070,7824,20250305,1162,1,8,Passive,Price
5071,26228,20251231,1189,5,7,Passive,Product quality
5072,56736,20251023,1848,11,3,Detractor,Support
5073,11837,20240722,1349,8,8,Passive,Support
5074,37470,20250614,383,7,6,Detractor,Support
5075,47580,20251020,76,12,8,Passive,Product quality
5076,8992,20241023,270,9,8,Passive,Store experience
5077,52700,20250107,1191,10,6,Detractor,Delivery
5078,22606,20221206,192,5,7,Passive,Product quality
5079,27969,20240513,1614,8,6,Detractor,Price
5080,50215,20250810,738,6,8,Passive,Support
5081,52804,20240229,1484,1,7,Passive,Store experience
5082,11029,20240311,892,5,4,Detractor,Support
5083,23406,20230516,1701,8,6,Detractor,Store experience
5084,3267,20250508,995,2,6,Detractor,Support
5085,23438,20240301,1258,12,5,Detractor,Store experience
5086,44862,20230724,715,2,5,Detractor,Website
5087,56786,20251220,1000,3,6,Detractor,Support
5088,38919,20251231,131,7,9,Promoter,Delivery
5089,28434,20251115,1331,3,6,Detractor,Product quality
5090,37594,20221208,975,9,6,Detractor,Store experience
5091,11370,20250306,1810,1,8,Passive,Delivery
5092,58053,20250318,1142,8,5,Detractor,Price
5093,57667,20250824,668,1,7,Passive,Store experience
5094,55262,20230828,1601,4,6,Detractor,Delivery
5095,31629,20250808,1466,12,7,Passive,Store experience
5096,18014,20250725,1995,12,2,Detractor,Support
5097,46714,20250423,1328,3,6,Detractor,Store experience
5098,34008,20240324,43,12,7,Passive,Website
5099,14472,20250214,662,2,7,Passive,Website
5100,7517,20230610,1707,4,10,Promoter,Support
5101,48475,20240503,445,1,4,Detractor,Product quality
5102,7619,20240512,1193,10,5,Detractor,Product quality
5103,28150,20230129,1089,12,10,Promoter,Product quality
5104,52531,20240720,1495,1,8,Passive,Support
5105,25944,20230117,729,8,5,Detractor,Store experience
5106,44164,20251209,96,11,8,Passive,Delivery
5107,45747,20240926,1335,12,9,Promoter,Delivery
5108,23583,20240108,501,7,7,Passive,Delivery
5109,12158,20241015,208,6,7,Passive,Delivery
5110,58515,20240118,788,3,5,Detractor,Delivery
5111,20857,20240318,179,12,7,Passive,Delivery
5112,29718,20230927,1760,7,4,Detractor,Store experience
5113,22703,20241118,505,4,6,Detractor,Website
5114,40742,20240228,1109,12,8,Passive,Support
5115,8069,20241208,395,11,6,Detractor,Delivery
5116,55586,20250104,1656,2,9,Promoter,Website
5117,59900,20230106,795,2,7,Passive,Product quality
5118,19789,20240524,49,8,9,Promoter,Support
5119,55182,20231208,660,11,7,Passive,Product quality
5120,22403,20250418,1493,2,10,Promoter,Delivery
5121,18487,20240717,1250,11,8,Passive,Website
5122,38915,20240127,377,9,4,Detractor,Delivery
5123,41108,20221013,58,12,7,Passive,Price
5124,33674,20250224,1202,2,3,Detractor,Product quality
5125,50752,20250921,261,5,8,Passive,Store experience
5126,34654,20251023,1703,4,5,Detractor,Delivery
5127,3824,20240507,516,8,6,Detractor,Product quality
5128,53266,20221022,217,6,4,Detractor,Support
5129,59726,20251231,487,11,8,Passive,Store experience
5130,42408,20250722,671,6,7,Passive,Store experience
5131,28917,20240615,904,6,4,Detractor,Support
5132,21456,20220924,1727,10,5,Detractor,Support
5133,36064,20240401,429,4,5,Detractor,Website
5134,10844,20250724,29,2,5,Detractor,Support
5135,19691,20241117,625,7,7,Passive,Price
5136,11772,20230918,1524,2,6,Detractor,Price
5137,30209,20251206,1119,3,8,Passive,Price
5138,53723,20241112,1692,4,8,Passive,Store experience
5139,30706,20241218,90,11,4,Detractor,Delivery
5140,11914,20250719,1943,7,3,Detractor,Store experience
5141,18917,20231127,1146,9,9,Promoter,Delivery
5142,27963,20241014,1272,6,8,Passive,Price
5143,40856,20240206,492,1,7,Passive,Delivery
5144,31647,20250331,100,5,5,Detractor,Website
5145,33190,20241014,1494,10,8,Passive,Store experience
5146,27554,20221202,453,3,3,Detractor,Product quality
5147,19813,20250812,1611,11,6,Detractor,Support
5148,5221,20250710,17,6,8,Passive,Product quality
5149,26111,20250717,1877,6,9,Promoter,Price
5150,12876,20251219,396,11,6,Detractor,Delivery
5151,50281,20231204,905,10,5,Detractor,Product quality
5152,26652,20240128,1649,12,7,Passive,Support
5153,49023,20240325,1790,7,9,Promoter,Store experience
5154,39532,20240508,19,7,9,Promoter,Website
5155,36760,20250101,767,1,8,Passive,Price
5156,33252,20231008,1514,6,7,Passive,Price
5157,41816,20230816,609,12,2,Detractor,Product quality
5158,9497,20230718,1894,4,7,Passive,Price
5159,13629,20250419,827,2,6,Detractor,Store experience
5160,21631,20250722,1388,9,8,Passive,Price
5161,38115,20250516,1110,1,5,Detractor,Store experience
5162,42614,20240727,1008,9,7,Passive,Price
5163,59273,20250602,774,10,7,Passive,Delivery
5164,12989,20240616,449,4,7,Passive,Store experience
5165,8050,20221104,1305,6,8,Passive,Store experience
5166,34528,20240626,1557,11,8,Passive,Store experience
5167,37373,20231027,1675,8,7,Passive,Delivery
5168,24234,20240830,1649,10,6,Detractor,Price
5169,23290,20250615,1468,12,9,Promoter,Delivery
5170,46339,20240630,1270,4,6,Detractor,Support
5171,51215,20241012,1351,6,5,Detractor,Store experience
5172,19106,20251218,872,5,5,Detractor,Product quality
5173,20587,20251019,1071,11,7,Passive,Price
5174,22259,20230928,1840,11,8,Passive,Support
5175,49919,20240519,921,2,8,Passive,Delivery
5176,21457,20221017,1727,10,8,Passive,Website
5177,7368,20250814,1206,7,7,Passive,Delivery
5178,1401,20241017,1037,11,10,Promoter,Product quality
5179,9955,20230417,1717,6,6,Detractor,Product quality
5180,19760,20251231,103,9,7,Passive,Support
5181,52536,20250720,1653,8,9,Promoter,Website
5182,7022,20251231,185,8,7,Passive,Support
5183,20559,20230730,1162,11,7,Passive,Product quality
5184,30127,20240229,913,11,5,Detractor,Support
5185,55185,20240326,1851,10,8,Passive,Price
5186,7389,20240831,1096,12,8,Passive,Support
5187,44458,20250119,153,9,8,Passive,Product quality
5188,22907,20231118,1812,11,6,Detractor,Store experience
5189,59734,20240318,1245,11,10,Promoter,Store experience
5190,58703,20241012,149,2,7,Passive,Support
5191,15617,20240429,240,1,5,Detractor,Store experience
5192,24120,20250221,885,8,8,Passive,Delivery
5193,7719,20231201,618,3,7,Passive,Website
5194,29415,20240419,485,3,6,Detractor,Product quality
5195,7442,20240313,103,5,8,Passive,Support
5196,12229,20230224,1568,10,9,Promoter,Store experience
5197,43730,20250214,918,2,8,Passive,Website
5198,3141,20240729,435,6,10,Promoter,Price
5199,3145,20251228,1801,6,5,Detractor,Store experience
5200,41727,20250223,416,8,4,Detractor,Store experience
5201,54412,20221103,1414,7,7,Passive,Store experience
5202,18820,20230923,809,11,10,Promoter,Delivery
5203,22274,20221229,1110,1,8,Passive,Product quality
5204,38460,20240512,1636,8,9,Promoter,Support
5205,9682,20230101,565,5,7,Passive,Website
5206,48634,20221228,458,7,10,Promoter,Support
5207,28096,20230218,864,5,7,Passive,Store experience
5208,50677,20240722,1964,9,8,Passive,Store experience
5209,32512,20240920,1472,8,5,Detractor,Product quality
5210,10306,20230415,609,6,8,Passive,Product quality
5211,10425,20250612,1706,3,9,Promoter,Website
5212,49183,20230419,1081,7,8,Passive,Website
5213,26113,20251231,677,11,8,Passive,Store experience
5214,4311,20250717,198,4,6,Detractor,Price
5215,53052,20230509,1181,4,4,Detractor,Store experience
5216,31495,20240520,1067,9,9,Promoter,Store experience
5217,49080,20251120,570,9,6,Detractor,Website
5218,19780,20250215,636,7,9,Promoter,Support
5219,24738,20230809,1710,3,3,Detractor,Delivery
5220,27792,20240208,526,6,8,Passive,Delivery
5221,21235,20240422,1818,10,5,Detractor,Website
5222,16088,20250320,196,7,7,Passive,Price
5223,33866,20250512,338,10,7,Passive,Product quality
5224,50370,20230114,1959,11,4,Detractor,Price
5225,17360,20240516,1667,1,8,Passive,Website
5226,30710,20251103,1367,2,7,Passive,Price
5227,51738,20240722,985,6,4,Detractor,Website
5228,12514,20251215,493,9,9,Promoter,Price
5229,7722,20231204,618,3,8,Passive,Support
5230,3386,20250814,581,10,6,Detractor,Support
5231,11829,20240927,1126,12,7,Passive,Delivery
5232,55367,20241013,1448,11,7,Passive,Support
5233,13739,20250608,414,4,8,Passive,Product quality
5234,35562,20250416,1518,6,7,Passive,Product quality
5235,6488,20241227,537,10,4,Detractor,Delivery
5236,36996,20250515,1891,3,7,Passive,Store experience
5237,27352,20241125,395,12,7,Passive,Store experience
5238,8431,20240315,224,2,5,Detractor,Support
5239,8886,20230909,1900,12,7,Passive,Product quality
5240,40602,20250104,493,1,8,Passive,Store experience
5241,32276,20231227,1684,6,9,Promoter,Website
5242,11507,20251010,1839,3,6,Detractor,Store experience
5243,32601,20240822,1858,9,9,Promoter,Price
5244,52621,20250210,1204,5,7,Passive,Delivery
5245,12855,20221026,965,2,7,Passive,Product quality
5246,26623,20240306,484,9,7,Passive,Store experience
5247,58958,20230316,229,10,9,Promoter,Website
5248,26293,20250424,1200,9,5,Detractor,Price
5249,51006,20250802,1171,10,7,Passive,Product quality
5250,20944,20241016,1768,4,6,Detractor,Website
5251,33481,20250115,1634,7,6,Detractor,Store experience
5252,17387,20230113,273,11,8,Passive,Store experience
5253,56210,20240214,694,11,8,Passive,Delivery
5254,14700,20241127,110,8,6,Detractor,Price
5255,30312,20220821,1944,6,10,Promoter,Product quality
5256,43145,20241104,1769,9,10,Promoter,Product quality
5257,53808,20240604,1283,1,8,Passive,Website
5258,12996,20250823,373,8,6,Detractor,Price
5259,26798,20231114,1750,11,8,Passive,Delivery
5260,27050,20231019,1395,1,10,Promoter,Delivery
5261,47698,20230429,1471,12,8,Passive,Support
5262,24917,20251102,122,12,6,Detractor,Website
5263,29090,20241029,274,10,8,Passive,Price
5264,48728,20250326,1137,4,7,Passive,Price
5265,22706,20241204,574,9,7,Passive,Store experience
5266,54692,20241215,1472,7,4,Detractor,Support
5267,6906,20230227,505,6,9,Promoter,Delivery
5268,11225,20240106,1194,6,7,Passive,Support
5269,54860,20231227,1619,8,5,Detractor,Price
5270,48761,20240705,443,6,10,Promoter,Support
5271,12885,20230814,1324,8,5,Detractor,Price
5272,5684,20251018,1603,11,6,Detractor,Store experience
5273,25658,20250313,12,3,6,Detractor,Store experience
5274,10989,20250520,471,6,8,Passive,Website
5275,57942,20230823,1134,5,7,Passive,Store experience
5276,33641,20220617,1136,6,8,Passive,Support
5277,24053,20231021,979,12,4,Detractor,Product quality
5278,37298,20250817,1186,1,8,Passive,Support
5279,41288,20241220,1509,6,8,Passive,Store experience
5280,6574,20231217,422,1,8,Passive,Delivery
5281,20272,20250303,465,6,7,Passive,Price
5282,36586,20240425,1157,8,8,Passive,Website
5283,5719,20251121,98,11,5,Detractor,Delivery
5284,3824,20240514,516,8,7,Passive,Delivery
5285,49993,20240613,96,5,9,Promoter,Support
5286,48375,20231221,2000,11,9,Promoter,Store experience
5287,37265,20240222,118,5,6,Detractor,Website
5288,49997,20240513,1951,3,9,Promoter,Website
5289,49801,20231211,1807,9,7,Passive,Support
5290,22208,20221124,1057,10,9,Promoter,Price
5291,44876,20251007,509,6,7,Passive,Website
5292,28062,20250112,566,6,7,Passive,Delivery
5293,51845,20250220,1822,9,6,Detractor,Delivery
5294,48197,20250407,878,6,6,Detractor,Product quality
5295,8334,20220908,1624,3,4,Detractor,Product quality
5296,5079,20220930,149,8,7,Passive,Website
5297,52112,20250214,1768,1,7,Passive,Website
5298,52307,20250518,1354,4,4,Detractor,Product quality
5299,27624,20250426,613,7,3,Detractor,Website
5300,32401,20240723,534,4,7,Passive,Delivery
5301,34779,20220605,279,7,6,Detractor,Store experience
5302,15094,20251207,1014,5,5,Detractor,Delivery
5303,36818,20240213,318,11,6,Detractor,Price
5304,4754,20230616,1564,10,8,Passive,Website
5305,23599,20251010,823,11,7,Passive,Price
5306,33611,20250309,375,11,7,Passive,Delivery
5307,47619,20241123,1910,1,5,Detractor,Store experience
5308,38354,20230504,675,12,9,Promoter,Product quality
5309,520,20230919,1334,7,5,Detractor,Store experience
5310,15991,20250520,972,12,6,Detractor,Website
5311,23094,20231116,1813,1,7,Passive,Store experience
5312,41950,20220713,277,3,4,Detractor,Delivery
5313,54984,20230620,753,5,6,Detractor,Website
5314,20644,20240927,1909,12,9,Promoter,Website
5315,58164,20240728,478,11,5,Detractor,Product quality
5316,59633,20241214,1310,10,4,Detractor,Website
5317,40127,20251231,907,4,7,Passive,Store experience
5318,57806,20230704,1802,1,10,Promoter,Website
5319,50813,20251010,1089,1,8,Passive,Delivery
5320,37655,20241103,1415,6,4,Detractor,Support
5321,35288,20250309,1354,8,8,Passive,Website
5322,39505,20241213,30,3,7,Passive,Product quality
5323,26868,20230117,1992,2,8,Passive,Support
5324,44737,20240620,93,2,7,Passive,Support
5325,1674,20241006,1060,6,10,Promoter,Support
5326,43978,20250811,1692,12,7,Passive,Support
5327,9670,20240904,1194,4,7,Passive,Website
5328,38096,20241223,807,7,6,Detractor,Product quality
5329,21671,20241021,1925,1,7,Passive,Store experience
5330,30676,20251021,556,12,7,Passive,Product quality
5331,58480,20250327,419,1,5,Detractor,Product quality
5332,59916,20240125,1677,5,7,Passive,Delivery
5333,4456,20230211,1630,10,8,Passive,Store experience
5334,54240,20250218,56,1,6,Detractor,Website
5335,203,20240810,1578,5,5,Detractor,Price
5336,45379,20240925,906,5,7,Passive,Support
5337,48251,20250408,1996,11,8,Passive,Product quality
5338,27199,20221215,629,9,6,Detractor,Website
5339,55025,20250110,673,12,7,Passive,Price
5340,8558,20240808,650,1,8,Passive,Delivery
5341,46327,20250527,441,8,4,Detractor,Website
5342,37164,20240116,1244,12,9,Promoter,Website
5343,10071,20240606,452,3,8,Passive,Delivery
5344,48841,20250822,1658,4,5,Detractor,Support
5345,54519,20251208,101,10,8,Passive,Support
5346,32439,20240718,154,10,9,Promoter,Support
5347,40218,20240118,1789,3,9,Promoter,Website
5348,55597,20241208,1232,6,7,Passive,Price
5349,58856,20250806,1984,11,5,Detractor,Delivery
5350,21874,20241109,171,10,6,Detractor,Product quality
5351,29859,20230126,447,8,5,Detractor,Price
5352,2614,20240916,319,3,6,Detractor,Website
5353,1585,20231015,66,9,6,Detractor,Delivery
5354,34668,20250416,1945,7,3,Detractor,Website
5355,48066,20250707,1732,9,8,Passive,Delivery
5356,4531,20231125,1240,8,6,Detractor,Website
5357,27524,20241108,1442,11,7,Passive,Delivery
5358,13524,20230601,536,7,10,Promoter,Product quality
5359,5805,20240712,1695,11,7,Passive,Support
5360,14193,20240924,1638,12,6,Detractor,Price
5361,55981,20230803,537,1,7,Passive,Product quality
5362,26699,20250925,822,8,6,Detractor,Price
5363,32017,20221014,1645,5,10,Promoter,Delivery
5364,43866,20241106,608,6,6,Detractor,Delivery
5365,37024,20241228,609,11,7,Passive,Website
5366,37787,20250211,1276,11,7,Passive,Product quality
5367,27547,20240127,671,2,10,Promoter,Delivery
5368,6761,20251224,1940,10,8,Passive,Price
5369,55960,20250101,1781,12,10,Promoter,Price
5370,1484,20250327,280,12,5,Detractor,Delivery
5371,46480,20250313,1268,5,10,Promoter,Delivery
5372,24696,20240124,1423,1,9,Promoter,Price
5373,53227,20250704,11,3,7,Passive,Delivery
5374,59605,20250629,230,4,7,Passive,Store experience
5375,46842,20250929,786,10,6,Detractor,Support
5376,2761,20251123,89,9,5,Detractor,Product quality
5377,57001,20250808,1891,5,6,Detractor,Store experience
5378,25278,20221216,205,1,8,Passive,Product quality
5379,30217,20221208,361,7,9,Promoter,Website
5380,8737,20230815,1482,9,9,Promoter,Delivery
5381,2077,20240916,1799,2,3,Detractor,Price
5382,45042,20240304,333,7,8,Passive,Product quality
5383,4565,20240206,1729,3,7,Passive,Product quality
5384,32692,20240623,1042,1,6,Detractor,Price
5385,45579,20230512,1013,12,4,Detractor,Support
5386,40610,20251021,1407,5,7,Passive,Website
5387,30532,20250727,1467,10,3,Detractor,Support
5388,49292,20240422,1920,8,4,Detractor,Support
5389,32463,20230303,78,2,6,Detractor,Support
5390,26480,20250430,1324,9,10,Promoter,Product quality
5391,12563,20230812,1819,7,8,Passive,Delivery
5392,58906,20241121,652,10,6,Detractor,Delivery
5393,15487,20251125,463,1,5,Detractor,Delivery
5394,41316,20251224,1713,1,6,Detractor,Price
5395,23534,20250408,1331,2,6,Detractor,Price
5396,40327,20251215,1396,4,6,Detractor,Delivery
5397,28126,20250603,1670,8,8,Passive,Support
5398,52711,20250608,895,2,6,Detractor,Delivery
5399,26785,20240121,120,11,9,Promoter,Price
5400,43946,20240705,1960,5,6,Detractor,Website
5401,35934,20251103,1521,2,5,Detractor,Support
5402,59435,20250815,356,11,6,Detractor,Support
5403,20835,20241113,1192,2,6,Detractor,Delivery
5404,3289,20230718,73,6,8,Passive,Product quality
5405,37331,20240830,843,1,8,Passive,Support
5406,49310,20240705,1814,5,7,Passive,Website
5407,14018,20231202,1984,10,8,Passive,Product quality
5408,5743,20250226,123,10,5,Detractor,Store experience
5409,46836,20240524,1849,10,7,Passive,Website
5410,49947,20241018,698,8,9,Promoter,Support
5411,41123,20231002,1499,6,9,Promoter,Product quality
5412,32729,20251231,1183,12,7,Passive,Price
5413,37710,20241013,305,4,10,Promoter,Store experience
5414,31251,20240412,716,3,5,Detractor,Support
5415,27393,20241112,830,6,5,Detractor,Support
5416,44475,20241021,262,2,6,Detractor,Website
5417,38797,20250319,1854,6,7,Passive,Price
5418,45123,20250428,1009,8,10,Promoter,Store experience
5419,35828,20240512,1124,10,9,Promoter,Website
5420,45710,20240311,1120,6,8,Passive,Price
5421,22694,20251224,761,11,5,Detractor,Website
5422,8378,20251218,1603,3,7,Passive,Support
5423,1575,20240528,639,12,7,Passive,Product quality
5424,41567,20240702,1316,4,9,Promoter,Product quality
5425,9693,20230917,771,9,6,Detractor,Website
5426,30313,20230528,1423,9,6,Detractor,Store experience
5427,40745,20251204,222,6,6,Detractor,Store experience
5428,46718,20231028,289,7,7,Passive,Support
5429,40445,20250225,680,6,6,Detractor,Support
5430,35820,20251202,443,1,5,Detractor,Support
5431,26076,20230418,465,4,6,Detractor,Store experience
5432,46907,20240303,1961,11,7,Passive,Price
5433,12474,20241130,1092,8,10,Promoter,Delivery
5434,49439,20250407,1051,2,3,Detractor,Website
5435,33553,20240509,1644,7,8,Passive,Delivery
5436,37093,20241227,1450,12,6,Detractor,Support
5437,50997,20221125,842,3,6,Detractor,Support
5438,27047,20230531,1386,2,6,Detractor,Support
5439,54005,20240221,393,12,9,Promoter,Support
5440,46914,20240616,474,2,9,Promoter,Support
5441,34576,20250731,731,5,8,Passive,Product quality
5442,30148,20230613,971,11,6,Detractor,Product quality
5443,55722,20240307,578,6,7,Passive,Price
5444,52247,20251230,184,10,9,Promoter,Product quality
5445,16214,20230805,412,9,7,Passive,Product quality
5446,40094,20230128,440,5,5,Detractor,Delivery
5447,47985,20250609,1084,9,10,Promoter,Price
5448,40166,20250625,1147,11,7,Passive,Website
5449,15582,20240305,807,8,3,Detractor,Price
5450,16028,20230927,44,4,7,Passive,Delivery
5451,48458,20250721,1498,7,7,Passive,Store experience
5452,51910,20230923,1021,5,8,Passive,Delivery
5453,10701,20240531,1233,5,9,Promoter,Support
5454,14661,20250202,332,12,8,Passive,Delivery
5455,18125,20230522,473,4,8,Passive,Website
5456,3177,20231217,404,7,4,Detractor,Support
5457,25868,20240913,1794,4,10,Promoter,Delivery
5458,6299,20240824,770,3,9,Promoter,Website
5459,31571,20251208,1196,9,5,Detractor,Website
5460,14869,20240807,288,4,7,Passive,Price
5461,51607,20230705,265,3,9,Promoter,Website
5462,59958,20250626,1210,6,8,Passive,Support
5463,4434,20250701,195,11,6,Detractor,Delivery
5464,46558,20250512,443,1,5,Detractor,Delivery
5465,54183,20240728,894,8,5,Detractor,Website
5466,6730,20230504,481,3,9,Promoter,Product quality
5467,13117,20241102,803,3,8,Passive,Support
5468,26176,20250609,291,5,6,Detractor,Price
5469,37894,20241205,358,4,5,Detractor,Product quality
5470,10208,20251117,71,7,5,Detractor,Store experience
5471,36168,20240920,776,10,8,Passive,Price
5472,19006,20250309,1019,1,9,Promoter,Store experience
5473,18171,20250719,377,2,7,Passive,Product quality
5474,42508,20240526,1987,4,5,Detractor,Support
5475,6323,20251231,107,8,4,Detractor,Support
5476,42285,20251223,813,5,6,Detractor,Product quality
5477,28698,20240427,741,1,10,Promoter,Price
5478,59676,20250719,1521,4,8,Passive,Delivery
5479,54515,20230915,1820,4,7,Passive,Product quality
5480,13779,20221126,670,12,8,Passive,Price
5481,14592,20241203,290,12,6,Detractor,Support
5482,1630,20231105,1163,10,6,Detractor,Product quality
5483,9092,20241231,1862,3,8,Passive,Delivery
5484,42548,20240817,769,7,5,Detractor,Store experience
5485,17215,20231016,1542,6,9,Promoter,Support
5486,1,20220411,1107,5,3,Detractor,Delivery
5487,49091,20240406,63,1,6,Detractor,Store experience
5488,59063,20230501,554,8,9,Promoter,Store experience
5489,18369,20250327,1485,3,7,Passive,Product quality
5490,37626,20240714,1418,1,6,Detractor,Price
5491,50433,20240508,1358,3,6,Detractor,Price
5492,12801,20251231,1700,2,8,Passive,Product quality
5493,59078,20250427,1649,9,6,Detractor,Support
5494,45502,20240116,801,1,6,Detractor,Website
5495,1634,20230702,1168,7,7,Passive,Price
5496,26755,20221206,1175,9,7,Passive,Website
5497,39431,20240813,1395,9,8,Passive,Website
5498,42372,20240324,1246,7,7,Passive,Website
5499,30639,20251004,1198,3,5,Detractor,Product quality
5500,9522,20241226,678,1,8,Passive,Delivery
5501,28624,20250831,327,9,9,Promoter,Product quality
5502,19969,20240320,1157,10,7,Passive,Store experience
5503,58189,20240428,545,2,6,Detractor,Website
5504,23454,20230514,1936,1,5,Detractor,Price
5505,12819,20250604,1927,7,6,Detractor,Product quality
5506,6440,20250701,118,1,6,Detractor,Price
5507,23333,20230918,497,7,6,Detractor,Delivery
5508,44156,20241229,47,9,8,Passive,Store experience
5509,55518,20230726,527,7,6,Detractor,Product quality
5510,8559,20220722,1018,5,8,Passive,Support
5511,35434,20240813,570,8,8,Passive,Store experience
5512,15260,20251021,1752,12,6,Detractor,Product quality
5513,32430,20231231,291,6,9,Promoter,Product quality
5514,46901,20241220,1516,10,7,Passive,Delivery
5515,8734,20251020,848,12,5,Detractor,Price
5516,11444,20230821,714,12,7,Passive,Store experience
5517,11110,20251223,1974,5,6,Detractor,Price
5518,17077,20251123,516,11,5,Detractor,Price
5519,41362,20251017,376,1,8,Passive,Delivery
5520,48947,20241029,1589,12,7,Passive,Price
5521,53962,20241226,1057,8,7,Passive,Delivery
5522,52433,20241129,585,9,6,Detractor,Website
5523,21949,20241027,1905,11,4,Detractor,Support
5524,3727,20230214,1453,9,4,Detractor,Delivery
5525,53158,20251116,1695,4,10,Promoter,Product quality
5526,24393,20250915,508,9,4,Detractor,Delivery
5527,3454,20230707,1695,4,8,Passive,Website
5528,39727,20250511,1281,7,6,Detractor,Price
5529,20610,20230525,1758,2,4,Detractor,Support
5530,44798,20250926,358,6,7,Passive,Store experience
5531,14778,20250223,1006,5,8,Passive,Support
5532,289,20251102,1901,3,6,Detractor,Product quality
5533,22096,20250115,899,1,10,Promoter,Support
5534,36335,20220903,626,5,7,Passive,Product quality
5535,15248,20240322,422,12,5,Detractor,Store experience
5536,6469,20241210,1486,2,9,Promoter,Product quality
5537,27760,20230824,609,12,10,Promoter,Product quality
5538,9159,20250819,1808,1,7,Passive,Store experience
5539,6770,20240223,933,9,2,Detractor,Website
5540,15258,20240806,356,10,9,Promoter,Price
5541,58784,20231012,1623,5,9,Promoter,Website
5542,30199,20230608,708,6,7,Passive,Price
5543,31043,20230420,1015,9,8,Passive,Price
5544,15763,20231202,1159,11,6,Detractor,Support
5545,51001,20240223,765,1,6,Detractor,Website
5546,59130,20250822,450,3,8,Passive,Delivery
5547,34907,20250910,993,6,9,Promoter,Product quality
5548,15204,20241020,645,12,8,Passive,Support
5549,19193,20250328,463,5,6,Detractor,Support
5550,42907,20251112,919,12,5,Detractor,Website
5551,40036,20240307,595,5,9,Promoter,Website
5552,31551,20230911,191,10,10,Promoter,Website
5553,44859,20250311,1857,6,7,Passive,Product quality
5554,5775,20240616,1747,1,7,Passive,Website
5555,6547,20221220,667,12,7,Passive,Delivery
5556,18611,20220830,1339,10,8,Passive,Product quality
5557,57611,20250320,797,1,10,Promoter,Website
5558,58482,20250228,419,1,8,Passive,Support
5559,30990,20230418,866,12,7,Passive,Delivery
5560,11038,20250724,1298,5,8,Passive,Store experience
5561,26290,20250408,1200,9,5,Detractor,Website
5562,28355,20240123,571,4,8,Passive,Store experience
5563,18172,20250807,377,2,9,Promoter,Delivery
5564,17429,20240418,870,12,9,Promoter,Product quality
5565,39409,20250430,155,9,5,Detractor,Website
5566,18910,20230208,1377,9,5,Detractor,Website
5567,26261,20241003,241,7,5,Detractor,Delivery
5568,28036,20230903,521,9,7,Passive,Store experience
5569,10090,20231130,993,1,6,Detractor,Support
5570,37697,20230826,542,5,6,Detractor,Support
5571,1885,20250531,794,11,5,Detractor,Product quality
5572,14062,20241020,267,3,5,Detractor,Product quality
5573,24055,20250425,750,1,7,Passive,Product quality
5574,45755,20240306,1661,7,7,Passive,Delivery
5575,49485,20250625,1554,2,6,Detractor,Delivery
5576,32006,20240115,240,8,5,Detractor,Price
5577,17974,20241116,915,7,7,Passive,Store experience
5578,45905,20231205,1215,4,4,Detractor,Website
5579,800,20220502,616,12,6,Detractor,Support
5580,25306,20251104,400,5,6,Detractor,Support
5581,7768,20240607,1682,6,7,Passive,Delivery
5582,23007,20231120,617,10,8,Passive,Store experience
5583,27361,20240622,156,4,8,Passive,Product quality
5584,31525,20250914,930,5,6,Detractor,Website
5585,33744,20240919,1683,8,5,Detractor,Website
5586,48523,20251206,1008,12,9,Promoter,Store experience
5587,33404,20250119,746,11,6,Detractor,Price
5588,45468,20231026,934,6,6,Detractor,Store experience
5589,36404,20250925,1962,2,6,Detractor,Price
5590,23251,20240527,1852,11,3,Detractor,Price
5591,17873,20240819,480,7,8,Passive,Store experience
5592,18242,20220718,326,5,8,Passive,Store experience
5593,47492,20240120,70,1,4,Detractor,Product quality
5594,35494,20241109,1182,7,7,Passive,Delivery
5595,16312,20240806,1023,7,7,Passive,Store experience
5596,21126,20240705,101,4,5,Detractor,Support
5597,55097,20230201,867,1,8,Passive,Product quality
5598,35444,20231026,453,9,6,Detractor,Website
5599,1891,20231118,1155,12,10,Promoter,Delivery
5600,11766,20240519,1106,7,9,Promoter,Website
5601,17048,20250804,1331,12,8,Passive,Support
5602,45126,20251018,1460,3,8,Passive,Price
5603,11534,20230917,1434,2,5,Detractor,Website
5604,46820,20230812,1121,2,10,Promoter,Website
5605,82,20240310,1274,1,9,Promoter,Delivery
5606,17214,20231028,1542,6,10,Promoter,Product quality
5607,49099,20250128,10,7,7,Passive,Website
5608,48082,20241105,104,10,7,Passive,Price
5609,21183,20230425,549,5,8,Passive,Product quality
5610,23255,20230120,1517,9,10,Promoter,Delivery
5611,36140,20251231,687,2,7,Passive,Delivery
5612,50696,20230726,251,11,6,Detractor,Price
5613,56396,20230615,1117,11,10,Promoter,Product quality
5614,18820,20230929,809,11,7,Passive,Store experience
5615,1467,20241213,1346,6,9,Promoter,Store experience
5616,22809,20231007,1768,3,2,Detractor,Website
5617,12454,20240629,420,4,6,Detractor,Price
5618,24437,20240313,1406,12,6,Detractor,Product quality
5619,11280,20231120,2,2,9,Promoter,Price
5620,26137,20230926,159,10,6,Detractor,Delivery
5621,27645,20251206,1567,11,8,Passive,Delivery
5622,59193,20240626,1593,2,9,Promoter,Product quality
5623,194,20250624,1399,12,5,Detractor,Support
5624,55477,20240419,1574,12,7,Passive,Website
5625,59673,20250722,1521,4,8,Passive,Support
5626,40186,20240622,565,4,8,Passive,Product quality
5627,15071,20241111,1986,6,6,Detractor,Product quality
5628,36718,20220908,343,6,5,Detractor,Product quality
5629,44128,20240925,1904,2,6,Detractor,Product quality
5630,24241,20251116,37,11,7,Passive,Support
5631,33330,20250822,1846,5,7,Passive,Store experience
5632,33536,20220511,74,2,6,Detractor,Support
5633,10667,20240719,1509,5,9,Promoter,Support
5634,52296,20241222,1337,12,6,Detractor,Price
5635,26928,20241025,1598,1,7,Passive,Price
5636,878,20241106,1734,2,5,Detractor,Support
5637,4640,20240202,2000,5,4,Detractor,Delivery
5638,18336,20221011,390,4,6,Detractor,Website
5639,42207,20240121,978,5,7,Passive,Store experience
5640,265,20240529,1640,11,5,Detractor,Support
5641,38198,20241212,95,1,8,Passive,Website
5642,21309,20240417,912,11,7,Passive,Delivery
5643,12565,20240913,1668,3,8,Passive,Support
5644,10217,20240809,14,5,4,Detractor,Delivery
5645,24071,20230522,110,8,3,Detractor,Support
5646,12541,20230611,665,12,6,Detractor,Support
5647,44211,20231226,1055,6,8,Passive,Support
5648,54423,20250912,1834,9,6,Detractor,Website
5649,34341,20250117,1289,2,7,Passive,Delivery
5650,22253,20250727,834,6,8,Passive,Support
5651,31601,20251231,1984,3,7,Passive,Price
5652,49970,20251218,260,10,6,Detractor,Product quality
5653,47885,20230423,964,5,6,Detractor,Store experience
5654,1236,20231107,127,8,8,Passive,Website
5655,18712,20240603,1561,9,6,Detractor,Website
5656,11402,20250618,1743,5,8,Passive,Product quality
5657,13203,20240928,607,2,6,Detractor,Website
5658,23806,20231030,1892,12,7,Passive,Support
5659,55638,20220720,1530,12,8,Passive,Price
5660,23178,20250916,1625,9,5,Detractor,Delivery
5661,35660,20250511,1952,3,7,Passive,Website
5662,52359,20240818,1258,3,10,Promoter,Product quality
5663,31815,20221214,824,5,9,Promoter,Delivery
5664,50701,20230521,247,12,7,Passive,Support
5665,33295,20241108,1779,3,6,Detractor,Price
5666,9011,20240925,1386,4,7,Passive,Store experience
5667,50113,20251126,668,1,9,Promoter,Website
5668,19305,20240120,897,3,7,Passive,Product quality
5669,17291,20250122,1855,7,9,Promoter,Support
5670,16117,20251231,1019,1,7,Passive,Store experience
5671,6212,20240902,1049,8,10,Promoter,Price
5672,17422,20240421,1516,2,5,Detractor,Price
5673,22055,20250613,656,7,7,Passive,Delivery
5674,33442,20230216,783,2,8,Passive,Product quality
5675,17739,20240216,1261,6,7,Passive,Website
5676,46708,20230322,186,8,8,Passive,Delivery
5677,48964,20240731,893,12,7,Passive,Product quality
5678,24770,20240822,1233,12,6,Detractor,Product quality
5679,30176,20250814,113,12,6,Detractor,Product quality
5680,19452,20231023,883,5,5,Detractor,Store experience
5681,57994,20250913,1330,2,9,Promoter,Delivery
5682,28738,20250712,495,5,7,Passive,Support
5683,40901,20250706,608,6,7,Passive,Product quality
5684,41717,20231216,750,12,7,Passive,Website
5685,48997,20240626,1335,12,4,Detractor,Website
5686,20565,20240706,727,7,8,Passive,Store experience
5687,32575,20240826,755,9,8,Passive,Price
5688,14374,20231128,138,5,7,Passive,Website
5689,33044,20240310,1544,12,6,Detractor,Delivery
5690,26442,20251006,246,9,2,Detractor,Product quality
5691,6057,20241211,1204,5,7,Passive,Website
5692,25721,20230525,713,8,6,Detractor,Delivery
5693,55355,20230820,1686,6,3,Detractor,Delivery
5694,49671,20250331,669,11,6,Detractor,Store experience
5695,55979,20230725,815,6,4,Detractor,Delivery
5696,7276,20230625,470,7,7,Passive,Support
5697,23995,20250704,1366,7,7,Passive,Product quality
5698,11705,20241206,1777,2,7,Passive,Delivery
5699,32286,20250226,1585,1,7,Passive,Website
5700,4324,20251012,1642,7,8,Passive,Website
5701,54490,20240706,1187,8,8,Passive,Price
5702,4420,20240224,1327,4,7,Passive,Product quality
5703,22761,20231201,1841,1,6,Detractor,Support
5704,44534,20250131,1562,7,8,Passive,Product quality
5705,45542,20250425,1952,8,6,Detractor,Delivery
5706,42913,20241005,1139,11,7,Passive,Website
5707,47029,20241213,1104,8,5,Detractor,Support
5708,50856,20240216,1905,9,7,Passive,Website
5709,45047,20250402,251,7,8,Passive,Website
5710,43502,20251122,1967,3,7,Passive,Website
5711,2946,20250110,1037,7,5,Detractor,Delivery
5712,50944,20220716,93,5,5,Detractor,Price
5713,13508,20240812,551,9,7,Passive,Delivery
5714,1757,20240915,646,5,8,Passive,Price
5715,39587,20241013,1450,8,5,Detractor,Website
5716,16438,20241021,856,10,10,Promoter,Price
5717,34329,20230304,1001,4,9,Promoter,Store experience
5718,49910,20251231,298,1,3,Detractor,Website
5719,48299,20250127,410,6,7,Passive,Price
5720,59336,20250508,1997,8,7,Passive,Price
5721,41638,20241001,1351,1,6,Detractor,Product quality
5722,31047,20250127,1627,12,6,Detractor,Delivery
5723,47272,20240401,232,2,7,Passive,Store experience
5724,6081,20240701,998,4,5,Detractor,Price
5725,6467,20240315,479,7,5,Detractor,Store experience
5726,1297,20230406,1190,4,10,Promoter,Price
5727,40443,20250319,680,6,9,Promoter,Support
5728,56044,20240410,1865,2,8,Passive,Product quality
5729,50481,20221125,1059,11,6,Detractor,Store experience
5730,39282,20250131,1216,8,6,Detractor,Price
5731,17504,20230225,391,6,6,Detractor,Delivery
5732,27698,20250317,869,11,6,Detractor,Price
5733,3657,20250103,1884,3,6,Detractor,Store experience
5734,37863,20240302,149,10,4,Detractor,Delivery
5735,13833,20230220,758,2,8,Passive,Support
5736,30487,20231122,763,9,6,Detractor,Website
5737,21353,20250905,1526,2,5,Detractor,Store experience
5738,17002,20250627,329,10,7,Passive,Price
5739,25144,20240223,82,11,7,Passive,Product quality
5740,25594,20240509,1600,1,7,Passive,Store experience
5741,11766,20240604,1106,7,5,Detractor,Store experience
5742,4049,20240804,1068,10,6,Detractor,Delivery
5743,24593,20250120,1299,3,3,Detractor,Delivery
5744,33220,20250824,776,6,6,Detractor,Website
5745,50739,20230709,805,9,7,Passive,Price
5746,18289,20230924,798,5,8,Passive,Price
5747,7340,20240930,428,9,6,Detractor,Product quality
5748,31306,20240701,550,12,5,Detractor,Price
5749,29877,20220711,549,4,10,Promoter,Support
5750,24689,20221230,1125,12,9,Promoter,Delivery
5751,17849,20251231,619,7,8,Passive,Website
5752,41148,20230529,563,9,7,Passive,Support
5753,11414,20251231,153,6,6,Detractor,Support
5754,24507,20240319,1332,8,7,Passive,Delivery
5755,31236,20220619,1293,12,6,Detractor,Website
5756,56793,20251111,799,3,6,Detractor,Support
5757,29848,20250607,714,10,8,Passive,Delivery
5758,40622,20230712,1531,12,8,Passive,Price
5759,23420,20250423,772,5,7,Passive,Website
5760,26371,20240804,1896,1,7,Passive,Price
5761,29244,20230102,1246,4,8,Passive,Delivery
5762,53213,20240531,1566,12,6,Detractor,Price
5763,35722,20251201,222,12,10,Promoter,Product quality
5764,38744,20240813,1295,10,6,Detractor,Price
5765,20372,20251028,779,3,9,Promoter,Price
5766,158,20250610,1190,9,6,Detractor,Product quality
5767,1299,20230531,999,7,7,Passive,Website
5768,33175,20240709,928,10,5,Detractor,Product quality
5769,13295,20250718,1125,2,6,Detractor,Product quality
5770,56945,20230422,1136,6,8,Passive,Support
5771,51498,20231114,691,2,7,Passive,Store experience
5772,14918,20250908,222,1,6,Detractor,Website
5773,20479,20241227,1590,2,5,Detractor,Website
5774,53912,20230207,1977,7,7,Passive,Support
5775,11836,20250819,1227,9,7,Passive,Price
5776,13538,20230711,641,1,8,Passive,Product quality
5777,31982,20250730,214,3,7,Passive,Website
5778,34787,20221121,1316,6,9,Promoter,Product quality
5779,48524,20251231,1008,12,6,Detractor,Store experience
5780,18567,20230906,184,9,7,Passive,Product quality
5781,59903,20230111,795,2,9,Promoter,Support
5782,22094,20241223,899,1,9,Promoter,Website
5783,53336,20241223,714,5,7,Passive,Product quality
5784,15056,20230908,1030,3,6,Detractor,Support
5785,6561,20240426,575,11,8,Passive,Website
5786,26096,20250627,437,6,7,Passive,Product quality
5787,17659,20241021,1100,8,6,Detractor,Product quality
5788,38450,20250824,1439,4,6,Detractor,Store experience
5789,45716,20230202,1969,8,5,Detractor,Website
5790,56236,20240908,644,9,8,Passive,Website
5791,49367,20230103,1366,6,9,Promoter,Delivery
5792,5022,20240315,223,12,6,Detractor,Delivery
5793,2823,20230701,1803,6,10,Promoter,Store experience
5794,54562,20230917,31,8,10,Promoter,Product quality
5795,48377,20240223,730,10,8,Passive,Store experience
5796,49938,20231121,553,11,8,Passive,Product quality
5797,56673,20250107,835,10,7,Passive,Website
5798,5430,20220929,857,8,7,Passive,Website
5799,32213,20250824,326,1,7,Passive,Website
5800,47975,20241028,1229,1,5,Detractor,Support
5801,41920,20251231,1656,10,10,Promoter,Product quality
5802,49413,20250625,498,2,5,Detractor,Product quality
5803,54414,20251231,410,10,5,Detractor,Support
5804,3851,20240624,121,12,9,Promoter,Website
5805,8983,20230820,1722,5,5,Detractor,Product quality
5806,11638,20250115,1226,6,7,Passive,Price
5807,4865,20241216,1921,4,6,Detractor,Product quality
5808,2539,20241030,393,3,5,Detractor,Delivery
5809,56242,20221228,1839,4,6,Detractor,Product quality
5810,41342,20230813,1179,7,7,Passive,Product quality
5811,14526,20220808,1154,4,9,Promoter,Website
5812,27460,20240416,1722,8,5,Detractor,Website
5813,24227,20240502,1370,7,10,Promoter,Price
5814,41995,20220415,292,8,8,Passive,Support
5815,13515,20250101,543,6,8,Passive,Support
5816,27129,20240623,1174,2,6,Detractor,Product quality
5817,24324,20240624,1635,11,7,Passive,Delivery
5818,55563,20231220,807,8,6,Detractor,Store experience
5819,7333,20240225,50,6,8,Passive,Website
5820,53895,20250619,1223,9,6,Detractor,Delivery
5821,12647,20241011,325,12,5,Detractor,Store experience
5822,27358,20250706,246,9,6,Detractor,Website
5823,45279,20240928,330,7,3,Detractor,Product quality
5824,2103,20230721,51,1,6,Detractor,Support
5825,58161,20240228,599,1,9,Promoter,Price
5826,12795,20250731,1238,4,9,Promoter,Price
5827,34768,20240919,843,5,8,Passive,Support
5828,25546,20251004,825,8,9,Promoter,Website
5829,22679,20230826,796,10,6,Detractor,Support
5830,30032,20240509,1459,12,8,Passive,Delivery
5831,47097,20240202,1510,8,6,Detractor,Store experience
5832,556,20230717,1134,1,7,Passive,Store experience
5833,32715,20250803,1623,4,9,Promoter,Delivery
5834,50333,20230921,1675,7,7,Passive,Store experience
5835,48268,20251120,1400,7,7,Passive,Price
5836,29237,20251130,31,2,8,Passive,Product quality
5837,824,20230626,307,9,9,Promoter,Delivery
5838,12277,20250622,1384,11,3,Detractor,Support
5839,12989,20240712,449,4,9,Promoter,Support
5840,58126,20250214,1399,1,7,Passive,Product quality
5841,13771,20240824,598,10,6,Detractor,Store experience
5842,5957,20250421,1234,4,5,Detractor,Store experience
5843,28979,20240603,1188,7,7,Passive,Price
5844,51546,20230402,1719,5,5,Detractor,Price
5845,12071,20250101,975,12,6,Detractor,Delivery
5846,49955,20250315,1338,3,5,Detractor,Price
5847,52776,20240401,924,1,7,Passive,Support
5848,37765,20230411,1028,5,5,Detractor,Delivery
5849,42744,20250810,390,5,8,Passive,Price
5850,37737,20240421,1470,3,4,Detractor,Product quality
5851,9883,20250525,1106,9,4,Detractor,Website
5852,44243,20241224,1729,6,6,Detractor,Price
5853,53721,20221201,605,6,7,Passive,Website
5854,30310,20230507,233,12,9,Promoter,Store experience
5855,55454,20250117,1595,3,8,Passive,Website
5856,37330,20240907,843,1,7,Passive,Support
5857,46324,20250717,241,6,6,Detractor,Store experience
5858,12878,20241226,1813,9,4,Detractor,Support
5859,6498,20240522,1711,2,7,Passive,Product quality
5860,57209,20240613,830,10,8,Passive,Price
5861,55059,20251231,1716,5,6,Detractor,Store experience
5862,59931,20220704,561,8,7,Passive,Price
5863,30561,20251022,77,11,4,Detractor,Delivery
5864,23493,20230210,1290,4,8,Passive,Product quality
5865,7921,20241122,1458,5,10,Promoter,Price
5866,31513,20230306,24,12,7,Passive,Product quality
5867,20826,20250206,1763,7,5,Detractor,Support
5868,47121,20240729,1021,12,7,Passive,Support
5869,29583,20250911,454,7,7,Passive,Support
5870,46062,20240429,93,12,8,Passive,Product quality
5871,51109,20240906,557,4,5,Detractor,Product quality
5872,32486,20251011,1998,4,6,Detractor,Product quality
5873,15231,20230105,762,10,5,Detractor,Delivery
5874,8571,20241103,1354,6,9,Promoter,Delivery
5875,36602,20221229,1190,4,8,Passive,Delivery
5876,10317,20250801,1394,7,10,Promoter,Product quality
5877,29240,20230616,1100,8,8,Passive,Website
5878,33864,20250501,338,10,8,Passive,Store experience
5879,5004,20251218,1270,5,6,Detractor,Store experience
5880,40428,20250227,67,10,6,Detractor,Store experience
5881,40888,20240419,760,11,5,Detractor,Delivery
5882,41041,20230223,167,7,5,Detractor,Store experience
5883,6119,20230326,1211,1,8,Passive,Support
5884,38484,20240715,1004,9,7,Passive,Product quality
5885,27009,20240819,1763,9,7,Passive,Website
5886,56735,20250614,1355,4,6,Detractor,Store experience
5887,20121,20251231,2,8,6,Detractor,Website
5888,44470,20251231,1210,7,7,Passive,Store experience
5889,34131,20240327,1947,2,5,Detractor,Delivery
5890,29241,20231112,1252,4,6,Detractor,Store experience
5891,27950,20240415,1158,3,10,Promoter,Store experience
5892,55562,20240301,1417,6,10,Promoter,Product quality
5893,41560,20250125,148,6,7,Passive,Store experience
5894,35416,20230724,1762,11,10,Promoter,Website
5895,1871,20220401,543,2,10,Promoter,Support
5896,27664,20230901,37,11,6,Detractor,Product quality
5897,7789,20241206,1352,5,4,Detractor,Website
5898,50476,20230903,59,10,8,Passive,Support
5899,2785,20250220,16,2,5,Detractor,Support
5900,30598,20231107,419,4,8,Passive,Product quality
5901,55972,20250615,498,7,6,Detractor,Support
5902,11238,20231103,166,7,7,Passive,Store experience
5903,6992,20230620,1137,7,4,Detractor,Store experience
5904,42645,20250623,504,5,5,Detractor,Price
5905,57107,20250616,121,4,6,Detractor,Website
5906,32305,20250411,333,7,6,Detractor,Store experience
5907,46323,20250726,241,6,8,Passive,Delivery
5908,26484,20250724,74,3,8,Passive,Support
5909,53576,20220518,1179,3,8,Passive,Price
5910,23656,20250222,1834,6,6,Detractor,Website
5911,5586,20240502,1638,4,9,Promoter,Support
5912,3095,20250712,1847,7,6,Detractor,Product quality
5913,57634,20240815,32,5,5,Detractor,Website
5914,23970,20250723,1537,5,6,Detractor,Product quality
5915,43611,20230328,1577,11,7,Passive,Price
5916,51555,20250228,408,12,7,Passive,Website
5917,24451,20250728,1158,9,9,Promoter,Website
5918,4814,20231107,1284,3,8,Passive,Support
5919,46709,20230417,186,8,3,Detractor,Delivery
5920,42183,20240930,1653,3,8,Passive,Price
5921,5787,20250113,1009,4,5,Detractor,Support
5922,45785,20241213,363,4,5,Detractor,Support
5923,51229,20240917,891,3,3,Detractor,Price
5924,48072,20240129,602,7,8,Passive,Delivery
5925,53264,20240327,1793,7,7,Passive,Price
5926,13988,20250828,1244,6,8,Passive,Store experience
5927,24898,20250921,1924,6,9,Promoter,Support
5928,40406,20251205,1348,7,8,Passive,Support
5929,22733,20250208,1131,10,8,Passive,Website
5930,46722,20251108,1475,8,8,Passive,Price
5931,26579,20240703,82,10,5,Detractor,Website
5932,24680,20250214,1387,5,5,Detractor,Support
5933,8356,20241211,634,12,9,Promoter,Price
5934,20051,20221115,1214,2,5,Detractor,Product quality
5935,16989,20250923,1797,8,9,Promoter,Store experience
5936,34684,20250329,1075,8,4,Detractor,Product quality
5937,14475,20230215,1116,11,7,Passive,Delivery
5938,15861,20230828,1451,7,5,Detractor,Delivery
5939,52495,20240325,973,9,5,Detractor,Support
5940,7706,20240118,331,10,7,Passive,Price
5941,40355,20250722,229,12,7,Passive,Delivery
5942,6681,20240227,1909,2,6,Detractor,Support
5943,4825,20250816,1190,6,9,Promoter,Store experience
5944,55848,20230922,939,6,6,Detractor,Price
5945,39561,20251231,585,5,4,Detractor,Price
5946,39463,20250521,1436,7,8,Passive,Delivery
5947,15499,20250314,1969,9,9,Promoter,Price
5948,27163,20220524,666,3,7,Passive,Support
5949,4490,20250706,1456,8,10,Promoter,Store experience
5950,3564,20240622,1658,12,9,Promoter,Delivery
5951,6922,20231205,918,4,4,Detractor,Delivery
5952,27810,20250824,50,12,10,Promoter,Price
5953,38818,20250130,990,9,7,Passive,Website
5954,24910,20231127,518,12,8,Passive,Delivery
5955,21232,20241218,1503,4,6,Detractor,Price
5956,21310,20240425,912,11,6,Detractor,Website
5957,37521,20251017,1720,10,6,Detractor,Price
5958,28925,20221129,361,9,7,Passive,Delivery
5959,17434,20250831,1052,4,4,Detractor,Price
5960,42967,20221008,243,3,6,Detractor,Website
5961,36545,20250919,192,3,7,Passive,Product quality
5962,22163,20240903,775,1,3,Detractor,Store experience
5963,21316,20221116,1607,6,5,Detractor,Delivery
5964,53513,20240831,37,9,5,Detractor,Website
5965,53177,20251229,1442,12,8,Passive,Support
5966,23079,20240525,440,6,5,Detractor,Product quality
5967,28560,20231130,1374,4,9,Promoter,Support
5968,9723,20241022,412,7,8,Passive,Website
5969,30075,20230927,203,11,8,Passive,Price
5970,56272,20241210,752,11,8,Passive,Delivery
5971,50851,20230410,1988,7,8,Passive,Support
5972,46620,20241022,735,12,7,Passive,Store experience
5973,45501,20240518,1223,5,7,Passive,Product quality
5974,30163,20221229,1849,1,7,Passive,Website
5975,12354,20240407,948,2,9,Promoter,Product quality
5976,20547,20240601,340,8,5,Detractor,Website
5977,20799,20250227,131,5,7,Passive,Price
5978,52881,20230214,983,9,7,Passive,Product quality
5979,1417,20230102,37,4,8,Passive,Product quality
5980,8281,20231227,1510,3,9,Promoter,Product quality
5981,33142,20240714,1554,10,4,Detractor,Price
5982,6851,20250823,495,6,5,Detractor,Website
5983,13722,20250516,807,10,7,Passive,Support
5984,9253,20240810,1761,6,5,Detractor,Price
5985,17813,20250713,104,10,9,Promoter,Store experience
5986,47724,20250726,1542,10,9,Promoter,Product quality
5987,55641,20231224,1692,12,5,Detractor,Product quality
5988,22806,20251005,1735,4,8,Passive,Product quality
5989,5843,20240711,985,7,5,Detractor,Delivery
5990,22075,20230725,468,2,8,Passive,Product quality
5991,35581,20240202,1001,7,5,Detractor,Store experience
5992,10945,20250814,987,6,6,Detractor,Product quality
5993,33319,20250207,1836,5,6,Detractor,Product quality
5994,25582,20231221,1566,2,8,Passive,Website
5995,4016,20230817,453,1,5,Detractor,Product quality
5996,43009,20221207,1936,2,5,Detractor,Store experience
5997,3795,20240807,412,11,7,Passive,Product quality
5998,45151,20251219,93,10,9,Promoter,Support
5999,11353,20250625,710,9,10,Promoter,Price
6000,21175,20231005,1523,5,9,Promoter,Product quality
6001,11725,20250508,1395,6,8,Passive,Product quality
6002,49796,20250210,27,6,9,Promoter,Price
6003,31939,20250108,1630,9,5,Detractor,Delivery
6004,50652,20240729,772,6,6,Detractor,Support
6005,47293,20240911,1678,4,2,Detractor,Price
6006,5860,20240815,1114,6,6,Detractor,Delivery
6007,17207,20230610,1856,1,9,Promoter,Delivery
6008,15885,20240612,1668,11,7,Passive,Product quality
6009,42558,20230609,1270,6,10,Promoter,Store experience
6010,15107,20231118,47,3,5,Detractor,Website
6011,37390,20251028,308,4,5,Detractor,Delivery
6012,36204,20240404,572,11,4,Detractor,Website
6013,5716,20240521,1044,8,4,Detractor,Price
6014,38275,20240403,566,1,5,Detractor,Store experience
6015,57632,20240728,32,5,7,Passive,Product quality
6016,40323,20230127,1214,4,6,Detractor,Website
6017,15706,20240113,722,8,10,Promoter,Product quality
6018,56160,20240629,932,11,7,Passive,Delivery
6019,46270,20241205,1687,6,8,Passive,Website
6020,31974,20250423,724,12,7,Passive,Price
6021,59601,20251015,566,2,6,Detractor,Support
6022,18818,20230119,1387,12,10,Promoter,Support
6023,48614,20250602,432,4,6,Detractor,Product quality
6024,41658,20230714,757,8,8,Passive,Product quality
6025,55607,20230523,1686,2,7,Passive,Product quality
6026,7242,20220822,647,3,7,Passive,Store experience
6027,8032,20240614,253,10,7,Passive,Website
6028,54395,20230504,416,2,9,Promoter,Support
6029,2104,20230715,51,1,7,Passive,Product quality
6030,8489,20230510,804,8,8,Passive,Store experience
6031,57795,20240130,1449,11,4,Detractor,Price
6032,35947,20250429,649,9,9,Promoter,Product quality
6033,33731,20230722,1333,12,5,Detractor,Product quality
6034,52734,20231030,1058,9,6,Detractor,Store experience
6035,13185,20251020,104,2,8,Passive,Website
6036,52922,20230118,33,7,6,Detractor,Support
6037,39061,20230116,1219,7,8,Passive,Delivery
6038,9188,20240121,1103,5,8,Passive,Website
6039,10170,20220617,1591,1,6,Detractor,Price
6040,27089,20241129,1090,3,7,Passive,Price
6041,99,20240309,1574,10,6,Detractor,Price
6042,23197,20250608,1060,3,5,Detractor,Store experience
6043,39522,20240509,62,1,7,Passive,Support
6044,52330,20230117,916,2,6,Detractor,Delivery
6045,57334,20241223,720,6,9,Promoter,Store experience
6046,12949,20250812,703,7,7,Passive,Delivery
6047,743,20220918,1070,1,8,Passive,Delivery
6048,40118,20250317,1874,1,8,Passive,Store experience
6049,46785,20250116,924,6,8,Passive,Website
6050,36666,20240414,468,11,9,Promoter,Store experience
6051,43903,20240710,951,8,5,Detractor,Delivery
6052,48917,20240827,1926,5,10,Promoter,Store experience
6053,51847,20250318,1822,9,7,Passive,Store experience
6054,21179,20241027,1394,1,8,Passive,Delivery
6055,40300,20230716,174,7,7,Passive,Support
6056,20695,20220924,204,10,7,Passive,Price
6057,29916,20230115,1819,8,7,Passive,Price
6058,2774,20220726,1942,1,9,Promoter,Website
6059,56298,20251129,82,1,7,Passive,Product quality
6060,57364,20250823,683,8,5,Detractor,Website
6061,34564,20230810,267,10,5,Detractor,Support
6062,34190,20250618,1762,8,10,Promoter,Website
6063,51204,20240405,1089,5,5,Detractor,Support
6064,22887,20250126,574,11,4,Detractor,Delivery
6065,29958,20240703,996,7,7,Passive,Price
6066,51591,20250714,711,11,9,Promoter,Website
6067,53090,20250213,1397,9,7,Passive,Store experience
6068,34588,20220725,1345,5,7,Passive,Store experience
6069,33831,20241211,1921,4,7,Passive,Store experience
6070,40688,20250217,12,9,5,Detractor,Price
6071,56821,20240427,508,10,5,Detractor,Support
6072,52199,20240110,217,11,8,Passive,Support
6073,23045,20250605,1477,10,5,Detractor,Price
6074,43510,20250925,478,3,7,Passive,Price
6075,1560,20250818,1041,1,10,Promoter,Store experience
6076,41928,20250810,1448,3,9,Promoter,Delivery
6077,6372,20250619,485,10,7,Passive,Price
6078,43231,20240730,710,4,8,Passive,Price
6079,39015,20250506,1669,12,8,Passive,Website
6080,25820,20240711,24,9,7,Passive,Price
6081,39821,20251111,821,12,8,Passive,Price
6082,33553,20240507,1644,7,5,Detractor,Delivery
6083,24582,20251120,1172,8,7,Passive,Product quality
6084,6262,20250723,24,10,7,Passive,Support
6085,24302,20241030,74,4,4,Detractor,Delivery
6086,55916,20240409,900,5,6,Detractor,Product quality
6087,13483,20230330,464,6,6,Detractor,Store experience
6088,34807,20220628,669,9,8,Passive,Product quality
6089,21581,20250828,1366,1,5,Detractor,Product quality
6090,22739,20240429,72,9,9,Promoter,Delivery
6091,7597,20250609,920,6,5,Detractor,Price
6092,18073,20241031,1051,1,6,Detractor,Price
6093,31078,20241016,1160,2,7,Passive,Price
6094,739,20250911,258,3,8,Passive,Website
6095,54549,20231220,1288,6,6,Detractor,Website
6096,35179,20250114,1798,2,5,Detractor,Website
6097,3087,20230928,1829,7,7,Passive,Website
6098,803,20230125,422,3,5,Detractor,Price
6099,49333,20220910,1678,11,6,Detractor,Delivery
6100,59172,20251121,1247,5,6,Detractor,Website
6101,50790,20251017,771,10,9,Promoter,Store experience
6102,24198,20240908,1837,11,8,Passive,Delivery
6103,35374,20250710,1755,8,10,Promoter,Product quality
6104,10027,20240302,20,4,5,Detractor,Store experience
6105,58842,20250511,1746,1,5,Detractor,Delivery
6106,57523,20240902,1536,11,7,Passive,Product quality
6107,6785,20250727,675,6,9,Promoter,Website
6108,38386,20250712,670,5,6,Detractor,Website
6109,58807,20241025,1154,9,7,Passive,Website
6110,58623,20240909,206,1,10,Promoter,Product quality
6111,36975,20231221,1339,4,8,Passive,Store experience
6112,13594,20250618,3,12,6,Detractor,Delivery
6113,37357,20230808,657,5,8,Passive,Store experience
6114,53617,20250820,248,2,4,Detractor,Store experience
6115,7567,20231009,1932,4,6,Detractor,Support
6116,37500,20240221,236,4,8,Passive,Store experience
6117,41524,20250521,1235,4,6,Detractor,Store experience
6118,27662,20250920,1139,1,8,Passive,Store experience
6119,25004,20250227,1772,1,7,Passive,Store experience
6120,39430,20250423,585,3,6,Detractor,Product quality
6121,18887,20240902,1436,11,6,Detractor,Product quality
6122,22057,20250529,656,7,3,Detractor,Price
6123,42334,20230722,1512,5,8,Passive,Price
6124,14436,20250112,727,8,6,Detractor,Price
6125,22956,20250809,612,3,8,Passive,Price
6126,29805,20241030,1699,11,6,Detractor,Product quality
6127,17602,20240807,1303,10,4,Detractor,Support
6128,25676,20250219,1801,8,10,Promoter,Price
6129,48058,20251231,526,8,2,Detractor,Delivery
6130,4819,20251231,534,7,5,Detractor,Product quality
6131,10384,20251107,1387,11,8,Passive,Store experience
6132,15829,20240429,401,8,6,Detractor,Delivery
6133,8083,20230929,376,2,5,Detractor,Support
6134,39275,20241113,1493,2,9,Promoter,Support
6135,54205,20230324,1420,11,8,Passive,Support
6136,481,20250513,374,12,6,Detractor,Store experience
6137,21564,20240924,1621,10,7,Passive,Price
6138,23023,20230913,871,6,7,Passive,Website
6139,40742,20240223,1109,12,5,Detractor,Price
6140,30667,20250509,1770,11,9,Promoter,Price
6141,8134,20240630,867,8,7,Passive,Product quality
6142,26638,20230623,1054,7,9,Promoter,Website
6143,57524,20240202,1324,9,8,Passive,Website
6144,40124,20240917,1023,1,9,Promoter,Price
6145,16616,20251226,13,10,8,Passive,Product quality
6146,35871,20220913,1751,10,5,Detractor,Price
6147,2103,20230803,51,1,7,Passive,Website
6148,41279,20241023,1111,7,5,Detractor,Product quality
6149,3392,20250408,998,1,9,Promoter,Price
6150,7109,20250303,456,4,8,Passive,Delivery
6151,21518,20231211,576,3,3,Detractor,Support
6152,52859,20231123,1351,11,5,Detractor,Website
6153,3142,20241115,1694,3,8,Passive,Product quality
6154,53350,20240330,1654,8,8,Passive,Delivery
6155,57663,20230902,1505,5,8,Passive,Website
6156,1815,20240216,815,6,6,Detractor,Store experience
6157,11709,20241216,1809,8,6,Detractor,Website
6158,35439,20250603,1080,5,4,Detractor,Website
6159,52569,20230614,1834,9,5,Detractor,Website
6160,46834,20240518,1849,10,6,Detractor,Website
6161,24603,20250407,701,2,7,Passive,Delivery
6162,6869,20240902,452,4,8,Passive,Website
6163,14161,20241106,1936,7,7,Passive,Delivery
6164,36674,20240410,1288,2,7,Passive,Price
6165,37047,20250303,1098,8,9,Promoter,Delivery
6166,54015,20240401,1323,1,6,Detractor,Store experience
6167,30224,20250115,1024,3,7,Passive,Website
6168,40282,20250104,33,1,9,Promoter,Delivery
6169,52443,20221123,1780,2,4,Detractor,Price
6170,45057,20240824,825,2,5,Detractor,Product quality
6171,44999,20230726,970,10,7,Passive,Website
6172,59462,20220516,1120,5,9,Promoter,Website
6173,13024,20250929,1482,6,9,Promoter,Product quality
6174,10399,20241212,1549,2,8,Passive,Delivery
6175,56511,20250619,819,10,6,Detractor,Website
6176,35405,20241015,459,11,3,Detractor,Store experience
6177,12675,20230725,1649,2,7,Passive,Delivery
6178,37579,20240727,1584,3,7,Passive,Store experience
6179,23200,20250612,1060,3,6,Detractor,Website
6180,37505,20231223,1263,11,7,Passive,Store experience
6181,27590,20250910,1869,3,5,Detractor,Delivery
6182,51013,20240808,267,2,10,Promoter,Store experience
6183,33179,20231007,1628,11,8,Passive,Product quality
6184,1513,20241101,738,6,5,Detractor,Website
6185,40081,20240520,354,10,7,Passive,Delivery
6186,54360,20241225,460,4,5,Detractor,Price
6187,15892,20240216,441,6,7,Passive,Delivery
6188,22889,20230720,1401,5,9,Promoter,Delivery
6189,21458,20240415,1336,9,7,Passive,Delivery
6190,33414,20250331,8,6,9,Promoter,Website
6191,10514,20250707,642,8,4,Detractor,Delivery
6192,7555,20241126,906,6,10,Promoter,Support
6193,48653,20251023,1976,6,3,Detractor,Website
6194,21401,20250507,388,11,9,Promoter,Website
6195,54654,20251127,1460,1,6,Detractor,Support
6196,23529,20250910,1932,3,7,Passive,Support
6197,51639,20240831,284,12,8,Passive,Support
6198,38119,20240623,533,2,10,Promoter,Delivery
6199,4869,20250616,1640,1,8,Passive,Delivery
6200,12343,20240526,1182,2,6,Detractor,Website
6201,34352,20241015,602,9,6,Detractor,Store experience
6202,20435,20240508,924,3,4,Detractor,Store experience
6203,14649,20221009,390,6,5,Detractor,Product quality
6204,478,20240105,335,10,9,Promoter,Delivery
6205,56840,20251004,1699,3,10,Promoter,Store experience
6206,37014,20230504,425,7,7,Passive,Store experience
6207,1941,20250103,221,2,6,Detractor,Product quality
6208,27603,20230917,1968,1,7,Passive,Website
6209,46565,20221009,918,1,7,Passive,Price
6210,34015,20230706,1305,7,6,Detractor,Delivery
6211,23202,20241128,625,6,5,Detractor,Support
6212,41587,20250715,1785,7,7,Passive,Store experience
6213,22770,20220730,1921,11,7,Passive,Price
6214,31640,20240425,454,6,8,Passive,Store experience
6215,50486,20240310,1731,7,7,Passive,Price
6216,59660,20250727,1016,11,3,Detractor,Website
6217,59179,20240328,31,6,8,Passive,Delivery
6218,44124,20230129,767,5,10,Promoter,Website
6219,35514,20230801,1943,5,8,Passive,Price
6220,58996,20250808,1369,9,4,Detractor,Product quality
6221,23940,20230228,1372,12,4,Detractor,Store experience
6222,49325,20250212,880,1,6,Detractor,Website
6223,44914,20250312,347,3,7,Passive,Store experience
6224,59709,20240305,1536,9,6,Detractor,Delivery
6225,28837,20240309,1927,10,4,Detractor,Website
6226,13563,20240122,1303,7,9,Promoter,Product quality
6227,42058,20240605,386,5,6,Detractor,Product quality
6228,49977,20240210,475,9,7,Passive,Support
6229,9431,20240217,752,10,5,Detractor,Store experience
6230,22421,20250623,143,11,6,Detractor,Price
6231,24713,20240328,915,2,7,Passive,Support
6232,34410,20240622,517,9,8,Passive,Store experience
6233,37047,20250218,1098,8,7,Passive,Delivery
6234,59450,20221124,448,12,9,Promoter,Price
6235,6465,20240409,479,7,7,Passive,Support
6236,3926,20221020,1803,11,4,Detractor,Product quality
6237,16224,20251231,1424,7,6,Detractor,Store experience
6238,39758,20250611,445,5,6,Detractor,Product quality
6239,41484,20250926,958,4,7,Passive,Price
6240,30461,20240911,1288,9,8,Passive,Website
6241,54426,20250820,1267,10,8,Passive,Website
6242,48535,20221028,1911,3,8,Passive,Price
6243,37585,20250101,82,7,8,Passive,Price
6244,24926,20230701,1065,12,5,Detractor,Delivery
6245,46388,20250722,139,9,8,Passive,Delivery
6246,8932,20251117,219,11,7,Passive,Price
6247,49751,20250329,838,1,5,Detractor,Product quality
6248,53215,20240614,1566,12,9,Promoter,Delivery
6249,13410,20250606,467,11,7,Passive,Price
6250,3659,20241202,1884,3,7,Passive,Support
6251,40881,20250424,519,3,8,Passive,Product quality
6252,17252,20250321,905,3,8,Passive,Website
6253,39961,20240219,132,12,7,Passive,Product quality
6254,56671,20230722,290,12,8,Passive,Website
6255,2984,20231008,1125,10,6,Detractor,Store experience
6256,18119,20250430,1629,6,8,Passive,Price
6257,23622,20231113,727,12,6,Detractor,Website
6258,49029,20240824,816,7,4,Detractor,Product quality
6259,22367,20231020,1373,12,8,Passive,Support
6260,28061,20250120,566,6,10,Promoter,Support
6261,50637,20231026,70,8,6,Detractor,Support
6262,17837,20220505,1628,9,6,Detractor,Price
6263,22508,20250617,1442,10,7,Passive,Price
6264,33332,20250907,1846,5,7,Passive,Product quality
6265,38905,20230430,208,8,6,Detractor,Website
6266,16955,20240105,1031,7,8,Passive,Product quality
6267,54510,20240317,546,3,6,Detractor,Website
6268,14810,20240323,1632,3,10,Promoter,Store experience
6269,36588,20240420,1157,8,8,Passive,Product quality
6270,56591,20230616,1379,12,6,Detractor,Website
6271,57490,20231230,1026,5,7,Passive,Product quality
6272,55545,20250731,839,12,8,Passive,Store experience
6273,37,20231211,592,8,10,Promoter,Price
6274,28961,20250315,802,12,7,Passive,Store experience
6275,50195,20250131,815,3,9,Promoter,Store experience
6276,54431,20250709,1251,3,10,Promoter,Website
6277,15623,20250121,1037,10,9,Promoter,Price
6278,46825,20250428,1970,10,9,Promoter,Price
6279,31325,20240604,131,8,7,Passive,Product quality
6280,45870,20231017,149,12,8,Passive,Website
6281,1260,20230913,775,8,6,Detractor,Support
6282,46321,20250711,241,6,6,Detractor,Website
6283,3277,20230801,476,7,9,Promoter,Delivery
6284,330,20230729,505,11,9,Promoter,Website
6285,16250,20221014,1008,9,5,Detractor,Price
6286,59858,20230818,1582,8,9,Promoter,Store experience
6287,22710,20240202,1662,2,7,Passive,Product quality
6288,13560,20231228,1753,10,10,Promoter,Support
6289,52389,20240211,1156,2,6,Detractor,Delivery
6290,41062,20250629,560,9,5,Detractor,Price
6291,22666,20251222,953,4,8,Passive,Website
6292,33078,20251130,1346,4,5,Detractor,Price
6293,48941,20251118,1970,2,8,Passive,Delivery
6294,1869,20240411,127,7,7,Passive,Product quality
6295,42348,20240207,411,1,4,Detractor,Delivery
6296,58277,20230721,1263,1,4,Detractor,Price
6297,44468,20250703,1457,12,9,Promoter,Website
6298,2641,20221211,1695,9,8,Passive,Delivery
6299,8175,20231129,1531,7,8,Passive,Website
6300,33716,20250709,414,3,4,Detractor,Price
6301,31486,20230422,366,10,9,Promoter,Support
6302,44510,20240220,1491,9,9,Promoter,Product quality
6303,20041,20240911,178,9,7,Passive,Price
6304,5297,20230828,1563,3,7,Passive,Price
6305,59523,20230721,262,11,8,Passive,Support
6306,22381,20230810,932,5,6,Detractor,Support
6307,45730,20241030,784,6,8,Passive,Product quality
6308,17877,20240807,480,7,7,Passive,Product quality
6309,23782,20220624,765,10,5,Detractor,Delivery
6310,4430,20250715,379,12,3,Detractor,Support
6311,44367,20250830,1575,6,6,Detractor,Delivery
6312,8188,20240515,864,1,5,Detractor,Price
6313,59055,20250426,449,5,5,Detractor,Store experience
6314,59525,20240702,1046,1,3,Detractor,Support
6315,54088,20240601,1192,5,5,Detractor,Delivery
6316,35214,20230730,180,8,10,Promoter,Delivery
6317,30622,20251208,1796,4,10,Promoter,Store experience
6318,8189,20240511,864,1,10,Promoter,Store experience
6319,7975,20250725,1405,12,6,Detractor,Website
6320,35020,20221026,831,2,7,Passive,Product quality
6321,35059,20240203,1061,6,7,Passive,Delivery
6322,44025,20231123,1710,10,6,Detractor,Delivery
6323,37416,20250627,602,8,8,Passive,Website
6324,21331,20221112,990,5,5,Detractor,Support
6325,32950,20221211,288,2,4,Detractor,Price
6326,4635,20251010,347,11,6,Detractor,Delivery
6327,54204,20250130,1169,3,9,Promoter,Support
6328,20492,20250309,1041,7,8,Passive,Product quality
6329,32902,20251128,693,4,6,Detractor,Price
6330,22697,20251224,761,11,5,Detractor,Price
6331,10334,20250616,1960,6,8,Passive,Store experience
6332,46073,20240221,1440,4,7,Passive,Delivery
6333,22810,20220306,779,10,6,Detractor,Price
6334,45444,20240612,1965,8,7,Passive,Product quality
6335,30614,20240406,198,12,7,Passive,Website
6336,13338,20240423,1579,8,6,Detractor,Website
6337,36489,20250227,1889,5,7,Passive,Price
6338,43545,20250613,1893,12,6,Detractor,Support
6339,4214,20250123,1895,1,5,Detractor,Website
6340,12103,20230510,1277,3,9,Promoter,Website
6341,6099,20230626,1980,8,3,Detractor,Delivery
6342,43430,20250911,1221,6,7,Passive,Store experience
6343,25860,20250829,660,7,9,Promoter,Delivery
6344,53831,20250518,1745,1,9,Promoter,Product quality
6345,25574,20241123,1399,8,10,Promoter,Website
6346,43993,20221209,814,7,7,Passive,Delivery
6347,8137,20230702,612,9,8,Passive,Price
6348,59159,20250320,796,1,6,Detractor,Store experience
6349,5864,20241023,1461,11,8,Passive,Product quality
6350,32010,20240520,339,6,7,Passive,Support
6351,7029,20250814,1706,11,5,Detractor,Delivery
6352,3711,20250716,1420,5,6,Detractor,Website
6353,18276,20251016,1512,10,5,Detractor,Website
6354,27369,20241018,1547,10,7,Passive,Website
6355,6189,20230808,886,2,3,Detractor,Price
6356,21275,20251231,1801,2,6,Detractor,Support
6357,54305,20230628,1519,12,5,Detractor,Support
6358,50462,20250605,1008,12,6,Detractor,Product quality
6359,42607,20221026,66,2,9,Promoter,Support
6360,11505,20250905,1839,3,6,Detractor,Delivery
6361,29574,20240907,1997,12,7,Passive,Delivery
6362,22043,20240813,170,1,5,Detractor,Support
6363,10568,20250124,605,7,6,Detractor,Store experience
6364,31440,20230204,209,12,9,Promoter,Delivery
6365,29942,20240225,1093,4,7,Passive,Website
6366,4320,20230704,91,12,4,Detractor,Store experience
6367,30997,20231230,1178,10,7,Passive,Delivery
6368,15255,20241015,889,12,5,Detractor,Price
6369,59243,20240504,717,12,7,Passive,Website
6370,40412,20230831,1970,5,6,Detractor,Website
6371,27348,20240328,572,6,5,Detractor,Website
6372,38196,20251223,446,10,10,Promoter,Website
6373,30283,20250622,1850,10,9,Promoter,Store experience
6374,47270,20240312,232,2,5,Detractor,Delivery
6375,39049,20240506,307,6,9,Promoter,Support
6376,22390,20250422,1842,7,6,Detractor,Support
6377,40189,20251231,1083,7,6,Detractor,Price
6378,54872,20230619,438,8,6,Detractor,Delivery
6379,56923,20220607,1626,11,7,Passive,Store experience
6380,59706,20240328,918,6,8,Passive,Support
6381,16033,20220718,1623,1,7,Passive,Website
6382,30029,20250721,1599,11,8,Passive,Delivery
6383,30108,20250202,1462,8,7,Passive,Product quality
6384,58594,20251231,133,7,5,Detractor,Store experience
6385,49010,20241214,366,3,8,Passive,Store experience
6386,50066,20240226,1897,11,7,Passive,Support
6387,1521,20230130,220,9,4,Detractor,Store experience
6388,43987,20230804,1269,9,8,Passive,Support
6389,7344,20251231,887,1,7,Passive,Delivery
6390,32747,20220326,562,6,6,Detractor,Product quality
6391,44218,20241002,1734,1,8,Passive,Support
6392,27055,20250617,1851,10,10,Promoter,Store experience
6393,44024,20230906,1865,9,4,Detractor,Product quality
6394,59342,20230227,1047,9,3,Detractor,Store experience
6395,6754,20250404,511,7,6,Detractor,Website
6396,1938,20240122,276,2,7,Passive,Website
6397,42071,20251001,968,11,7,Passive,Price
6398,22409,20241005,1051,10,8,Passive,Website
6399,48052,20251003,1810,12,6,Detractor,Delivery
6400,56131,20251205,1949,10,8,Passive,Store experience
6401,37684,20241104,1460,8,9,Promoter,Store experience
6402,12584,20240524,1502,7,8,Passive,Price
6403,21664,20231226,1222,4,7,Passive,Product quality
6404,13406,20250819,1110,7,9,Promoter,Product quality
6405,5002,20251225,1270,5,6,Detractor,Support
6406,14314,20230825,1980,4,5,Detractor,Delivery
6407,52488,20240126,1898,11,10,Promoter,Website
6408,21991,20230726,1928,8,6,Detractor,Store experience
6409,47615,20241126,1910,1,6,Detractor,Price
6410,21641,20240929,113,3,7,Passive,Website
6411,41886,20251015,444,9,10,Promoter,Product quality
6412,19367,20231215,429,6,9,Promoter,Price
6413,50730,20250715,867,7,10,Promoter,Price
6414,21985,20240922,1820,7,7,Passive,Store experience
6415,6864,20221016,846,6,6,Detractor,Website
6416,8910,20220220,1535,6,6,Detractor,Delivery
6417,3532,20241121,1871,8,10,Promoter,Website
6418,44520,20251007,1368,4,8,Passive,Website
6419,54736,20251210,1683,5,8,Passive,Product quality
6420,36273,20250209,1304,8,9,Promoter,Support
6421,58829,20241117,356,6,9,Promoter,Price
6422,33588,20251015,194,8,6,Detractor,Website
6423,7642,20241215,1666,7,6,Detractor,Delivery
6424,32082,20231216,1739,8,7,Passive,Price
6425,34218,20220623,1217,7,6,Detractor,Delivery
6426,46119,20240721,1037,2,8,Passive,Support
6427,5398,20240822,552,9,6,Detractor,Support
6428,55010,20230731,1373,11,7,Passive,Delivery
6429,9957,20220705,1430,12,7,Passive,Store experience
6430,29799,20240423,414,7,6,Detractor,Price
6431,23803,20240420,634,11,5,Detractor,Delivery
6432,26487,20250415,1888,11,6,Detractor,Website
6433,43877,20251203,779,12,3,Detractor,Website
6434,43785,20240406,1053,6,8,Passive,Price
6435,46820,20230918,1121,2,8,Passive,Support
6436,13207,20241020,1346,6,7,Passive,Delivery
6437,22309,20241102,1036,7,5,Detractor,Delivery
6438,12559,20250529,172,10,9,Promoter,Delivery
6439,33293,20241207,905,3,7,Passive,Delivery
6440,31526,20250816,930,5,6,Detractor,Product quality
6441,10269,20250506,905,10,8,Passive,Store experience
6442,52692,20241220,410,7,7,Passive,Support
6443,53165,20221106,1037,10,6,Detractor,Delivery
6444,25244,20231111,1596,5,4,Detractor,Delivery
6445,12634,20220725,755,1,9,Promoter,Support
6446,3420,20230128,1181,10,5,Detractor,Support
6447,54688,20240711,1791,7,5,Detractor,Website
6448,25163,20250119,1701,6,7,Passive,Product quality
6449,52700,20241219,1191,10,9,Promoter,Website
6450,211,20230110,757,5,5,Detractor,Store experience
6451,42954,20240810,1973,4,7,Passive,Website
6452,25249,20240113,1263,12,5,Detractor,Product quality
6453,3497,20250205,117,10,7,Passive,Delivery
6454,8430,20230812,1079,4,9,Promoter,Support
6455,25035,20230701,815,7,6,Detractor,Store experience
6456,27632,20220628,486,2,7,Passive,Support
6457,23450,20250412,1755,12,4,Detractor,Product quality
6458,55890,20231212,593,10,4,Detractor,Support
6459,56253,20240331,605,11,7,Passive,Store experience
6460,13703,20250427,1494,10,3,Detractor,Support
6461,43465,20240717,534,3,5,Detractor,Delivery
6462,7796,20250901,25,1,10,Promoter,Support
6463,1187,20250405,1219,11,6,Detractor,Product quality
6464,5767,20231218,759,4,6,Detractor,Product quality
6465,12567,20250119,999,11,9,Promoter,Delivery
6466,8522,20250126,951,11,7,Passive,Product quality
6467,57373,20251227,1954,4,4,Detractor,Store experience
6468,5365,20251102,1570,2,7,Passive,Product quality
6469,58150,20250715,1683,2,7,Passive,Website
6470,41654,20240606,1592,10,10,Promoter,Store experience
6471,23975,20250825,405,8,8,Passive,Product quality
6472,31619,20250608,478,10,7,Passive,Website
6473,45509,20240724,1258,12,5,Detractor,Price
6474,45427,20240608,1286,5,6,Detractor,Store experience
6475,31457,20240514,244,10,7,Passive,Delivery
6476,48171,20220924,1764,5,9,Promoter,Website
6477,31107,20250513,523,11,5,Detractor,Delivery
6478,39446,20230111,949,9,5,Detractor,Price
6479,8693,20250203,667,2,10,Promoter,Delivery
6480,643,20251129,969,12,4,Detractor,Delivery
6481,36894,20250628,6,2,4,Detractor,Support
6482,35841,20251227,1207,7,6,Detractor,Product quality
6483,46165,20251019,1426,1,5,Detractor,Product quality
6484,32825,20231111,1931,7,8,Passive,Price
6485,52250,20221225,1901,5,6,Detractor,Website
6486,14643,20230827,988,2,8,Passive,Store experience
6487,12097,20251231,1168,1,7,Passive,Website
6488,58022,20241023,1425,6,9,Promoter,Website
6489,36646,20230310,510,9,4,Detractor,Product quality
6490,17635,20251025,426,9,9,Promoter,Price
6491,41415,20250217,791,3,6,Detractor,Support
6492,8766,20240516,1035,11,9,Promoter,Website
6493,13377,20250116,1305,6,7,Passive,Support
6494,47873,20230912,1176,12,8,Passive,Product quality
6495,38660,20241219,560,9,7,Passive,Delivery
6496,55999,20251130,1534,10,8,Passive,Support
6497,28909,20251228,677,5,6,Detractor,Website
6498,53329,20250713,775,11,4,Detractor,Store experience
6499,27388,20240608,1306,11,10,Promoter,Support
6500,17505,20230130,391,6,6,Detractor,Store experience
6501,53515,20250413,1645,12,8,Passive,Product quality
6502,5839,20231208,1951,7,6,Detractor,Website
6503,24612,20230308,897,8,9,Promoter,Price
6504,43213,20240330,1341,2,8,Passive,Product quality
6505,18632,20230428,804,4,6,Detractor,Price
6506,59728,20240905,1480,4,5,Detractor,Website
6507,51066,20231110,1494,6,1,Detractor,Support
6508,36519,20230210,182,11,8,Passive,Support
6509,51029,20230709,20,1,6,Detractor,Price
6510,30535,20230604,816,11,10,Promoter,Delivery
6511,34301,20251114,1211,12,7,Passive,Store experience
6512,20532,20240830,723,4,8,Passive,Delivery
6513,26126,20240616,1255,2,7,Passive,Product quality
6514,56434,20240507,142,7,7,Passive,Delivery
6515,39622,20221128,1853,2,8,Passive,Store experience
6516,22654,20251108,1059,8,10,Promoter,Support
6517,29038,20230322,551,1,7,Passive,Delivery
6518,53966,20250723,1259,7,8,Passive,Website
6519,28728,20240718,1292,6,6,Detractor,Price
6520,13552,20251222,931,5,5,Detractor,Website
6521,25000,20240825,4,8,6,Detractor,Support
6522,17151,20230611,969,4,7,Passive,Delivery
6523,29685,20250415,217,7,7,Passive,Website
6524,57028,20250922,975,2,6,Detractor,Website
6525,44797,20250927,358,6,7,Passive,Website
6526,8652,20241109,192,4,7,Passive,Product quality
6527,15422,20250716,134,9,7,Passive,Product quality
6528,52356,20240807,1258,3,9,Promoter,Website
6529,49264,20240523,769,9,9,Promoter,Support
6530,5104,20250211,1254,1,8,Passive,Support
6531,39433,20250307,1507,6,7,Passive,Support
6532,14646,20230717,988,2,7,Passive,Support
6533,51426,20241206,214,8,8,Passive,Delivery
6534,39109,20240826,1255,11,2,Detractor,Price
6535,37638,20220601,1067,6,6,Detractor,Support
6536,15611,20241231,722,6,9,Promoter,Product quality
6537,233,20250903,1844,1,6,Detractor,Delivery
6538,18847,20241203,1417,2,6,Detractor,Website
6539,5280,20230313,339,10,5,Detractor,Store experience
6540,38177,20241008,111,7,7,Passive,Store experience
6541,45596,20251231,1302,2,6,Detractor,Product quality
6542,11871,20250318,886,8,7,Passive,Product quality
6543,31507,20250607,47,8,7,Passive,Product quality
6544,4645,20230705,1394,8,5,Detractor,Product quality
6545,19692,20241206,625,7,5,Detractor,Support
6546,39603,20240623,1768,11,8,Passive,Store experience
6547,20421,20230705,1431,11,7,Passive,Website
6548,54471,20251216,420,8,9,Promoter,Support
6549,6007,20250506,1442,10,3,Detractor,Support
6550,34130,20240324,1947,2,6,Detractor,Delivery
6551,27084,20250315,1048,5,7,Passive,Price
6552,56944,20230821,1932,1,8,Passive,Delivery
6553,39750,20230129,1912,1,6,Detractor,Support
6554,54908,20240910,1790,5,7,Passive,Support
6555,30836,20250902,1998,12,4,Detractor,Price
6556,59226,20241128,1243,3,5,Detractor,Product quality
6557,14180,20250809,1689,3,10,Promoter,Price
6558,33026,20251202,1667,8,7,Passive,Store experience
6559,11976,20230922,1212,2,7,Passive,Price
6560,18751,20231205,503,7,6,Detractor,Website
6561,41638,20241012,1351,1,10,Promoter,Product quality
6562,29935,20250328,1947,3,4,Detractor,Price
6563,3398,20221030,1776,10,4,Detractor,Store experience
6564,43189,20240908,921,6,7,Passive,Product quality
6565,26220,20251229,1572,9,7,Passive,Support
6566,55960,20241204,1781,12,8,Passive,Product quality
6567,35778,20230802,697,4,8,Passive,Delivery
6568,36046,20231102,1625,4,6,Detractor,Store experience
6569,1550,20230530,830,3,3,Detractor,Support
6570,13309,20231111,653,3,5,Detractor,Price
6571,15923,20250510,1898,8,6,Detractor,Support
6572,19134,20251231,196,10,6,Detractor,Delivery
6573,51109,20240910,557,4,9,Promoter,Support
6574,15017,20230315,39,5,8,Passive,Product quality
6575,44383,20230811,595,8,10,Promoter,Delivery
6576,21658,20250826,801,7,7,Passive,Product quality
6577,7571,20251025,1672,4,7,Passive,Product quality
6578,1384,20250304,497,4,6,Detractor,Delivery
6579,23026,20240617,619,11,6,Detractor,Support
6580,32690,20251126,1017,1,9,Promoter,Support
6581,48603,20250129,1988,2,5,Detractor,Product quality
6582,17918,20241025,1141,1,9,Promoter,Store experience
6583,20738,20241005,794,3,6,Detractor,Product quality
6584,9891,20240126,484,9,4,Detractor,Store experience
6585,23117,20250406,1012,4,9,Promoter,Product quality
6586,18904,20230521,246,7,6,Detractor,Price
6587,33425,20240726,1673,3,1,Detractor,Delivery
6588,401,20250518,924,9,5,Detractor,Price
6589,56602,20240518,76,7,6,Detractor,Price
6590,626,20251106,233,8,8,Passive,Product quality
6591,39035,20240731,774,12,5,Detractor,Support
6592,58431,20240326,387,4,7,Passive,Delivery
6593,7360,20230429,1179,1,6,Detractor,Store experience
6594,21144,20240619,1856,3,7,Passive,Support
6595,9275,20240321,710,10,8,Passive,Delivery
6596,1583,20240207,1139,1,7,Passive,Website
6597,36902,20250409,20,3,7,Passive,Product quality
6598,14194,20240930,1638,12,7,Passive,Price
6599,18249,20240714,772,12,8,Passive,Website
6600,54440,20231012,312,8,7,Passive,Price
6601,20983,20230518,1708,2,6,Detractor,Support
6602,6518,20250901,1069,10,10,Promoter,Store experience
6603,40349,20240310,1595,10,7,Passive,Delivery
6604,2892,20220905,872,12,10,Promoter,Store experience
6605,41403,20251208,1960,7,5,Detractor,Store experience
6606,51062,20250116,744,6,9,Promoter,Price
6607,47234,20250922,117,4,7,Passive,Store experience
6608,50310,20240702,708,12,7,Passive,Delivery
6609,3617,20240812,563,12,5,Detractor,Price
6610,37805,20251127,1005,8,6,Detractor,Price
6611,4157,20240603,805,1,7,Passive,Delivery
6612,38522,20240403,1985,7,8,Passive,Delivery
6613,15331,20250726,1966,3,6,Detractor,Website
6614,56557,20221230,1218,10,4,Detractor,Delivery
6615,53049,20230517,1181,4,8,Passive,Delivery
6616,34082,20250704,935,2,8,Passive,Store experience
6617,38691,20250424,1941,6,7,Passive,Store experience
6618,59762,20241125,1677,5,8,Passive,Price
6619,50376,20250205,615,2,7,Passive,Support
6620,17347,20250404,746,2,5,Detractor,Price
6621,58716,20250125,431,6,4,Detractor,Product quality
6622,23621,20250510,667,10,10,Promoter,Product quality
6623,33171,20251019,1745,1,9,Promoter,Product quality
6624,34836,20240830,910,11,5,Detractor,Product quality
6625,13843,20241023,1836,2,9,Promoter,Delivery
6626,5132,20240206,145,11,4,Detractor,Product quality
6627,39202,20221030,1254,10,6,Detractor,Website
6628,31296,20250827,25,9,6,Detractor,Website
6629,43352,20230302,1816,7,5,Detractor,Store experience
6630,56677,20220731,1972,7,8,Passive,Support
6631,47096,20240210,1510,8,7,Passive,Product quality
6632,8908,20250908,956,11,3,Detractor,Delivery
6633,28994,20250708,1496,1,8,Passive,Delivery
6634,52761,20240605,1093,2,7,Passive,Price
6635,58893,20250601,1338,10,5,Detractor,Delivery
6636,57956,20230425,739,7,9,Promoter,Price
6637,53637,20230309,1237,11,4,Detractor,Price
6638,7674,20251231,1519,9,9,Promoter,Delivery
6639,30389,20240403,327,9,8,Passive,Delivery
6640,57317,20250528,1118,4,6,Detractor,Store experience
6641,44591,20251231,1730,12,8,Passive,Store experience
6642,17919,20241119,1141,1,9,Promoter,Store experience
6643,25425,20230508,879,12,7,Passive,Store experience
6644,41875,20250909,779,7,6,Detractor,Product quality
6645,42544,20230708,393,12,7,Passive,Delivery
6646,53900,20240601,1848,8,5,Detractor,Delivery
6647,27375,20231009,1652,9,9,Promoter,Store experience
6648,35305,20250317,851,3,7,Passive,Product quality
6649,11769,20251227,1231,3,8,Passive,Delivery
6650,42919,20231226,1385,7,4,Detractor,Website
6651,41052,20231006,627,3,8,Passive,Price
6652,45363,20240731,619,4,10,Promoter,Price
6653,4131,20240328,704,11,6,Detractor,Delivery
6654,48473,20220724,453,3,3,Detractor,Website
6655,53460,20240516,516,1,6,Detractor,Website
6656,3578,20241023,782,3,7,Passive,Support
6657,49822,20241214,572,2,8,Passive,Product quality
6658,33134,20251119,1718,3,9,Promoter,Price
6659,42652,20240419,919,4,7,Passive,Store experience
6660,792,20231117,53,9,6,Detractor,Website
6661,462,20250825,1197,2,7,Passive,Price
6662,45456,20230609,107,1,10,Promoter,Store experience
6663,47249,20230319,488,8,6,Detractor,Price
6664,49919,20240617,921,2,7,Passive,Product quality
6665,50261,20241004,792,2,8,Passive,Store experience
6666,20779,20230710,1893,9,8,Passive,Delivery
6667,8590,20240519,1667,1,8,Passive,Support
6668,34854,20230731,649,5,7,Passive,Store experience
6669,49410,20230820,1773,9,3,Detractor,Store experience
6670,30613,20240327,198,12,8,Passive,Support
6671,27362,20240707,156,4,7,Passive,Support
6672,54164,20240526,593,11,10,Promoter,Price
6673,14579,20250114,1186,9,5,Detractor,Website
6674,14930,20250825,361,6,7,Passive,Delivery
6675,49556,20250318,1098,2,7,Passive,Support
6676,19245,20231212,969,6,8,Passive,Price
6677,8323,20220726,1500,1,9,Promoter,Delivery
6678,58863,20230127,172,5,6,Detractor,Price
6679,9781,20231211,1238,9,6,Detractor,Delivery
6680,8362,20241028,1006,9,6,Detractor,Website
6681,52896,20250410,1646,3,3,Detractor,Store experience
6682,17111,20251231,1935,5,6,Detractor,Store experience
6683,29460,20230727,1180,10,9,Promoter,Price
6684,28105,20251117,854,11,10,Promoter,Website
6685,21418,20230823,734,10,4,Detractor,Store experience
6686,27178,20240924,991,3,3,Detractor,Delivery
6687,31429,20240724,1578,3,5,Detractor,Support
6688,13002,20231103,569,1,5,Detractor,Product quality
6689,8192,20240102,1532,11,8,Passive,Website
6690,57096,20250707,710,8,5,Detractor,Website
6691,28452,20250412,745,5,7,Passive,Store experience
6692,13596,20250414,1586,6,7,Passive,Support
6693,7568,20231110,1932,4,8,Passive,Price
6694,21585,20221112,1227,5,6,Detractor,Product quality
6695,1263,20240514,849,8,8,Passive,Delivery
6696,58357,20250131,405,4,8,Passive,Store experience
6697,59001,20250128,308,5,10,Promoter,Website
6698,679,20240129,1470,12,7,Passive,Delivery
6699,35829,20240603,1124,10,5,Detractor,Support
6700,57159,20251129,417,2,8,Passive,Product quality
6701,34862,20240226,196,8,7,Passive,Store experience
6702,5530,20240926,55,5,10,Promoter,Store experience
6703,43464,20250830,1207,8,7,Passive,Delivery
6704,6722,20230907,457,4,4,Detractor,Delivery
6705,15722,20250403,146,11,9,Promoter,Store experience
6706,41752,20231114,352,8,10,Promoter,Price
6707,20486,20240418,1354,6,9,Promoter,Product quality
6708,3042,20250105,95,2,5,Detractor,Support
6709,32173,20250306,714,6,2,Detractor,Store experience
6710,19083,20240206,999,4,6,Detractor,Price
6711,59487,20250326,821,5,6,Detractor,Support
6712,18571,20250403,1675,4,6,Detractor,Website
6713,19206,20240921,1758,9,8,Passive,Store experience
6714,20897,20230504,377,8,6,Detractor,Website
6715,38634,20250221,1696,10,5,Detractor,Delivery
6716,14873,20230930,1229,11,6,Detractor,Store experience
6717,21446,20250903,579,5,10,Promoter,Store experience
6718,40631,20230902,493,11,7,Passive,Website
6719,8878,20240726,1186,8,6,Detractor,Website
6720,33864,20250512,338,10,6,Detractor,Website
6721,7536,20240709,597,2,5,Detractor,Price
6722,17223,20250910,1387,11,6,Detractor,Website
6723,25365,20251129,1744,6,9,Promoter,Price
6724,59422,20250208,892,11,6,Detractor,Price
6725,40042,20221003,92,3,7,Passive,Website
6726,51581,20230830,44,1,7,Passive,Delivery
6727,54816,20251002,764,10,6,Detractor,Delivery
6728,11002,20241023,839,8,7,Passive,Store experience
6729,56235,20240916,644,9,9,Promoter,Store experience
6730,41021,20230219,1309,10,4,Detractor,Website
6731,24545,20231213,1554,8,9,Promoter,Price
6732,17299,20240601,1332,3,7,Passive,Product quality
6733,53199,20230907,910,2,8,Passive,Price
6734,22472,20250728,1462,4,7,Passive,Website
6735,31109,20250425,523,11,4,Detractor,Price
6736,50850,20251202,1471,4,10,Promoter,Store experience
6737,25285,20250127,1307,12,4,Detractor,Store experience
6738,7736,20240619,107,11,3,Detractor,Delivery
6739,4543,20240313,914,12,8,Passive,Delivery
6740,34637,20230115,1801,6,5,Detractor,Store experience
6741,1536,20250627,1792,1,7,Passive,Product quality
6742,59599,20251006,566,2,8,Passive,Store experience
6743,26145,20230204,222,1,10,Promoter,Website
6744,28425,20220905,1117,6,5,Detractor,Website
6745,43843,20240822,744,4,7,Passive,Store experience
6746,58604,20250621,1123,7,7,Passive,Price
6747,50931,20240307,51,10,9,Promoter,Website
6748,6774,20230608,1547,3,3,Detractor,Store experience
6749,14488,20250222,1398,4,7,Passive,Delivery
6750,24208,20241027,1704,6,9,Promoter,Delivery
6751,28094,20250227,1530,2,8,Passive,Product quality
6752,16477,20240226,674,10,8,Passive,Delivery
6753,31923,20250516,648,8,9,Promoter,Support
6754,38980,20240424,1192,6,7,Passive,Support
6755,47431,20250820,921,5,8,Passive,Delivery
6756,43132,20240105,7,7,6,Detractor,Price
6757,9201,20240708,218,10,5,Detractor,Website
6758,20398,20241013,331,6,5,Detractor,Support
6759,33371,20251010,585,4,5,Detractor,Website
6760,28732,20241124,1619,12,7,Passive,Product quality
6761,40069,20220815,1998,3,4,Detractor,Website
6762,58989,20251121,1850,1,7,Passive,Price
6763,32103,20231002,724,11,6,Detractor,Delivery
6764,52980,20240523,1132,11,6,Detractor,Product quality
6765,27158,20230224,1211,8,6,Detractor,Product quality
6766,10046,20230621,1336,7,8,Passive,Support
6767,24692,20251101,671,4,4,Detractor,Support
6768,11379,20230503,385,5,6,Detractor,Website
6769,28130,20230619,278,4,4,Detractor,Product quality
6770,25651,20240831,1538,9,7,Passive,Product quality
6771,54331,20241124,1745,10,6,Detractor,Website
6772,30621,20251116,1796,4,8,Passive,Store experience
6773,31554,20251213,409,7,8,Passive,Store experience
6774,18944,20230130,1285,4,4,Detractor,Store experience
6775,18714,20240516,1561,9,5,Detractor,Store experience
6776,41511,20241010,365,1,8,Passive,Product quality
6777,27524,20241120,1442,11,5,Detractor,Delivery
6778,651,20251230,1475,1,6,Detractor,Website
6779,20339,20250110,354,9,7,Passive,Website
6780,46817,20230519,804,3,7,Passive,Website
6781,199,20230323,1588,10,2,Detractor,Website
6782,37609,20241108,302,3,8,Passive,Website
6783,13156,20251231,734,5,7,Passive,Support
6784,18032,20251021,242,1,8,Passive,Price
6785,59859,20230906,1582,8,6,Detractor,Product quality
6786,36113,20250813,1346,4,6,Detractor,Support
6787,17917,20241030,1141,1,6,Detractor,Website
6788,17225,20250909,1387,11,6,Detractor,Support
6789,33103,20230201,871,10,9,Promoter,Support
6790,40034,20221101,1335,11,8,Passive,Website
6791,1934,20240206,482,7,4,Detractor,Delivery
6792,46391,20250207,1788,8,6,Detractor,Price
6793,37277,20251209,370,5,6,Detractor,Website
6794,34243,20231219,1907,9,5,Detractor,Product quality
6795,48783,20230519,1805,10,6,Detractor,Website
6796,52012,20230510,1761,8,6,Detractor,Delivery
6797,13453,20230309,185,9,6,Detractor,Website
6798,26671,20250626,1399,11,8,Passive,Website
6799,53685,20241011,238,12,6,Detractor,Price
6800,58992,20230325,1179,2,8,Passive,Product quality
6801,10730,20250814,269,9,6,Detractor,Delivery
6802,12161,20230706,604,11,6,Detractor,Store experience
6803,8421,20250223,1327,9,5,Detractor,Price
6804,38317,20220804,1056,10,5,Detractor,Price
6805,16206,20251023,1773,4,7,Passive,Store experience
6806,25906,20250123,430,9,6,Detractor,Support
6807,16170,20250727,1966,1,6,Detractor,Website
6808,37172,20240226,442,2,7,Passive,Support
6809,56186,20220614,1037,9,5,Detractor,Support
6810,30344,20240905,1409,8,7,Passive,Store experience
6811,13114,20240721,1522,5,5,Detractor,Website
6812,36713,20240825,1009,11,9,Promoter,Product quality
6813,41946,20230620,494,10,6,Detractor,Support
6814,55920,20220406,443,11,10,Promoter,Website
6815,36612,20251231,1574,4,9,Promoter,Delivery
6816,57696,20231007,1747,5,7,Passive,Store experience
6817,37740,20250124,1323,8,6,Detractor,Product quality
6818,34938,20241117,1020,6,6,Detractor,Store experience
6819,27591,20250926,1869,3,9,Promoter,Price
6820,15793,20251103,1662,4,10,Promoter,Store experience
6821,15571,20240630,1390,6,9,Promoter,Store experience
6822,32367,20230922,1272,9,7,Passive,Store experience
6823,39242,20230730,1902,12,5,Detractor,Delivery
6824,58940,20251231,1360,4,5,Detractor,Store experience
6825,7682,20231206,1892,6,10,Promoter,Delivery
6826,32055,20250924,501,3,9,Promoter,Price
6827,45763,20250328,688,4,7,Passive,Support
6828,54427,20220502,525,2,5,Detractor,Delivery
6829,39492,20240731,830,5,6,Detractor,Support
6830,39245,20250105,642,6,7,Passive,Price
6831,56817,20240926,276,1,8,Passive,Support
6832,3774,20221128,1964,12,9,Promoter,Support
6833,17447,20240217,1262,10,9,Promoter,Website
6834,40791,20241106,527,4,4,Detractor,Website
6835,49578,20250930,653,8,9,Promoter,Delivery
6836,26362,20240604,1769,10,10,Promoter,Website
6837,47161,20240628,322,5,7,Passive,Support
6838,17897,20250309,1792,1,8,Passive,Website
6839,21962,20230228,807,8,8,Passive,Website
6840,48823,20230714,1543,4,7,Passive,Website
6841,49246,20230415,758,4,8,Passive,Product quality
6842,52894,20250405,1646,3,7,Passive,Price
6843,21596,20250620,1604,2,7,Passive,Product quality
6844,24355,20230923,155,7,6,Detractor,Store experience
6845,13004,20231015,569,1,9,Promoter,Price
6846,5601,20250404,681,4,9,Promoter,Delivery
6847,18614,20220815,1015,5,6,Detractor,Product quality
6848,26608,20230924,1482,1,5,Detractor,Support
6849,49343,20250605,1806,12,7,Passive,Store experience
6850,36019,20231228,15,11,6,Detractor,Product quality
6851,51461,20240228,1869,7,5,Detractor,Support
6852,39915,20241029,1495,9,9,Promoter,Support
6853,57226,20241115,1444,8,5,Detractor,Website
6854,25174,20251231,529,3,9,Promoter,Delivery
6855,16033,20220707,1623,1,10,Promoter,Website
6856,7364,20230322,324,1,10,Promoter,Delivery
6857,15996,20251231,1172,12,7,Passive,Website
6858,2834,20251022,463,2,8,Passive,Product quality
6859,291,20250106,948,9,6,Detractor,Support
6860,58455,20250803,69,3,6,Detractor,Store experience
6861,53217,20240530,1566,12,7,Passive,Website
6862,18257,20240509,1387,7,8,Passive,Price
6863,42488,20240118,1357,12,8,Passive,Support
6864,2114,20241102,388,5,6,Detractor,Support
6865,24027,20250125,1744,1,7,Passive,Website
6866,31093,20231202,1966,12,2,Detractor,Support
6867,28722,20231213,458,3,8,Passive,Price
6868,15289,20241029,1786,5,7,Passive,Delivery
6869,55734,20241210,1945,1,9,Promoter,Website
6870,46721,20251013,1475,8,7,Passive,Delivery
6871,42797,20240103,1993,1,7,Passive,Product quality
6872,31939,20250103,1630,9,6,Detractor,Product quality
6873,42787,20230921,857,5,9,Promoter,Website
6874,15278,20230812,420,4,6,Detractor,Product quality
6875,32032,20230316,1483,1,10,Promoter,Product quality
6876,10041,20230928,1413,5,5,Detractor,Product quality
6877,37522,20240523,1953,10,9,Promoter,Store experience
6878,58103,20250904,874,11,10,Promoter,Support
6879,52896,20250326,1646,3,7,Passive,Website
6880,38388,20220811,1794,3,6,Detractor,Website
6881,39993,20251019,455,4,8,Passive,Support
6882,3845,20231124,355,4,6,Detractor,Price
6883,57294,20241004,1827,10,9,Promoter,Delivery
6884,31366,20250827,547,1,7,Passive,Price
6885,31142,20240715,47,5,7,Passive,Store experience
6886,49566,20250125,665,10,8,Passive,Delivery
6887,15782,20250831,737,11,7,Passive,Support
6888,7409,20230622,599,11,9,Promoter,Price
6889,5280,20230321,339,10,10,Promoter,Price
6890,2546,20240106,745,9,8,Passive,Product quality
6891,43807,20240606,1133,6,5,Detractor,Website
6892,41859,20230617,1923,9,8,Passive,Price
6893,28652,20241016,1914,11,3,Detractor,Delivery
6894,22519,20240425,1988,11,8,Passive,Store experience
6895,40883,20230716,564,4,9,Promoter,Price
6896,2193,20231011,1643,9,9,Promoter,Delivery
6897,44651,20240901,1048,9,4,Detractor,Support
6898,48990,20231018,928,11,9,Promoter,Store experience
6899,48035,20231214,631,2,7,Passive,Store experience
6900,53370,20231031,261,9,6,Detractor,Price
6901,41976,20230122,1720,9,8,Passive,Price
6902,21396,20231227,894,7,7,Passive,Delivery
6903,1317,20241213,5,11,6,Detractor,Store experience
6904,29946,20240701,1841,12,5,Detractor,Support
6905,2024,20250819,1245,3,8,Passive,Price
6906,44530,20220404,1255,5,9,Promoter,Price
6907,29870,20241212,386,3,7,Passive,Delivery
6908,14865,20220903,496,9,7,Passive,Store experience
6909,45974,20240417,366,4,5,Detractor,Price
6910,27380,20250902,32,9,8,Passive,Website
6911,50144,20251002,1421,1,7,Passive,Support
6912,4246,20221228,1184,9,9,Promoter,Store experience
6913,51023,20250214,825,10,5,Detractor,Delivery
6914,12931,20230208,438,4,8,Passive,Price
6915,56912,20240212,1037,6,6,Detractor,Website
6916,1520,20230210,220,9,5,Detractor,Support
6917,51693,20251111,1554,4,7,Passive,Delivery
6918,5208,20250106,913,10,5,Detractor,Store experience
6919,54460,20240504,1358,3,10,Promoter,Support
6920,5090,20240724,366,4,7,Passive,Product quality
6921,59523,20230717,262,11,5,Detractor,Product quality
6922,21943,20231202,1663,8,10,Promoter,Delivery
6923,30938,20250526,757,11,8,Passive,Store experience
6924,51456,20250501,1052,3,8,Passive,Delivery
6925,32262,20240310,108,5,6,Detractor,Product quality
6926,14757,20250703,1404,3,4,Detractor,Product quality
6927,6444,20231224,1278,8,5,Detractor,Delivery
6928,55394,20251218,1086,3,7,Passive,Website
6929,6309,20240801,1085,11,6,Detractor,Website
6930,21170,20240125,1642,2,6,Detractor,Store experience
6931,35620,20220323,1881,3,7,Passive,Delivery
6932,4366,20250208,1617,4,7,Passive,Website
6933,53753,20240122,1326,8,7,Passive,Product quality
6934,9178,20230601,1429,8,6,Detractor,Delivery
6935,36443,20240613,1726,10,6,Detractor,Delivery
6936,54459,20250325,1631,1,7,Passive,Support
6937,48225,20241026,461,8,6,Detractor,Website
6938,5083,20251231,1887,1,8,Passive,Website
6939,80,20240730,1464,10,7,Passive,Delivery
6940,59073,20250428,126,7,5,Detractor,Website
6941,2198,20240630,804,3,7,Passive,Product quality
6942,54200,20251025,186,12,4,Detractor,Website
6943,37765,20230407,1028,5,7,Passive,Delivery
6944,21528,20230806,229,12,7,Passive,Product quality
6945,11530,20251012,129,8,8,Passive,Product quality
6946,3442,20251107,1099,1,7,Passive,Store experience
6947,13170,20241221,1996,1,9,Promoter,Price
6948,6055,20241105,1204,5,8,Passive,Website
6949,5039,20251214,1090,5,7,Passive,Store experience
6950,1591,20250216,330,7,7,Passive,Delivery
6951,48650,20240423,1358,4,7,Passive,Website
6952,16457,20230429,180,11,9,Promoter,Support
6953,6337,20250307,734,5,8,Passive,Store experience
6954,23047,20230906,961,11,6,Detractor,Store experience
6955,11114,20250724,1526,1,6,Detractor,Price
6956,35731,20241130,1540,12,5,Detractor,Product quality
6957,23715,20240324,1582,5,10,Promoter,Delivery
6958,46101,20250921,525,8,5,Detractor,Price
6959,25321,20240126,1463,11,6,Detractor,Store experience
6960,41363,20250913,376,1,7,Passive,Website
6961,20529,20221130,323,11,8,Passive,Price
6962,2655,20250827,1973,3,5,Detractor,Store experience
6963,11167,20221121,1821,12,10,Promoter,Product quality
6964,7543,20250826,255,8,8,Passive,Website
6965,13755,20241124,285,3,4,Detractor,Website
6966,50503,20231103,1517,3,5,Detractor,Price
6967,51874,20250502,1582,6,9,Promoter,Support
6968,45375,20240318,1941,4,6,Detractor,Support
6969,38992,20220717,1284,9,4,Detractor,Product quality
6970,51794,20231013,237,8,6,Detractor,Support
6971,41095,20251211,745,2,4,Detractor,Website
6972,51139,20220615,1319,8,8,Passive,Support
6973,48742,20251231,1850,8,8,Passive,Price
6974,24629,20231024,125,7,6,Detractor,Delivery
6975,37809,20251222,1057,4,10,Promoter,Price
6976,43415,20231030,39,12,8,Passive,Support
6977,14585,20251231,429,11,7,Passive,Product quality
6978,2128,20230430,1731,12,9,Promoter,Product quality
6979,5469,20240114,1332,3,8,Passive,Store experience
6980,9236,20240113,30,10,10,Promoter,Website
6981,22723,20220715,1106,1,10,Promoter,Price
6982,12526,20241215,1715,1,6,Detractor,Support
6983,31945,20250304,1391,1,7,Passive,Delivery
6984,30361,20240225,1701,11,3,Detractor,Website
6985,27091,20241111,1090,3,6,Detractor,Price
6986,44469,20250621,1457,12,8,Passive,Store experience
6987,9386,20241011,682,4,8,Passive,Store experience
6988,18317,20250520,295,9,3,Detractor,Website
6989,43507,20250911,478,3,10,Promoter,Store experience
6990,18143,20240113,492,11,7,Passive,Website
6991,40736,20230130,600,8,9,Promoter,Price
6992,59946,20251212,1356,4,8,Passive,Store experience
6993,15238,20240730,427,11,6,Detractor,Price
6994,37925,20241201,1797,12,7,Passive,Product quality
6995,46230,20231109,436,8,9,Promoter,Store experience
6996,17131,20231228,909,1,7,Passive,Support
6997,2651,20251013,592,3,5,Detractor,Store experience
6998,7029,20250811,1706,11,6,Detractor,Price
6999,12020,20240928,1594,8,5,Detractor,Support
7000,37273,20240622,608,5,9,Promoter,Website
7001,4158,20240608,805,1,8,Passive,Price
7002,26838,20230420,490,2,8,Passive,Website
7003,32309,20240310,568,6,6,Detractor,Price
7004,41857,20231222,1099,5,7,Passive,Delivery
7005,52422,20240520,1591,10,7,Passive,Website
7006,50727,20240831,191,6,3,Detractor,Website
7007,59318,20251228,1685,8,6,Detractor,Store experience
7008,36699,20240625,1864,8,6,Detractor,Store experience
7009,43747,20240120,1988,2,8,Passive,Support
7010,36165,20231017,778,4,8,Passive,Support
7011,8245,20220821,409,9,9,Promoter,Store experience
7012,15639,20250330,1463,9,6,Detractor,Store experience
7013,46501,20250703,1926,1,6,Detractor,Store experience
7014,46314,20240626,718,11,7,Passive,Product quality
7015,41273,20250602,674,4,4,Detractor,Delivery
7016,45491,20251218,726,2,6,Detractor,Website
7017,35530,20251001,1721,11,5,Detractor,Support
7018,53449,20241205,80,9,5,Detractor,Store experience
7019,36927,20231002,1839,4,6,Detractor,Price
7020,53953,20240918,89,8,7,Passive,Product quality
7021,52611,20230702,1549,12,5,Detractor,Support
7022,10897,20241201,394,9,5,Detractor,Website
7023,45169,20241004,8,3,6,Detractor,Support
7024,46553,20221202,750,2,6,Detractor,Store experience
7025,57428,20240314,661,8,7,Passive,Price
7026,5867,20240918,141,7,7,Passive,Support
7027,11489,20251201,725,6,8,Passive,Support
7028,49514,20250623,341,11,4,Detractor,Support
7029,33369,20250923,585,4,5,Detractor,Website
7030,44757,20250216,969,5,8,Passive,Product quality
7031,7325,20240502,1769,10,9,Promoter,Delivery
7032,45025,20240301,1402,8,4,Detractor,Product quality
7033,47795,20231210,573,7,6,Detractor,Price
7034,57397,20251002,856,11,5,Detractor,Website
7035,51117,20250615,1452,3,9,Promoter,Website
7036,29506,20240421,560,9,5,Detractor,Delivery
7037,34173,20240104,9,6,6,Detractor,Product quality
7038,26091,20250518,600,12,10,Promoter,Delivery
7039,16457,20230427,180,11,7,Passive,Store experience
7040,20767,20220711,1081,6,10,Promoter,Product quality
7041,38449,20250818,1439,4,5,Detractor,Product quality
7042,43276,20240930,1216,3,8,Passive,Support
7043,28982,20240528,98,12,8,Passive,Delivery
7044,25493,20220308,1060,12,10,Promoter,Support
7045,16202,20230701,590,4,10,Promoter,Delivery
7046,8127,20250917,33,10,9,Promoter,Delivery
7047,23280,20220527,1645,2,6,Detractor,Delivery
7048,37877,20250625,386,6,7,Passive,Support
7049,18306,20251218,1345,12,5,Detractor,Support
7050,56664,20251108,1141,12,5,Detractor,Delivery
7051,52556,20250630,1941,10,5,Detractor,Price
7052,37084,20240105,642,1,7,Passive,Support
7053,55662,20220917,1793,10,5,Detractor,Store experience
7054,49560,20250731,1895,12,6,Detractor,Product quality
7055,56145,20240518,678,7,7,Passive,Support
7056,22387,20240924,1716,11,8,Passive,Product quality
7057,47404,20251126,1926,9,3,Detractor,Delivery
7058,23341,20251231,983,3,7,Passive,Product quality
7059,16811,20250121,302,11,6,Detractor,Delivery
7060,54288,20250920,1559,8,7,Passive,Delivery
7061,24989,20240213,1611,10,7,Passive,Product quality
7062,55935,20240624,1051,12,4,Detractor,Product quality
7063,30747,20240912,1437,11,8,Passive,Product quality
7064,57620,20230731,1584,7,7,Passive,Product quality
7065,58930,20231005,1938,2,7,Passive,Product quality
7066,57508,20230526,1500,2,7,Passive,Product quality
7067,26458,20250903,1735,2,7,Passive,Support
7068,9563,20251114,368,4,7,Passive,Support
7069,894,20250929,302,4,8,Passive,Website
7070,56407,20230614,480,9,5,Detractor,Support
7071,3492,20230610,1496,1,8,Passive,Store experience
7072,11785,20240207,201,9,4,Detractor,Store experience
7073,14416,20230919,1832,12,10,Promoter,Price
7074,44451,20231027,1566,4,6,Detractor,Support
7075,2617,20241011,319,3,7,Passive,Delivery
7076,40586,20221014,1188,1,6,Detractor,Website
7077,8242,20231121,397,6,1,Detractor,Price
7078,5169,20240904,259,2,7,Passive,Price
7079,8405,20230904,96,4,7,Passive,Delivery
7080,29548,20240725,1406,2,9,Promoter,Support
7081,22052,20250503,138,5,5,Detractor,Store experience
7082,56008,20250203,825,8,10,Promoter,Website
7083,13307,20240103,82,1,7,Passive,Delivery
7084,50776,20250516,298,10,9,Promoter,Product quality
7085,53624,20250106,1798,7,5,Detractor,Delivery
7086,11201,20231110,330,9,5,Detractor,Store experience
7087,39018,20250406,1669,12,8,Passive,Store experience
7088,16099,20250621,1313,1,8,Passive,Support
7089,13624,20250221,840,4,7,Passive,Website
7090,31960,20250106,571,6,8,Passive,Website
7091,53176,20251231,1442,12,9,Promoter,Delivery
7092,6484,20250606,1042,5,7,Passive,Delivery
7093,35364,20250920,508,8,9,Promoter,Price
7094,56094,20230921,639,9,5,Detractor,Support
7095,11638,20250212,1226,6,8,Passive,Support
7096,32916,20230816,195,5,6,Detractor,Website
7097,4422,20221217,1676,7,7,Passive,Store experience
7098,45385,20240827,703,2,10,Promoter,Delivery
7099,20772,20240803,1083,10,7,Passive,Store experience
7100,26216,20241113,948,3,6,Detractor,Price
7101,9832,20240223,1383,11,9,Promoter,Support
7102,5966,20240115,1946,12,4,Detractor,Website
7103,56262,20240806,962,12,8,Passive,Website
7104,52608,20250725,1745,1,7,Passive,Product quality
7105,54316,20230112,1734,12,10,Promoter,Product quality
7106,51593,20250720,711,11,9,Promoter,Product quality
7107,11948,20250914,560,11,7,Passive,Product quality
7108,40549,20250103,1603,1,8,Passive,Store experience
7109,50137,20230121,1151,9,9,Promoter,Delivery
7110,19902,20250113,1400,3,5,Detractor,Price
7111,33564,20230829,1981,8,3,Detractor,Website
7112,1999,20240314,1767,4,7,Passive,Price
7113,44905,20231206,1554,2,9,Promoter,Delivery
7114,4197,20241227,1458,4,8,Passive,Product quality
7115,1201,20231230,1390,10,7,Passive,Store experience
7116,51609,20241005,656,12,6,Detractor,Store experience
7117,31118,20230717,1673,4,5,Detractor,Product quality
7118,35415,20230705,1762,11,9,Promoter,Price
7119,2104,20230805,51,1,7,Passive,Website
7120,33435,20251205,1118,8,7,Passive,Price
7121,21658,20250802,801,7,10,Promoter,Product quality
7122,57901,20231221,1570,11,3,Detractor,Delivery
7123,45953,20250915,1727,7,8,Passive,Product quality
7124,7049,20221007,356,11,9,Promoter,Product quality
7125,33101,20241210,470,3,10,Promoter,Price
7126,21480,20251223,1562,11,9,Promoter,Store experience
7127,39663,20250321,1841,7,4,Detractor,Price
7128,59369,20250420,1050,6,6,Detractor,Product quality
7129,21451,20230703,504,12,8,Passive,Store experience
7130,38429,20240526,318,6,8,Passive,Store experience
7131,21787,20250624,1977,4,5,Detractor,Support
7132,37878,20250530,386,6,9,Promoter,Support
7133,47178,20231130,518,3,6,Detractor,Support
7134,24779,20250804,1274,3,9,Promoter,Website
7135,1650,20250325,989,10,7,Passive,Store experience
7136,46848,20250811,145,6,6,Detractor,Website
7137,35672,20220827,1341,9,6,Detractor,Website
7138,57236,20220623,1279,5,7,Passive,Store experience
7139,24339,20241206,1044,8,4,Detractor,Website
7140,45415,20241209,1317,5,7,Passive,Product quality
7141,5728,20230831,932,3,5,Detractor,Store experience
7142,31371,20240419,520,10,7,Passive,Delivery
7143,5172,20250819,1670,11,7,Passive,Delivery
7144,50492,20230215,1420,3,6,Detractor,Price
7145,8539,20250609,311,7,10,Promoter,Product quality
7146,15212,20240724,166,6,7,Passive,Website
7147,4272,20250909,702,1,6,Detractor,Price
7148,11072,20251216,26,8,6,Detractor,Product quality
7149,57076,20250130,490,4,7,Passive,Support
7150,55611,20250620,666,5,6,Detractor,Price
7151,15649,20241029,1636,8,8,Passive,Product quality
7152,655,20251231,1475,1,7,Passive,Support
7153,52296,20241121,1337,12,10,Promoter,Website
7154,652,20251228,1475,1,6,Detractor,Product quality
7155,22252,20251130,1081,1,7,Passive,Product quality
7156,19976,20250115,1494,9,3,Detractor,Support
7157,44113,20220608,489,1,6,Detractor,Delivery
7158,52806,20231101,310,1,10,Promoter,Price
7159,53925,20240611,1479,6,9,Promoter,Support
7160,47540,20230527,1339,5,5,Detractor,Price
7161,59484,20241109,1746,1,6,Detractor,Product quality
7162,24185,20230523,1590,8,7,Passive,Store experience
7163,14437,20250119,727,8,7,Passive,Product quality
7164,39201,20251216,1145,4,10,Promoter,Store experience
7165,37248,20240331,600,7,8,Passive,Delivery
7166,29591,20250831,630,11,5,Detractor,Product quality
7167,52504,20250218,974,2,6,Detractor,Support
7168,6635,20250609,965,6,10,Promoter,Product quality
7169,45957,20250907,338,2,7,Passive,Support
7170,48585,20230204,1804,6,4,Detractor,Support
7171,37387,20240927,1225,1,6,Detractor,Website
7172,25686,20221126,1508,4,2,Detractor,Website
7173,4585,20240912,535,11,6,Detractor,Store experience
7174,58664,20240221,1814,3,3,Detractor,Store experience
7175,44041,20231219,860,10,6,Detractor,Product quality
7176,27562,20230921,703,2,5,Detractor,Product quality
7177,42924,20220628,1202,7,8,Passive,Store experience
7178,32317,20241028,1627,3,7,Passive,Price
7179,18102,20250915,1380,3,9,Promoter,Support
7180,2537,20250420,1678,4,6,Detractor,Product quality
7181,30279,20240409,789,1,8,Passive,Delivery
7182,49790,20251227,1934,9,5,Detractor,Store experience
7183,51119,20250530,1452,3,5,Detractor,Store experience
7184,33860,20241108,148,8,9,Promoter,Store experience
7185,55227,20241226,966,3,9,Promoter,Product quality
7186,26576,20250801,716,9,7,Passive,Delivery
7187,44254,20241112,282,11,2,Detractor,Store experience
7188,47288,20230108,1126,10,8,Passive,Website
7189,47720,20250511,1559,6,7,Passive,Support
7190,26887,20240913,249,2,7,Passive,Website
7191,4352,20250410,1385,11,9,Promoter,Store experience
7192,40243,20240311,313,4,6,Detractor,Store experience
7193,15001,20230112,1167,5,7,Passive,Website
7194,26982,20241011,1263,5,4,Detractor,Website
7195,3294,20230113,352,9,7,Passive,Price
7196,58688,20251203,189,3,5,Detractor,Website
7197,4773,20230625,1015,9,7,Passive,Price
7198,34568,20250326,855,12,7,Passive,Delivery
7199,2475,20220530,694,5,5,Detractor,Store experience
7200,16440,20250310,595,1,9,Promoter,Store experience
7201,29868,20251028,1909,3,4,Detractor,Price
7202,4734,20230320,1657,4,5,Detractor,Support
7203,19430,20230305,574,10,7,Passive,Delivery
7204,35778,20230801,697,4,4,Detractor,Website
7205,50767,20241110,1422,11,7,Passive,Website
7206,28838,20240322,1927,10,7,Passive,Product quality
7207,35581,20240221,1001,7,4,Detractor,Delivery
7208,24941,20250629,1054,2,5,Detractor,Product quality
7209,19562,20231201,722,7,6,Detractor,Delivery
7210,2868,20240318,3,7,9,Promoter,Support
7211,41110,20240727,1489,8,6,Detractor,Website
7212,4945,20231002,597,11,8,Passive,Delivery
7213,37068,20240121,1133,1,7,Passive,Store experience
7214,21399,20250516,388,11,8,Passive,Product quality
7215,16312,20240902,1023,7,9,Promoter,Website
7216,48148,20230222,1850,6,8,Passive,Delivery
7217,23154,20230201,652,4,8,Passive,Price
7218,43384,20251203,529,1,4,Detractor,Website
7219,51762,20230528,1206,10,9,Promoter,Delivery
7220,49762,20250327,1296,2,4,Detractor,Delivery
7221,209,20230917,39,10,8,Passive,Website
7222,53500,20251223,1327,11,7,Passive,Price
7223,29805,20241009,1699,11,4,Detractor,Support
7224,24855,20240312,1431,12,5,Detractor,Product quality
7225,37906,20231118,1727,1,6,Detractor,Store experience
7226,46742,20230424,1644,3,6,Detractor,Store experience
7227,24286,20240424,949,4,3,Detractor,Delivery
7228,18614,20220816,1015,5,6,Detractor,Support
7229,34791,20241103,1686,9,8,Passive,Store experience
7230,12056,20230707,859,8,8,Passive,Support
7231,19131,20230510,1489,12,7,Passive,Delivery
7232,17963,20250412,141,9,8,Passive,Product quality
7233,37680,20250630,1697,9,7,Passive,Delivery
7234,58993,20221028,1256,1,7,Passive,Product quality
7235,42432,20251228,1205,8,8,Passive,Delivery
7236,36370,20251231,1746,9,4,Detractor,Support
7237,28148,20230901,480,3,7,Passive,Support
7238,34463,20221229,258,7,6,Detractor,Website
7239,22518,20240520,1988,11,5,Detractor,Store experience
7240,51758,20251017,1387,11,7,Passive,Product quality
7241,41907,20240731,406,8,7,Passive,Product quality
7242,16386,20230306,495,8,6,Detractor,Price
7243,26068,20240324,434,9,4,Detractor,Price
7244,51860,20240619,1705,4,9,Promoter,Store experience
7245,285,20240530,1563,3,8,Passive,Website
7246,48941,20251111,1970,2,10,Promoter,Support
7247,22312,20240922,1784,2,7,Passive,Website
7248,26362,20240614,1769,10,2,Detractor,Support
7249,27053,20250618,1851,10,8,Passive,Website
7250,21772,20250925,1317,7,8,Passive,Store experience
7251,39505,20241125,30,3,8,Passive,Store experience
7252,53811,20250327,1059,7,7,Passive,Website
7253,49855,20230816,556,5,8,Passive,Price
7254,23506,20240605,638,4,8,Passive,Price
7255,37760,20231113,467,1,7,Passive,Price
7256,22541,20251206,1719,11,8,Passive,Support
7257,49381,20241226,925,10,5,Detractor,Website
7258,24380,20240229,588,12,6,Detractor,Support
7259,4365,20240509,1080,7,6,Detractor,Store experience
7260,21103,20220409,673,10,9,Promoter,Price
7261,997,20250305,174,5,6,Detractor,Store experience
7262,23903,20251209,141,5,9,Promoter,Support
7263,137,20250306,319,8,10,Promoter,Product quality
7264,10955,20240308,2,7,6,Detractor,Delivery
7265,19853,20250226,970,2,6,Detractor,Website
7266,52797,20230820,1260,10,4,Detractor,Product quality
7267,48154,20250315,194,11,7,Passive,Delivery
7268,29135,20251204,1579,7,6,Detractor,Product quality
7269,35359,20240718,1596,1,6,Detractor,Website
7270,55813,20230512,59,8,8,Passive,Store experience
7271,17102,20221003,150,12,6,Detractor,Support
7272,29540,20240917,1494,10,6,Detractor,Product quality
7273,11657,20251121,877,5,7,Passive,Support
7274,44654,20240731,1048,9,7,Passive,Store experience
7275,28518,20250910,1474,11,10,Promoter,Delivery
7276,20463,20250430,105,5,4,Detractor,Website
7277,52629,20251215,113,2,7,Passive,Website
7278,37811,20230905,343,11,9,Promoter,Website
7279,30035,20220813,1499,7,9,Promoter,Support
7280,7779,20230115,1552,5,8,Passive,Store experience
7281,22422,20251112,962,9,8,Passive,Product quality
7282,27131,20240906,905,11,10,Promoter,Store experience
7283,29281,20231008,891,8,8,Passive,Price
7284,17720,20250112,1037,10,4,Detractor,Website
7285,28383,20240421,1144,2,4,Detractor,Product quality
7286,25581,20231125,1566,2,7,Passive,Support
7287,18892,20221029,153,9,7,Passive,Support
7288,6969,20240502,548,11,6,Detractor,Product quality
7289,13031,20250814,607,2,10,Promoter,Product quality
7290,6252,20230911,74,2,6,Detractor,Support
7291,8603,20241223,1066,6,9,Promoter,Store experience
7292,14397,20250814,1744,11,6,Detractor,Delivery
7293,15143,20221022,1733,5,9,Promoter,Price
7294,54887,20240713,1096,6,6,Detractor,Delivery
7295,49010,20250112,366,3,9,Promoter,Website
7296,22112,20231112,1218,4,9,Promoter,Store experience
7297,36115,20250704,206,10,7,Passive,Store experience
7298,59336,20250526,1997,8,4,Detractor,Delivery
7299,30668,20250510,1770,11,6,Detractor,Website
7300,12063,20230318,946,6,7,Passive,Store experience
7301,32494,20230828,1580,8,6,Detractor,Price
7302,52249,20221031,1503,8,7,Passive,Store experience
7303,52780,20220730,1019,9,5,Detractor,Price
7304,28440,20231004,1467,10,6,Detractor,Product quality
7305,12186,20241209,478,6,6,Detractor,Product quality
7306,34965,20241122,580,12,7,Passive,Support
7307,54715,20240623,81,11,10,Promoter,Product quality
7308,50757,20221107,1037,10,10,Promoter,Delivery
7309,14061,20251231,1982,1,6,Detractor,Store experience
7310,41817,20251130,947,6,5,Detractor,Delivery
7311,34930,20240912,1770,8,9,Promoter,Support
7312,32257,20240910,528,7,7,Passive,Delivery
7313,16432,20230203,1034,2,7,Passive,Delivery
7314,59726,20251231,487,11,6,Detractor,Delivery
7315,16234,20240731,1058,2,7,Passive,Delivery
7316,12703,20250302,1747,1,6,Detractor,Price
7317,4654,20241225,1548,5,8,Passive,Support
7318,16339,20241024,924,4,5,Detractor,Product quality
7319,49371,20230901,620,12,8,Passive,Delivery
7320,48454,20250918,1470,4,7,Passive,Store experience
7321,43557,20231217,1721,12,7,Passive,Store experience
7322,23153,20241126,562,12,5,Detractor,Store experience
7323,58569,20240410,390,4,7,Passive,Store experience
7324,57875,20230322,1448,5,8,Passive,Price
7325,59974,20250124,1637,4,9,Promoter,Support
7326,12000,20251227,1426,4,8,Passive,Price
7327,56548,20250101,1834,7,5,Detractor,Product quality
7328,6291,20240924,551,5,9,Promoter,Website
7329,17169,20241001,968,9,5,Detractor,Price
7330,33223,20250814,776,6,9,Promoter,Product quality
7331,51789,20230121,1606,2,10,Promoter,Product quality
7332,26177,20251013,1648,9,8,Passive,Price
7333,30740,20230412,1401,6,6,Detractor,Support
7334,10067,20250327,812,11,8,Passive,Support
7335,33435,20251214,1118,8,5,Detractor,Delivery
7336,10570,20230718,6,6,6,Detractor,Product quality
7337,18895,20250828,200,12,6,Detractor,Product quality
7338,14180,20250822,1689,3,9,Promoter,Support
7339,35603,20220710,465,5,5,Detractor,Website
7340,13086,20241008,1669,6,7,Passive,Support
7341,24295,20230920,1373,1,7,Passive,Store experience
7342,53408,20251231,1537,5,5,Detractor,Delivery
7343,18733,20250419,1639,7,7,Passive,Price
7344,3097,20230830,1420,12,7,Passive,Website
7345,25051,20250729,803,11,8,Passive,Price
7346,56800,20230306,711,4,6,Detractor,Delivery
7347,9957,20220616,1430,12,6,Detractor,Product quality
7348,20514,20250913,1415,12,3,Detractor,Website
7349,55690,20230713,195,8,7,Passive,Price
7350,12044,20220713,1830,10,4,Detractor,Website
7351,14373,20231202,138,5,6,Detractor,Delivery
7352,99,20240307,1574,10,7,Passive,Delivery
7353,17080,20241119,1118,7,6,Detractor,Delivery
7354,2237,20250126,371,9,6,Detractor,Product quality
7355,3396,20250610,1948,6,7,Passive,Delivery
7356,5450,20230715,817,2,3,Detractor,Website
7357,33175,20240706,928,10,9,Promoter,Delivery
7358,11366,20240525,1955,3,8,Passive,Delivery
7359,15804,20250622,1912,12,7,Passive,Store experience
7360,44794,20250322,1365,10,6,Detractor,Store experience
7361,46986,20221108,92,8,6,Detractor,Store experience
7362,22347,20241023,220,12,7,Passive,Product quality
7363,42782,20241218,1623,5,5,Detractor,Store experience
7364,56145,20240608,678,7,5,Detractor,Delivery
7365,43961,20250511,192,11,8,Passive,Product quality
7366,9963,20221117,1989,5,8,Passive,Website
7367,41823,20250725,1044,6,6,Detractor,Website
7368,30315,20250715,1289,1,6,Detractor,Delivery
7369,29846,20240909,1207,5,9,Promoter,Support
7370,8948,20230921,1255,1,4,Detractor,Store experience
7371,13165,20241122,266,11,8,Passive,Store experience
7372,31632,20220510,876,9,8,Passive,Website
7373,30211,20251206,1119,3,6,Detractor,Price
7374,24963,20250925,1147,6,8,Passive,Store experience
7375,48314,20250921,1669,7,5,Detractor,Delivery
7376,32315,20250515,937,7,5,Detractor,Delivery
7377,51721,20251117,1046,9,7,Passive,Store experience
7378,30599,20250305,1916,2,9,Promoter,Store experience
7379,40861,20250701,195,2,8,Passive,Store experience
7380,24826,20251023,543,2,7,Passive,Website
7381,55546,20230328,1231,10,8,Passive,Product quality
7382,30951,20240813,1619,1,6,Detractor,Website
7383,47492,20240127,70,1,10,Promoter,Website
7384,55344,20251231,1658,9,8,Passive,Product quality
7385,55636,20250925,1649,4,4,Detractor,Price
7386,1415,20220712,21,11,7,Passive,Product quality
7387,31222,20251004,1718,11,8,Passive,Store experience
7388,39138,20230206,1112,8,10,Promoter,Support
7389,55085,20240104,1848,2,6,Detractor,Product quality
7390,52059,20241201,1606,7,8,Passive,Support
7391,30948,20240814,1619,1,5,Detractor,Product quality
7392,58917,20250304,1744,6,6,Detractor,Support
7393,56588,20241220,1920,9,6,Detractor,Website
7394,8632,20251231,1805,4,10,Promoter,Price
7395,34077,20240212,73,2,10,Promoter,Store experience
7396,1484,20250428,280,12,6,Detractor,Store experience
7397,15134,20250705,1509,11,7,Passive,Delivery
7398,39535,20231210,257,12,7,Passive,Product quality
7399,59420,20250101,892,11,10,Promoter,Support
7400,36995,20250524,1891,3,9,Promoter,Support
7401,26675,20240614,1985,9,10,Promoter,Website
7402,9750,20240412,735,10,9,Promoter,Delivery
7403,47710,20251106,601,3,6,Detractor,Store experience
7404,50014,20250326,1113,1,7,Passive,Support
7405,55883,20240918,831,2,6,Detractor,Product quality
7406,42468,20240621,1713,2,4,Detractor,Website
7407,28410,20240314,1159,9,7,Passive,Website
7408,4256,20220706,419,1,5,Detractor,Product quality
7409,50502,20231128,1517,3,9,Promoter,Website
7410,33247,20240107,197,6,7,Passive,Price
7411,28677,20240221,1331,12,7,Passive,Delivery
7412,45930,20230925,1717,1,5,Detractor,Delivery
7413,7958,20230214,1879,2,5,Detractor,Delivery
7414,17465,20230709,1979,7,7,Passive,Delivery
7415,27325,20241217,1586,1,7,Passive,Price
7416,14817,20240727,479,2,4,Detractor,Price
7417,17009,20241107,1888,12,8,Passive,Store experience
7418,53332,20250706,775,11,5,Detractor,Product quality
7419,44550,20251019,1534,2,5,Detractor,Product quality
7420,32116,20240628,1105,6,8,Passive,Price
7421,52206,20251125,818,9,8,Passive,Price
7422,48824,20241215,1503,9,8,Passive,Support
7423,27073,20220427,978,11,6,Detractor,Price
7424,35477,20221219,1222,10,8,Passive,Support
7425,37854,20251022,1144,11,10,Promoter,Support
7426,48044,20221216,870,5,7,Passive,Website
7427,19159,20230213,1244,1,9,Promoter,Delivery
7428,26296,20240910,1197,6,6,Detractor,Delivery
7429,47767,20250126,1536,12,4,Detractor,Store experience
7430,23333,20231016,497,7,6,Detractor,Product quality
7431,18214,20231215,337,10,5,Detractor,Product quality
7432,13552,20251231,931,5,6,Detractor,Website
7433,27740,20240805,268,11,10,Promoter,Delivery
7434,33329,20250821,1846,5,10,Promoter,Price
7435,14287,20230626,125,2,7,Passive,Support
7436,59832,20251216,351,6,6,Detractor,Product quality
7437,48872,20221008,287,10,5,Detractor,Delivery
7438,4469,20240427,833,4,8,Passive,Price
7439,40079,20231004,1045,7,6,Detractor,Store experience
7440,56985,20230817,1193,4,9,Promoter,Price
7441,40733,20251215,290,3,7,Passive,Price
7442,38828,20240606,1307,6,9,Promoter,Website
7443,2499,20221205,1617,10,8,Passive,Support
7444,43329,20251217,1940,7,10,Promoter,Price
7445,34060,20230609,759,2,6,Detractor,Price
7446,42739,20251230,1256,9,7,Passive,Store experience
7447,21043,20231030,608,6,8,Passive,Price
7448,42941,20240403,555,10,6,Detractor,Support
7449,21002,20230323,1389,1,5,Detractor,Website
7450,48834,20240327,1590,9,7,Passive,Website
7451,48479,20230208,1289,9,5,Detractor,Delivery
7452,23739,20250814,989,12,6,Detractor,Support
7453,31883,20251118,998,4,10,Promoter,Product quality
7454,33650,20241007,592,1,3,Detractor,Delivery
7455,31317,20240731,500,9,7,Passive,Store experience
7456,30932,20240614,1190,5,6,Detractor,Delivery
7457,19338,20250723,109,9,8,Passive,Product quality
7458,9136,20251231,211,7,8,Passive,Delivery
7459,492,20250624,1367,2,10,Promoter,Support
7460,55883,20240925,831,2,1,Detractor,Store experience
7461,57628,20231014,1447,1,5,Detractor,Delivery
7462,32515,20240708,1055,8,8,Passive,Product quality
7463,18013,20250801,1995,12,7,Passive,Product quality
7464,11028,20240211,892,5,6,Detractor,Product quality
7465,50651,20240802,772,6,6,Detractor,Support
7466,1748,20241114,1770,9,6,Detractor,Website
7467,14790,20230420,94,4,9,Promoter,Price
7468,34047,20230804,685,5,7,Passive,Support
7469,4565,20240126,1729,3,6,Detractor,Price
7470,50173,20230717,981,7,10,Promoter,Product quality
7471,12626,20230106,1407,8,9,Promoter,Delivery
7472,41895,20250128,1809,9,10,Promoter,Store experience
7473,21914,20241128,209,7,3,Detractor,Price
7474,26995,20250317,1220,12,6,Detractor,Price
7475,59774,20250321,356,11,7,Passive,Support
7476,1688,20240331,1134,2,6,Detractor,Store experience
7477,6014,20221130,1347,1,7,Passive,Support
7478,24554,20230801,10,10,9,Promoter,Support
7479,56635,20250414,1380,9,5,Detractor,Store experience
7480,3856,20240612,741,8,8,Passive,Product quality
7481,7081,20250303,280,2,7,Passive,Website
7482,16216,20240923,783,3,6,Detractor,Price
7483,49698,20221127,1250,6,9,Promoter,Store experience
7484,46691,20231029,1583,11,7,Passive,Product quality
7485,32574,20250427,1345,9,9,Promoter,Product quality
7486,16309,20251231,1916,8,6,Detractor,Store experience
7487,27918,20250612,718,2,7,Passive,Store experience
7488,17221,20241124,1937,2,8,Passive,Website
7489,9378,20220605,347,10,5,Detractor,Price
7490,45361,20240418,772,3,7,Passive,Delivery
7491,15064,20230719,425,4,7,Passive,Price
7492,54428,20250628,1251,3,7,Passive,Store experience
7493,444,20240102,1114,2,8,Passive,Price
7494,1813,20240525,1441,7,8,Passive,Website
7495,27814,20240216,375,4,7,Passive,Support
7496,6580,20220526,918,9,7,Passive,Product quality
7497,23389,20230219,1729,1,6,Detractor,Store experience
7498,36700,20240612,1864,8,10,Promoter,Website
7499,5732,20240110,1531,6,9,Promoter,Price
7500,39124,20230618,986,11,10,Promoter,Price
7501,1074,20250621,519,6,4,Detractor,Support
7502,30211,20251231,1119,3,9,Promoter,Price
7503,22128,20251229,114,7,6,Detractor,Website
7504,22507,20241122,1779,10,5,Detractor,Store experience
7505,30871,20241205,789,3,8,Passive,Delivery
7506,54980,20250913,466,4,8,Passive,Website
7507,50513,20241113,1347,12,8,Passive,Store experience
7508,39354,20241113,681,9,4,Detractor,Delivery
7509,33337,20250303,1669,5,4,Detractor,Delivery
7510,8453,20240621,1798,4,7,Passive,Delivery
7511,52562,20250518,996,7,8,Passive,Website
7512,3463,20240313,1026,6,6,Detractor,Store experience
7513,1,20220407,1107,5,6,Detractor,Support
7514,57287,20241024,102,8,5,Detractor,Support
7515,43613,20240725,1785,12,6,Detractor,Website
7516,24767,20250529,679,11,8,Passive,Product quality
7517,29611,20250919,761,5,5,Detractor,Price
7518,57372,20251231,1416,7,6,Detractor,Product quality
7519,20433,20240502,924,3,6,Detractor,Delivery
7520,51733,20241124,568,12,5,Detractor,Product quality
7521,59508,20250305,1956,10,7,Passive,Product quality
7522,39254,20250211,1019,12,7,Passive,Product quality
7523,32562,20241023,1318,11,10,Promoter,Price
7524,42250,20250925,1717,8,9,Promoter,Store experience
7525,35183,20240801,173,8,6,Detractor,Delivery
7526,34362,20251228,1138,12,8,Passive,Store experience
7527,39551,20240512,1543,9,9,Promoter,Support
7528,48147,20230305,1850,6,5,Detractor,Support
7529,37320,20250403,1666,10,8,Passive,Price
7530,18373,20241105,33,3,6,Detractor,Website
7531,17925,20230803,1289,9,6,Detractor,Price
7532,20374,20251125,779,3,5,Detractor,Store experience
7533,58096,20250517,838,8,7,Passive,Price
7534,6998,20230602,493,12,8,Passive,Support
7535,53012,20220710,17,10,6,Detractor,Delivery
7536,18792,20250504,542,7,7,Passive,Delivery
7537,28778,20240923,1010,8,7,Passive,Product quality
7538,52406,20240307,1522,5,7,Passive,Price
7539,49227,20240803,639,11,8,Passive,Product quality
7540,39314,20240614,1729,10,4,Detractor,Product quality
7541,18779,20240824,745,5,6,Detractor,Delivery
7542,2386,20231001,387,10,6,Detractor,Website
7543,15161,20230306,1420,1,10,Promoter,Product quality
7544,13914,20251107,1202,1,5,Detractor,Delivery
7545,43143,20241109,1769,9,8,Passive,Store experience
7546,5520,20230404,714,9,7,Passive,Product quality
7547,55855,20240610,416,3,7,Passive,Website
7548,49843,20241205,1324,4,7,Passive,Support
7549,11642,20250625,1668,9,6,Detractor,Store experience
7550,20024,20250512,7,4,7,Passive,Delivery
7551,8862,20230227,1714,8,6,Detractor,Support
7552,13514,20250119,543,6,7,Passive,Product quality
7553,8255,20251122,191,6,9,Promoter,Product quality
7554,11076,20230611,830,8,7,Passive,Store experience
7555,876,20241104,1734,2,4,Detractor,Website
7556,25625,20250702,1527,12,7,Passive,Price
7557,29045,20240110,1168,1,6,Detractor,Store experience
7558,28975,20250106,1426,11,8,Passive,Delivery
7559,28960,20251227,1090,4,6,Detractor,Store experience
7560,48851,20240102,1508,12,9,Promoter,Price
7561,20009,20240328,607,10,6,Detractor,Support
7562,5460,20230819,998,12,9,Promoter,Store experience
7563,17481,20240317,988,11,7,Passive,Store experience
7564,34909,20250922,993,6,8,Passive,Store experience
7565,33066,20240107,340,9,9,Promoter,Delivery
7566,16560,20250225,857,11,8,Passive,Store experience
7567,46841,20251006,786,10,6,Detractor,Support
7568,2960,20240503,238,3,8,Passive,Support
7569,41082,20240823,1712,7,10,Promoter,Store experience
7570,55643,20231223,1692,12,6,Detractor,Product quality
7571,34635,20251115,906,11,9,Promoter,Product quality
7572,27521,20241213,1442,11,7,Passive,Store experience
7573,39763,20220910,359,1,7,Passive,Product quality
7574,17854,20250502,762,5,8,Passive,Price
7575,18351,20240409,1841,11,9,Promoter,Price
7576,17325,20250216,392,10,7,Passive,Support
7577,53885,20241012,91,4,6,Detractor,Product quality
7578,44943,20250716,1946,10,7,Passive,Website
7579,22799,20250130,1808,5,8,Passive,Product quality
7580,955,20231012,405,11,6,Detractor,Product quality
7581,583,20221208,1887,8,9,Promoter,Store experience
7582,52813,20241224,705,11,8,Passive,Website
7583,31972,20240926,359,5,6,Detractor,Website
7584,29197,20240726,1803,2,7,Passive,Store experience
7585,49582,20250305,1891,9,7,Passive,Website
7586,32502,20250124,1153,11,6,Detractor,Support
7587,52383,20231107,499,9,7,Passive,Store experience
7588,45043,20240217,714,4,6,Detractor,Price
7589,31594,20240107,633,9,9,Promoter,Delivery
7590,30567,20250421,87,4,7,Passive,Delivery
7591,393,20240822,1375,3,7,Passive,Product quality
7592,13294,20250811,1125,2,7,Passive,Product quality
7593,38972,20250513,944,7,5,Detractor,Store experience
7594,14248,20251208,994,10,8,Passive,Product quality
7595,18767,20250526,682,5,6,Detractor,Store experience
7596,9169,20230503,795,5,7,Passive,Delivery
7597,26233,20240211,1441,11,7,Passive,Product quality
7598,15950,20241207,256,6,10,Promoter,Product quality
7599,4927,20250217,1496,6,6,Detractor,Website
7600,30086,20250318,126,5,8,Passive,Product quality
7601,27386,20221007,22,8,7,Passive,Delivery
7602,21325,20240702,370,6,9,Promoter,Store experience
7603,54278,20230424,1543,3,9,Promoter,Support
7604,26234,20240102,1441,11,8,Passive,Price
7605,59403,20240506,473,1,5,Detractor,Product quality
7606,12789,20251006,1118,7,9,Promoter,Website
7607,44152,20250311,815,2,6,Detractor,Product quality
7608,23531,20240725,239,9,7,Passive,Store experience
7609,1255,20250301,1703,5,7,Passive,Delivery
7610,5560,20220523,1820,6,9,Promoter,Price
7611,10598,20250322,657,2,4,Detractor,Product quality
7612,18594,20240507,494,9,6,Detractor,Product quality
7613,39512,20250716,657,9,6,Detractor,Support
7614,2277,20250708,1747,6,2,Detractor,Delivery
7615,29503,20230109,1766,3,4,Detractor,Support
7616,28981,20240524,98,12,6,Detractor,Support
7617,52002,20240530,1071,11,8,Passive,Product quality
7618,1799,20230809,1346,3,6,Detractor,Product quality
7619,23527,20250917,1932,3,8,Passive,Product quality
7620,8792,20230820,1608,7,7,Passive,Support
7621,20469,20250912,863,3,8,Passive,Delivery
7622,26655,20251231,625,2,8,Passive,Delivery
7623,10204,20250407,1793,11,7,Passive,Website
7624,57129,20250509,1560,6,6,Detractor,Delivery
7625,39411,20250501,155,9,8,Passive,Product quality
7626,40593,20230318,1076,2,3,Detractor,Price
7627,34965,20241216,580,12,5,Detractor,Support
7628,44932,20240706,331,10,6,Detractor,Website
7629,56377,20251020,796,5,7,Passive,Product quality
7630,1429,20250913,677,4,8,Passive,Support
7631,12161,20230725,604,11,7,Passive,Website
7632,25066,20240404,1042,1,9,Promoter,Website
7633,45836,20251027,963,8,9,Promoter,Price
7634,49681,20221208,1461,11,5,Detractor,Product quality
7635,58746,20231107,1500,4,4,Detractor,Store experience
7636,19044,20240324,1426,6,4,Detractor,Website
7637,48366,20221012,1368,10,6,Detractor,Website
7638,18002,20231229,9,7,8,Passive,Website
7639,8146,20240307,519,4,9,Promoter,Store experience
7640,22164,20250113,16,8,5,Detractor,Store experience
7641,13262,20250810,1639,8,5,Detractor,Support
7642,31572,20251120,1196,9,9,Promoter,Price
7643,22881,20230826,1725,1,8,Passive,Store experience
7644,18646,20230826,1142,12,7,Passive,Price
7645,699,20241024,1184,3,7,Passive,Store experience
7646,24879,20251011,337,5,8,Passive,Website
7647,53904,20250217,789,9,5,Detractor,Delivery
7648,35081,20250821,363,3,6,Detractor,Store experience
7649,31051,20251216,474,6,6,Detractor,Price
7650,18391,20240708,872,7,7,Passive,Store experience
7651,35974,20240811,350,1,9,Promoter,Store experience
7652,21357,20250918,1078,12,3,Detractor,Delivery
7653,39071,20250324,332,2,6,Detractor,Store experience
7654,17619,20251231,1505,11,8,Passive,Store experience
7655,30474,20250401,413,4,6,Detractor,Store experience
7656,42827,20230125,1812,7,4,Detractor,Support
7657,46829,20240916,1236,9,9,Promoter,Delivery
7658,42870,20251125,1429,2,8,Passive,Support
7659,25613,20251212,689,10,7,Passive,Website
7660,36342,20241109,971,5,8,Passive,Website
7661,27952,20230619,1791,11,5,Detractor,Price
7662,32219,20231009,235,2,5,Detractor,Price
7663,58098,20240902,1409,10,7,Passive,Product quality
7664,4540,20240508,66,2,4,Detractor,Price
7665,45235,20240919,1698,8,7,Passive,Store experience
7666,30959,20250813,9,12,9,Promoter,Website
7667,16670,20250507,320,2,9,Promoter,Support
7668,27242,20251116,299,10,8,Passive,Website
7669,6910,20231218,1823,2,7,Passive,Website
7670,49537,20231001,396,12,6,Detractor,Product quality
7671,47713,20250525,1190,11,6,Detractor,Website
7672,15552,20230212,1587,11,4,Detractor,Website
7673,37739,20250116,1323,8,6,Detractor,Delivery
7674,29630,20250304,958,6,6,Detractor,Delivery
7675,44911,20250731,473,6,6,Detractor,Delivery
7676,59855,20220920,1024,1,8,Passive,Support
7677,31804,20250124,806,5,8,Passive,Support
7678,34460,20230208,1555,10,6,Detractor,Website
7679,50704,20240817,1860,12,10,Promoter,Delivery
7680,39085,20250121,244,7,10,Promoter,Product quality
7681,48814,20230703,541,12,8,Passive,Delivery
7682,26711,20250613,1658,1,5,Detractor,Product quality
7683,11072,20251207,26,8,7,Passive,Website
7684,2495,20230721,856,9,8,Passive,Support
7685,33594,20240318,1736,4,8,Passive,Website
7686,3917,20250102,444,5,8,Passive,Price
7687,10222,20221101,376,5,6,Detractor,Delivery
7688,38250,20240222,477,6,6,Detractor,Store experience
7689,25771,20240225,404,4,9,Promoter,Website
7690,20347,20250312,1322,5,3,Detractor,Website
7691,36315,20240310,104,5,4,Detractor,Price
7692,441,20250826,1222,5,8,Passive,Product quality
7693,5035,20241022,148,9,5,Detractor,Price
7694,2952,20250818,247,6,5,Detractor,Support
7695,15745,20240826,1122,7,8,Passive,Support
7696,39742,20221223,730,4,5,Detractor,Product quality
7697,27826,20240315,999,9,6,Detractor,Website
7698,47331,20250403,1723,11,4,Detractor,Delivery
7699,18840,20250504,1316,8,8,Passive,Product quality
7700,52421,20240530,1591,10,6,Detractor,Product quality
7701,55245,20231128,1229,6,6,Detractor,Product quality
7702,34139,20251222,636,9,7,Passive,Product quality
7703,5728,20230928,932,3,7,Passive,Product quality
7704,33983,20250215,301,10,7,Passive,Support
7705,37774,20241022,134,7,5,Detractor,Delivery
7706,681,20241205,810,7,4,Detractor,Support
7707,36485,20251113,1608,1,7,Passive,Price
7708,37136,20240919,1609,1,10,Promoter,Support
7709,17186,20251213,146,7,8,Passive,Delivery
7710,28314,20250205,331,7,9,Promoter,Website
7711,36414,20251020,681,1,9,Promoter,Price
7712,10681,20251225,1090,12,6,Detractor,Support
7713,32194,20231130,1439,8,5,Detractor,Support
7714,52352,20251127,334,8,8,Passive,Delivery
7715,40060,20250911,1207,2,8,Passive,Store experience
7716,13368,20251231,1936,4,6,Detractor,Website
7717,1477,20251225,572,9,7,Passive,Product quality
7718,3348,20230826,1602,1,5,Detractor,Store experience
7719,40486,20231201,265,9,8,Passive,Delivery
7720,58311,20231124,1210,3,4,Detractor,Website
7721,54456,20230607,1594,4,10,Promoter,Price
7722,44827,20240712,1696,8,9,Promoter,Website
7723,31641,20241215,1358,3,8,Passive,Support
7724,58905,20230406,1184,11,4,Detractor,Store experience
7725,21583,20250823,1366,1,5,Detractor,Price
7726,14771,20230622,1049,10,7,Passive,Delivery
7727,11276,20251231,758,10,8,Passive,Website
7728,44463,20240904,1412,5,9,Promoter,Product quality
7729,50258,20250106,1216,8,8,Passive,Website
7730,46531,20231121,876,10,8,Passive,Delivery
7731,34423,20250901,1165,6,5,Detractor,Support
7732,29020,20230601,567,10,6,Detractor,Delivery
7733,44802,20231106,1459,10,4,Detractor,Delivery
7734,14156,20250925,413,11,7,Passive,Support
7735,31579,20250706,1128,10,6,Detractor,Product quality
7736,7810,20230504,233,11,8,Passive,Support
7737,48861,20221204,940,11,3,Detractor,Support
7738,16741,20250607,1802,10,10,Promoter,Support
7739,51138,20220629,1319,8,4,Detractor,Support
7740,4170,20240124,1649,1,4,Detractor,Product quality
7741,41986,20230607,1514,2,9,Promoter,Website
7742,28577,20251214,1758,3,8,Passive,Product quality
7743,7171,20240507,1906,9,6,Detractor,Price
7744,52094,20241228,1901,8,7,Passive,Website
7745,9550,20241020,1332,7,5,Detractor,Price
7746,458,20250822,349,10,6,Detractor,Price
7747,56557,20221211,1218,10,7,Passive,Support
7748,10795,20231003,325,2,7,Passive,Website
7749,48285,20231115,343,11,7,Passive,Support
7750,26750,20231104,688,4,7,Passive,Website
7751,14970,20250104,1397,3,7,Passive,Price
7752,645,20221118,861,5,9,Promoter,Store experience
7753,57664,20231006,1129,3,6,Detractor,Support
7754,34074,20231114,1599,6,6,Detractor,Product quality
7755,33035,20240321,1570,1,5,Detractor,Delivery
7756,2801,20241116,1591,10,5,Detractor,Website
7757,40668,20240715,670,9,7,Passive,Website
7758,53709,20230527,621,6,8,Passive,Support
7759,32320,20250320,106,6,3,Detractor,Store experience
7760,40552,20241024,345,4,8,Passive,Store experience
7761,48156,20231127,1519,3,6,Detractor,Website
7762,23317,20250611,1400,12,8,Passive,Website
7763,33349,20250402,425,12,5,Detractor,Website
7764,36238,20250202,1519,3,4,Detractor,Product quality
7765,38169,20251201,599,3,9,Promoter,Price
7766,14501,20250126,1785,8,8,Passive,Price
7767,40907,20251231,396,2,6,Detractor,Delivery
7768,32704,20241112,331,5,7,Passive,Support
7769,41620,20230715,1987,12,3,Detractor,Support
7770,38075,20240706,1236,4,7,Passive,Website
7771,5150,20250223,242,2,7,Passive,Website
7772,6188,20230813,886,2,10,Promoter,Product quality
7773,59390,20230112,152,2,6,Detractor,Support
7774,26192,20250502,1958,3,6,Detractor,Store experience
7775,27074,20240902,424,5,7,Passive,Delivery
7776,26780,20250105,159,10,9,Promoter,Support
7777,51637,20240805,284,12,7,Passive,Website
7778,10417,20250315,1529,1,9,Promoter,Support
7779,55859,20240310,747,8,6,Detractor,Product quality
7780,39644,20250302,1249,3,7,Passive,Website
7781,16149,20231206,1266,12,7,Passive,Store experience
7782,14593,20221213,977,3,7,Passive,Price
7783,54130,20240616,1610,6,9,Promoter,Delivery
7784,1325,20241013,1671,12,8,Passive,Delivery
7785,11406,20241219,1731,11,7,Passive,Delivery
7786,50739,20230721,805,9,3,Detractor,Price
7787,31723,20230630,1581,1,5,Detractor,Price
7788,14723,20230125,1427,7,7,Passive,Price
7789,23273,20240906,1811,3,6,Detractor,Product quality
7790,8676,20241007,451,6,9,Promoter,Website
7791,7437,20240601,353,9,6,Detractor,Price
7792,7369,20240628,688,11,8,Passive,Website
7793,717,20241018,1302,10,7,Passive,Delivery
7794,28382,20240428,1144,2,8,Passive,Product quality
7795,10697,20230711,1727,7,6,Detractor,Price
7796,42558,20230623,1270,6,7,Passive,Store experience
7797,51131,20250722,281,5,5,Detractor,Product quality
7798,32360,20240916,1357,6,8,Passive,Website
7799,42843,20240909,1501,10,8,Passive,Product quality
7800,37755,20220810,1722,1,8,Passive,Price
7801,9532,20231205,57,6,7,Passive,Product quality
7802,2456,20250418,332,11,9,Promoter,Website
7803,7488,20220502,1351,8,10,Promoter,Website
7804,33684,20241129,1671,2,7,Passive,Website
7805,43498,20221111,919,1,7,Passive,Delivery
7806,8909,20250904,956,11,10,Promoter,Support
7807,17220,20241206,1937,2,7,Passive,Product quality
7808,48116,20250327,412,9,8,Passive,Delivery
7809,5359,20250222,1038,9,9,Promoter,Product quality
7810,33912,20240727,302,9,10,Promoter,Delivery
7811,22907,20231119,1812,11,9,Promoter,Website
7812,27639,20240923,451,10,6,Detractor,Support
7813,52780,20220825,1019,9,9,Promoter,Website
7814,30730,20241210,677,8,7,Passive,Delivery
7815,47891,20240322,880,6,8,Passive,Store experience
7816,11801,20240704,249,5,7,Passive,Website
7817,16184,20241215,360,12,4,Detractor,Store experience
7818,46620,20241103,735,12,6,Detractor,Product quality
7819,2901,20250907,1422,10,9,Promoter,Support
7820,44443,20230508,552,6,10,Promoter,Product quality
7821,35409,20240609,292,2,10,Promoter,Price
7822,44199,20250218,900,4,6,Detractor,Delivery
7823,58249,20220226,510,4,7,Passive,Delivery
7824,10978,20251011,1134,2,6,Detractor,Product quality
7825,37259,20240505,1165,5,4,Detractor,Website
7826,41200,20240708,1776,6,9,Promoter,Product quality
7827,26714,20231107,757,7,8,Passive,Price
7828,12210,20240401,1277,5,7,Passive,Website
7829,30826,20240123,551,5,7,Passive,Website
7830,6497,20240601,1967,12,10,Promoter,Support
7831,3239,20251220,1970,7,10,Promoter,Delivery
7832,29231,20221109,945,4,6,Detractor,Price
7833,59180,20240404,31,6,5,Detractor,Price
7834,45827,20240625,170,2,9,Promoter,Support
7835,43655,20240509,999,10,7,Passive,Store experience
7836,51547,20230403,1719,5,3,Detractor,Store experience
7837,17275,20220805,1148,5,7,Passive,Product quality
7838,7174,20240429,1906,9,7,Passive,Product quality
7839,43425,20220805,860,2,2,Detractor,Support
7840,8299,20240205,909,4,5,Detractor,Delivery
7841,30387,20220311,1454,5,7,Passive,Product quality
7842,50127,20250715,927,11,6,Detractor,Delivery
7843,7245,20241018,1664,7,7,Passive,Product quality
7844,23224,20230121,465,9,6,Detractor,Store experience
7845,53352,20241226,1478,7,7,Passive,Product quality
7846,54871,20240918,695,12,7,Passive,Delivery
7847,36691,20250612,1043,3,8,Passive,Support
7848,36472,20231127,1,5,8,Passive,Product quality
7849,35026,20240411,852,2,7,Passive,Delivery
7850,59119,20240815,210,11,5,Detractor,Website
7851,38906,20251114,385,7,10,Promoter,Store experience
7852,59840,20240725,964,10,9,Promoter,Product quality
7853,57512,20241111,890,8,6,Detractor,Store experience
7854,11599,20251231,18,9,6,Detractor,Support
7855,18117,20250111,825,12,6,Detractor,Website
7856,22702,20241223,505,4,8,Passive,Product quality
7857,43322,20241013,1123,5,8,Passive,Website
7858,21789,20220404,356,8,5,Detractor,Product quality
7859,58406,20240525,553,8,6,Detractor,Website
7860,397,20250622,924,9,7,Passive,Product quality
7861,14759,20251209,455,1,10,Promoter,Support
7862,13914,20251025,1202,1,7,Passive,Website
7863,9029,20250526,1963,9,10,Promoter,Support
7864,55628,20240815,676,1,6,Detractor,Website
7865,19797,20221130,1286,7,7,Passive,Support
7866,6049,20230822,1215,2,9,Promoter,Support
7867,20733,20250605,973,10,7,Passive,Store experience
7868,29570,20230910,181,7,6,Detractor,Price
7869,47150,20250205,893,6,8,Passive,Product quality
7870,52266,20251105,1450,9,5,Detractor,Product quality
7871,31852,20240228,621,2,6,Detractor,Delivery
7872,7944,20220830,1607,1,9,Promoter,Support
7873,34662,20240720,1158,6,7,Passive,Store experience
7874,19216,20231020,814,5,5,Detractor,Store experience
7875,9847,20240402,1034,10,10,Promoter,Delivery
7876,26136,20231003,159,10,4,Detractor,Support
7877,27840,20250909,519,7,5,Detractor,Delivery
7878,30935,20250916,1037,3,8,Passive,Store experience
7879,34551,20240304,1088,12,6,Detractor,Store experience
7880,5029,20240831,585,1,4,Detractor,Product quality
7881,39468,20250304,52,5,5,Detractor,Delivery
7882,25487,20240922,466,1,7,Passive,Website
7883,56944,20230819,1932,1,7,Passive,Product quality
7884,46314,20240618,718,11,8,Passive,Delivery
7885,33670,20240106,27,4,6,Detractor,Delivery
7886,15645,20250520,324,1,9,Promoter,Website
7887,32446,20220620,1433,8,7,Passive,Support
7888,49639,20251120,1303,10,7,Passive,Store experience
7889,3125,20230209,1619,11,8,Passive,Product quality
7890,9978,20240602,488,11,10,Promoter,Store experience
7891,36955,20250124,385,2,3,Detractor,Price
7892,25186,20251231,1358,12,8,Passive,Product quality
7893,25613,20251231,689,10,7,Passive,Delivery
7894,20391,20240314,131,9,8,Passive,Price
7895,19074,20250714,37,4,8,Passive,Price
7896,28693,20231123,978,4,7,Passive,Support
7897,7142,20250522,580,4,7,Passive,Delivery
7898,50551,20250416,751,4,8,Passive,Product quality
7899,49610,20241021,805,9,5,Detractor,Support
7900,37556,20250328,1722,5,8,Passive,Website
7901,5598,20240519,462,3,5,Detractor,Support
7902,55361,20250907,1137,3,4,Detractor,Website
7903,49665,20250126,1611,12,8,Passive,Support
7904,26893,20241108,664,6,8,Passive,Website
7905,30481,20240124,1498,12,8,Passive,Support
7906,29197,20240722,1803,2,4,Detractor,Delivery
7907,4238,20241015,966,2,10,Promoter,Support
7908,19874,20221020,41,4,9,Promoter,Store experience
7909,24038,20240319,1647,7,7,Passive,Support
7910,40784,20250218,806,12,8,Passive,Store experience
7911,18936,20240912,1274,8,3,Detractor,Product quality
7912,27659,20250830,1139,1,9,Promoter,Price
7913,47923,20240128,1040,12,6,Detractor,Store experience
7914,1303,20230531,999,7,1,Detractor,Store experience
7915,3656,20241213,1884,3,7,Passive,Delivery
7916,1126,20240930,1831,3,4,Detractor,Support
7917,35938,20230925,1940,2,7,Passive,Support
7918,40524,20230228,295,9,8,Passive,Price
7919,21240,20240318,1463,1,7,Passive,Delivery
7920,27117,20251231,1807,9,5,Detractor,Price
7921,5542,20250412,1720,12,6,Detractor,Price
7922,18051,20240930,91,8,7,Passive,Support
7923,43653,20251202,1214,12,9,Promoter,Website
7924,25642,20250111,169,5,5,Detractor,Store experience
7925,54673,20230723,1364,6,8,Passive,Product quality
7926,22408,20240926,1051,10,6,Detractor,Store experience
7927,16837,20230721,60,10,9,Promoter,Support
7928,55404,20250304,1158,3,5,Detractor,Delivery
7929,18255,20240425,1387,7,9,Promoter,Website
7930,32283,20251231,39,2,5,Detractor,Website
7931,29564,20230313,517,3,7,Passive,Product quality
7932,38377,20230717,578,12,6,Detractor,Website
7933,56905,20250312,722,2,9,Promoter,Store experience
7934,54573,20230709,1098,1,10,Promoter,Support
7935,40241,20240302,313,4,9,Promoter,Store experience
7936,45022,20250331,1235,6,8,Passive,Price
7937,44106,20220927,1902,3,2,Detractor,Website
7938,32623,20251221,921,1,8,Passive,Delivery
7939,17587,20231217,1854,1,7,Passive,Price
7940,41552,20231021,1219,10,5,Detractor,Price
7941,51803,20240602,110,11,5,Detractor,Store experience
7942,24583,20251217,1172,8,6,Detractor,Support
7943,53143,20240911,1415,5,7,Passive,Support
7944,40455,20240415,1257,8,7,Passive,Product quality
7945,34256,20241209,1849,12,9,Promoter,Delivery
7946,22608,20230906,1670,8,7,Passive,Support
7947,42982,20231225,834,9,4,Detractor,Support
7948,6426,20250927,1805,10,4,Detractor,Price
7949,9610,20251109,21,9,7,Passive,Website
7950,31781,20240511,433,1,6,Detractor,Delivery
7951,11759,20240913,1424,6,7,Passive,Product quality
7952,23342,20251231,983,3,4,Detractor,Website
7953,8905,20240815,83,3,8,Passive,Support
7954,42758,20241026,609,12,10,Promoter,Product quality
7955,4042,20230314,1586,1,8,Passive,Support
7956,45582,20231104,589,2,7,Passive,Support
7957,25567,20220511,980,4,9,Promoter,Product quality
7958,6716,20250512,1414,5,10,Promoter,Support
7959,41971,20251005,1167,2,8,Passive,Product quality
7960,51954,20221216,1011,1,8,Passive,Delivery
7961,52071,20241030,1217,8,8,Passive,Price
7962,1555,20250123,105,11,6,Detractor,Product quality
7963,47528,20241002,573,6,7,Passive,Store experience
7964,14283,20251022,1006,7,9,Promoter,Price
7965,50862,20250729,798,6,8,Passive,Website
7966,55373,20240929,1363,3,7,Passive,Store experience
7967,12686,20250917,532,3,5,Detractor,Price
7968,40982,20250710,552,6,4,Detractor,Product quality
7969,57819,20241127,19,8,7,Passive,Product quality
7970,44763,20240106,1788,5,10,Promoter,Delivery
7971,15166,20240507,985,8,4,Detractor,Price
7972,22218,20230924,823,12,7,Passive,Website
7973,58947,20230206,1607,6,4,Detractor,Product quality
7974,56017,20251128,1993,11,4,Detractor,Store experience
7975,5347,20240913,1546,3,6,Detractor,Website
7976,43758,20230102,1599,3,5,Detractor,Store experience
7977,33208,20240408,1231,3,6,Detractor,Store experience
7978,51178,20220728,564,12,6,Detractor,Website
7979,11649,20240302,885,2,6,Detractor,Delivery
7980,59187,20241203,1116,2,8,Passive,Website
7981,333,20240415,1025,12,9,Promoter,Store experience
7982,1314,20230118,1206,12,7,Passive,Support
7983,48409,20250507,793,1,5,Detractor,Delivery
7984,57450,20240411,1171,6,9,Promoter,Store experience
7985,11590,20240121,1219,9,6,Detractor,Product quality
7986,37866,20240215,149,10,8,Passive,Price
7987,56038,20240530,1843,5,9,Promoter,Product quality
7988,7965,20250528,1318,7,10,Promoter,Delivery
7989,6871,20240831,452,4,6,Detractor,Support
7990,14404,20241022,1157,8,8,Passive,Store experience
7991,42854,20220412,1273,11,4,Detractor,Product quality
7992,55559,20250602,865,2,5,Detractor,Product quality
7993,51376,20250304,942,1,6,Detractor,Support
7994,59515,20230111,288,5,8,Passive,Website
7995,18682,20240325,1478,12,9,Promoter,Store experience
7996,37228,20250617,357,9,3,Detractor,Delivery
7997,1747,20241022,1770,9,8,Passive,Store experience
7998,40000,20250125,1283,8,6,Detractor,Support
7999,34014,20230725,1305,7,10,Promoter,Price
8000,47758,20250705,915,5,9,Promoter,Website
8001,50663,20250725,429,1,10,Promoter,Product quality
8002,24738,20230725,1710,3,10,Promoter,Product quality
8003,3461,20231020,125,2,9,Promoter,Price
8004,924,20241027,1532,9,7,Passive,Product quality
8005,56653,20240801,1187,4,7,Passive,Delivery
8006,19888,20231220,213,2,9,Promoter,Product quality
8007,42568,20240714,762,1,2,Detractor,Support
8008,21710,20250505,1539,1,10,Promoter,Support
8009,44707,20230806,1870,10,7,Passive,Delivery
8010,52435,20251231,220,5,8,Passive,Store experience
8011,12842,20241203,1777,10,6,Detractor,Delivery
8012,34944,20240228,1074,9,5,Detractor,Price
8013,50006,20240510,34,1,7,Passive,Support
8014,24466,20250909,1255,5,5,Detractor,Support
8015,59495,20251019,1885,2,6,Detractor,Delivery
8016,738,20250912,258,3,6,Detractor,Website
8017,5981,20230705,1116,4,5,Detractor,Support
8018,5776,20240522,1747,1,6,Detractor,Website
8019,20667,20250724,1780,9,7,Passive,Store experience
8020,22157,20250311,875,10,9,Promoter,Store experience
8021,26071,20250420,214,3,2,Detractor,Support
8022,59792,20240401,1303,7,4,Detractor,Store experience
8023,26646,20240315,1996,1,8,Passive,Support
8024,8711,20250927,1361,4,6,Detractor,Price
8025,41702,20240506,964,5,9,Promoter,Product quality
8026,39902,20250722,1769,9,7,Passive,Store experience
8027,58857,20251108,1521,10,7,Passive,Support
8028,46784,20250823,232,2,8,Passive,Store experience
8029,49287,20241112,1153,12,8,Passive,Price
8030,19907,20240215,442,12,4,Detractor,Store experience
8031,21669,20251122,169,5,9,Promoter,Delivery
8032,59125,20250913,934,12,7,Passive,Website
8033,5526,20220901,379,10,6,Detractor,Support
8034,10720,20230803,181,9,8,Passive,Delivery
8035,19401,20230429,199,12,6,Detractor,Website
8036,3701,20251013,1030,7,8,Passive,Website
8037,7093,20231223,623,4,8,Passive,Website
8038,45930,20230920,1717,1,6,Detractor,Website
8039,38775,20220602,387,4,10,Promoter,Price
8040,30663,20250326,1587,10,6,Detractor,Delivery
8041,54612,20250103,1700,2,4,Detractor,Product quality
8042,26576,20250803,716,9,7,Passive,Support
8043,21838,20250516,1369,2,8,Passive,Product quality
8044,23240,20240621,723,2,9,Promoter,Delivery
8045,52718,20250316,155,6,7,Passive,Delivery
8046,33019,20250406,1466,12,4,Detractor,Website
8047,2042,20250425,85,4,6,Detractor,Store experience
8048,53557,20231121,1470,11,5,Detractor,Price
8049,47829,20241219,411,10,6,Detractor,Store experience
8050,3446,20250304,233,4,8,Passive,Product quality
8051,56430,20231222,72,3,8,Passive,Delivery
8052,48269,20251216,1400,7,8,Passive,Website
8053,29143,20230614,229,11,6,Detractor,Product quality
8054,52865,20230329,1416,4,5,Detractor,Store experience
8055,32715,20250816,1623,4,5,Detractor,Support
8056,59552,20251001,658,10,8,Passive,Product quality
8057,16718,20251017,1802,2,8,Passive,Store experience
8058,2793,20240528,1165,3,9,Promoter,Support
8059,46091,20250226,932,10,6,Detractor,Support
8060,21589,20230325,1066,9,8,Passive,Support
8061,48789,20231209,516,1,5,Detractor,Support
8062,46943,20231102,19,5,9,Promoter,Delivery
8063,2345,20230216,396,7,8,Passive,Price
8064,50953,20240223,969,1,4,Detractor,Website
8065,46232,20240722,725,3,7,Passive,Delivery
8066,28425,20220917,1117,6,8,Passive,Store experience
8067,24815,20231228,959,6,7,Passive,Support
8068,8854,20241002,1616,1,4,Detractor,Product quality
8069,32863,20251231,1900,10,6,Detractor,Store experience
8070,198,20230226,1588,10,8,Passive,Price
8071,56011,20250422,255,3,8,Passive,Price
8072,9880,20250614,1106,9,9,Promoter,Price
8073,10924,20240704,780,2,8,Passive,Delivery
8074,44025,20231123,1710,10,5,Detractor,Product quality
8075,57934,20240917,1474,6,10,Promoter,Website
8076,13595,20250529,3,12,4,Detractor,Store experience
8077,20989,20231120,638,4,5,Detractor,Store experience
8078,9136,20251209,211,7,8,Passive,Store experience
8079,7595,20251009,782,12,7,Passive,Product quality
8080,50161,20220516,371,3,6,Detractor,Product quality
8081,37716,20240511,362,3,6,Detractor,Store experience
8082,37090,20250116,1450,12,8,Passive,Delivery
8083,31927,20250516,648,8,7,Passive,Product quality
8084,50912,20240405,700,3,7,Passive,Delivery
8085,52268,20251110,1450,9,9,Promoter,Support
8086,56020,20240619,1616,4,9,Promoter,Store experience
8087,22823,20221012,1818,10,5,Detractor,Price
8088,1075,20240716,1533,6,7,Passive,Store experience
8089,6906,20230328,505,6,4,Detractor,Product quality
8090,11141,20230420,265,2,7,Passive,Delivery
8091,33387,20250907,457,10,10,Promoter,Support
8092,57728,20250527,704,10,4,Detractor,Store experience
8093,22847,20231209,785,7,8,Passive,Price
8094,52737,20240505,1420,6,6,Detractor,Price
8095,44480,20251111,1186,1,7,Passive,Website
8096,38384,20250712,670,5,7,Passive,Support
8097,52217,20250804,311,10,10,Promoter,Website
8098,51689,20251122,1554,4,7,Passive,Support
8099,43852,20240912,855,7,8,Passive,Delivery
8100,36143,20250805,718,6,10,Promoter,Delivery
8101,33372,20251008,585,4,8,Passive,Website
8102,1970,20240522,82,8,7,Passive,Website
8103,394,20240723,1375,3,7,Passive,Price
8104,1235,20231120,127,8,9,Promoter,Store experience
8105,41789,20240309,53,11,8,Passive,Price
8106,21388,20250915,962,9,8,Passive,Support
8107,32995,20230819,1404,7,8,Passive,Price
8108,59133,20240820,1478,10,4,Detractor,Website
8109,34159,20220611,328,6,7,Passive,Price
8110,2811,20250423,209,4,5,Detractor,Website
8111,58919,20241019,498,6,6,Detractor,Product quality
8112,34010,20250205,1616,10,6,Detractor,Price
8113,53875,20240102,588,6,8,Passive,Website
8114,55698,20250819,780,11,8,Passive,Store experience
8115,6195,20250725,1836,10,9,Promoter,Support
8116,27987,20240221,1498,6,7,Passive,Delivery
8117,20549,20240528,340,8,6,Detractor,Support
8118,46612,20230331,1299,2,7,Passive,Price
8119,21606,20240503,1765,8,5,Detractor,Price
8120,37984,20230906,179,6,8,Passive,Website
8121,13212,20230922,1798,10,10,Promoter,Website
8122,41436,20221115,1075,10,7,Passive,Delivery
8123,10268,20241116,109,7,8,Passive,Store experience
8124,50292,20221020,801,9,8,Passive,Store experience
8125,43005,20230206,1835,6,10,Promoter,Price
8126,38838,20221004,1239,8,8,Passive,Support
8127,56402,20240228,1235,10,7,Passive,Price
8128,38349,20250202,800,5,7,Passive,Product quality
8129,21494,20230404,128,3,7,Passive,Delivery
8130,57620,20230715,1584,7,7,Passive,Price
8131,32178,20250903,557,8,8,Passive,Delivery
8132,9443,20230808,292,9,10,Promoter,Price
8133,21893,20240513,581,11,5,Detractor,Price
8134,41994,20250329,1114,1,7,Passive,Product quality
8135,21679,20240314,656,3,8,Passive,Support
8136,13517,20221031,19,5,6,Detractor,Website
8137,15422,20250715,134,9,5,Detractor,Delivery
8138,24015,20231203,818,6,10,Promoter,Price
8139,25177,20230626,1431,5,7,Passive,Support
8140,45312,20240414,230,3,8,Passive,Support
8141,3531,20241103,1871,8,8,Passive,Store experience
8142,9563,20251201,368,4,7,Passive,Delivery
8143,49120,20240925,213,7,9,Promoter,Website
8144,56167,20251231,1517,9,7,Passive,Support
8145,20357,20251204,1044,8,4,Detractor,Price
8146,40886,20230109,815,8,8,Passive,Delivery
8147,4263,20220720,1010,4,6,Detractor,Product quality
8148,58821,20250923,197,4,5,Detractor,Website
8149,25698,20230919,1514,4,7,Passive,Product quality
8150,7315,20250327,1026,1,9,Promoter,Store experience
8151,24218,20241221,1664,11,8,Passive,Store experience
8152,8050,20221023,1305,6,8,Passive,Website
8153,40382,20231103,1530,7,8,Passive,Price
8154,21111,20230317,469,6,7,Passive,Product quality
8155,13303,20240515,1030,4,6,Detractor,Product quality
8156,48505,20251122,1262,10,9,Promoter,Price
8157,45874,20241022,558,11,7,Passive,Store experience
8158,19861,20250619,411,6,6,Detractor,Price
8159,24539,20230712,316,11,6,Detractor,Website
8160,16662,20241222,483,4,9,Promoter,Product quality
8161,59969,20250213,151,4,6,Detractor,Delivery
8162,50893,20221015,73,9,5,Detractor,Store experience
8163,53303,20231001,1624,4,9,Promoter,Support
8164,33940,20250203,1606,8,4,Detractor,Delivery
8165,47099,20240130,1510,8,5,Detractor,Price
8166,53389,20250508,67,8,3,Detractor,Store experience
8167,3262,20251217,1518,11,8,Passive,Support
8168,34295,20241202,1109,4,5,Detractor,Delivery
8169,49710,20250721,455,2,4,Detractor,Store experience
8170,31784,20240121,1972,5,5,Detractor,Delivery
8171,28765,20250709,1942,4,7,Passive,Support
8172,20225,20220628,1986,7,4,Detractor,Product quality
8173,6826,20241004,1966,11,6,Detractor,Product quality
8174,59798,20251007,1498,12,4,Detractor,Price
8175,44281,20250327,1994,3,3,Detractor,Website
8176,4850,20241213,1967,3,10,Promoter,Website
8177,38277,20241120,428,1,3,Detractor,Store experience
8178,10994,20250419,1101,5,10,Promoter,Website
8179,15512,20230417,1159,11,5,Detractor,Support
8180,33005,20250724,851,10,4,Detractor,Price
8181,29888,20230119,1798,7,6,Detractor,Product quality
8182,46158,20250907,992,1,9,Promoter,Store experience
8183,36610,20251217,1574,4,7,Passive,Delivery
8184,57545,20240823,1626,5,6,Detractor,Product quality
8185,41767,20240323,434,11,7,Passive,Delivery
8186,20463,20250512,105,5,10,Promoter,Store experience
8187,21902,20240916,1644,11,8,Passive,Delivery
8188,41834,20250427,417,6,5,Detractor,Store experience
8189,34235,20241209,707,11,7,Passive,Support
8190,6625,20240718,1793,10,8,Passive,Price
8191,7697,20221220,26,11,7,Passive,Support
8192,12291,20251010,973,12,7,Passive,Support
8193,27763,20250215,702,8,6,Detractor,Delivery
8194,2832,20251101,463,2,8,Passive,Store experience
8195,45920,20230121,488,8,5,Detractor,Support
8196,38476,20240323,1709,5,6,Detractor,Product quality
8197,57432,20230924,1662,7,9,Promoter,Delivery
8198,27225,20230429,199,12,6,Detractor,Store experience
8199,23429,20240524,445,12,8,Passive,Product quality
8200,33453,20250524,1773,4,7,Passive,Support
8201,49887,20241027,122,3,8,Passive,Delivery
8202,51957,20241213,600,7,9,Promoter,Product quality
8203,13129,20251210,1968,7,6,Detractor,Store experience
8204,469,20240121,990,1,8,Passive,Support
8205,2320,20230627,1797,9,8,Passive,Support
8206,54382,20221101,1918,11,7,Passive,Website
8207,33162,20220521,766,3,5,Detractor,Support
8208,33230,20251108,1204,8,7,Passive,Price
8209,25079,20250421,623,9,8,Passive,Store experience
8210,45067,20231230,1850,9,6,Detractor,Product quality
8211,40776,20230914,1675,4,3,Detractor,Website
8212,31480,20240903,1618,7,7,Passive,Delivery
8213,5542,20250428,1720,12,6,Detractor,Product quality
8214,43197,20230905,1732,3,7,Passive,Delivery
8215,25274,20251011,447,4,5,Detractor,Delivery
8216,16652,20241211,57,4,5,Detractor,Support
8217,13395,20240223,1914,12,7,Passive,Delivery
8218,35938,20230927,1940,2,5,Detractor,Website
8219,23130,20251107,131,4,6,Detractor,Delivery
8220,41221,20230316,926,12,6,Detractor,Product quality
8221,48734,20240604,914,5,6,Detractor,Product quality
8222,57000,20250730,1891,5,8,Passive,Price
8223,19802,20230829,1518,10,10,Promoter,Store experience
8224,20701,20250221,1523,5,5,Detractor,Product quality
8225,48826,20220709,1920,5,8,Passive,Product quality
8226,18253,20250822,1051,8,6,Detractor,Store experience
8227,35464,20230425,1828,2,10,Promoter,Website
8228,17516,20250127,727,6,7,Passive,Support
8229,4980,20250121,235,1,5,Detractor,Website
8230,2001,20240204,1767,4,4,Detractor,Price
8231,49061,20250910,1261,9,5,Detractor,Price
8232,44982,20240917,1497,8,5,Detractor,Product quality
8233,51633,20240131,1358,6,8,Passive,Store experience
8234,53770,20240315,1595,4,8,Passive,Product quality
8235,25371,20231221,1129,4,6,Detractor,Delivery
8236,24611,20240719,1159,7,7,Passive,Support
8237,48030,20250524,1233,8,7,Passive,Support
8238,45649,20241125,764,12,7,Passive,Delivery
8239,9871,20250609,726,10,7,Passive,Delivery
8240,31272,20220212,1879,3,6,Detractor,Website
8241,45115,20230903,580,3,7,Passive,Support
8242,17697,20240606,1828,3,5,Detractor,Delivery
8243,52347,20250530,1939,7,10,Promoter,Price
8244,24219,20241231,1664,11,3,Detractor,Support
8245,27797,20240706,1567,1,10,Promoter,Delivery
8246,24330,20251230,1222,10,8,Passive,Website
8247,12790,20251110,1118,7,4,Detractor,Delivery
8248,44494,20250414,298,1,7,Passive,Product quality
8249,12034,20240421,689,8,6,Detractor,Support
8250,56327,20240630,1070,6,4,Detractor,Website
8251,16771,20221220,352,12,6,Detractor,Store experience
8252,49973,20250429,1154,4,5,Detractor,Product quality
8253,47585,20230201,1771,4,8,Passive,Delivery
8254,39594,20250306,155,12,10,Promoter,Website
8255,23940,20230306,1372,12,5,Detractor,Website
8256,25909,20250130,430,9,5,Detractor,Website
8257,27599,20230530,1736,5,8,Passive,Product quality
8258,49617,20250906,924,8,9,Promoter,Price
8259,33865,20250528,338,10,6,Detractor,Product quality
8260,4579,20230109,1278,11,10,Promoter,Delivery
8261,8582,20240204,812,5,6,Detractor,Delivery
8262,28596,20241007,579,2,9,Promoter,Product quality
8263,11780,20240725,481,8,9,Promoter,Delivery
8264,27027,20240930,1782,2,7,Passive,Product quality
8265,54669,20230930,56,10,8,Passive,Store experience
8266,53825,20240531,725,2,7,Passive,Product quality
8267,53325,20250823,1055,11,10,Promoter,Website
8268,22176,20250914,897,7,5,Detractor,Product quality
8269,20123,20250602,53,11,5,Detractor,Store experience
8270,18695,20241221,578,6,5,Detractor,Support
8271,33570,20221201,1806,4,7,Passive,Store experience
8272,23433,20241225,1949,2,9,Promoter,Delivery
8273,10939,20250114,1842,7,6,Detractor,Store experience
8274,1678,20240127,1384,12,5,Detractor,Price
8275,20919,20251231,120,12,9,Promoter,Website
8276,14029,20240625,356,4,8,Passive,Product quality
8277,51907,20230619,1265,1,7,Passive,Delivery
8278,44005,20230205,1704,4,7,Passive,Delivery
8279,48450,20250530,288,7,6,Detractor,Store experience
8280,34016,20230709,1305,7,7,Passive,Website
8281,1799,20230726,1346,3,7,Passive,Website
8282,16958,20241227,242,3,8,Passive,Website
8283,55211,20241113,1650,11,7,Passive,Price
8284,26311,20230814,118,5,4,Detractor,Support
8285,24722,20231204,1357,12,8,Passive,Price
8286,37994,20250301,1021,8,7,Passive,Price
8287,55982,20221201,1002,7,9,Promoter,Store experience
8288,23841,20231221,1323,3,8,Passive,Website
8289,43557,20231122,1721,12,8,Passive,Website
8290,27350,20241205,395,12,8,Passive,Website
8291,9516,20251201,314,12,9,Promoter,Delivery
8292,51147,20250213,17,5,9,Promoter,Delivery
8293,1646,20230626,1033,4,6,Detractor,Product quality
8294,21811,20250704,1707,3,9,Promoter,Store experience
8295,10796,20230907,2,11,7,Passive,Price
8296,44952,20230908,112,3,7,Passive,Website
8297,10320,20230428,293,6,8,Passive,Website
8298,27904,20230309,1535,9,10,Promoter,Store experience
8299,10664,20250107,516,4,5,Detractor,Support
8300,8078,20240706,1242,2,8,Passive,Support
8301,23901,20251027,1314,8,7,Passive,Delivery
8302,8441,20250328,733,3,8,Passive,Website
8303,51812,20230912,404,11,8,Passive,Store experience
8304,33466,20251031,1930,6,8,Passive,Website
8305,14491,20250618,195,3,7,Passive,Website
8306,47656,20241011,1913,9,7,Passive,Price
8307,53644,20240209,1361,9,6,Detractor,Support
8308,34151,20240104,1227,12,6,Detractor,Price
8309,49018,20250506,875,7,5,Detractor,Product quality
8310,35939,20250810,1948,10,7,Passive,Price
8311,32783,20230927,950,12,5,Detractor,Product quality
8312,42802,20250610,1514,2,7,Passive,Support
8313,5324,20241101,324,10,8,Passive,Store experience
8314,4971,20250502,1073,2,9,Promoter,Delivery
8315,54083,20231226,1402,8,6,Detractor,Product quality
8316,17981,20240714,1835,2,4,Detractor,Delivery
8317,584,20231222,989,1,8,Passive,Support
8318,58356,20251231,1024,10,8,Passive,Delivery
8319,46948,20230920,425,3,6,Detractor,Price
8320,39547,20250526,1497,10,5,Detractor,Store experience
8321,44681,20240811,82,2,7,Passive,Price
8322,11107,20251202,1974,5,7,Passive,Delivery
8323,414,20230915,748,3,6,Detractor,Delivery
8324,54298,20230105,1322,5,4,Detractor,Product quality
8325,45951,20230207,1735,12,7,Passive,Store experience
8326,14590,20241220,290,12,7,Passive,Website
8327,53178,20251215,1442,12,2,Detractor,Product quality
8328,49371,20230928,620,12,5,Detractor,Product quality
8329,14383,20250128,628,1,7,Passive,Product quality
8330,34549,20250109,1937,5,6,Detractor,Delivery
8331,52669,20230911,116,8,7,Passive,Product quality
8332,51198,20250305,25,6,7,Passive,Delivery
8333,49293,20240508,1920,8,7,Passive,Price
8334,26673,20240620,1985,9,5,Detractor,Store experience
8335,46758,20240325,29,2,6,Detractor,Store experience
8336,28502,20240229,1491,5,5,Detractor,Price
8337,55006,20251126,1817,7,8,Passive,Website
8338,32909,20240827,88,3,7,Passive,Product quality
8339,58987,20240803,292,9,7,Passive,Delivery
8340,53958,20231015,179,5,4,Detractor,Support
8341,39044,20231121,844,11,5,Detractor,Price
8342,25157,20251103,985,7,5,Detractor,Product quality
8343,25539,20230624,1002,4,6,Detractor,Delivery
8344,18181,20240516,1635,2,8,Passive,Price
8345,10571,20251026,1384,7,4,Detractor,Website
8346,57545,20240905,1626,5,9,Promoter,Support
8347,25464,20241211,624,3,8,Passive,Support
8348,57314,20250517,1118,4,6,Detractor,Support
8349,2865,20240811,800,12,7,Passive,Delivery
8350,47207,20231006,552,11,8,Passive,Support
8351,46339,20240714,1270,4,10,Promoter,Store experience
8352,16380,20240722,1744,7,6,Detractor,Support
8353,54038,20240315,1145,1,7,Passive,Delivery
8354,56449,20251213,1470,9,9,Promoter,Store experience
8355,36590,20240605,147,12,4,Detractor,Delivery
8356,5906,20220621,1615,5,8,Passive,Support
8357,13489,20240707,1527,12,5,Detractor,Price
8358,1303,20230616,999,7,7,Passive,Delivery
8359,42694,20250903,195,2,7,Passive,Store experience
8360,38918,20240307,1390,3,8,Passive,Product quality
8361,33941,20250207,776,2,7,Passive,Product quality
8362,56867,20241221,742,3,6,Detractor,Delivery
8363,44358,20240727,636,5,8,Passive,Support
8364,23451,20250420,1755,12,5,Detractor,Price
8365,19878,20250803,171,10,9,Promoter,Price
8366,9230,20240106,1053,7,6,Detractor,Price
8367,38766,20240226,1919,7,5,Detractor,Store experience
8368,19792,20230713,578,2,5,Detractor,Price
8369,12636,20240515,326,3,5,Detractor,Delivery
8370,38252,20240306,477,6,5,Detractor,Delivery
8371,900,20230416,1229,10,5,Detractor,Support
8372,31111,20230616,786,9,1,Detractor,Store experience
8373,32299,20240130,777,11,7,Passive,Product quality
8374,32805,20230414,900,6,8,Passive,Support
8375,55516,20240112,1039,7,10,Promoter,Product quality
8376,28751,20240224,1280,3,7,Passive,Price
8377,56560,20250503,836,6,8,Passive,Store experience
8378,7123,20251231,131,11,7,Passive,Price
8379,59101,20240729,318,12,10,Promoter,Delivery
8380,20543,20240112,514,7,8,Passive,Support
8381,45271,20251104,1013,12,5,Detractor,Delivery
8382,4307,20240718,371,8,6,Detractor,Delivery
8383,50837,20230731,1186,1,5,Detractor,Store experience
8384,59693,20241112,1926,10,9,Promoter,Website
8385,46079,20240120,46,12,8,Passive,Store experience
8386,12398,20250316,914,1,9,Promoter,Website
8387,52383,20231011,499,9,7,Passive,Delivery
8388,54066,20241125,1009,5,8,Passive,Website
8389,36414,20251022,681,1,3,Detractor,Store experience
8390,44611,20230915,1332,9,7,Passive,Website
8391,53040,20230101,777,6,7,Passive,Delivery
8392,44148,20240716,1439,2,10,Promoter,Price
8393,3118,20250503,1866,2,6,Detractor,Store experience
8394,21672,20241020,1925,1,7,Passive,Website
8395,16705,20231210,591,6,9,Promoter,Product quality
8396,16505,20230203,215,1,9,Promoter,Store experience
8397,25470,20241031,858,2,8,Passive,Delivery
8398,34526,20250125,263,8,8,Passive,Price
8399,14077,20250718,1613,11,5,Detractor,Website
8400,29526,20250225,504,1,7,Passive,Store experience
8401,52597,20251019,1652,10,4,Detractor,Website
8402,29249,20240114,1654,8,6,Detractor,Price
8403,43085,20250212,1937,4,7,Passive,Website
8404,30191,20230808,1239,2,7,Passive,Price
8405,36333,20240901,18,11,6,Detractor,Store experience
8406,32781,20250609,324,4,6,Detractor,Website
8407,30352,20241028,198,6,5,Detractor,Delivery
8408,33366,20240216,1762,9,6,Detractor,Store experience
8409,42787,20230929,857,5,7,Passive,Website
8410,14356,20241013,874,10,8,Passive,Website
8411,50645,20230426,33,5,10,Promoter,Store experience
8412,31143,20251206,1622,2,5,Detractor,Product quality
8413,40866,20241130,985,10,8,Passive,Price
8414,27270,20250718,420,7,6,Detractor,Store experience
8415,35060,20240227,1061,6,4,Detractor,Delivery
8416,24327,20250108,1124,7,6,Detractor,Store experience
8417,38051,20230226,1551,3,9,Promoter,Support
8418,3401,20241220,1516,4,5,Detractor,Product quality
8419,49115,20231225,1664,9,6,Detractor,Product quality
8420,4397,20240622,1902,1,3,Detractor,Support
8421,38279,20241024,428,1,8,Passive,Website
8422,20494,20241218,660,5,5,Detractor,Website
8423,23203,20241118,625,6,10,Promoter,Price
8424,17219,20241220,1937,2,9,Promoter,Support
8425,41407,20241221,322,10,9,Promoter,Product quality
8426,1049,20240102,1996,10,6,Detractor,Support
8427,7598,20251208,779,11,8,Passive,Support
8428,55273,20221219,1023,5,9,Promoter,Website
8429,57953,20221031,650,4,5,Detractor,Product quality
8430,54519,20251221,101,10,4,Detractor,Website
8431,55403,20250221,1158,3,7,Passive,Website
8432,54963,20230811,1612,2,5,Detractor,Price
8433,44660,20220918,1738,10,6,Detractor,Delivery
8434,3327,20230202,1267,11,5,Detractor,Support
8435,6163,20250408,1202,2,5,Detractor,Product quality
8436,722,20230527,1336,9,5,Detractor,Delivery
8437,5932,20220712,1446,12,5,Detractor,Delivery
8438,19673,20220905,1326,6,7,Passive,Product quality
8439,46937,20240626,265,4,7,Passive,Product quality
8440,7733,20250120,847,8,7,Passive,Store experience
8441,40367,20250228,943,12,8,Passive,Support
8442,3403,20241217,1516,4,5,Detractor,Delivery
8443,22017,20230609,1748,9,9,Promoter,Store experience
8444,51936,20240613,1674,10,4,Detractor,Website
8445,44988,20251231,970,3,10,Promoter,Store experience
8446,7961,20230128,1083,12,6,Detractor,Product quality
8447,58878,20240906,658,12,6,Detractor,Website
8448,8393,20251127,17,4,10,Promoter,Support
8449,28072,20250827,459,5,10,Promoter,Product quality
8450,10295,20241205,666,8,10,Promoter,Price
8451,30536,20230607,816,11,5,Detractor,Product quality
8452,41003,20230611,1346,2,8,Passive,Delivery
8453,39667,20240808,268,5,8,Passive,Support
8454,39304,20240807,1873,12,9,Promoter,Product quality
8455,48831,20250626,1302,4,8,Passive,Support
8456,43134,20240815,1121,8,5,Detractor,Website
8457,34203,20251231,3,6,2,Detractor,Product quality
8458,1154,20221001,1638,1,6,Detractor,Product quality
8459,31026,20251126,1479,5,7,Passive,Delivery
8460,40291,20250907,1125,9,9,Promoter,Website
8461,36038,20250805,1591,2,8,Passive,Support
8462,26071,20250506,214,3,7,Passive,Price
8463,17368,20240305,133,1,10,Promoter,Product quality
8464,30973,20250314,1586,9,4,Detractor,Delivery
8465,49171,20250717,907,9,6,Detractor,Price
8466,43946,20240717,1960,5,7,Passive,Support
8467,39488,20250217,1021,8,8,Passive,Price
8468,33507,20230120,1750,12,8,Passive,Price
8469,18806,20240113,324,7,10,Promoter,Product quality
8470,23246,20250516,413,8,8,Passive,Website
8471,6051,20240202,418,12,7,Passive,Delivery
8472,8384,20231130,20,11,9,Promoter,Price
8473,31739,20250311,245,10,9,Promoter,Website
8474,40357,20240117,1482,7,10,Promoter,Product quality
8475,5141,20251231,529,4,6,Detractor,Product quality
8476,46964,20250504,1157,6,6,Detractor,Website
8477,7413,20230424,1041,7,8,Passive,Price
8478,48508,20230117,147,12,3,Detractor,Website
8479,25483,20241003,466,1,8,Passive,Website
8480,48272,20250416,1573,3,6,Detractor,Delivery
8481,36463,20241031,1744,12,8,Passive,Store experience
8482,21534,20230810,667,8,6,Detractor,Price
8483,56608,20230724,415,12,7,Passive,Support
8484,38167,20250505,1828,4,6,Detractor,Price
8485,17585,20231202,1854,1,6,Detractor,Price
8486,14159,20241110,1936,7,8,Passive,Store experience
8487,52883,20230624,1495,8,8,Passive,Website
8488,12353,20250515,110,7,6,Detractor,Product quality
8489,20157,20240617,1236,5,5,Detractor,Website
8490,46812,20231130,1064,11,5,Detractor,Product quality
8491,8390,20251212,17,4,6,Detractor,Store experience
8492,59618,20240717,1215,10,6,Detractor,Price
8493,50373,20250206,615,2,8,Passive,Delivery
8494,31943,20250302,1391,1,7,Passive,Website
8495,22893,20250802,1270,10,4,Detractor,Support
8496,11563,20250806,381,3,7,Passive,Product quality
8497,46965,20250427,1157,6,7,Passive,Price
8498,11636,20251222,829,3,9,Promoter,Store experience
8499,53265,20240406,1793,7,8,Passive,Delivery
8500,52787,20250508,844,5,7,Passive,Support
8501,6357,20240705,1810,4,9,Promoter,Website
8502,11414,20251227,153,6,9,Promoter,Support
8503,3807,20240409,1897,7,8,Passive,Website
8504,57193,20251107,1452,5,7,Passive,Product quality
8505,31680,20230403,350,6,8,Passive,Delivery
8506,25249,20240117,1263,12,5,Detractor,Website
8507,47811,20231130,390,8,5,Detractor,Product quality
8508,46703,20220928,335,6,8,Passive,Website
8509,32207,20240630,1703,1,6,Detractor,Store experience
8510,16253,20231017,547,6,5,Detractor,Price
8511,33436,20251231,1118,8,4,Detractor,Support
8512,6311,20240326,897,5,7,Passive,Website
8513,3580,20251130,557,3,8,Passive,Product quality
8514,7608,20230123,529,8,9,Promoter,Store experience
8515,9878,20251016,585,10,8,Passive,Product quality
8516,13424,20240324,1718,7,7,Passive,Delivery
8517,12275,20250616,1384,11,9,Promoter,Store experience
8518,18880,20241105,433,1,8,Passive,Product quality
8519,4829,20250226,1600,2,8,Passive,Support
8520,55469,20230630,656,7,8,Passive,Store experience
8521,36430,20240512,1912,3,8,Passive,Price
8522,3355,20250404,19,10,9,Promoter,Price
8523,28316,20241213,1570,8,4,Detractor,Website
8524,33707,20251223,242,12,4,Detractor,Store experience
8525,28440,20231001,1467,10,8,Passive,Support
8526,49697,20240313,1492,4,9,Promoter,Store experience
8527,25110,20250602,1371,3,4,Detractor,Support
8528,18454,20241014,1839,2,5,Detractor,Product quality
8529,54076,20250925,248,12,6,Detractor,Product quality
8530,3146,20251205,1801,6,6,Detractor,Store experience
8531,31087,20250611,180,12,9,Promoter,Support
8532,14036,20240129,1064,6,5,Detractor,Store experience
8533,39879,20250704,920,7,6,Detractor,Product quality
8534,45383,20240723,703,2,9,Promoter,Delivery
8535,26985,20240823,495,10,5,Detractor,Price
8536,4299,20240902,853,1,8,Passive,Price
8537,37548,20250409,34,7,4,Detractor,Support
8538,41167,20240131,1855,5,9,Promoter,Delivery
8539,35215,20230820,180,8,5,Detractor,Product quality
8540,21866,20250628,392,5,8,Passive,Price
8541,29341,20231114,427,12,9,Promoter,Store experience
8542,34183,20230819,1894,3,8,Passive,Website
8543,33883,20250610,895,8,7,Passive,Price
8544,2264,20250925,793,5,8,Passive,Website
8545,19692,20241204,625,7,7,Passive,Store experience
8546,48958,20250404,3,5,4,Detractor,Price
8547,1040,20250210,1020,4,6,Detractor,Delivery
8548,33480,20241212,1634,7,5,Detractor,Support
8549,28532,20240602,688,12,7,Passive,Product quality
8550,27239,20251104,299,10,6,Detractor,Delivery
8551,35475,20240521,639,7,7,Passive,Delivery
8552,31312,20241106,1943,7,8,Passive,Price
8553,24001,20241016,489,6,8,Passive,Support
8554,57325,20250106,321,5,9,Promoter,Delivery
8555,40045,20230729,1066,4,9,Promoter,Price
8556,34970,20240302,1832,1,8,Passive,Website
8557,34649,20250719,7,11,7,Passive,Price
8558,47788,20251031,1572,4,7,Passive,Store experience
8559,11812,20250208,555,1,5,Detractor,Price
8560,10269,20250403,905,10,7,Passive,Support
8561,17681,20251229,1969,3,7,Passive,Store experience
8562,53141,20240819,553,5,5,Detractor,Support
8563,57031,20250604,1410,11,8,Passive,Support
8564,37110,20230217,1419,7,8,Passive,Price
8565,10602,20240818,1357,12,10,Promoter,Website
8566,25096,20250221,1055,3,8,Passive,Price
8567,53016,20230927,886,9,5,Detractor,Support
8568,5695,20250908,1423,10,5,Detractor,Website
8569,18463,20230604,489,2,7,Passive,Price
8570,39212,20220918,592,4,9,Promoter,Delivery
8571,18143,20240113,492,11,7,Passive,Website
8572,5537,20240519,799,6,6,Detractor,Delivery
8573,25417,20240725,1978,7,6,Detractor,Support
8574,38414,20251114,694,7,7,Passive,Support
8575,44491,20250330,298,1,6,Detractor,Store experience
8576,42440,20220923,849,1,5,Detractor,Product quality
8577,35296,20230502,1179,3,9,Promoter,Price
8578,27566,20250519,1484,8,9,Promoter,Product quality
8579,19371,20240331,634,10,10,Promoter,Price
8580,38086,20241001,25,4,10,Promoter,Store experience
8581,37759,20240626,565,12,7,Passive,Product quality
8582,7123,20251228,131,11,4,Detractor,Price
8583,24174,20251118,984,12,8,Passive,Store experience
8584,25515,20231215,1888,6,8,Passive,Store experience
8585,1700,20230628,1381,8,4,Detractor,Product quality
8586,13638,20250104,1622,10,4,Detractor,Delivery
8587,5377,20251231,925,2,9,Promoter,Website
8588,11510,20250307,1572,10,6,Detractor,Website
8589,16695,20240420,1727,6,9,Promoter,Website
8590,36711,20240831,1009,11,7,Passive,Price
8591,34964,20241210,580,12,8,Passive,Support
8592,54296,20231229,1292,5,6,Detractor,Product quality
8593,26876,20250906,940,2,7,Passive,Delivery
8594,34320,20240606,71,3,6,Detractor,Support
8595,38520,20240331,1985,7,6,Detractor,Product quality
8596,5849,20240215,1038,7,9,Promoter,Website
8597,21023,20230703,1075,1,9,Promoter,Website
8598,30157,20240921,1506,11,10,Promoter,Store experience
8599,9742,20250501,355,11,8,Passive,Support
8600,42277,20240629,1507,12,10,Promoter,Delivery
8601,17136,20250118,1782,7,7,Passive,Price
8602,28613,20231014,927,2,7,Passive,Store experience
8603,52137,20240715,1323,7,6,Detractor,Website
8604,56697,20250926,895,4,5,Detractor,Website
8605,44017,20230224,1161,11,4,Detractor,Store experience
8606,49559,20250305,1098,2,5,Detractor,Website
8607,50677,20240818,1964,9,7,Passive,Support
8608,17384,20230116,273,11,10,Promoter,Support
8609,36303,20250202,363,10,7,Passive,Support
8610,22316,20250507,910,10,7,Passive,Price
8611,14376,20221008,1318,8,6,Detractor,Store experience
8612,28499,20240916,1725,6,7,Passive,Price
8613,4708,20241008,1793,6,7,Passive,Support
8614,49857,20230215,205,5,6,Detractor,Price
8615,48282,20250827,851,9,8,Passive,Product quality
8616,468,20240222,990,1,8,Passive,Delivery
8617,35211,20231009,724,9,5,Detractor,Delivery
8618,27869,20231024,627,11,7,Passive,Website
8619,33357,20231208,1606,9,8,Passive,Store experience
8620,58492,20250626,161,1,4,Detractor,Website
8621,59583,20251009,1150,2,6,Detractor,Website
8622,23849,20231226,1738,12,7,Passive,Price
8623,23030,20250522,1327,5,5,Detractor,Store experience
8624,25199,20220823,939,1,7,Passive,Support
8625,42489,20240204,342,7,9,Promoter,Support
8626,41159,20250910,1596,12,8,Passive,Price
8627,39624,20241227,1006,9,10,Promoter,Product quality
8628,17729,20251231,862,8,5,Detractor,Product quality
8629,24810,20251231,1307,6,8,Passive,Support
8630,26663,20250619,1478,12,5,Detractor,Delivery
8631,43604,20250319,298,6,4,Detractor,Support
8632,58352,20231218,1856,12,8,Passive,Website
8633,13633,20240627,50,12,9,Promoter,Delivery
8634,31507,20250515,47,8,7,Passive,Price
8635,45182,20240508,1591,9,2,Detractor,Price
8636,28379,20240523,1477,7,6,Detractor,Price
8637,42404,20221002,1638,9,7,Passive,Store experience
8638,9698,20230323,421,10,8,Passive,Website
8639,17423,20240509,1516,2,4,Detractor,Website
8640,14067,20240820,689,10,8,Passive,Store experience
8641,39524,20240508,62,1,8,Passive,Price
8642,7730,20250513,446,7,5,Detractor,Website
8643,42799,20231206,1993,1,5,Detractor,Website
8644,52645,20250828,1540,10,7,Passive,Product quality
8645,10984,20220408,1115,12,6,Detractor,Store experience
8646,2565,20250914,156,8,8,Passive,Support
8647,49989,20240901,95,4,8,Passive,Support
8648,16733,20231003,66,11,6,Detractor,Website
8649,23199,20250611,1060,3,7,Passive,Support
8650,36678,20241211,1985,4,8,Passive,Store experience
8651,9656,20250805,1929,10,7,Passive,Delivery
8652,20908,20251231,1601,3,7,Passive,Support
8653,24105,20240308,467,1,5,Detractor,Support
8654,57957,20230410,739,7,5,Detractor,Delivery
8655,35511,20241028,661,11,9,Promoter,Product quality
8656,57237,20240502,733,3,5,Detractor,Website
8657,39667,20240802,268,5,7,Passive,Store experience
8658,21040,20240120,309,12,5,Detractor,Price
8659,21731,20231106,1862,6,7,Passive,Store experience
8660,48919,20240728,1926,5,6,Detractor,Support
8661,12739,20240618,686,8,10,Promoter,Delivery
8662,9452,20250926,1082,7,6,Detractor,Website
8663,55566,20250521,153,1,7,Passive,Price
8664,20670,20240814,101,12,8,Passive,Store experience
8665,26728,20250917,789,5,8,Passive,Store experience
8666,45353,20240712,1405,11,7,Passive,Delivery
8667,6586,20240810,1729,9,8,Passive,Website
8668,37588,20230706,124,8,8,Passive,Delivery
8669,19508,20230918,1986,2,4,Detractor,Support
8670,27463,20250704,1138,5,6,Detractor,Support
8671,9470,20250822,1247,2,7,Passive,Delivery
8672,40329,20220911,911,11,10,Promoter,Website
8673,20748,20241102,1726,7,8,Passive,Delivery
8674,36735,20250318,440,3,6,Detractor,Support
8675,40395,20250830,321,12,9,Promoter,Website
8676,34094,20241028,821,9,6,Detractor,Price
8677,1871,20220427,543,2,7,Passive,Support
8678,40745,20251231,222,6,8,Passive,Store experience
8679,42396,20251228,1589,1,7,Passive,Store experience
8680,54612,20241231,1700,2,4,Detractor,Delivery
8681,19501,20230526,1473,9,5,Detractor,Product quality
8682,10446,20230912,1303,7,8,Passive,Website
8683,22387,20240817,1716,11,7,Passive,Product quality
8684,38352,20251022,845,1,8,Passive,Support
8685,7230,20240308,847,1,9,Promoter,Delivery
8686,32179,20250903,557,8,8,Passive,Store experience
8687,17812,20230316,764,9,8,Passive,Support
8688,53885,20241106,91,4,8,Passive,Store experience
8689,2749,20241107,174,12,6,Detractor,Product quality
8690,53575,20240804,1875,6,10,Promoter,Store experience
8691,14372,20251029,1031,4,6,Detractor,Store experience
8692,40766,20251025,640,4,9,Promoter,Delivery
8693,46339,20240717,1270,4,5,Detractor,Support
8694,21555,20250414,323,4,10,Promoter,Store experience
8695,52091,20230518,637,7,10,Promoter,Delivery
8696,43625,20241126,1197,10,6,Detractor,Price
8697,26567,20250127,1156,5,7,Passive,Support
8698,47677,20240922,229,11,5,Detractor,Delivery
8699,58723,20250303,1384,3,5,Detractor,Product quality
8700,23332,20230916,497,7,7,Passive,Support
8701,57683,20241119,1583,12,7,Passive,Store experience
8702,58610,20231004,248,1,5,Detractor,Store experience
8703,15876,20230719,844,4,6,Detractor,Website
8704,2789,20240518,1165,3,9,Promoter,Website
8705,31770,20250730,1015,9,8,Passive,Support
8706,45300,20250116,1215,9,7,Passive,Product quality
8707,20356,20251124,1044,8,5,Detractor,Delivery
8708,34139,20251231,636,9,5,Detractor,Store experience
8709,30234,20240519,1614,8,5,Detractor,Delivery
8710,30911,20231230,680,3,9,Promoter,Store experience
8711,35925,20250319,157,2,9,Promoter,Support
8712,2192,20250710,1869,1,5,Detractor,Price
8713,59646,20241124,1341,8,7,Passive,Price
8714,38062,20250426,1271,2,4,Detractor,Product quality
8715,35688,20230510,818,11,8,Passive,Price
8716,4856,20240812,1475,12,8,Passive,Price
8717,41075,20250814,1108,9,8,Passive,Support
8718,52593,20250824,330,4,8,Passive,Price
8719,41265,20231211,657,12,5,Detractor,Delivery
8720,43522,20220627,1382,1,6,Detractor,Support
8721,9258,20250324,206,12,9,Promoter,Delivery
8722,47167,20241001,84,4,8,Passive,Product quality
8723,29704,20241003,1713,10,7,Passive,Price
8724,37763,20230806,510,3,8,Passive,Store experience
8725,29901,20230804,976,10,8,Passive,Store experience
8726,8486,20240428,300,6,7,Passive,Product quality
8727,41100,20240423,53,12,7,Passive,Website
8728,31849,20231228,365,10,8,Passive,Delivery
8729,58785,20231109,1623,5,9,Promoter,Website
8730,45931,20231008,1717,1,7,Passive,Product quality
8731,31099,20231125,1116,5,5,Detractor,Website
8732,15003,20230804,252,9,9,Promoter,Delivery
8733,19974,20241226,1494,9,8,Passive,Product quality
8734,54014,20240509,1323,1,6,Detractor,Product quality
8735,48393,20250111,1417,5,9,Promoter,Product quality
8736,43347,20231210,1652,9,5,Detractor,Price
8737,37385,20250723,556,1,10,Promoter,Price
8738,254,20250808,1462,10,7,Passive,Delivery
8739,40913,20250810,419,1,7,Passive,Support
8740,43000,20250608,285,1,4,Detractor,Price
8741,51409,20251209,98,1,7,Passive,Delivery
8742,18474,20250321,445,11,4,Detractor,Support
8743,46141,20240517,846,7,9,Promoter,Support
8744,38902,20240916,1707,4,9,Promoter,Support
8745,53083,20230827,1254,2,7,Passive,Product quality
8746,3517,20231101,156,4,5,Detractor,Website
8747,19842,20251016,1266,6,7,Passive,Delivery
8748,28106,20250516,291,11,8,Passive,Support
8749,11964,20240708,361,7,6,Detractor,Delivery
8750,39550,20250429,1497,10,9,Promoter,Price
8751,18320,20250714,1734,9,6,Detractor,Website
8752,15758,20250108,1639,12,9,Promoter,Support
8753,22620,20220719,976,9,6,Detractor,Support
8754,52924,20230102,33,7,8,Passive,Product quality
8755,20181,20220429,92,11,8,Passive,Website
8756,30386,20231024,515,7,9,Promoter,Product quality
8757,49276,20251231,1163,11,6,Detractor,Website
8758,45409,20230702,551,8,5,Detractor,Website
8759,4707,20241007,1597,11,4,Detractor,Price
8760,25505,20250201,793,11,6,Detractor,Product quality
8761,52627,20220524,1287,11,7,Passive,Support
8762,48987,20231024,656,8,5,Detractor,Delivery
8763,13676,20240424,1310,12,7,Passive,Store experience
8764,59633,20241206,1310,10,8,Passive,Store experience
8765,43246,20240626,1840,9,4,Detractor,Price
8766,46477,20250313,1268,5,6,Detractor,Delivery
8767,5104,20250218,1254,1,8,Passive,Product quality
8768,11060,20241218,313,12,5,Detractor,Store experience
8769,28647,20250606,266,4,4,Detractor,Store experience
8770,23316,20250616,1400,12,4,Detractor,Store experience
8771,33085,20231115,1640,8,5,Detractor,Store experience
8772,3977,20240811,523,4,5,Detractor,Website
8773,20281,20251118,335,1,8,Passive,Support
8774,33015,20221119,1494,12,5,Detractor,Delivery
8775,14560,20230705,848,3,7,Passive,Delivery
8776,19226,20250909,1622,6,8,Passive,Product quality
8777,42447,20241123,319,7,8,Passive,Website
8778,22680,20251231,249,7,8,Passive,Support
8779,14710,20251219,467,8,9,Promoter,Delivery
8780,863,20231023,942,7,7,Passive,Store experience
8781,49919,20240601,921,2,6,Detractor,Store experience
8782,50093,20220807,496,2,5,Detractor,Website
8783,50760,20230414,1330,3,10,Promoter,Website
8784,27219,20250722,1251,6,9,Promoter,Product quality
8785,40142,20240207,113,3,7,Passive,Product quality
8786,45501,20240608,1223,5,6,Detractor,Website
8787,18280,20230409,1980,7,6,Detractor,Price
8788,18546,20220907,416,11,9,Promoter,Price
8789,54723,20240615,1677,1,5,Detractor,Support
8790,38980,20240416,1192,6,8,Passive,Website
8791,28187,20230801,341,10,6,Detractor,Support
8792,27490,20241015,1154,12,7,Passive,Product quality
8793,57585,20250204,443,2,6,Detractor,Store experience
8794,5053,20221011,742,12,6,Detractor,Store experience
8795,11921,20230330,553,7,8,Passive,Support
8796,59783,20240527,1934,2,8,Passive,Product quality
8797,927,20251208,1793,5,8,Passive,Store experience
8798,14449,20250830,1329,2,8,Passive,Website
8799,58782,20230705,572,8,5,Detractor,Website
8800,6833,20250530,300,9,6,Detractor,Price
8801,28319,20251024,547,11,7,Passive,Support
8802,42743,20221219,963,6,7,Passive,Delivery
8803,12696,20240225,197,6,7,Passive,Support
8804,56701,20250122,1635,2,8,Passive,Website
8805,307,20240923,829,10,5,Detractor,Price
8806,4041,20230331,1586,1,7,Passive,Price
8807,28259,20241204,1931,8,7,Passive,Delivery
8808,5830,20230611,1636,5,10,Promoter,Delivery
8809,3008,20250322,1879,7,7,Passive,Store experience
8810,32551,20240122,1924,6,10,Promoter,Price
8811,34631,20230927,1412,2,7,Passive,Price
8812,44210,20240527,871,5,7,Passive,Delivery
8813,15131,20250627,248,5,9,Promoter,Product quality
8814,58951,20231103,1657,7,9,Promoter,Price
8815,17959,20250209,680,12,9,Promoter,Website
8816,17955,20241223,851,12,9,Promoter,Website
8817,2009,20250722,461,4,7,Passive,Store experience
8818,59439,20241204,1628,3,10,Promoter,Delivery
8819,45843,20250609,650,3,3,Detractor,Delivery
8820,7394,20251028,631,1,8,Passive,Product quality
8821,35458,20250814,866,7,6,Detractor,Price
8822,37725,20250210,979,5,6,Detractor,Product quality
8823,14143,20250724,1679,12,6,Detractor,Support
8824,49352,20231211,914,8,7,Passive,Store experience
8825,50103,20240712,896,4,9,Promoter,Support
8826,55431,20220813,1223,12,10,Promoter,Support
8827,11402,20250614,1743,5,3,Detractor,Store experience
8828,32632,20240614,170,3,4,Detractor,Delivery
8829,25657,20250217,12,3,5,Detractor,Support
8830,57342,20240730,524,8,7,Passive,Store experience
8831,30749,20240328,907,7,6,Detractor,Store experience
8832,30053,20240607,1760,5,10,Promoter,Website
8833,7630,20240318,139,6,6,Detractor,Support
8834,6598,20240703,1240,9,7,Passive,Support
8835,52367,20250108,712,6,6,Detractor,Website
8836,31141,20240624,47,5,9,Promoter,Store experience
8837,24165,20251015,1946,8,10,Promoter,Product quality
8838,57908,20250717,837,4,7,Passive,Price
8839,6141,20250314,404,1,5,Detractor,Price
8840,48912,20231130,1701,12,10,Promoter,Product quality
8841,49383,20231120,1232,12,7,Passive,Delivery
8842,10488,20240308,1800,12,6,Detractor,Price
8843,5629,20250205,183,12,8,Passive,Product quality
8844,4310,20250720,198,4,9,Promoter,Price
8845,16281,20240805,685,7,10,Promoter,Support
8846,54394,20230610,416,2,7,Passive,Support
8847,302,20240915,1779,2,7,Passive,Product quality
8848,32613,20250107,312,1,8,Passive,Price
8849,19249,20251128,991,1,6,Detractor,Store experience
8850,31110,20250511,523,11,10,Promoter,Support
8851,6513,20250115,665,11,3,Detractor,Delivery
8852,26704,20230909,733,8,8,Passive,Support
8853,51734,20241129,568,12,9,Promoter,Store experience
8854,11701,20250112,1686,11,7,Passive,Price
8855,32351,20221007,1245,2,6,Detractor,Product quality
8856,19345,20240513,80,6,8,Passive,Store experience
8857,53264,20240414,1793,7,3,Detractor,Store experience
8858,51921,20231111,522,9,7,Passive,Support
8859,52053,20221223,212,12,5,Detractor,Support
8860,50684,20230212,45,7,7,Passive,Support
8861,50498,20251011,823,4,9,Promoter,Product quality
8862,57718,20231207,1484,8,5,Detractor,Product quality
8863,37062,20240419,1648,9,5,Detractor,Support
8864,28598,20230621,661,7,6,Detractor,Store experience
8865,32160,20250604,586,11,5,Detractor,Product quality
8866,39277,20250419,1678,5,7,Passive,Support
8867,33308,20231118,787,8,8,Passive,Website
8868,9879,20250529,1106,9,8,Passive,Product quality
8869,43592,20231010,774,12,7,Passive,Website
8870,42250,20250915,1717,8,7,Passive,Website
8871,6952,20230308,407,8,9,Promoter,Price
8872,31380,20250128,1735,5,7,Passive,Price
8873,14119,20251030,390,4,6,Detractor,Price
8874,22317,20250606,910,10,4,Detractor,Website
8875,33184,20230902,1775,11,9,Promoter,Product quality
8876,27586,20240614,913,11,6,Detractor,Product quality
8877,17291,20250105,1855,7,8,Passive,Delivery
8878,5863,20240610,1194,10,4,Detractor,Product quality
8879,31925,20250522,648,8,7,Passive,Price
8880,38907,20251211,385,7,7,Passive,Support
8881,34359,20250301,1095,3,8,Passive,Store experience
8882,45774,20240730,781,5,7,Passive,Website
8883,11948,20250829,560,11,7,Passive,Price
8884,9056,20220916,1540,6,5,Detractor,Store experience
8885,50839,20250104,777,6,9,Promoter,Support
8886,40850,20241106,80,7,6,Detractor,Support
8887,38494,20251231,903,1,5,Detractor,Website
8888,58159,20241019,784,11,10,Promoter,Store experience
8889,25783,20241221,1461,10,3,Detractor,Website
8890,25796,20230407,630,10,5,Detractor,Product quality
8891,34572,20220728,949,6,2,Detractor,Price
8892,58619,20221109,877,5,7,Passive,Delivery
8893,41931,20221125,1686,11,8,Passive,Support
8894,39966,20240310,731,9,7,Passive,Price
8895,34052,20230923,429,11,9,Promoter,Store experience
8896,44570,20221007,419,12,9,Promoter,Support
8897,39469,20250307,52,5,8,Passive,Delivery
8898,2174,20241127,1625,12,6,Detractor,Store experience
8899,12683,20241013,1936,6,6,Detractor,Store experience
8900,41390,20250529,1785,6,7,Passive,Price
8901,4814,20231020,1284,3,8,Passive,Store experience
8902,54327,20240210,980,6,7,Passive,Store experience
8903,6363,20250324,1742,7,4,Detractor,Delivery
8904,2463,20240915,688,2,6,Detractor,Delivery
8905,30524,20250209,348,4,8,Passive,Store experience
8906,49238,20231021,411,2,9,Promoter,Price
8907,35096,20240115,526,9,10,Promoter,Website
8908,25970,20240908,1892,6,5,Detractor,Price
8909,45282,20240907,330,7,10,Promoter,Store experience
8910,39425,20250430,1837,2,7,Passive,Store experience
8911,54289,20230210,569,5,6,Detractor,Support
8912,28501,20250705,370,12,7,Passive,Store experience
8913,13994,20230626,522,8,5,Detractor,Website
8914,31072,20240917,1964,4,9,Promoter,Website
8915,7921,20241117,1458,5,6,Detractor,Delivery
8916,33874,20230619,854,6,8,Passive,Store experience
8917,45626,20240910,445,7,10,Promoter,Price
8918,27386,20221001,22,8,5,Detractor,Price
8919,20628,20240226,1782,5,8,Passive,Store experience
8920,50413,20251024,728,4,4,Detractor,Support
8921,40420,20240412,1012,6,6,Detractor,Product quality
8922,5135,20240206,145,11,7,Passive,Delivery
8923,49429,20240625,474,9,9,Promoter,Support
8924,45573,20240821,1552,5,6,Detractor,Product quality
8925,40156,20231129,1520,5,4,Detractor,Website
8926,3171,20231209,384,11,6,Detractor,Website
8927,45687,20231104,927,7,8,Passive,Price
8928,56172,20240523,1647,8,5,Detractor,Product quality
8929,25375,20240602,1523,7,9,Promoter,Website
8930,32816,20231023,943,9,4,Detractor,Price
8931,51409,20251130,98,1,7,Passive,Delivery
8932,23562,20240229,681,3,6,Detractor,Store experience
8933,28579,20221001,1719,10,7,Passive,Website
8934,34467,20250828,726,3,5,Detractor,Delivery
8935,17776,20230512,1858,9,6,Detractor,Website
8936,30822,20251231,958,5,7,Passive,Price
8937,34565,20230806,267,10,6,Detractor,Product quality
8938,33822,20230507,929,9,6,Detractor,Product quality
8939,52234,20240921,1875,6,5,Detractor,Product quality
8940,41232,20250317,1949,3,8,Passive,Price
8941,35834,20251127,205,8,7,Passive,Price
8942,32643,20241030,627,6,7,Passive,Website
8943,34960,20240524,1104,1,7,Passive,Product quality
8944,10052,20240706,1205,8,7,Passive,Product quality
8945,25919,20250110,943,7,6,Detractor,Delivery
8946,39082,20230927,67,1,6,Detractor,Price
8947,18786,20230425,473,3,6,Detractor,Delivery
8948,300,20230830,910,2,10,Promoter,Website
8949,17948,20230916,1402,2,5,Detractor,Price
8950,7257,20250319,1712,9,5,Detractor,Price
8951,45845,20241219,166,7,7,Passive,Delivery
8952,19657,20250306,1633,10,9,Promoter,Product quality
8953,18279,20230509,1980,7,8,Passive,Product quality
8954,17361,20240831,818,12,6,Detractor,Store experience
8955,37928,20250801,1352,2,5,Detractor,Delivery
8956,28698,20240403,741,1,6,Detractor,Website
8957,35538,20250513,1215,2,7,Passive,Support
8958,38247,20231020,247,8,6,Detractor,Store experience
8959,23768,20251226,1200,10,8,Passive,Product quality
8960,45389,20250905,210,9,8,Passive,Support
8961,19790,20240422,49,8,5,Detractor,Website
8962,33178,20250305,1883,10,7,Passive,Price
8963,37092,20241217,1450,12,7,Passive,Product quality
8964,3047,20240922,1925,1,6,Detractor,Website
8965,53735,20231012,839,9,7,Passive,Price
8966,15889,20251110,1030,7,8,Passive,Store experience
8967,5897,20231014,856,1,8,Passive,Website
8968,48817,20251017,44,8,7,Passive,Product quality
8969,28977,20240531,1188,7,6,Detractor,Product quality
8970,41188,20250504,3,8,9,Promoter,Support
8971,29474,20220709,209,8,1,Detractor,Website
8972,59520,20251124,1049,3,6,Detractor,Support
8973,48509,20230104,147,12,6,Detractor,Support
8974,14142,20250721,1679,12,6,Detractor,Price
8975,13721,20250615,807,10,4,Detractor,Support
8976,18770,20251105,1545,4,9,Promoter,Support
8977,55865,20230512,745,6,6,Detractor,Website
8978,8651,20240209,1057,3,9,Promoter,Support
8979,48363,20240629,945,6,9,Promoter,Website
8980,28767,20251015,654,1,8,Passive,Delivery
8981,34683,20250331,1075,8,7,Passive,Store experience
8982,34162,20250916,557,12,8,Passive,Price
8983,1712,20240219,499,8,6,Detractor,Price
8984,25480,20230221,1013,7,7,Passive,Support
8985,10351,20251231,44,7,4,Detractor,Price
8986,7838,20231108,1940,4,8,Passive,Delivery
8987,9473,20240401,562,9,10,Promoter,Support
8988,45344,20230608,1910,9,5,Detractor,Website
8989,33352,20250125,1711,2,7,Passive,Price
8990,3396,20250522,1948,6,7,Passive,Delivery
8991,262,20230718,71,6,8,Passive,Support
8992,49541,20230124,63,6,7,Passive,Delivery
8993,30151,20240303,1799,6,5,Detractor,Product quality
8994,17722,20240727,40,6,5,Detractor,Price
8995,156,20250712,891,5,7,Passive,Store experience
8996,2111,20241108,388,5,7,Passive,Delivery
8997,2174,20241129,1625,12,10,Promoter,Price
8998,22023,20230318,1304,7,10,Promoter,Product quality
8999,34958,20251216,287,7,7,Passive,Support
9000,42046,20230217,639,12,8,Passive,Price
