BudgetID,MonthStartDateKey,StoreKey,ProductCategoryKey,BudgetSalesAmount,BudgetGrossMarginAmount,BudgetUnits
1,20220101,1,1,17912.6,4627.4,670
2,20220101,1,2,64068.63,28344.71,593
3,20220101,1,3,17510.13,4622.24,540
4,20220101,1,4,14624.49,4361.41,891
5,20220101,1,5,40976.98,18874.79,306
6,20220101,1,6,38202.94,13937.46,614
7,20220101,2,1,61065.93,26894.31,282
8,20220101,2,2,22033.59,9721.76,850
9,20220101,2,3,81300.01,38167.52,1103
10,20220101,2,4,41344.21,12455.8,880
11,20220101,2,5,69180.03,26596.27,1193
12,20220101,2,6,46362.85,13713.22,1170
13,20220101,3,1,19180.06,6925.27,1072
14,20220101,3,2,52210.26,24533.83,86
15,20220101,3,3,65599.24,23444.89,233
16,20220101,3,4,41366.85,19250.7,250
17,20220101,3,5,51919.27,20989.24,1033
18,20220101,3,6,70249.37,32242.42,877
19,20220101,4,1,10610.1,3296.2,849
20,20220101,4,2,14299.28,6002.81,776
21,20220101,4,3,17608.93,6660.35,1014
22,20220101,4,4,56178.02,19716.13,462
23,20220101,4,5,19008.5,6844.72,800
24,20220101,4,6,51306.44,16939.06,666
25,20220101,5,1,83366.94,23691.02,705
26,20220101,5,2,67718.38,19311.81,765
27,20220101,5,3,57580.5,20537.46,705
28,20220101,5,4,12229.09,4255.31,795
29,20220101,5,5,19159.82,7209.6,382
30,20220101,5,6,56335.58,19992.46,1099
31,20220101,6,1,15867.93,3910.89,1042
32,20220101,6,2,42923.22,15575.98,868
33,20220101,6,3,23631.98,5391.28,716
34,20220101,6,4,29794.88,9082.88,840
35,20220101,6,5,21147.13,6986.52,146
36,20220101,6,6,31876.58,12191.22,212
37,20220101,7,1,27782.91,8025.2,822
38,20220101,7,2,28768.17,10668.2,191
39,20220101,7,3,44928.6,16359.64,397
40,20220101,7,4,63494.29,19190.57,450
41,20220101,7,5,55409.16,16441.83,513
42,20220101,7,6,11660.22,3233.94,340
43,20220101,8,1,11905.37,4851.76,1064
44,20220101,8,2,41191.1,11125.66,537
45,20220101,8,3,27423.8,8760.17,726
46,20220101,8,4,61341.78,24050.68,509
47,20220101,8,5,49820.06,14034.29,631
48,20220101,8,6,15467.32,6030.0,103
49,20220101,9,1,61396.3,24173.89,1073
50,20220101,9,2,62195.1,14129.08,595
51,20220101,9,3,32558.49,7163.49,872
52,20220101,9,4,11385.47,2891.31,883
53,20220101,9,5,32030.39,13423.14,600
54,20220101,9,6,10111.24,2447.85,901
55,20220101,10,1,75077.26,29485.42,684
56,20220101,10,2,27220.44,8791.64,829
57,20220101,10,3,13112.4,4163.36,617
58,20220101,10,4,20759.17,9783.9,734
59,20220101,10,5,73110.95,17460.34,169
60,20220101,10,6,64734.1,22143.32,388
61,20220101,11,1,40549.29,14986.98,983
62,20220101,11,2,48377.86,10716.53,962
63,20220101,11,3,33855.62,11476.24,1079
64,20220101,11,4,47832.27,19415.89,920
65,20220101,11,5,30993.12,11509.09,1124
66,20220101,11,6,26833.21,6077.5,315
67,20220101,12,1,79720.76,20986.22,331
68,20220101,12,2,77454.61,31611.36,793
69,20220101,12,3,53099.34,13132.83,1068
70,20220101,12,4,66341.57,21766.32,932
71,20220101,12,5,17746.2,4172.64,484
72,20220101,12,6,65578.16,15121.21,1183
73,20220201,1,1,17279.34,4160.67,403
74,20220201,1,2,55660.82,14658.39,1175
75,20220201,1,3,59302.51,16262.61,747
76,20220201,1,4,53437.54,14229.04,1108
77,20220201,1,5,29371.5,10820.05,776
78,20220201,1,6,49385.1,11612.61,385
79,20220201,2,1,52676.65,15547.59,1101
80,20220201,2,2,72748.89,20401.23,772
81,20220201,2,3,89611.83,27146.78,1043
82,20220201,2,4,42994.7,17363.26,322
83,20220201,2,5,19005.17,6988.01,245
84,20220201,2,6,18463.76,5209.61,638
85,20220201,3,1,42205.29,11461.73,617
86,20220201,3,2,11525.04,4101.84,1085
87,20220201,3,3,82066.51,29250.89,937
88,20220201,3,4,41158.94,18263.64,710
89,20220201,3,5,39250.19,12020.3,402
90,20220201,3,6,35434.84,10443.31,1161
91,20220201,4,1,37607.49,15458.27,334
92,20220201,4,2,13510.52,5584.19,239
93,20220201,4,3,18021.05,4105.53,263
94,20220201,4,4,57673.72,23977.26,1108
95,20220201,4,5,69863.98,22460.54,214
96,20220201,4,6,28118.13,12506.05,1158
97,20220201,5,1,64502.28,21072.84,835
98,20220201,5,2,17246.1,5209.75,501
99,20220201,5,3,37121.79,10245.88,490
100,20220201,5,4,66710.0,30606.29,561
101,20220201,5,5,66839.32,32010.7,826
102,20220201,5,6,41703.38,17181.47,335
103,20220201,6,1,23369.22,7663.16,333
104,20220201,6,2,41659.83,13134.03,591
105,20220201,6,3,15586.33,7263.71,1003
106,20220201,6,4,34620.46,10191.14,507
107,20220201,6,5,12532.37,5179.14,1080
108,20220201,6,6,56192.4,24099.35,423
109,20220201,7,1,18378.26,5643.11,769
110,20220201,7,2,44305.3,19191.12,369
111,20220201,7,3,68113.22,26081.63,361
112,20220201,7,4,42803.54,20255.36,1146
113,20220201,7,5,28568.8,13285.77,1012
114,20220201,7,6,25764.04,6812.38,419
115,20220201,8,1,48007.3,19700.9,959
116,20220201,8,2,52991.04,25109.07,960
117,20220201,8,3,51613.94,19342.18,663
118,20220201,8,4,59809.11,23371.28,387
119,20220201,8,5,48632.17,17434.0,263
120,20220201,8,6,35757.3,8372.02,1015
121,20220201,9,1,36792.03,14578.73,349
122,20220201,9,2,50873.42,13451.72,517
123,20220201,9,3,58059.66,22384.12,1133
124,20220201,9,4,27086.25,7374.45,1012
125,20220201,9,5,18576.82,5099.31,822
126,20220201,9,6,18739.97,8023.69,844
127,20220201,10,1,67722.57,17815.8,423
128,20220201,10,2,33366.75,9920.35,478
129,20220201,10,3,38879.1,13581.02,575
130,20220201,10,4,57508.45,26715.22,892
131,20220201,10,5,61026.97,15246.13,662
132,20220201,10,6,82305.68,28212.5,642
133,20220201,11,1,45739.24,13282.54,119
134,20220201,11,2,14521.53,4601.15,817
135,20220201,11,3,37857.88,8802.62,538
136,20220201,11,4,61070.57,17896.51,1154
137,20220201,11,5,64371.93,28956.4,709
138,20220201,11,6,60752.86,22676.65,659
139,20220201,12,1,60756.76,23906.88,762
140,20220201,12,2,44520.39,16033.76,446
141,20220201,12,3,83308.21,31154.76,960
142,20220201,12,4,77393.94,27249.15,1010
143,20220201,12,5,24393.92,6201.12,187
144,20220201,12,6,32118.97,8063.27,593
145,20220301,1,1,13302.61,6090.68,96
146,20220301,1,2,16745.0,4185.81,383
147,20220301,1,3,38686.34,11985.62,1153
148,20220301,1,4,22826.0,5712.15,831
149,20220301,1,5,71862.79,29971.76,776
150,20220301,1,6,51153.99,23237.4,387
151,20220301,2,1,21359.58,5364.07,472
152,20220301,2,2,63020.03,29189.77,394
153,20220301,2,3,34489.95,13830.3,698
154,20220301,2,4,51495.06,12184.03,854
155,20220301,2,5,33651.68,14095.09,918
156,20220301,2,6,60976.68,18531.93,459
157,20220301,3,1,55369.64,15026.21,313
158,20220301,3,2,55426.14,21260.72,922
159,20220301,3,3,63895.57,29178.04,367
160,20220301,3,4,71443.38,28726.63,270
161,20220301,3,5,74945.02,27655.73,424
162,20220301,3,6,47248.94,20525.42,300
163,20220301,4,1,35980.02,12912.5,566
164,20220301,4,2,22751.11,10908.25,781
165,20220301,4,3,76081.99,18880.63,565
166,20220301,4,4,47290.73,12811.14,588
167,20220301,4,5,31060.47,11766.29,955
168,20220301,4,6,64803.41,19514.31,1135
169,20220301,5,1,44579.73,19618.57,1136
170,20220301,5,2,27199.01,8002.71,200
171,20220301,5,3,49012.96,15558.59,480
172,20220301,5,4,81981.5,32535.51,163
173,20220301,5,5,17620.82,4824.25,715
174,20220301,5,6,82200.68,30473.67,457
175,20220301,6,1,25256.77,12097.12,1026
176,20220301,6,2,20644.96,6116.97,941
177,20220301,6,3,57270.18,19510.5,982
178,20220301,6,4,70590.6,15788.95,195
179,20220301,6,5,14336.95,4640.95,945
180,20220301,6,6,69752.0,28747.8,573
181,20220301,7,1,70131.36,32601.36,934
182,20220301,7,2,14769.53,6777.22,964
183,20220301,7,3,49963.1,19842.58,755
184,20220301,7,4,13300.11,4744.88,871
185,20220301,7,5,11642.12,3300.13,364
186,20220301,7,6,23867.34,8712.82,1020
187,20220301,8,1,42098.84,10557.1,925
188,20220301,8,2,38319.56,13743.88,609
189,20220301,8,3,38495.28,17179.42,559
190,20220301,8,4,37355.64,8272.32,593
191,20220301,8,5,12013.46,4483.35,971
192,20220301,8,6,54566.17,17949.77,179
193,20220301,9,1,34423.69,13077.65,239
194,20220301,9,2,63702.92,17427.33,829
195,20220301,9,3,43633.47,14422.71,849
196,20220301,9,4,55162.09,16774.16,369
197,20220301,9,5,51052.2,15299.44,646
198,20220301,9,6,10241.63,4474.19,1043
199,20220301,10,1,16326.97,3755.3,402
200,20220301,10,2,83305.23,29876.86,595
201,20220301,10,3,87718.75,36749.43,939
202,20220301,10,4,64790.89,28066.75,485
203,20220301,10,5,65800.15,14904.05,468
204,20220301,10,6,52959.53,12796.12,932
205,20220301,11,1,25635.73,9322.83,834
206,20220301,11,2,22081.12,8192.47,857
207,20220301,11,3,65823.8,22638.4,262
208,20220301,11,4,33717.04,7421.73,259
209,20220301,11,5,61874.03,28116.65,952
210,20220301,11,6,47028.8,15993.35,895
211,20220301,12,1,53465.0,21315.73,584
212,20220301,12,2,45019.35,12110.65,652
213,20220301,12,3,63194.96,16307.08,332
214,20220301,12,4,36691.49,14880.28,523
215,20220301,12,5,68961.91,24498.91,296
216,20220301,12,6,27045.69,9578.08,1192
217,20220401,1,1,10616.42,2985.93,585
218,20220401,1,2,28455.01,8689.62,926
219,20220401,1,3,59110.99,13745.34,1178
220,20220401,1,4,49579.19,21583.51,358
221,20220401,1,5,35070.44,15066.25,559
222,20220401,1,6,36480.23,8799.08,650
223,20220401,2,1,94294.9,24612.63,439
224,20220401,2,2,40688.41,18978.68,351
225,20220401,2,3,62867.41,25609.65,92
226,20220401,2,4,38549.97,17934.14,1017
227,20220401,2,5,40334.37,12916.84,748
228,20220401,2,6,47476.13,16534.65,710
229,20220401,3,1,71313.36,30288.6,383
230,20220401,3,2,62887.25,21876.17,965
231,20220401,3,3,14776.85,3834.44,355
232,20220401,3,4,74861.93,33582.29,146
233,20220401,3,5,77560.61,27823.04,209
234,20220401,3,6,14461.97,5085.62,781
235,20220401,4,1,50706.96,14742.0,510
236,20220401,4,2,85587.19,23987.64,319
237,20220401,4,3,49970.82,17673.53,754
238,20220401,4,4,52682.45,18737.22,508
239,20220401,4,5,36946.59,16794.84,200
240,20220401,4,6,26808.08,6378.56,108
241,20220401,5,1,20220.34,8384.68,665
242,20220401,5,2,16079.07,4081.17,993
243,20220401,5,3,73967.91,16567.82,1000
244,20220401,5,4,24534.71,11083.68,879
245,20220401,5,5,30386.77,11565.27,1117
246,20220401,5,6,92441.89,24542.08,604
247,20220401,6,1,36011.37,16935.59,309
248,20220401,6,2,48293.4,19320.08,1125
249,20220401,6,3,71175.0,23190.47,560
250,20220401,6,4,74882.44,33579.77,332
251,20220401,6,5,39425.71,11276.27,538
252,20220401,6,6,44629.78,14795.81,379
253,20220401,7,1,36651.0,9233.46,1184
254,20220401,7,2,28149.64,9456.36,999
255,20220401,7,3,13822.05,6558.98,877
256,20220401,7,4,73838.22,20754.32,571
257,20220401,7,5,52186.65,17089.83,441
258,20220401,7,6,29364.0,6713.44,354
259,20220401,8,1,42420.12,12898.71,634
260,20220401,8,2,29066.14,13384.39,178
261,20220401,8,3,58170.36,23403.35,876
262,20220401,8,4,42942.57,17766.49,441
263,20220401,8,5,58772.06,22486.63,809
264,20220401,8,6,22911.27,8032.33,753
265,20220401,9,1,57582.33,20323.6,656
266,20220401,9,2,17240.41,8265.99,879
267,20220401,9,3,67584.4,28659.0,325
268,20220401,9,4,15433.05,7012.35,436
269,20220401,9,5,73971.74,16448.98,486
270,20220401,9,6,65689.06,21540.53,631
271,20220401,10,1,63314.21,29550.09,360
272,20220401,10,2,84911.42,29381.51,563
273,20220401,10,3,58721.91,16446.66,688
274,20220401,10,4,90389.9,35551.93,342
275,20220401,10,5,79500.87,20830.68,522
276,20220401,10,6,55613.28,20950.75,337
277,20220401,11,1,17620.13,6321.7,1063
278,20220401,11,2,33294.07,12924.97,574
279,20220401,11,3,54892.62,14770.49,163
280,20220401,11,4,22325.77,5018.84,123
281,20220401,11,5,58622.81,20533.4,959
282,20220401,11,6,74348.35,17534.73,724
283,20220401,12,1,68385.12,20254.71,253
284,20220401,12,2,18563.89,6157.87,482
285,20220401,12,3,67110.63,24635.0,938
286,20220401,12,4,43318.74,18726.83,346
287,20220401,12,5,34285.87,12291.15,421
288,20220401,12,6,58057.61,26758.74,171
289,20220501,1,1,41494.34,16356.42,926
290,20220501,1,2,70337.44,29991.85,677
291,20220501,1,3,26875.96,6683.84,1153
292,20220501,1,4,37891.82,17199.06,611
293,20220501,1,5,54671.02,14395.53,536
294,20220501,1,6,58458.97,16985.58,342
295,20220501,2,1,55510.27,18666.13,1073
296,20220501,2,2,26755.2,8665.92,96
297,20220501,2,3,30124.23,11999.59,848
298,20220501,2,4,59562.47,13373.32,394
299,20220501,2,5,77924.02,36425.14,147
300,20220501,2,6,26204.78,8347.99,996
301,20220501,3,1,36770.76,9461.08,1166
302,20220501,3,2,37443.48,13634.91,84
303,20220501,3,3,19750.04,7613.75,222
304,20220501,3,4,51745.59,17566.76,821
305,20220501,3,5,45027.41,10962.16,254
306,20220501,3,6,30837.67,11819.09,247
307,20220501,4,1,62332.37,14209.99,803
308,20220501,4,2,49735.91,15722.77,884
309,20220501,4,3,23861.73,11153.92,298
310,20220501,4,4,73684.49,34027.01,1105
311,20220501,4,5,18195.56,8656.47,1182
312,20220501,4,6,34003.86,9604.44,676
313,20220501,5,1,55431.92,24547.51,126
314,20220501,5,2,24425.78,7300.32,748
315,20220501,5,3,76604.55,36150.86,377
316,20220501,5,4,84239.46,31609.45,175
317,20220501,5,5,38196.18,16008.83,880
318,20220501,5,6,86983.12,37263.01,1147
319,20220501,6,1,75408.2,29310.86,657
320,20220501,6,2,17562.27,5407.82,643
321,20220501,6,3,73611.26,27530.38,330
322,20220501,6,4,83035.58,32979.23,576
323,20220501,6,5,78979.53,17740.52,735
324,20220501,6,6,19489.21,4561.86,905
325,20220501,7,1,53600.61,14111.66,722
326,20220501,7,2,54260.72,22615.3,680
327,20220501,7,3,39632.73,13122.28,91
328,20220501,7,4,42485.63,17402.35,1189
329,20220501,7,5,43358.74,15786.84,693
330,20220501,7,6,45872.67,15716.64,745
331,20220501,8,1,41281.6,9753.94,922
332,20220501,8,2,62092.05,16788.9,630
333,20220501,8,3,51802.56,23903.47,525
334,20220501,8,4,33766.69,11694.2,951
335,20220501,8,5,15171.13,6789.6,468
336,20220501,8,6,23902.88,10132.12,102
337,20220501,9,1,41643.26,16752.11,88
338,20220501,9,2,13969.4,5836.37,1013
339,20220501,9,3,58650.09,27790.15,472
340,20220501,9,4,31997.15,14513.92,443
341,20220501,9,5,65477.5,17689.21,134
342,20220501,9,6,12803.32,4345.07,1167
343,20220501,10,1,88534.45,36618.49,303
344,20220501,10,2,24081.86,6423.51,271
345,20220501,10,3,53858.71,18961.45,411
346,20220501,10,4,62447.97,29514.9,429
347,20220501,10,5,68932.83,25809.09,722
348,20220501,10,6,19379.64,8595.54,750
349,20220501,11,1,48327.61,21640.68,84
350,20220501,11,2,35153.57,13049.38,395
351,20220501,11,3,11874.37,3971.89,1050
352,20220501,11,4,49438.72,21118.49,721
353,20220501,11,5,49902.58,14196.94,553
354,20220501,11,6,39658.77,18771.57,814
355,20220501,12,1,74658.95,17220.5,514
356,20220501,12,2,90906.71,33118.46,107
357,20220501,12,3,23414.0,8615.62,871
358,20220501,12,4,86517.88,29210.7,195
359,20220501,12,5,42940.1,13485.8,623
360,20220501,12,6,39590.04,14749.63,1076
361,20220601,1,1,56558.57,13488.62,1031
362,20220601,1,2,68260.37,24546.73,910
363,20220601,1,3,42764.45,19404.54,148
364,20220601,1,4,21794.45,6221.37,460
365,20220601,1,5,34881.36,8706.71,672
366,20220601,1,6,22819.17,10169.69,533
367,20220601,2,1,86940.13,24724.04,783
368,20220601,2,2,34147.36,10305.93,400
369,20220601,2,3,44435.73,20815.52,899
370,20220601,2,4,43140.37,19284.68,356
371,20220601,2,5,33414.34,9726.24,537
372,20220601,2,6,90535.82,20682.89,299
373,20220601,3,1,53356.28,16743.51,936
374,20220601,3,2,48643.6,20525.73,1067
375,20220601,3,3,55265.11,17137.75,368
376,20220601,3,4,41211.5,10149.91,720
377,20220601,3,5,33145.74,13062.63,702
378,20220601,3,6,62748.66,21097.5,727
379,20220601,4,1,26976.08,6416.89,673
380,20220601,4,2,53222.53,24763.05,1125
381,20220601,4,3,64128.8,24209.19,920
382,20220601,4,4,61873.33,14691.34,1031
383,20220601,4,5,12655.31,5684.32,183
384,20220601,4,6,38759.97,9731.59,792
385,20220601,5,1,61120.36,23398.22,1136
386,20220601,5,2,17513.56,7781.57,1196
387,20220601,5,3,41477.14,12561.63,477
388,20220601,5,4,78459.25,25185.03,258
389,20220601,5,5,52898.5,12570.59,739
390,20220601,5,6,15769.78,3635.05,97
391,20220601,6,1,28769.71,7083.66,1145
392,20220601,6,2,39005.41,14287.94,415
393,20220601,6,3,53714.8,20783.95,978
394,20220601,6,4,31103.38,7268.15,915
395,20220601,6,5,29215.23,10202.09,103
396,20220601,6,6,22876.39,7984.68,504
397,20220601,7,1,34385.94,11216.96,943
398,20220601,7,2,36682.16,8893.87,522
399,20220601,7,3,40630.69,12589.53,236
400,20220601,7,4,42232.99,19142.94,941
401,20220601,7,5,26074.36,6030.82,842
402,20220601,7,6,34753.76,13347.28,449
403,20220601,8,1,27155.09,8986.78,510
404,20220601,8,2,55667.95,16860.02,1158
405,20220601,8,3,52515.23,23293.7,826
406,20220601,8,4,22209.25,7861.52,453
407,20220601,8,5,46771.85,12865.52,341
408,20220601,8,6,13197.43,3741.37,894
409,20220601,9,1,29213.79,9810.58,726
410,20220601,9,2,60774.0,16294.19,910
411,20220601,9,3,49344.9,18494.3,970
412,20220601,9,4,38560.21,15014.15,537
413,20220601,9,5,40495.12,13078.68,692
414,20220601,9,6,45760.25,21814.63,842
415,20220601,10,1,50493.91,19024.95,1051
416,20220601,10,2,11930.46,2862.87,106
417,20220601,10,3,68452.34,19938.74,459
418,20220601,10,4,50817.83,13126.74,668
419,20220601,10,5,33858.09,8803.38,692
420,20220601,10,6,52916.27,17679.63,829
421,20220601,11,1,24351.43,8555.46,713
422,20220601,11,2,62887.07,26198.53,692
423,20220601,11,3,65900.65,22663.75,267
424,20220601,11,4,10768.54,2549.89,645
425,20220601,11,5,16667.07,6036.52,702
426,20220601,11,6,61172.01,26431.1,513
427,20220601,12,1,84960.95,18912.9,1057
428,20220601,12,2,72369.4,24483.67,382
429,20220601,12,3,14798.52,5961.47,942
430,20220601,12,4,22474.8,5967.56,932
431,20220601,12,5,19743.13,9422.35,471
432,20220601,12,6,19797.26,7302.84,621
433,20220701,1,1,9105.1,3112.86,976
434,20220701,1,2,26448.12,8432.9,654
435,20220701,1,3,38025.15,10490.83,128
436,20220701,1,4,28129.85,8148.33,704
437,20220701,1,5,17145.93,4998.96,1048
438,20220701,1,6,54144.59,22710.47,919
439,20220701,2,1,37802.3,10789.28,1056
440,20220701,2,2,51837.13,21953.91,722
441,20220701,2,3,65998.13,15056.72,998
442,20220701,2,4,35289.8,9150.23,528
443,20220701,2,5,77173.34,16992.76,339
444,20220701,2,6,19788.57,5296.04,769
445,20220701,3,1,11542.13,2636.62,244
446,20220701,3,2,30420.34,11374.68,92
447,20220701,3,3,64107.15,23848.07,769
448,20220701,3,4,11442.84,5085.58,281
449,20220701,3,5,12655.22,3411.21,1191
450,20220701,3,6,10347.7,3190.0,265
451,20220701,4,1,37558.86,10880.27,377
452,20220701,4,2,54410.5,20683.1,1089
453,20220701,4,3,51426.04,12536.35,949
454,20220701,4,4,52858.97,21653.94,1069
455,20220701,4,5,49239.13,22680.19,399
456,20220701,4,6,49545.06,18822.56,995
457,20220701,5,1,63015.59,21787.45,1158
458,20220701,5,2,59442.39,27136.97,344
459,20220701,5,3,41919.75,11841.96,608
460,20220701,5,4,67960.67,19686.41,1094
461,20220701,5,5,58530.5,21886.54,796
462,20220701,5,6,45677.21,16968.42,949
463,20220701,6,1,37643.07,11210.81,953
464,20220701,6,2,57929.32,15244.64,323
465,20220701,6,3,55645.05,24011.4,556
466,20220701,6,4,60829.56,20361.2,1120
467,20220701,6,5,50160.44,11818.57,281
468,20220701,6,6,17885.61,4625.85,766
469,20220701,7,1,61899.03,28396.07,170
470,20220701,7,2,67909.19,27145.89,525
471,20220701,7,3,60248.22,27864.69,677
472,20220701,7,4,40412.22,14862.66,151
473,20220701,7,5,58813.88,17038.97,422
474,20220701,7,6,13573.12,4974.44,630
475,20220701,8,1,55622.06,12745.91,1075
476,20220701,8,2,46324.92,12209.85,611
477,20220701,8,3,15270.68,6505.0,1130
478,20220701,8,4,26853.44,7661.05,489
479,20220701,8,5,47038.86,13588.73,972
480,20220701,8,6,51045.94,21503.69,749
481,20220701,9,1,49927.16,19109.39,128
482,20220701,9,2,8788.41,3919.44,294
483,20220701,9,3,42861.43,10689.62,402
484,20220701,9,4,51063.4,11462.29,707
485,20220701,9,5,33730.86,9941.84,170
486,20220701,9,6,56869.7,20586.97,591
487,20220701,10,1,68432.44,21108.42,696
488,20220701,10,2,46568.97,12820.21,1182
489,20220701,10,3,57959.12,18364.0,901
490,20220701,10,4,78355.7,34720.08,617
491,20220701,10,5,66099.36,24160.66,486
492,20220701,10,6,56873.96,25301.58,1187
493,20220701,11,1,36410.33,13336.38,717
494,20220701,11,2,24323.31,7459.63,1183
495,20220701,11,3,61351.26,21361.1,227
496,20220701,11,4,14170.8,5163.7,642
497,20220701,11,5,28311.65,8992.92,490
498,20220701,11,6,24653.76,11295.74,829
499,20220701,12,1,55883.57,23482.91,97
500,20220701,12,2,35431.37,16192.52,895
501,20220701,12,3,42643.93,19004.54,383
502,20220701,12,4,38266.57,17116.34,1140
503,20220701,12,5,26052.08,8808.68,981
504,20220701,12,6,49541.75,12041.07,1019
505,20220801,1,1,26556.57,12070.19,667
506,20220801,1,2,41920.98,13956.17,783
507,20220801,1,3,43870.23,16892.78,927
508,20220801,1,4,37299.06,9479.03,1011
509,20220801,1,5,12314.56,3161.11,502
510,20220801,1,6,51126.55,11404.51,674
511,20220801,2,1,34650.56,15094.04,97
512,20220801,2,2,56637.0,14921.09,974
513,20220801,2,3,55213.31,22867.45,229
514,20220801,2,4,12598.52,5068.72,1106
515,20220801,2,5,53246.0,20602.87,287
516,20220801,2,6,17949.84,5415.61,222
517,20220801,3,1,41067.7,13303.86,450
518,20220801,3,2,18987.52,7838.22,708
519,20220801,3,3,27375.73,8834.94,593
520,20220801,3,4,35633.2,7871.98,407
521,20220801,3,5,19312.6,8309.48,81
522,20220801,3,6,58461.23,14659.87,292
523,20220801,4,1,56675.07,13078.67,754
524,20220801,4,2,10100.43,4229.0,1068
525,20220801,4,3,22087.77,7244.75,311
526,20220801,4,4,26585.77,9980.85,689
527,20220801,4,5,47825.4,22355.01,776
528,20220801,4,6,24565.08,6693.01,236
529,20220801,5,1,28313.44,13229.62,106
530,20220801,5,2,66797.51,30755.54,344
531,20220801,5,3,42539.64,13687.34,196
532,20220801,5,4,43090.72,13203.94,1101
533,20220801,5,5,30158.31,14292.19,975
534,20220801,5,6,52724.68,11908.36,557
535,20220801,6,1,39271.19,10499.95,589
536,20220801,6,2,39228.18,17986.61,511
537,20220801,6,3,38598.76,13864.06,429
538,20220801,6,4,59065.57,27072.16,737
539,20220801,6,5,63076.97,25236.03,302
540,20220801,6,6,53139.39,14815.53,1139
541,20220801,7,1,64149.84,22898.99,724
542,20220801,7,2,13994.16,5866.98,514
543,20220801,7,3,40804.39,13475.38,912
544,20220801,7,4,25926.24,9190.71,99
545,20220801,7,5,15652.98,5371.79,765
546,20220801,7,6,17208.15,8170.47,928
547,20220801,8,1,50189.75,11817.38,1025
548,20220801,8,2,9662.05,3642.4,609
549,20220801,8,3,26505.74,11779.87,663
550,20220801,8,4,33641.31,10169.05,541
551,20220801,8,5,22196.05,6354.3,721
552,20220801,8,6,32037.64,7262.24,260
553,20220801,9,1,44652.1,10980.88,566
554,20220801,9,2,18805.99,7703.45,355
555,20220801,9,3,48636.85,15719.01,527
556,20220801,9,4,23889.74,10144.09,1037
557,20220801,9,5,48586.49,23003.14,783
558,20220801,9,6,52003.05,19095.72,214
559,20220801,10,1,27431.15,7507.29,303
560,20220801,10,2,50564.71,18184.71,91
561,20220801,10,3,44614.95,12556.64,950
562,20220801,10,4,49966.39,17811.46,517
563,20220801,10,5,61131.21,18070.38,88
564,20220801,10,6,38036.6,14646.83,753
565,20220801,11,1,26896.56,7975.07,863
566,20220801,11,2,25259.9,6660.99,726
567,20220801,11,3,25279.1,9992.67,538
568,20220801,11,4,19120.71,5712.24,195
569,20220801,11,5,35291.39,15167.79,727
570,20220801,11,6,17632.13,7497.18,429
571,20220801,12,1,16692.82,6596.8,765
572,20220801,12,2,69735.87,19341.55,205
573,20220801,12,3,65059.1,26286.01,318
574,20220801,12,4,35638.0,9863.17,770
575,20220801,12,5,32404.0,7376.18,88
576,20220801,12,6,60678.8,25884.1,91
577,20220901,1,1,13621.25,3226.08,549
578,20220901,1,2,38068.51,11003.32,281
579,20220901,1,3,51760.98,15783.73,1009
580,20220901,1,4,49671.96,20900.52,859
581,20220901,1,5,35062.07,10625.6,260
582,20220901,1,6,39450.2,16046.41,1171
583,20220901,2,1,24518.98,6471.08,506
584,20220901,2,2,57810.45,21570.34,878
585,20220901,2,3,28268.7,13339.98,867
586,20220901,2,4,68870.77,21737.99,930
587,20220901,2,5,66648.28,21170.1,453
588,20220901,2,6,39198.61,16895.36,710
589,20220901,3,1,29376.16,13805.18,559
590,20220901,3,2,13339.46,5872.11,599
591,20220901,3,3,12396.27,4418.48,1104
592,20220901,3,4,17028.81,4484.14,732
593,20220901,3,5,48847.71,13901.41,807
594,20220901,3,6,28421.93,8988.99,131
595,20220901,4,1,58593.22,27245.74,947
596,20220901,4,2,58671.97,17936.62,413
597,20220901,4,3,55651.49,18297.31,417
598,20220901,4,4,43232.03,9592.93,439
599,20220901,4,5,59688.44,27275.58,133
600,20220901,4,6,44373.67,17068.82,540
601,20220901,5,1,60111.91,21605.64,415
602,20220901,5,2,33547.37,11091.68,1121
603,20220901,5,3,44636.31,15758.27,281
604,20220901,5,4,58858.4,19125.13,100
605,20220901,5,5,15243.86,3534.21,584
606,20220901,5,6,58244.54,17790.13,146
607,20220901,6,1,13431.59,5434.46,824
608,20220901,6,2,24105.99,7001.64,292
609,20220901,6,3,54978.24,20522.31,814
610,20220901,6,4,15121.51,7013.23,904
611,20220901,6,5,25499.44,5703.44,929
612,20220901,6,6,14852.85,4197.24,633
613,20220901,7,1,45012.7,21205.87,960
614,20220901,7,2,9789.03,2202.5,86
615,20220901,7,3,55099.82,24805.28,1165
616,20220901,7,4,14994.47,6892.95,226
617,20220901,7,5,57784.81,23949.76,632
618,20220901,7,6,15285.49,6819.5,331
619,20220901,8,1,29664.48,13836.56,114
620,20220901,8,2,7769.08,2402.71,1105
621,20220901,8,3,23987.82,11435.65,351
622,20220901,8,4,16102.71,5078.15,624
623,20220901,8,5,25126.81,11658.59,827
624,20220901,8,6,50977.78,11292.69,349
625,20220901,9,1,18011.57,6626.35,879
626,20220901,9,2,43749.43,18867.93,553
627,20220901,9,3,22627.04,10559.65,273
628,20220901,9,4,28699.87,7172.18,135
629,20220901,9,5,39223.99,17296.36,497
630,20220901,9,6,29480.93,9186.15,170
631,20220901,10,1,19179.55,5687.81,582
632,20220901,10,2,15336.8,6019.25,252
633,20220901,10,3,28509.83,11560.19,745
634,20220901,10,4,15463.25,3478.6,246
635,20220901,10,5,32312.2,8834.17,624
636,20220901,10,6,31554.91,9589.27,1066
637,20220901,11,1,16194.43,6156.66,349
638,20220901,11,2,26565.45,8016.37,276
639,20220901,11,3,15225.51,3501.49,851
640,20220901,11,4,20134.31,5648.75,803
641,20220901,11,5,11246.23,4458.51,303
642,20220901,11,6,44724.46,14423.51,592
643,20220901,12,1,21104.94,8187.17,109
644,20220901,12,2,40394.72,11515.98,169
645,20220901,12,3,39333.52,13698.13,769
646,20220901,12,4,26274.59,8914.3,441
647,20220901,12,5,37833.03,16811.73,627
648,20220901,12,6,23673.73,5794.94,555
649,20221001,1,1,20113.8,5261.57,939
650,20221001,1,2,10555.06,3189.03,635
651,20221001,1,3,26136.72,5861.28,683
652,20221001,1,4,7632.39,2208.59,357
653,20221001,1,5,41979.85,18172.19,558
654,20221001,1,6,31869.23,10433.3,456
655,20221001,2,1,21226.66,7932.2,131
656,20221001,2,2,29164.19,11582.16,944
657,20221001,2,3,59426.7,19037.28,1172
658,20221001,2,4,24647.34,11334.73,1191
659,20221001,2,5,26493.19,10641.9,297
660,20221001,2,6,62452.78,22365.65,621
661,20221001,3,1,21927.82,5690.41,750
662,20221001,3,2,61694.23,13645.98,1135
663,20221001,3,3,46427.11,15786.01,285
664,20221001,3,4,27633.69,8227.24,1058
665,20221001,3,5,28353.02,12388.11,1107
666,20221001,3,6,62020.3,25159.95,325
667,20221001,4,1,46821.89,17259.11,124
668,20221001,4,2,14845.5,5992.79,938
669,20221001,4,3,11310.4,3926.0,278
670,20221001,4,4,44262.36,11254.09,828
671,20221001,4,5,19559.6,5129.34,315
672,20221001,4,6,14231.36,6600.77,911
673,20221001,5,1,69320.97,30459.97,1191
674,20221001,5,2,21767.74,6509.68,262
675,20221001,5,3,69026.94,29063.06,394
676,20221001,5,4,26035.45,8222.23,1045
677,20221001,5,5,69087.73,20746.78,442
678,20221001,5,6,21819.85,10150.06,669
679,20221001,6,1,42568.83,15869.45,388
680,20221001,6,2,39783.57,11103.85,897
681,20221001,6,3,17155.49,6395.46,826
682,20221001,6,4,25209.52,11778.88,1043
683,20221001,6,5,42920.41,18183.13,465
684,20221001,6,6,42488.83,15817.58,556
685,20221001,7,1,55326.09,12938.0,210
686,20221001,7,2,53965.9,25393.56,278
687,20221001,7,3,58803.21,24154.65,944
688,20221001,7,4,52329.49,24555.31,309
689,20221001,7,5,63832.23,27734.4,494
690,20221001,7,6,43569.55,12052.76,949
691,20221001,8,1,14493.78,3583.75,425
692,20221001,8,2,9733.92,2797.1,438
693,20221001,8,3,34868.18,13212.75,1110
694,20221001,8,4,36165.72,10355.66,173
695,20221001,8,5,52901.27,22440.9,318
696,20221001,8,6,40761.83,12646.41,217
697,20221001,9,1,23073.64,10271.73,325
698,20221001,9,2,36393.02,13303.25,678
699,20221001,9,3,43450.26,15660.95,808
700,20221001,9,4,32091.7,11276.07,387
701,20221001,9,5,27831.09,11395.21,636
702,20221001,9,6,31441.48,11311.83,833
703,20221001,10,1,61421.76,25434.39,997
704,20221001,10,2,56229.96,24111.28,958
705,20221001,10,3,9198.36,2048.87,327
706,20221001,10,4,21838.99,9014.35,708
707,20221001,10,5,36429.01,17185.69,309
708,20221001,10,6,19934.06,9184.55,278
709,20221001,11,1,10885.89,2716.07,912
710,20221001,11,2,20526.84,7544.71,1063
711,20221001,11,3,22569.46,7012.69,719
712,20221001,11,4,9290.67,2289.01,340
713,20221001,11,5,36974.79,17511.15,470
714,20221001,11,6,30902.67,7367.73,275
715,20221001,12,1,44300.18,13690.34,985
716,20221001,12,2,21290.28,6563.75,204
717,20221001,12,3,27915.84,8710.12,553
718,20221001,12,4,63733.93,19711.47,787
719,20221001,12,5,31316.37,9191.93,695
720,20221001,12,6,10665.15,3427.16,706
721,20221101,1,1,43067.59,16791.74,744
722,20221101,1,2,49182.61,13371.71,126
723,20221101,1,3,29365.9,8752.2,266
724,20221101,1,4,19224.73,7182.55,393
725,20221101,1,5,36533.59,11841.75,183
726,20221101,1,6,23814.15,8424.18,1153
727,20221101,2,1,61354.43,17438.55,764
728,20221101,2,2,70349.9,23241.43,794
729,20221101,2,3,40610.55,12215.22,101
730,20221101,2,4,46988.75,13157.35,1179
731,20221101,2,5,48048.71,19009.56,795
732,20221101,2,6,34128.28,15163.56,362
733,20221101,3,1,28021.98,6228.22,1027
734,20221101,3,2,63579.07,19189.76,132
735,20221101,3,3,25067.35,8419.68,527
736,20221101,3,4,49095.68,22862.73,1131
737,20221101,3,5,64456.1,19877.76,683
738,20221101,3,6,27666.21,12758.73,494
739,20221101,4,1,32667.37,9640.95,180
740,20221101,4,2,38926.96,15393.47,658
741,20221101,4,3,26162.53,11650.21,733
742,20221101,4,4,49060.75,17559.79,395
743,20221101,4,5,23944.27,8177.99,665
744,20221101,4,6,41186.85,15420.52,1135
745,20221101,5,1,33619.87,15811.63,381
746,20221101,5,2,63258.72,21827.17,391
747,20221101,5,3,51939.31,18322.73,387
748,20221101,5,4,64385.15,23910.43,383
749,20221101,5,5,68641.51,22346.86,141
750,20221101,5,6,12816.82,5857.09,954
751,20221101,6,1,46000.31,19596.52,254
752,20221101,6,2,51119.69,13190.29,656
753,20221101,6,3,52454.2,15516.79,715
754,20221101,6,4,26581.92,7640.29,1100
755,20221101,6,5,51022.88,15152.71,1160
756,20221101,6,6,46422.91,12968.8,250
757,20221101,7,1,15817.28,7153.85,445
758,20221101,7,2,37059.97,9778.76,160
759,20221101,7,3,35729.79,14509.05,780
760,20221101,7,4,19291.31,5299.27,99
761,20221101,7,5,59982.72,24112.0,436
762,20221101,7,6,47893.26,22952.44,949
763,20221101,8,1,46953.86,15749.36,522
764,20221101,8,2,25199.11,8050.53,541
765,20221101,8,3,53122.46,19514.57,1079
766,20221101,8,4,50564.1,15717.79,913
767,20221101,8,5,30227.05,8708.0,853
768,20221101,8,6,39211.08,12312.32,1190
769,20221101,9,1,17761.06,4810.61,712
770,20221101,9,2,25913.46,9868.2,866
771,20221101,9,3,14464.67,4352.66,967
772,20221101,9,4,26771.65,9784.11,1185
773,20221101,9,5,17494.91,7809.85,329
774,20221101,9,6,11839.95,4744.39,299
775,20221101,10,1,63979.38,22174.78,1081
776,20221101,10,2,16820.52,5848.28,1114
777,20221101,10,3,22798.47,10534.77,83
778,20221101,10,4,36032.37,10876.9,1042
779,20221101,10,5,66400.19,31606.38,679
780,20221101,10,6,42350.3,13623.91,241
781,20221101,11,1,53304.01,14392.73,1161
782,20221101,11,2,42265.36,17229.34,850
783,20221101,11,3,55404.96,21501.2,915
784,20221101,11,4,11186.28,4841.57,1040
785,20221101,11,5,36435.42,14986.09,1156
786,20221101,11,6,8269.8,2070.35,699
787,20221101,12,1,67977.13,30149.41,713
788,20221101,12,2,22844.78,6344.84,891
789,20221101,12,3,18911.51,5856.57,984
790,20221101,12,4,23077.58,8592.5,1077
791,20221101,12,5,38403.0,12319.39,1106
792,20221101,12,6,59359.43,27589.47,974
793,20221201,1,1,27406.59,10408.39,811
794,20221201,1,2,15921.87,3921.37,815
795,20221201,1,3,16970.97,6094.84,630
796,20221201,1,4,55149.47,21915.5,855
797,20221201,1,5,34154.67,12811.24,1006
798,20221201,1,6,41967.4,17061.95,287
799,20221201,2,1,35241.59,15550.7,874
800,20221201,2,2,15034.3,4037.77,549
801,20221201,2,3,14465.65,3901.51,740
802,20221201,2,4,44810.08,20417.18,849
803,20221201,2,5,76727.83,21380.64,1032
804,20221201,2,6,44966.75,15624.94,259
805,20221201,3,1,13634.92,5753.21,216
806,20221201,3,2,36670.24,12678.48,844
807,20221201,3,3,16103.11,3880.24,738
808,20221201,3,4,60006.64,15199.19,360
809,20221201,3,5,19607.07,5360.87,154
810,20221201,3,6,64109.66,14214.4,1049
811,20221201,4,1,10800.12,4450.68,276
812,20221201,4,2,22424.81,8637.7,571
813,20221201,4,3,13873.88,3233.73,133
814,20221201,4,4,33501.5,11735.48,531
815,20221201,4,5,60404.12,24324.74,1155
816,20221201,4,6,21509.32,6281.72,145
817,20221201,5,1,15961.52,6597.34,571
818,20221201,5,2,15291.85,6688.92,1003
819,20221201,5,3,51410.39,23636.6,160
820,20221201,5,4,36687.43,11297.45,307
821,20221201,5,5,39795.54,9081.47,218
822,20221201,5,6,28156.38,9743.62,1111
823,20221201,6,1,13078.63,3800.83,1024
824,20221201,6,2,29019.63,11704.4,863
825,20221201,6,3,64070.59,27520.45,354
826,20221201,6,4,51219.99,13547.75,627
827,20221201,6,5,14942.76,5075.29,710
828,20221201,6,6,13496.71,5762.41,976
829,20221201,7,1,69100.11,20567.91,373
830,20221201,7,2,22661.55,8801.59,636
831,20221201,7,3,19989.55,5339.77,726
832,20221201,7,4,23620.46,8118.7,698
833,20221201,7,5,59057.27,13847.54,973
834,20221201,7,6,57347.19,16487.32,642
835,20221201,8,1,45125.64,13446.31,906
836,20221201,8,2,31748.46,11594.58,984
837,20221201,8,3,29034.94,10344.17,81
838,20221201,8,4,31684.67,13420.98,1108
839,20221201,8,5,40581.45,16783.09,336
840,20221201,8,6,53938.24,15770.76,794
841,20221201,9,1,34164.65,11245.93,642
842,20221201,9,2,13284.06,3837.39,569
843,20221201,9,3,27893.56,10289.02,163
844,20221201,9,4,41812.95,19333.17,157
845,20221201,9,5,32139.67,11834.73,908
846,20221201,9,6,47894.3,18425.44,1002
847,20221201,10,1,66324.05,20052.32,307
848,20221201,10,2,37995.61,11345.24,1080
849,20221201,10,3,33426.18,9769.78,646
850,20221201,10,4,37400.36,13616.67,527
851,20221201,10,5,44777.97,14230.03,249
852,20221201,10,6,42694.9,19735.08,190
853,20221201,11,1,29462.58,8474.56,1041
854,20221201,11,2,58680.69,22904.11,731
855,20221201,11,3,12066.01,4647.9,495
856,20221201,11,4,56766.86,22737.41,490
857,20221201,11,5,45999.64,10727.67,444
858,20221201,11,6,13589.11,4215.44,1126
859,20221201,12,1,40776.37,16264.69,643
860,20221201,12,2,50349.39,15557.83,732
861,20221201,12,3,18853.19,4422.77,941
862,20221201,12,4,55719.89,21075.9,783
863,20221201,12,5,54232.94,21497.69,92
864,20221201,12,6,35697.34,8184.11,512
865,20230101,1,1,21825.76,9980.8,104
866,20230101,1,2,35081.13,16070.5,994
867,20230101,1,3,45093.9,12043.93,205
868,20230101,1,4,20620.69,6773.06,1172
869,20230101,1,5,38026.92,15724.33,796
870,20230101,1,6,47049.89,21353.78,183
871,20230101,2,1,54136.37,19794.42,1152
872,20230101,2,2,64464.57,19663.5,216
873,20230101,2,3,21435.75,8466.95,609
874,20230101,2,4,56237.56,18855.3,91
875,20230101,2,5,42631.23,20459.99,1075
876,20230101,2,6,54199.13,18839.69,1084
877,20230101,3,1,68106.26,24876.98,986
878,20230101,3,2,69223.32,18631.41,432
879,20230101,3,3,74273.37,32778.66,248
880,20230101,3,4,72498.79,23173.47,172
881,20230101,3,5,44210.56,14961.64,152
882,20230101,3,6,68523.79,31495.45,685
883,20230101,4,1,24020.4,7383.6,968
884,20230101,4,2,33887.7,7554.58,662
885,20230101,4,3,66883.27,26329.04,573
886,20230101,4,4,11119.99,5048.16,1046
887,20230101,4,5,57130.03,18857.19,662
888,20230101,4,6,75079.79,17182.96,1093
889,20230101,5,1,60185.37,13315.18,606
890,20230101,5,2,79664.33,18602.79,697
891,20230101,5,3,72708.95,32953.72,1030
892,20230101,5,4,83964.11,36611.84,307
893,20230101,5,5,59711.62,16286.66,721
894,20230101,5,6,77271.37,22627.01,720
895,20230101,6,1,44542.12,10628.39,657
896,20230101,6,2,25952.66,11964.64,371
897,20230101,6,3,13912.81,3426.49,335
898,20230101,6,4,20439.45,5529.35,284
899,20230101,6,5,31768.08,9611.22,1178
900,20230101,6,6,48682.04,16909.19,1193
901,20230101,7,1,68857.14,18219.9,941
902,20230101,7,2,35280.81,10282.64,482
903,20230101,7,3,49635.42,21471.33,877
904,20230101,7,4,60354.95,16343.56,546
905,20230101,7,5,70869.24,32009.23,909
906,20230101,7,6,30696.09,13696.99,243
907,20230101,8,1,26969.29,12155.82,187
908,20230101,8,2,43286.27,13042.53,1043
909,20230101,8,3,36763.1,12854.48,518
910,20230101,8,4,11423.5,5244.93,552
911,20230101,8,5,46962.23,19095.6,595
912,20230101,8,6,33218.66,12034.18,358
913,20230101,9,1,37896.81,11883.39,129
914,20230101,9,2,61100.3,26201.23,882
915,20230101,9,3,25150.16,7604.78,377
916,20230101,9,4,63158.35,14540.52,581
917,20230101,9,5,13267.88,4068.99,547
918,20230101,9,6,45569.48,15143.99,407
919,20230101,10,1,46309.62,15099.46,1116
920,20230101,10,2,24748.51,8195.38,775
921,20230101,10,3,33199.32,14728.47,538
922,20230101,10,4,74779.04,31784.69,421
923,20230101,10,5,77231.42,20360.2,810
924,20230101,10,6,67394.66,19593.36,966
925,20230101,11,1,10423.2,4220.54,212
926,20230101,11,2,14537.36,5130.08,1136
927,20230101,11,3,16089.31,4180.67,812
928,20230101,11,4,64756.65,17756.21,1079
929,20230101,11,5,39880.39,14515.4,800
930,20230101,11,6,10256.01,3763.46,339
931,20230101,12,1,36235.28,8476.13,378
932,20230101,12,2,45997.42,16189.25,1119
933,20230101,12,3,14032.56,5156.19,1033
934,20230101,12,4,63706.19,29146.18,493
935,20230101,12,5,13997.03,5618.64,764
936,20230101,12,6,49729.13,16627.23,760
937,20230201,1,1,47275.67,10632.39,86
938,20230201,1,2,26998.01,9022.74,567
939,20230201,1,3,65082.67,29892.45,542
940,20230201,1,4,43577.27,19643.85,1163
941,20230201,1,5,43697.62,20443.4,898
942,20230201,1,6,43749.39,11186.06,207
943,20230201,2,1,60394.67,27508.26,1161
944,20230201,2,2,25897.72,11829.03,94
945,20230201,2,3,61707.23,28765.42,209
946,20230201,2,4,26510.85,10508.36,522
947,20230201,2,5,30997.03,9282.38,1004
948,20230201,2,6,52206.31,13117.28,85
949,20230201,3,1,31853.46,9403.81,211
950,20230201,3,2,51395.31,16002.7,332
951,20230201,3,3,26623.74,11590.22,1068
952,20230201,3,4,13688.68,3184.66,126
953,20230201,3,5,11205.6,3513.6,878
954,20230201,3,6,33629.42,9780.39,794
955,20230201,4,1,53080.4,16684.02,672
956,20230201,4,2,68034.24,24902.63,165
957,20230201,4,3,49328.13,21211.71,348
958,20230201,4,4,80639.17,33629.93,423
959,20230201,4,5,23600.77,9419.29,910
960,20230201,4,6,65484.86,24702.67,543
961,20230201,5,1,65660.96,23797.28,1175
962,20230201,5,2,73828.88,16668.38,264
963,20230201,5,3,38556.84,14709.7,406
964,20230201,5,4,29724.08,8729.67,437
965,20230201,5,5,21298.52,9158.13,963
966,20230201,5,6,14380.85,6233.74,1039
967,20230201,6,1,39742.47,12203.78,366
968,20230201,6,2,30795.6,11156.35,887
969,20230201,6,3,14656.66,6842.58,99
970,20230201,6,4,42812.4,15910.74,152
971,20230201,6,5,65019.04,29555.37,830
972,20230201,6,6,73163.57,19701.69,430
973,20230201,7,1,68284.78,15583.55,337
974,20230201,7,2,30888.36,10889.27,1101
975,20230201,7,3,80641.19,18793.2,178
976,20230201,7,4,14253.17,3674.24,1193
977,20230201,7,5,64637.39,16273.0,1023
978,20230201,7,6,41114.79,13859.9,255
979,20230201,8,1,69514.23,23160.01,826
980,20230201,8,2,21350.2,5369.86,957
981,20230201,8,3,66901.65,30138.57,1190
982,20230201,8,4,15609.06,6177.98,112
983,20230201,8,5,53084.24,17957.18,253
984,20230201,8,6,17311.51,6400.01,98
985,20230201,9,1,38632.61,17764.68,919
986,20230201,9,2,38307.74,15616.0,279
987,20230201,9,3,35720.29,15377.74,933
988,20230201,9,4,23738.02,7758.97,1187
989,20230201,9,5,36661.37,9675.62,430
990,20230201,9,6,47644.03,17579.0,1122
991,20230201,10,1,65571.53,16336.36,1196
992,20230201,10,2,37623.89,12552.04,861
993,20230201,10,3,58635.49,17222.77,393
994,20230201,10,4,24511.29,9756.72,980
995,20230201,10,5,28464.08,6984.63,743
996,20230201,10,6,14181.22,5084.82,1004
997,20230201,11,1,33570.61,14632.81,870
998,20230201,11,2,70446.79,29956.97,1151
999,20230201,11,3,52418.88,17683.61,1058
1000,20230201,11,4,52369.7,18160.59,811
1001,20230201,11,5,12839.04,3374.23,605
1002,20230201,11,6,36579.09,10397.76,731
1003,20230201,12,1,56691.73,24038.47,428
1004,20230201,12,2,12846.88,2847.22,1079
1005,20230201,12,3,84859.36,18721.09,1051
1006,20230201,12,4,20666.65,5291.6,274
1007,20230201,12,5,72159.81,17841.32,1138
1008,20230201,12,6,72173.39,22116.03,711
1009,20230301,1,1,15638.53,3514.22,438
1010,20230301,1,2,32988.48,11088.64,110
1011,20230301,1,3,72618.01,30402.04,698
1012,20230301,1,4,46117.67,15230.34,625
1013,20230301,1,5,55391.06,13107.89,115
1014,20230301,1,6,29111.44,7651.02,914
1015,20230301,2,1,35183.08,15939.81,168
1016,20230301,2,2,93476.13,27518.48,523
1017,20230301,2,3,95463.96,27026.35,530
1018,20230301,2,4,82135.48,19797.87,164
1019,20230301,2,5,94730.78,36150.78,991
1020,20230301,2,6,84214.74,20136.31,441
1021,20230301,3,1,81678.06,38174.93,640
1022,20230301,3,2,46087.52,17910.08,469
1023,20230301,3,3,79436.39,29197.33,886
1024,20230301,3,4,73433.03,33604.13,959
1025,20230301,3,5,59844.3,24554.91,1034
1026,20230301,3,6,19102.02,4350.63,112
1027,20230301,4,1,48969.33,19200.54,439
1028,20230301,4,2,43132.88,15353.16,299
1029,20230301,4,3,52026.78,18378.33,315
1030,20230301,4,4,14555.55,6549.1,862
1031,20230301,4,5,55488.57,15248.53,1003
1032,20230301,4,6,73952.96,31606.02,578
1033,20230301,5,1,27977.05,11583.6,360
1034,20230301,5,2,91469.48,32109.05,449
1035,20230301,5,3,36456.58,15057.19,732
1036,20230301,5,4,93099.49,25122.07,829
1037,20230301,5,5,63482.87,18356.02,1163
1038,20230301,5,6,17665.4,6209.85,1089
1039,20230301,6,1,51150.0,23323.6,710
1040,20230301,6,2,37013.07,8631.67,300
1041,20230301,6,3,75602.43,34014.88,185
1042,20230301,6,4,20522.38,8205.09,1130
1043,20230301,6,5,50269.84,19813.93,174
1044,20230301,6,6,43035.1,10602.18,1144
1045,20230301,7,1,14123.74,5947.25,869
1046,20230301,7,2,37637.8,14849.98,649
1047,20230301,7,3,61237.5,20837.37,1110
1048,20230301,7,4,17757.83,4178.92,650
1049,20230301,7,5,31243.12,8180.77,1193
1050,20230301,7,6,40134.87,16397.05,1129
1051,20230301,8,1,21293.29,8504.66,1138
1052,20230301,8,2,23377.92,5268.43,1065
1053,20230301,8,3,56233.52,26934.5,600
1054,20230301,8,4,22166.96,7182.75,1089
1055,20230301,8,5,58065.14,21875.38,255
1056,20230301,8,6,20187.63,9023.77,1042
1057,20230301,9,1,55293.67,20020.16,651
1058,20230301,9,2,56480.67,22079.74,167
1059,20230301,9,3,15023.42,5322.7,378
1060,20230301,9,4,33374.16,12768.2,277
1061,20230301,9,5,52384.36,24450.68,747
1062,20230301,9,6,53097.85,19230.42,673
1063,20230301,10,1,45361.83,16606.17,835
1064,20230301,10,2,81840.81,24609.36,753
1065,20230301,10,3,33469.7,11624.96,417
1066,20230301,10,4,39947.73,8904.46,289
1067,20230301,10,5,62115.16,23373.43,599
1068,20230301,10,6,78830.79,28929.73,727
1069,20230301,11,1,42449.72,15006.61,1125
1070,20230301,11,2,36678.14,15487.48,860
1071,20230301,11,3,25441.62,12122.23,1114
1072,20230301,11,4,54170.32,15944.5,410
1073,20230301,11,5,23203.41,7539.33,799
1074,20230301,11,6,50169.27,16411.51,1180
1075,20230301,12,1,77246.62,35542.74,966
1076,20230301,12,2,73999.31,25022.41,457
1077,20230301,12,3,15995.69,3731.1,335
1078,20230301,12,4,60777.5,17429.69,783
1079,20230301,12,5,88305.28,26984.09,1193
1080,20230301,12,6,66361.05,19433.87,106
1081,20230401,1,1,33052.63,12606.16,480
1082,20230401,1,2,64083.21,17146.41,432
1083,20230401,1,3,18583.58,8828.2,1195
1084,20230401,1,4,20209.51,7379.2,787
1085,20230401,1,5,40926.97,16803.26,945
1086,20230401,1,6,71313.03,30304.92,1133
1087,20230401,2,1,70755.03,28007.98,790
1088,20230401,2,2,46293.29,20462.34,1128
1089,20230401,2,3,22376.57,7740.17,932
1090,20230401,2,4,16293.17,3949.65,132
1091,20230401,2,5,76875.64,24599.83,447
1092,20230401,2,6,97132.74,46012.18,222
1093,20230401,3,1,54943.02,17005.46,122
1094,20230401,3,2,13487.29,6040.06,394
1095,20230401,3,3,78395.42,27146.6,654
1096,20230401,3,4,23597.09,7343.16,679
1097,20230401,3,5,31063.88,9390.82,1079
1098,20230401,3,6,19781.5,7243.23,121
1099,20230401,4,1,72709.85,30939.55,778
1100,20230401,4,2,28855.06,12205.48,370
1101,20230401,4,3,43087.95,17504.93,500
1102,20230401,4,4,30792.71,7459.71,274
1103,20230401,4,5,67974.67,25229.43,436
1104,20230401,4,6,24803.31,11162.29,270
1105,20230401,5,1,65270.94,29891.64,538
1106,20230401,5,2,21582.33,8812.47,260
1107,20230401,5,3,52087.41,11484.79,692
1108,20230401,5,4,82329.33,26052.47,325
1109,20230401,5,5,42482.35,20287.55,545
1110,20230401,5,6,87370.84,19571.33,912
1111,20230401,6,1,76969.27,19586.59,270
1112,20230401,6,2,78699.32,24143.77,352
1113,20230401,6,3,58600.91,20841.98,1007
1114,20230401,6,4,45000.53,15961.76,608
1115,20230401,6,5,19528.05,7051.16,492
1116,20230401,6,6,55923.77,25888.67,837
1117,20230401,7,1,19798.68,7597.42,643
1118,20230401,7,2,56649.92,25407.93,790
1119,20230401,7,3,67350.84,22142.41,626
1120,20230401,7,4,59984.6,17090.5,1052
1121,20230401,7,5,17031.77,6705.58,414
1122,20230401,7,6,29191.18,13941.88,863
1123,20230401,8,1,50034.17,20313.97,950
1124,20230401,8,2,35428.51,11216.17,526
1125,20230401,8,3,31483.42,10493.21,516
1126,20230401,8,4,30239.13,8359.73,304
1127,20230401,8,5,44354.3,14937.85,1151
1128,20230401,8,6,70297.3,29464.32,1188
1129,20230401,9,1,40661.92,12365.25,1003
1130,20230401,9,2,61912.09,25119.23,325
1131,20230401,9,3,45021.07,9970.28,113
1132,20230401,9,4,42211.1,19764.15,470
1133,20230401,9,5,63849.04,24089.44,1191
1134,20230401,9,6,20199.0,4602.04,1001
1135,20230401,10,1,73555.69,28200.2,167
1136,20230401,10,2,61954.37,15406.64,283
1137,20230401,10,3,22488.53,5237.15,1200
1138,20230401,10,4,41796.56,9420.97,267
1139,20230401,10,5,69313.21,22494.52,750
1140,20230401,10,6,52286.98,17746.45,245
1141,20230401,11,1,76776.89,32165.19,1009
1142,20230401,11,2,64571.02,20291.52,701
1143,20230401,11,3,49869.63,12082.22,726
1144,20230401,11,4,30202.0,14453.55,1140
1145,20230401,11,5,62243.53,15224.87,500
1146,20230401,11,6,56721.47,14214.94,568
1147,20230401,12,1,86662.02,25701.44,776
1148,20230401,12,2,28986.64,10149.72,316
1149,20230401,12,3,22817.6,9246.33,305
1150,20230401,12,4,66287.35,29217.92,656
1151,20230401,12,5,71890.84,18695.36,697
1152,20230401,12,6,62573.67,30033.01,334
1153,20230501,1,1,26748.8,12255.84,855
1154,20230501,1,2,26360.73,11627.68,177
1155,20230501,1,3,35006.62,11655.42,748
1156,20230501,1,4,13483.12,5969.27,640
1157,20230501,1,5,47238.76,21547.96,935
1158,20230501,1,6,42345.07,20079.1,971
1159,20230501,2,1,65070.94,30872.77,1166
1160,20230501,2,2,94883.5,25209.85,580
1161,20230501,2,3,47408.96,10833.93,1140
1162,20230501,2,4,41340.47,10774.26,382
1163,20230501,2,5,45299.04,16146.67,161
1164,20230501,2,6,64630.7,16378.19,531
1165,20230501,3,1,15473.0,4889.67,204
1166,20230501,3,2,19533.18,7646.85,255
1167,20230501,3,3,22742.87,6399.55,427
1168,20230501,3,4,55883.92,13334.0,789
1169,20230501,3,5,16730.18,4254.6,125
1170,20230501,3,6,14342.15,3602.56,886
1171,20230501,4,1,77302.43,17960.57,89
1172,20230501,4,2,29832.57,8446.65,406
1173,20230501,4,3,74173.26,32813.92,1150
1174,20230501,4,4,83420.34,32400.74,966
1175,20230501,4,5,16071.46,6560.28,808
1176,20230501,4,6,34648.38,8684.58,141
1177,20230501,5,1,23538.18,9976.18,108
1178,20230501,5,2,48674.18,20999.79,466
1179,20230501,5,3,52804.17,21126.15,612
1180,20230501,5,4,25863.63,11607.34,335
1181,20230501,5,5,76536.36,30545.35,905
1182,20230501,5,6,26679.45,12181.87,177
1183,20230501,6,1,55475.56,15286.31,621
1184,20230501,6,2,48452.02,21658.01,1192
1185,20230501,6,3,82360.14,18367.84,121
1186,20230501,6,4,30112.27,12705.39,929
1187,20230501,6,5,34781.33,14515.6,990
1188,20230501,6,6,75889.19,25240.23,1118
1189,20230501,7,1,13349.38,6239.14,123
1190,20230501,7,2,49435.85,14662.2,327
1191,20230501,7,3,78132.67,31801.37,1188
1192,20230501,7,4,70060.17,21631.66,266
1193,20230501,7,5,64579.89,15454.75,286
1194,20230501,7,6,39504.47,10897.94,164
1195,20230501,8,1,71419.01,21305.03,650
1196,20230501,8,2,46684.41,10580.16,761
1197,20230501,8,3,21535.34,9503.57,588
1198,20230501,8,4,24134.17,9624.84,1029
1199,20230501,8,5,24537.49,10072.24,294
1200,20230501,8,6,40910.05,18565.35,1022
1201,20230501,9,1,25746.11,7745.19,683
1202,20230501,9,2,48203.17,22094.35,1191
1203,20230501,9,3,44516.99,12821.1,773
1204,20230501,9,4,57974.03,24448.34,826
1205,20230501,9,5,18286.22,6803.93,176
1206,20230501,9,6,33659.11,15657.07,818
1207,20230501,10,1,50224.57,19473.63,1181
1208,20230501,10,2,52094.11,13027.05,132
1209,20230501,10,3,24658.24,7467.58,154
1210,20230501,10,4,40625.45,19477.52,771
1211,20230501,10,5,14471.67,5837.51,1116
1212,20230501,10,6,15010.85,6641.88,180
1213,20230501,11,1,51211.14,16577.75,889
1214,20230501,11,2,54620.83,13448.83,306
1215,20230501,11,3,67910.87,29433.96,483
1216,20230501,11,4,28423.39,9594.92,530
1217,20230501,11,5,57561.48,19053.85,195
1218,20230501,11,6,73280.41,32036.7,502
1219,20230501,12,1,79090.08,32266.67,1075
1220,20230501,12,2,66895.65,17666.57,723
1221,20230501,12,3,79711.08,31824.7,1090
1222,20230501,12,4,43995.37,11627.77,462
1223,20230501,12,5,37557.84,16465.0,265
1224,20230501,12,6,24226.78,6579.23,172
1225,20230601,1,1,40042.13,12604.15,713
1226,20230601,1,2,60823.9,24342.09,746
1227,20230601,1,3,22426.93,8734.43,534
1228,20230601,1,4,9565.91,3392.83,651
1229,20230601,1,5,41847.07,15666.8,961
1230,20230601,1,6,20712.87,8582.94,263
1231,20230601,2,1,19283.02,8222.1,409
1232,20230601,2,2,90598.48,36961.56,578
1233,20230601,2,3,33065.3,7536.89,795
1234,20230601,2,4,21896.53,8830.47,549
1235,20230601,2,5,87945.52,39809.49,295
1236,20230601,2,6,64197.6,22465.12,1119
1237,20230601,3,1,11739.66,3207.96,833
1238,20230601,3,2,26691.94,11625.87,623
1239,20230601,3,3,80380.56,23382.52,1174
1240,20230601,3,4,31626.75,14430.12,282
1241,20230601,3,5,42853.69,15065.95,210
1242,20230601,3,6,77254.21,30450.33,724
1243,20230601,4,1,78426.48,17868.79,685
1244,20230601,4,2,22564.57,6133.02,125
1245,20230601,4,3,58210.5,17540.41,1146
1246,20230601,4,4,51708.46,21747.59,473
1247,20230601,4,5,49701.8,18806.49,232
1248,20230601,4,6,19012.48,8598.42,793
1249,20230601,5,1,40932.69,16640.46,1004
1250,20230601,5,2,61078.15,21847.51,1133
1251,20230601,5,3,72080.55,28836.05,879
1252,20230601,5,4,25673.41,11746.61,493
1253,20230601,5,5,79263.35,26317.51,473
1254,20230601,5,6,64852.66,21542.9,517
1255,20230601,6,1,38447.71,18210.01,1140
1256,20230601,6,2,41514.46,12091.64,147
1257,20230601,6,3,11820.3,4961.21,390
1258,20230601,6,4,47029.89,14576.68,1066
1259,20230601,6,5,23839.41,7860.1,801
1260,20230601,6,6,50357.89,19891.36,212
1261,20230601,7,1,48038.59,20253.1,442
1262,20230601,7,2,24603.83,9108.53,863
1263,20230601,7,3,44900.9,18268.6,227
1264,20230601,7,4,60636.44,18981.52,1193
1265,20230601,7,5,27511.17,8039.33,1031
1266,20230601,7,6,60221.53,25725.33,97
1267,20230601,8,1,23289.82,9065.6,681
1268,20230601,8,2,59624.63,24984.24,503
1269,20230601,8,3,46986.93,20525.78,121
1270,20230601,8,4,56226.94,13811.82,323
1271,20230601,8,5,68785.01,26468.3,926
1272,20230601,8,6,60025.05,19098.25,617
1273,20230601,9,1,38522.02,9625.03,348
1274,20230601,9,2,61208.27,14127.23,135
1275,20230601,9,3,57710.58,13811.33,1184
1276,20230601,9,4,14314.56,6754.66,865
1277,20230601,9,5,31932.86,13886.61,944
1278,20230601,9,6,22298.02,5114.19,695
1279,20230601,10,1,37065.45,10986.65,1016
1280,20230601,10,2,70018.63,27614.07,160
1281,20230601,10,3,71528.72,34307.01,960
1282,20230601,10,4,48341.55,16025.32,1134
1283,20230601,10,5,31071.05,14251.81,1175
1284,20230601,10,6,59739.57,27408.93,458
1285,20230601,11,1,46395.03,18681.43,1126
1286,20230601,11,2,51949.68,17456.73,361
1287,20230601,11,3,35232.77,16588.41,323
1288,20230601,11,4,40221.77,17398.74,959
1289,20230601,11,5,44958.49,21485.21,175
1290,20230601,11,6,18838.44,4331.1,164
1291,20230601,12,1,83971.29,30700.37,868
1292,20230601,12,2,21837.53,7662.4,367
1293,20230601,12,3,47180.36,16004.49,977
1294,20230601,12,4,64875.38,18467.58,526
1295,20230601,12,5,18382.75,8813.76,145
1296,20230601,12,6,20626.54,4931.03,542
1297,20230701,1,1,47694.21,11478.81,1059
1298,20230701,1,2,44237.97,16743.18,414
1299,20230701,1,3,53951.35,14265.8,600
1300,20230701,1,4,40867.85,13745.61,457
1301,20230701,1,5,17368.32,6871.87,200
1302,20230701,1,6,54567.84,25291.56,474
1303,20230701,2,1,38095.07,9293.6,544
1304,20230701,2,2,47367.51,18429.48,223
1305,20230701,2,3,40117.24,12234.16,677
1306,20230701,2,4,79461.68,30886.08,698
1307,20230701,2,5,50787.1,15091.58,126
1308,20230701,2,6,28159.05,6827.69,342
1309,20230701,3,1,40854.22,16109.39,187
1310,20230701,3,2,36122.48,8738.43,628
1311,20230701,3,3,50440.17,11192.05,1182
1312,20230701,3,4,40411.86,15400.32,918
1313,20230701,3,5,72747.15,17441.6,1180
1314,20230701,3,6,69911.26,22101.54,810
1315,20230701,4,1,38882.01,8881.21,680
1316,20230701,4,2,61410.53,18791.27,568
1317,20230701,4,3,11154.64,5351.21,406
1318,20230701,4,4,24918.49,9293.6,279
1319,20230701,4,5,67963.76,17064.96,883
1320,20230701,4,6,19757.55,5730.18,827
1321,20230701,5,1,18666.67,8835.91,599
1322,20230701,5,2,54872.87,19937.06,784
1323,20230701,5,3,49684.09,14119.32,783
1324,20230701,5,4,34710.47,16086.53,262
1325,20230701,5,5,35520.63,12863.0,96
1326,20230701,5,6,56005.5,16036.89,556
1327,20230701,6,1,21079.47,9253.73,348
1328,20230701,6,2,56501.96,21227.22,300
1329,20230701,6,3,53531.86,23877.27,966
1330,20230701,6,4,23517.38,5862.75,691
1331,20230701,6,5,19251.72,4641.81,1190
1332,20230701,6,6,16511.59,7088.62,742
1333,20230701,7,1,63307.05,25600.16,1039
1334,20230701,7,2,50338.05,19145.1,154
1335,20230701,7,3,45761.33,16730.26,646
1336,20230701,7,4,37862.08,11352.44,215
1337,20230701,7,5,22116.24,8784.87,964
1338,20230701,7,6,70327.18,27914.45,572
1339,20230701,8,1,41861.51,17675.34,601
1340,20230701,8,2,63339.08,14887.78,1144
1341,20230701,8,3,51290.0,19708.98,1008
1342,20230701,8,4,15647.53,7149.55,967
1343,20230701,8,5,55246.3,17684.01,248
1344,20230701,8,6,63944.18,27978.7,967
1345,20230701,9,1,24479.78,6250.88,343
1346,20230701,9,2,42824.98,12819.95,227
1347,20230701,9,3,15740.74,3757.03,114
1348,20230701,9,4,44839.57,18921.64,1077
1349,20230701,9,5,22712.82,6809.87,479
1350,20230701,9,6,38244.94,14271.82,467
1351,20230701,10,1,39954.77,10617.89,668
1352,20230701,10,2,23608.14,10488.07,750
1353,20230701,10,3,70879.3,32500.03,467
1354,20230701,10,4,72358.45,17406.45,219
1355,20230701,10,5,63682.33,22581.37,211
1356,20230701,10,6,20725.84,9576.89,570
1357,20230701,11,1,53067.21,24721.6,515
1358,20230701,11,2,29356.86,6489.28,582
1359,20230701,11,3,25736.17,6851.83,453
1360,20230701,11,4,24672.67,8398.73,1018
1361,20230701,11,5,12274.72,4246.89,965
1362,20230701,11,6,10285.81,4282.44,878
1363,20230701,12,1,51628.02,16999.56,1147
1364,20230701,12,2,54480.67,25644.17,638
1365,20230701,12,3,32498.9,7323.34,864
1366,20230701,12,4,70449.77,25657.18,844
1367,20230701,12,5,37735.24,15343.33,190
1368,20230701,12,6,48683.39,21998.68,1008
1369,20230801,1,1,8196.11,2797.17,833
1370,20230801,1,2,27813.04,7317.94,737
1371,20230801,1,3,59198.67,13430.0,1022
1372,20230801,1,4,18677.02,7929.3,771
1373,20230801,1,5,59276.97,26568.6,532
1374,20230801,1,6,19131.3,6782.38,578
1375,20230801,2,1,15792.75,3732.75,258
1376,20230801,2,2,16031.82,4513.9,921
1377,20230801,2,3,18034.79,4966.3,239
1378,20230801,2,4,69325.34,27216.61,392
1379,20230801,2,5,52180.96,20225.28,290
1380,20230801,2,6,31654.44,13010.69,310
1381,20230801,3,1,40522.92,16255.58,108
1382,20230801,3,2,50863.67,14169.42,1135
1383,20230801,3,3,10392.2,3169.31,708
1384,20230801,3,4,67247.43,20283.73,1030
1385,20230801,3,5,33206.47,14578.87,905
1386,20230801,3,6,31346.84,8223.52,114
1387,20230801,4,1,46188.83,21483.36,955
1388,20230801,4,2,30634.36,8366.27,495
1389,20230801,4,3,39486.1,18157.58,679
1390,20230801,4,4,10047.56,4002.18,93
1391,20230801,4,5,67148.26,28396.58,499
1392,20230801,4,6,32186.49,14866.1,788
1393,20230801,5,1,23801.0,8941.28,496
1394,20230801,5,2,34896.09,9968.32,91
1395,20230801,5,3,42598.65,17981.55,1102
1396,20230801,5,4,78616.37,32639.1,347
1397,20230801,5,5,18415.48,7005.83,655
1398,20230801,5,6,36851.61,10040.67,988
1399,20230801,6,1,47681.97,21316.18,442
1400,20230801,6,2,44890.35,17115.77,1020
1401,20230801,6,3,67231.09,27878.86,1167
1402,20230801,6,4,37060.28,16975.19,993
1403,20230801,6,5,32329.69,10289.64,1151
1404,20230801,6,6,28103.22,6427.81,767
1405,20230801,7,1,60344.09,19356.76,938
1406,20230801,7,2,23519.78,9090.81,239
1407,20230801,7,3,51341.22,15703.17,783
1408,20230801,7,4,31918.92,8060.46,996
1409,20230801,7,5,52599.1,12466.09,182
1410,20230801,7,6,45065.82,14642.59,491
1411,20230801,8,1,45390.47,15295.48,890
1412,20230801,8,2,33915.84,15934.36,321
1413,20230801,8,3,47047.79,16562.1,777
1414,20230801,8,4,23966.2,7999.23,1090
1415,20230801,8,5,39766.01,16332.69,167
1416,20230801,8,6,51782.35,21606.55,952
1417,20230801,9,1,26887.29,12557.84,1068
1418,20230801,9,2,36510.23,16118.41,860
1419,20230801,9,3,12583.58,4454.23,342
1420,20230801,9,4,29568.18,7321.31,755
1421,20230801,9,5,23099.9,6005.73,1042
1422,20230801,9,6,27251.85,9613.7,211
1423,20230801,10,1,27050.8,8860.69,595
1424,20230801,10,2,72582.82,32662.16,225
1425,20230801,10,3,32889.95,10963.57,430
1426,20230801,10,4,19473.22,8866.94,893
1427,20230801,10,5,64817.0,23155.55,942
1428,20230801,10,6,64414.92,24517.93,778
1429,20230801,11,1,23162.51,5812.4,326
1430,20230801,11,2,22799.72,9938.86,211
1431,20230801,11,3,47477.68,11846.01,1032
1432,20230801,11,4,42588.27,14627.56,385
1433,20230801,11,5,49976.16,13465.85,951
1434,20230801,11,6,58563.48,14023.33,1133
1435,20230801,12,1,62340.91,19253.42,615
1436,20230801,12,2,25878.14,10939.64,1183
1437,20230801,12,3,47997.48,20005.43,1100
1438,20230801,12,4,51767.92,13518.16,288
1439,20230801,12,5,11526.03,3597.97,302
1440,20230801,12,6,23110.42,5836.02,674
1441,20230901,1,1,25785.14,9290.48,794
1442,20230901,1,2,22191.23,5848.14,1142
1443,20230901,1,3,13523.85,4996.29,662
1444,20230901,1,4,22379.24,8720.17,1025
1445,20230901,1,5,20211.22,6343.5,197
1446,20230901,1,6,46181.13,19285.06,636
1447,20230901,2,1,73011.71,17417.85,169
1448,20230901,2,2,69834.52,28166.64,569
1449,20230901,2,3,49517.3,22058.95,1136
1450,20230901,2,4,72895.82,31410.65,958
1451,20230901,2,5,58897.98,13591.48,786
1452,20230901,2,6,72145.76,15916.73,80
1453,20230901,3,1,64735.86,25300.87,873
1454,20230901,3,2,55917.63,16831.05,879
1455,20230901,3,3,51023.08,16936.01,1137
1456,20230901,3,4,48910.85,11174.29,922
1457,20230901,3,5,64590.97,19459.91,753
1458,20230901,3,6,59551.08,20009.46,136
1459,20230901,4,1,23341.01,9939.38,483
1460,20230901,4,2,47848.55,21288.31,162
1461,20230901,4,3,52448.14,21269.88,794
1462,20230901,4,4,23326.8,10164.37,658
1463,20230901,4,5,15226.63,5484.46,412
1464,20230901,4,6,38244.94,11043.6,504
1465,20230901,5,1,60160.43,19494.91,1126
1466,20230901,5,2,53069.99,15662.59,600
1467,20230901,5,3,51613.57,14226.95,890
1468,20230901,5,4,70014.64,27064.72,678
1469,20230901,5,5,49115.76,15399.1,146
1470,20230901,5,6,16781.77,4890.87,836
1471,20230901,6,1,8760.8,3080.07,637
1472,20230901,6,2,51401.34,17858.26,749
1473,20230901,6,3,20745.4,9725.9,501
1474,20230901,6,4,60795.39,21017.68,580
1475,20230901,6,5,52217.95,23559.88,672
1476,20230901,6,6,53000.94,12903.07,729
1477,20230901,7,1,24226.03,10169.49,1154
1478,20230901,7,2,22394.87,4936.26,528
1479,20230901,7,3,63087.35,25987.06,403
1480,20230901,7,4,43511.96,11598.3,96
1481,20230901,7,5,23194.48,5681.55,846
1482,20230901,7,6,33331.59,10885.59,812
1483,20230901,8,1,25301.42,10300.18,212
1484,20230901,8,2,50159.29,19290.54,474
1485,20230901,8,3,23942.24,9682.93,381
1486,20230901,8,4,47111.05,12895.63,90
1487,20230901,8,5,50092.62,18134.39,381
1488,20230901,8,6,40326.05,18108.49,1149
1489,20230901,9,1,13067.42,4972.62,901
1490,20230901,9,2,23981.4,8303.29,417
1491,20230901,9,3,27146.83,10958.81,253
1492,20230901,9,4,44224.1,10785.41,888
1493,20230901,9,5,27908.88,6249.96,966
1494,20230901,9,6,22924.87,9920.51,1195
1495,20230901,10,1,41312.4,15903.41,872
1496,20230901,10,2,68051.77,28948.72,360
1497,20230901,10,3,51608.5,15258.38,360
1498,20230901,10,4,67789.42,16890.25,697
1499,20230901,10,5,42364.39,15186.08,1059
1500,20230901,10,6,19115.0,4692.76,1091
1501,20230901,11,1,19197.15,7795.5,251
1502,20230901,11,2,52325.2,23375.63,749
1503,20230901,11,3,11273.33,4179.49,244
1504,20230901,11,4,55667.39,23581.29,878
1505,20230901,11,5,51921.48,21588.29,384
1506,20230901,11,6,52081.86,22701.01,754
1507,20230901,12,1,21111.39,5273.16,403
1508,20230901,12,2,12607.37,3614.72,287
1509,20230901,12,3,54061.91,20629.36,296
1510,20230901,12,4,14208.65,5675.25,497
1511,20230901,12,5,49067.43,13400.3,578
1512,20230901,12,6,63176.0,29923.66,99
1513,20231001,1,1,33107.3,10074.39,839
1514,20231001,1,2,35300.85,16314.83,426
1515,20231001,1,3,36635.95,11587.21,511
1516,20231001,1,4,20543.03,8613.28,648
1517,20231001,1,5,32484.87,8135.14,277
1518,20231001,1,6,21464.39,6246.82,271
1519,20231001,2,1,40577.01,14614.56,374
1520,20231001,2,2,56778.94,23065.81,451
1521,20231001,2,3,36771.47,17633.48,194
1522,20231001,2,4,62778.71,16284.05,501
1523,20231001,2,5,23927.95,10240.35,889
1524,20231001,2,6,65799.59,21862.23,123
1525,20231001,3,1,9217.13,3318.64,1086
1526,20231001,3,2,36909.96,14049.41,901
1527,20231001,3,3,53637.36,20626.22,714
1528,20231001,3,4,61018.97,25368.41,602
1529,20231001,3,5,20067.23,8914.43,668
1530,20231001,3,6,27052.73,9170.52,689
1531,20231001,4,1,36409.67,15870.44,651
1532,20231001,4,2,64007.68,24469.65,255
1533,20231001,4,3,19048.91,4624.64,475
1534,20231001,4,4,54667.11,25155.77,317
1535,20231001,4,5,43981.37,18832.53,499
1536,20231001,4,6,49082.76,23335.17,962
1537,20231001,5,1,70618.34,19292.72,539
1538,20231001,5,2,25445.77,8569.46,1132
1539,20231001,5,3,14694.36,4060.99,699
1540,20231001,5,4,40985.24,18346.32,1120
1541,20231001,5,5,22115.64,6021.16,195
1542,20231001,5,6,25182.31,7862.15,1083
1543,20231001,6,1,22522.22,7160.16,551
1544,20231001,6,2,28010.13,8446.74,365
1545,20231001,6,3,11789.69,3485.75,354
1546,20231001,6,4,33206.05,11901.38,358
1547,20231001,6,5,62522.95,20997.66,482
1548,20231001,6,6,44020.77,11365.97,718
1549,20231001,7,1,53131.26,23053.25,740
1550,20231001,7,2,23410.1,9855.43,523
1551,20231001,7,3,52312.75,14257.59,880
1552,20231001,7,4,57123.04,14695.13,972
1553,20231001,7,5,23278.7,9713.34,397
1554,20231001,7,6,14369.28,4066.89,398
1555,20231001,8,1,37086.11,10229.22,875
1556,20231001,8,2,12261.73,2879.54,778
1557,20231001,8,3,54422.68,17828.32,270
1558,20231001,8,4,7714.23,3073.73,780
1559,20231001,8,5,11235.48,5136.07,1141
1560,20231001,8,6,50730.82,17808.53,90
1561,20231001,9,1,35374.38,11191.23,1194
1562,20231001,9,2,20501.88,9337.15,1107
1563,20231001,9,3,48783.29,21172.73,670
1564,20231001,9,4,46323.01,16837.57,300
1565,20231001,9,5,30145.59,7595.44,677
1566,20231001,9,6,25227.67,11147.27,421
1567,20231001,10,1,20826.47,9743.86,216
1568,20231001,10,2,14166.66,5719.61,200
1569,20231001,10,3,51104.69,16075.33,546
1570,20231001,10,4,66908.58,24392.72,454
1571,20231001,10,5,55920.61,17026.85,526
1572,20231001,10,6,33554.26,8361.93,346
1573,20231001,11,1,39256.65,13849.8,553
1574,20231001,11,2,43168.47,10368.76,122
1575,20231001,11,3,24007.71,5879.25,1183
1576,20231001,11,4,43971.38,14698.39,1178
1577,20231001,11,5,32292.78,11288.41,332
1578,20231001,11,6,49306.76,14190.0,195
1579,20231001,12,1,24048.2,9590.43,618
1580,20231001,12,2,26218.85,10534.09,129
1581,20231001,12,3,19722.55,4430.38,519
1582,20231001,12,4,58900.03,18773.13,872
1583,20231001,12,5,20107.98,5752.2,550
1584,20231001,12,6,65453.2,23511.4,872
1585,20231101,1,1,32570.04,13348.95,894
1586,20231101,1,2,41718.79,15245.53,117
1587,20231101,1,3,35904.01,11085.94,1083
1588,20231101,1,4,47795.97,10993.0,750
1589,20231101,1,5,54163.23,23616.49,630
1590,20231101,1,6,44335.34,10374.74,1108
1591,20231101,2,1,12630.16,4410.28,224
1592,20231101,2,2,33031.65,12272.75,972
1593,20231101,2,3,45533.71,14897.48,254
1594,20231101,2,4,21966.95,9937.68,804
1595,20231101,2,5,73941.33,35395.65,702
1596,20231101,2,6,60774.67,25822.77,331
1597,20231101,3,1,42169.37,9673.91,684
1598,20231101,3,2,51661.07,23139.11,502
1599,20231101,3,3,63934.28,18339.09,867
1600,20231101,3,4,55663.48,19034.93,215
1601,20231101,3,5,12381.18,5875.02,507
1602,20231101,3,6,52348.09,22958.18,128
1603,20231101,4,1,41128.97,10662.13,706
1604,20231101,4,2,34803.41,8262.04,238
1605,20231101,4,3,11835.54,4817.38,1037
1606,20231101,4,4,57423.24,15963.6,175
1607,20231101,4,5,65725.75,25751.19,776
1608,20231101,4,6,34521.78,10050.12,910
1609,20231101,5,1,62345.5,17631.5,132
1610,20231101,5,2,62670.54,15212.54,840
1611,20231101,5,3,34486.02,8048.07,581
1612,20231101,5,4,32148.49,13242.92,798
1613,20231101,5,5,45935.41,14053.43,1175
1614,20231101,5,6,66872.65,27982.66,634
1615,20231101,6,1,50818.66,11977.01,696
1616,20231101,6,2,16636.76,4243.35,291
1617,20231101,6,3,26134.18,10205.3,1124
1618,20231101,6,4,32605.09,13728.72,560
1619,20231101,6,5,26216.59,12330.32,706
1620,20231101,6,6,62717.38,29754.11,88
1621,20231101,7,1,17263.16,5531.63,421
1622,20231101,7,2,62585.57,18601.31,1110
1623,20231101,7,3,28527.86,7651.59,949
1624,20231101,7,4,39471.84,9033.95,741
1625,20231101,7,5,8975.92,2750.3,834
1626,20231101,7,6,19073.8,8219.8,113
1627,20231101,8,1,40801.41,19011.46,285
1628,20231101,8,2,48865.28,17242.23,134
1629,20231101,8,3,36192.66,10540.34,545
1630,20231101,8,4,45372.8,14985.0,782
1631,20231101,8,5,26261.29,9966.61,161
1632,20231101,8,6,40231.08,13766.53,653
1633,20231101,9,1,10757.76,4799.47,611
1634,20231101,9,2,46131.02,10397.13,598
1635,20231101,9,3,32401.26,8799.33,147
1636,20231101,9,4,54795.08,25560.2,491
1637,20231101,9,5,24121.19,8165.8,553
1638,20231101,9,6,38652.86,9063.41,190
1639,20231101,10,1,45377.83,13625.65,620
1640,20231101,10,2,41917.39,13064.22,1088
1641,20231101,10,3,14235.61,4655.62,483
1642,20231101,10,4,44188.2,15857.82,143
1643,20231101,10,5,15533.17,4859.81,462
1644,20231101,10,6,12882.67,2958.88,462
1645,20231101,11,1,56898.25,20175.81,838
1646,20231101,11,2,16938.15,4892.57,369
1647,20231101,11,3,36155.69,12626.12,962
1648,20231101,11,4,8944.24,3066.0,342
1649,20231101,11,5,8069.08,2703.89,307
1650,20231101,11,6,45104.67,20225.95,314
1651,20231101,12,1,25948.7,10701.05,991
1652,20231101,12,2,42521.87,9511.0,1029
1653,20231101,12,3,29021.92,12358.51,159
1654,20231101,12,4,16547.11,4682.7,193
1655,20231101,12,5,9993.57,2273.54,258
1656,20231101,12,6,41195.75,11542.03,1036
1657,20231201,1,1,34721.25,16003.15,966
1658,20231201,1,2,55282.84,25736.04,349
1659,20231201,1,3,50727.24,20743.19,888
1660,20231201,1,4,19837.07,7537.84,931
1661,20231201,1,5,19834.14,7387.85,135
1662,20231201,1,6,35506.65,9924.52,728
1663,20231201,2,1,68140.6,29231.37,544
1664,20231201,2,2,48449.67,13243.23,747
1665,20231201,2,3,73102.98,24974.62,865
1666,20231201,2,4,22054.39,5211.17,679
1667,20231201,2,5,67248.27,28765.57,1130
1668,20231201,2,6,22512.14,8760.66,102
1669,20231201,3,1,45872.46,18234.07,484
1670,20231201,3,2,66300.67,25755.19,709
1671,20231201,3,3,69007.39,18126.61,566
1672,20231201,3,4,48164.3,21398.45,671
1673,20231201,3,5,70111.86,29862.43,476
1674,20231201,3,6,70553.1,24933.8,1187
1675,20231201,4,1,16020.46,4358.12,427
1676,20231201,4,2,33320.48,12039.13,723
1677,20231201,4,3,47018.08,15557.97,819
1678,20231201,4,4,52858.12,14409.31,1073
1679,20231201,4,5,51591.94,23162.67,882
1680,20231201,4,6,44958.44,15116.87,620
1681,20231201,5,1,41106.17,10925.08,81
1682,20231201,5,2,24800.41,11663.13,816
1683,20231201,5,3,11842.9,3625.8,146
1684,20231201,5,4,38003.75,9831.14,175
1685,20231201,5,5,33495.34,14956.09,869
1686,20231201,5,6,23875.19,5313.33,537
1687,20231201,6,1,22098.62,9226.75,388
1688,20231201,6,2,48278.54,11612.66,798
1689,20231201,6,3,42808.23,10167.44,1088
1690,20231201,6,4,20073.68,7648.75,778
1691,20231201,6,5,21883.09,8277.82,799
1692,20231201,6,6,53777.07,14523.63,1008
1693,20231201,7,1,53170.47,17162.06,1160
1694,20231201,7,2,68212.69,31854.94,1055
1695,20231201,7,3,59031.19,17610.47,992
1696,20231201,7,4,48759.64,23106.75,533
1697,20231201,7,5,55936.69,15338.78,115
1698,20231201,7,6,13259.05,4497.17,442
1699,20231201,8,1,25073.46,10330.76,286
1700,20231201,8,2,26473.55,10565.04,420
1701,20231201,8,3,54513.01,26018.08,394
1702,20231201,8,4,38939.43,10637.79,1013
1703,20231201,8,5,20269.08,4963.38,939
1704,20231201,8,6,53449.85,23609.47,747
1705,20231201,9,1,26961.6,10682.85,259
1706,20231201,9,2,38793.49,17678.23,1077
1707,20231201,9,3,14099.7,3673.72,1089
1708,20231201,9,4,27189.63,7622.78,900
1709,20231201,9,5,34864.7,10443.85,448
1710,20231201,9,6,14854.23,3611.43,119
1711,20231201,10,1,39113.81,16268.56,264
1712,20231201,10,2,69115.04,22153.34,295
1713,20231201,10,3,37870.29,9882.34,654
1714,20231201,10,4,67535.17,18694.22,694
1715,20231201,10,5,29677.03,6751.89,248
1716,20231201,10,6,44220.37,10266.7,723
1717,20231201,11,1,58537.22,27081.15,316
1718,20231201,11,2,35469.01,8438.8,987
1719,20231201,11,3,50031.76,22888.41,132
1720,20231201,11,4,30436.43,12149.95,344
1721,20231201,11,5,26444.73,6587.43,721
1722,20231201,11,6,42144.2,17238.48,568
1723,20231201,12,1,50275.08,14329.04,606
1724,20231201,12,2,42928.84,15732.96,1188
1725,20231201,12,3,46788.99,11591.33,765
1726,20231201,12,4,68632.47,19041.64,1054
1727,20231201,12,5,68547.99,24789.35,731
1728,20231201,12,6,50613.97,14824.8,406
1729,20240101,1,1,35836.22,13311.98,462
1730,20240101,1,2,18511.97,5818.19,398
1731,20240101,1,3,62081.5,17882.26,251
1732,20240101,1,4,46605.96,16279.04,688
1733,20240101,1,5,62134.67,27806.36,626
1734,20240101,1,6,10580.04,3905.03,995
1735,20240101,2,1,60593.72,18278.01,385
1736,20240101,2,2,73411.81,27923.52,1137
1737,20240101,2,3,53569.81,19019.3,1025
1738,20240101,2,4,70964.04,25735.77,127
1739,20240101,2,5,14533.65,5240.43,695
1740,20240101,2,6,60965.87,16792.63,467
1741,20240101,3,1,76037.66,35583.11,239
1742,20240101,3,2,57235.0,25331.07,120
1743,20240101,3,3,32002.74,12626.8,897
1744,20240101,3,4,27442.2,10968.74,800
1745,20240101,3,5,31170.66,14863.3,341
1746,20240101,3,6,57042.9,20882.99,413
1747,20240101,4,1,68734.28,23577.24,1052
1748,20240101,4,2,43851.48,10438.06,281
1749,20240101,4,3,18061.03,6600.72,430
1750,20240101,4,4,61140.18,29286.57,823
1751,20240101,4,5,15854.8,6888.77,717
1752,20240101,4,6,21137.21,8290.67,134
1753,20240101,5,1,27125.24,12930.46,474
1754,20240101,5,2,71605.1,28209.67,1066
1755,20240101,5,3,45355.79,11947.15,188
1756,20240101,5,4,12300.34,2970.51,388
1757,20240101,5,5,23863.61,7107.88,864
1758,20240101,5,6,46905.42,18096.35,162
1759,20240101,6,1,36792.65,8619.41,564
1760,20240101,6,2,46329.78,19673.07,193
1761,20240101,6,3,21203.77,6057.07,698
1762,20240101,6,4,20475.44,5776.21,700
1763,20240101,6,5,72404.55,29032.94,362
1764,20240101,6,6,47509.31,19229.39,888
1765,20240101,7,1,35280.03,12181.85,722
1766,20240101,7,2,17465.27,6868.04,660
1767,20240101,7,3,42981.77,12841.03,658
1768,20240101,7,4,75466.86,19544.98,547
1769,20240101,7,5,66366.96,28736.89,1126
1770,20240101,7,6,28429.6,8821.66,506
1771,20240101,8,1,46365.11,19189.03,573
1772,20240101,8,2,54704.44,26169.43,855
1773,20240101,8,3,46414.4,20977.43,240
1774,20240101,8,4,30663.78,14384.56,428
1775,20240101,8,5,32963.05,9659.27,367
1776,20240101,8,6,47749.46,17383.78,527
1777,20240101,9,1,33974.43,13408.6,512
1778,20240101,9,2,27680.27,7562.64,655
1779,20240101,9,3,27984.45,7076.86,1001
1780,20240101,9,4,40091.79,9966.43,844
1781,20240101,9,5,18338.45,4608.32,1092
1782,20240101,9,6,19302.71,6854.02,393
1783,20240101,10,1,27890.75,7233.91,251
1784,20240101,10,2,72711.19,16155.81,1019
1785,20240101,10,3,78310.54,19224.21,220
1786,20240101,10,4,71058.56,18828.87,472
1787,20240101,10,5,35474.72,13925.88,218
1788,20240101,10,6,57145.06,23393.58,860
1789,20240101,11,1,24061.16,10978.77,1010
1790,20240101,11,2,59476.66,21412.09,997
1791,20240101,11,3,61221.16,27776.67,921
1792,20240101,11,4,51670.49,23415.93,423
1793,20240101,11,5,30080.19,7425.22,1074
1794,20240101,11,6,34186.22,12242.17,1154
1795,20240101,12,1,76693.6,34693.45,545
1796,20240101,12,2,27616.61,9324.38,166
1797,20240101,12,3,72783.68,31159.09,1002
1798,20240101,12,4,65537.75,27188.86,137
1799,20240101,12,5,53415.62,23263.43,504
1800,20240101,12,6,66088.75,26134.17,879
1801,20240201,1,1,68214.67,28104.93,867
1802,20240201,1,2,25146.64,7363.28,1043
1803,20240201,1,3,28853.77,10842.63,539
1804,20240201,1,4,49171.6,16203.31,186
1805,20240201,1,5,44874.25,10418.16,584
1806,20240201,1,6,45329.93,11567.62,265
1807,20240201,2,1,35460.65,8274.91,380
1808,20240201,2,2,84008.6,38923.06,963
1809,20240201,2,3,68892.65,28884.98,929
1810,20240201,2,4,67694.28,17385.29,183
1811,20240201,2,5,50795.89,22171.2,443
1812,20240201,2,6,17978.85,5639.59,937
1813,20240201,3,1,24825.17,8946.34,345
1814,20240201,3,2,69058.92,21149.19,1042
1815,20240201,3,3,22292.04,9306.66,596
1816,20240201,3,4,40303.01,11639.35,978
1817,20240201,3,5,58604.71,26987.81,349
1818,20240201,3,6,80691.55,29738.6,804
1819,20240201,4,1,67074.62,18142.51,991
1820,20240201,4,2,65682.43,21760.59,980
1821,20240201,4,3,50835.01,16589.89,268
1822,20240201,4,4,70308.42,21484.07,796
1823,20240201,4,5,74199.52,34187.63,170
1824,20240201,4,6,45192.97,12550.3,294
1825,20240201,5,1,31409.95,13434.01,871
1826,20240201,5,2,28805.39,8035.51,1059
1827,20240201,5,3,67074.84,24179.15,289
1828,20240201,5,4,15839.45,4807.48,367
1829,20240201,5,5,73545.42,33590.5,629
1830,20240201,5,6,61341.19,26660.03,277
1831,20240201,6,1,34690.86,12759.53,843
1832,20240201,6,2,12690.59,4768.93,379
1833,20240201,6,3,75182.63,24616.79,614
1834,20240201,6,4,19618.31,7846.84,341
1835,20240201,6,5,63761.4,14222.73,1153
1836,20240201,6,6,53475.44,12965.0,806
1837,20240201,7,1,26715.09,9418.17,184
1838,20240201,7,2,54319.59,19639.35,993
1839,20240201,7,3,23468.15,7318.17,1191
1840,20240201,7,4,76337.97,19397.45,833
1841,20240201,7,5,64430.8,24634.19,992
1842,20240201,7,6,48333.89,14231.51,879
1843,20240201,8,1,30744.8,13723.77,1177
1844,20240201,8,2,25717.3,9594.76,573
1845,20240201,8,3,15457.67,5459.1,113
1846,20240201,8,4,38140.8,17807.23,1097
1847,20240201,8,5,45915.06,14475.98,999
1848,20240201,8,6,40771.15,17942.96,1120
1849,20240201,9,1,55829.48,20135.07,624
1850,20240201,9,2,28449.0,7608.21,983
1851,20240201,9,3,39871.19,10811.28,1118
1852,20240201,9,4,11271.99,5080.4,961
1853,20240201,9,5,66903.81,19163.11,688
1854,20240201,9,6,56718.78,21193.06,672
1855,20240201,10,1,47678.26,15593.57,872
1856,20240201,10,2,65883.29,19830.64,326
1857,20240201,10,3,22532.59,8122.34,533
1858,20240201,10,4,82860.05,23063.69,798
1859,20240201,10,5,19205.46,7887.14,582
1860,20240201,10,6,71927.25,18690.94,994
1861,20240201,11,1,54460.01,15275.79,523
1862,20240201,11,2,39242.36,8995.2,833
1863,20240201,11,3,14433.85,5413.75,537
1864,20240201,11,4,65837.73,22091.37,1167
1865,20240201,11,5,19521.61,5058.63,769
1866,20240201,11,6,56069.98,18076.84,1041
1867,20240201,12,1,71853.34,15864.3,129
1868,20240201,12,2,46856.84,16845.74,375
1869,20240201,12,3,81321.44,27784.31,971
1870,20240201,12,4,71171.57,29559.02,304
1871,20240201,12,5,21598.43,10300.26,1191
1872,20240201,12,6,67170.77,26205.99,191
1873,20240301,1,1,23622.14,7751.08,507
1874,20240301,1,2,36356.25,11695.36,1021
1875,20240301,1,3,19236.49,8665.96,984
1876,20240301,1,4,65422.14,17767.73,1034
1877,20240301,1,5,46710.4,11832.18,1056
1878,20240301,1,6,54157.28,13511.87,1181
1879,20240301,2,1,93927.47,29969.2,105
1880,20240301,2,2,42666.89,19416.89,901
1881,20240301,2,3,63094.29,16284.36,794
1882,20240301,2,4,24271.28,6758.32,211
1883,20240301,2,5,87549.6,34687.4,894
1884,20240301,2,6,92319.19,38123.93,170
1885,20240301,3,1,60389.33,22603.39,1019
1886,20240301,3,2,70951.31,16129.86,354
1887,20240301,3,3,60772.3,13728.65,961
1888,20240301,3,4,43289.4,15490.47,599
1889,20240301,3,5,70194.52,24586.03,709
1890,20240301,3,6,65250.66,29915.14,717
1891,20240301,4,1,58887.75,24529.9,982
1892,20240301,4,2,46136.92,17311.89,471
1893,20240301,4,3,25802.3,7090.45,860
1894,20240301,4,4,49349.9,13509.09,622
1895,20240301,4,5,32554.22,13513.94,709
1896,20240301,4,6,58280.36,20369.89,279
1897,20240301,5,1,34959.28,16426.94,602
1898,20240301,5,2,42141.36,19591.2,986
1899,20240301,5,3,75215.92,17202.87,650
1900,20240301,5,4,38116.74,13272.55,975
1901,20240301,5,5,64868.11,26952.53,645
1902,20240301,5,6,78341.01,22851.3,349
1903,20240301,6,1,73199.88,34326.41,954
1904,20240301,6,2,38020.55,13873.8,84
1905,20240301,6,3,49999.42,16112.62,119
1906,20240301,6,4,68251.31,27987.67,163
1907,20240301,6,5,22384.03,8635.99,249
1908,20240301,6,6,82265.38,31304.71,479
1909,20240301,7,1,71401.62,25476.34,773
1910,20240301,7,2,55563.01,22234.19,490
1911,20240301,7,3,42980.77,20041.35,816
1912,20240301,7,4,28780.64,12191.58,744
1913,20240301,7,5,73784.75,19335.38,416
1914,20240301,7,6,27068.44,11942.65,1101
1915,20240301,8,1,49603.93,16627.86,318
1916,20240301,8,2,10683.77,3443.01,417
1917,20240301,8,3,14791.87,4037.27,429
1918,20240301,8,4,18503.38,7167.72,712
1919,20240301,8,5,25391.45,6008.31,913
1920,20240301,8,6,69266.65,31580.78,217
1921,20240301,9,1,56224.09,14065.24,786
1922,20240301,9,2,27211.95,7513.16,760
1923,20240301,9,3,45149.1,14999.82,200
1924,20240301,9,4,52738.79,20745.04,372
1925,20240301,9,5,12515.43,4816.58,319
1926,20240301,9,6,54787.39,24774.88,988
1927,20240301,10,1,29220.83,8905.08,583
1928,20240301,10,2,54022.99,22220.73,883
1929,20240301,10,3,35754.72,16706.08,817
1930,20240301,10,4,41249.94,15391.93,875
1931,20240301,10,5,81127.18,28838.69,1138
1932,20240301,10,6,29821.89,8537.16,1018
1933,20240301,11,1,65737.63,20037.75,492
1934,20240301,11,2,69750.54,24996.56,920
1935,20240301,11,3,11085.85,3579.13,683
1936,20240301,11,4,65470.49,23399.81,828
1937,20240301,11,5,59616.05,23340.95,158
1938,20240301,11,6,64419.89,16774.13,917
1939,20240301,12,1,45164.42,10668.43,603
1940,20240301,12,2,63795.96,29719.02,121
1941,20240301,12,3,15292.04,5790.45,1145
1942,20240301,12,4,35167.3,9434.93,957
1943,20240301,12,5,16192.8,4504.95,522
1944,20240301,12,6,72032.55,26261.41,192
1945,20240401,1,1,20334.43,8506.53,186
1946,20240401,1,2,64112.83,26497.29,694
1947,20240401,1,3,28599.58,6343.06,686
1948,20240401,1,4,27296.15,11390.14,485
1949,20240401,1,5,32906.27,10578.09,821
1950,20240401,1,6,64564.2,29249.66,610
1951,20240401,2,1,82424.47,21513.24,135
1952,20240401,2,2,78908.95,28780.0,201
1953,20240401,2,3,37436.24,8577.0,549
1954,20240401,2,4,96555.27,41146.26,744
1955,20240401,2,5,42993.6,19844.12,301
1956,20240401,2,6,92785.12,34933.94,853
1957,20240401,3,1,65821.61,28425.81,958
1958,20240401,3,2,76136.64,35713.84,339
1959,20240401,3,3,50187.62,11318.78,1163
1960,20240401,3,4,50830.25,20155.48,1011
1961,20240401,3,5,50348.01,14735.79,234
1962,20240401,3,6,30989.5,11596.68,758
1963,20240401,4,1,68749.45,26701.4,490
1964,20240401,4,2,45265.28,19792.88,279
1965,20240401,4,3,17295.45,7157.79,391
1966,20240401,4,4,21039.7,8165.46,397
1967,20240401,4,5,34806.8,15224.09,372
1968,20240401,4,6,17572.01,7018.05,482
1969,20240401,5,1,44302.61,15866.67,85
1970,20240401,5,2,55502.06,21626.77,1199
1971,20240401,5,3,26634.33,9453.44,675
1972,20240401,5,4,75169.93,33599.01,1050
1973,20240401,5,5,59885.0,19692.89,878
1974,20240401,5,6,28606.88,6703.09,939
1975,20240401,6,1,68485.34,31711.2,440
1976,20240401,6,2,41646.24,11735.03,657
1977,20240401,6,3,61269.24,16211.66,180
1978,20240401,6,4,49132.06,19427.21,502
1979,20240401,6,5,36352.51,10018.29,344
1980,20240401,6,6,34566.22,11843.47,1051
1981,20240401,7,1,21720.88,6322.39,821
1982,20240401,7,2,43836.27,20251.22,508
1983,20240401,7,3,77433.23,31821.58,899
1984,20240401,7,4,43559.0,15996.11,180
1985,20240401,7,5,65293.22,22873.36,734
1986,20240401,7,6,55560.19,24295.21,873
1987,20240401,8,1,62397.51,29820.05,206
1988,20240401,8,2,69770.06,20214.02,670
1989,20240401,8,3,55894.33,19125.84,717
1990,20240401,8,4,55159.3,16666.62,205
1991,20240401,8,5,37603.28,8897.17,973
1992,20240401,8,6,17659.74,4156.31,83
1993,20240401,9,1,65361.75,22029.42,666
1994,20240401,9,2,45543.14,10448.22,114
1995,20240401,9,3,29880.05,9572.12,319
1996,20240401,9,4,24548.25,10138.04,968
1997,20240401,9,5,52683.99,15821.71,1118
1998,20240401,9,6,30563.97,9593.53,1019
1999,20240401,10,1,14729.45,4188.07,160
2000,20240401,10,2,33981.78,12224.26,131
2001,20240401,10,3,29500.55,9109.18,506
2002,20240401,10,4,24387.29,8733.43,661
2003,20240401,10,5,90087.45,37909.36,1002
2004,20240401,10,6,39556.33,18468.47,948
2005,20240401,11,1,56272.34,24630.38,960
2006,20240401,11,2,23108.87,9787.11,1097
2007,20240401,11,3,40522.03,9207.07,1022
2008,20240401,11,4,58581.66,16524.67,231
2009,20240401,11,5,16438.07,6765.33,450
2010,20240401,11,6,59498.3,24691.07,971
2011,20240401,12,1,83842.59,34529.41,180
2012,20240401,12,2,72692.13,31352.79,272
2013,20240401,12,3,39171.16,18312.77,727
2014,20240401,12,4,51109.97,21015.61,370
2015,20240401,12,5,57640.18,24964.43,652
2016,20240401,12,6,73414.11,19519.31,1164
2017,20240501,1,1,61305.26,18824.01,1093
2018,20240501,1,2,56107.23,20117.14,819
2019,20240501,1,3,17547.84,4983.49,657
2020,20240501,1,4,49961.06,21421.51,363
2021,20240501,1,5,54321.5,14461.28,812
2022,20240501,1,6,50922.52,19296.73,777
2023,20240501,2,1,89265.54,39809.69,384
2024,20240501,2,2,67604.44,24362.61,780
2025,20240501,2,3,60054.32,24698.95,665
2026,20240501,2,4,85470.67,24233.68,695
2027,20240501,2,5,86043.89,31010.89,1063
2028,20240501,2,6,81304.56,23138.56,846
2029,20240501,3,1,28918.17,13338.37,1100
2030,20240501,3,2,70419.1,30943.97,1158
2031,20240501,3,3,48787.31,12519.03,765
2032,20240501,3,4,67443.26,16755.29,111
2033,20240501,3,5,35391.99,8607.74,988
2034,20240501,3,6,44305.37,15425.05,319
2035,20240501,4,1,18461.94,8422.55,788
2036,20240501,4,2,23260.68,7098.1,338
2037,20240501,4,3,31482.01,14054.51,1194
2038,20240501,4,4,30015.37,13465.44,702
2039,20240501,4,5,60444.08,15175.01,763
2040,20240501,4,6,50938.08,21779.04,874
2041,20240501,5,1,36396.96,8749.63,474
2042,20240501,5,2,34798.75,16117.64,684
2043,20240501,5,3,25857.58,7172.26,1073
2044,20240501,5,4,46956.31,18954.44,713
2045,20240501,5,5,88437.06,24383.27,772
2046,20240501,5,6,46218.78,11791.73,634
2047,20240501,6,1,76054.43,21127.84,446
2048,20240501,6,2,21504.72,5360.18,704
2049,20240501,6,3,54733.34,13117.12,513
2050,20240501,6,4,65926.4,15075.73,465
2051,20240501,6,5,11754.92,3319.05,89
2052,20240501,6,6,57956.42,21802.8,1170
2053,20240501,7,1,52253.57,22408.75,808
2054,20240501,7,2,26855.92,8626.27,734
2055,20240501,7,3,46415.25,16176.83,748
2056,20240501,7,4,50163.44,15281.69,671
2057,20240501,7,5,68052.63,25476.73,317
2058,20240501,7,6,51505.57,11887.27,139
2059,20240501,8,1,39558.5,18559.85,983
2060,20240501,8,2,15325.77,6286.77,275
2061,20240501,8,3,42550.13,16527.4,1077
2062,20240501,8,4,52334.66,21236.04,1137
2063,20240501,8,5,73179.12,22686.91,297
2064,20240501,8,6,54824.95,21148.01,1060
2065,20240501,9,1,25858.14,6696.06,969
2066,20240501,9,2,25131.52,6948.59,833
2067,20240501,9,3,54843.52,25816.3,399
2068,20240501,9,4,57641.64,13149.11,578
2069,20240501,9,5,44116.76,15781.44,642
2070,20240501,9,6,45066.77,17200.71,925
2071,20240501,10,1,64890.7,17536.27,355
2072,20240501,10,2,76053.33,29157.45,553
2073,20240501,10,3,65282.1,26742.15,366
2074,20240501,10,4,13726.74,3035.13,578
2075,20240501,10,5,65215.34,30223.42,652
2076,20240501,10,6,71940.69,21012.74,634
2077,20240501,11,1,10882.19,2862.11,915
2078,20240501,11,2,25613.21,11559.58,794
2079,20240501,11,3,74027.73,25813.77,408
2080,20240501,11,4,47500.67,17585.59,638
2081,20240501,11,5,48036.91,20648.24,1035
2082,20240501,11,6,15966.1,7446.12,515
2083,20240501,12,1,55442.81,16466.12,1109
2084,20240501,12,2,21332.83,7968.25,309
2085,20240501,12,3,89319.53,28071.3,113
2086,20240501,12,4,73176.91,21983.09,1187
2087,20240501,12,5,80637.84,19307.14,899
2088,20240501,12,6,69388.77,20277.79,1144
2089,20240601,1,1,17030.81,4813.74,1176
2090,20240601,1,2,38010.99,15279.89,167
2091,20240601,1,3,41185.46,11042.64,347
2092,20240601,1,4,21149.36,9764.27,949
2093,20240601,1,5,50231.05,17440.54,1014
2094,20240601,1,6,54791.07,16342.03,216
2095,20240601,2,1,90910.89,32850.9,720
2096,20240601,2,2,33160.94,7822.83,159
2097,20240601,2,3,68840.51,31618.07,847
2098,20240601,2,4,58225.95,27477.92,421
2099,20240601,2,5,14502.6,5017.75,1092
2100,20240601,2,6,28479.22,10829.13,1036
2101,20240601,3,1,41590.81,15999.93,554
2102,20240601,3,2,34906.7,10102.03,542
2103,20240601,3,3,63791.86,29514.34,217
2104,20240601,3,4,61518.88,25574.41,219
2105,20240601,3,5,50293.2,16051.99,168
2106,20240601,3,6,45237.9,13229.53,1163
2107,20240601,4,1,72415.07,16580.8,133
2108,20240601,4,2,31349.4,12032.61,724
2109,20240601,4,3,16161.28,5112.18,163
2110,20240601,4,4,44325.88,17141.08,917
2111,20240601,4,5,81227.56,25652.02,874
2112,20240601,4,6,31008.09,10665.67,473
2113,20240601,5,1,17927.65,5680.38,1175
2114,20240601,5,2,87167.59,26020.48,205
2115,20240601,5,3,35998.55,15441.29,314
2116,20240601,5,4,48877.5,12053.42,95
2117,20240601,5,5,23709.79,9188.85,415
2118,20240601,5,6,41610.87,17595.56,1036
2119,20240601,6,1,23680.65,6365.39,635
2120,20240601,6,2,29231.95,8320.02,221
2121,20240601,6,3,46066.04,10670.63,542
2122,20240601,6,4,79043.31,32424.76,210
2123,20240601,6,5,38219.36,17053.15,675
2124,20240601,6,6,57779.95,25762.27,1027
2125,20240601,7,1,32536.14,11844.36,566
2126,20240601,7,2,17360.97,4869.2,1115
2127,20240601,7,3,77545.42,34878.78,118
2128,20240601,7,4,55797.54,12790.1,190
2129,20240601,7,5,21102.09,5192.57,1090
2130,20240601,7,6,45834.77,15575.37,290
2131,20240601,8,1,62140.31,20272.74,655
2132,20240601,8,2,38643.19,18377.56,930
2133,20240601,8,3,58461.98,22224.71,523
2134,20240601,8,4,67862.52,28815.93,466
2135,20240601,8,5,48619.9,13437.11,1126
2136,20240601,8,6,44255.81,15618.54,387
2137,20240601,9,1,16727.49,7537.62,103
2138,20240601,9,2,16354.49,6506.16,346
2139,20240601,9,3,65250.54,17176.76,283
2140,20240601,9,4,64212.22,17380.42,574
2141,20240601,9,5,25660.29,11827.8,701
2142,20240601,9,6,16065.14,5571.61,342
2143,20240601,10,1,35758.81,12960.55,794
2144,20240601,10,2,38557.28,10001.67,654
2145,20240601,10,3,81881.72,33549.41,536
2146,20240601,10,4,29468.55,12190.0,781
2147,20240601,10,5,28764.24,10194.66,1175
2148,20240601,10,6,80829.64,18591.82,92
2149,20240601,11,1,25976.14,10648.45,977
2150,20240601,11,2,45184.1,18187.26,1037
2151,20240601,11,3,62721.37,27810.43,351
2152,20240601,11,4,53893.98,13888.93,1168
2153,20240601,11,5,63225.45,27951.16,498
2154,20240601,11,6,34110.59,10284.39,320
2155,20240601,12,1,20567.65,9470.83,688
2156,20240601,12,2,14188.69,5364.4,1184
2157,20240601,12,3,33058.26,15794.4,743
2158,20240601,12,4,19152.26,8638.96,374
2159,20240601,12,5,76032.31,20697.87,889
2160,20240601,12,6,72911.46,29837.2,560
2161,20240701,1,1,48391.95,15882.75,82
2162,20240701,1,2,36851.29,12329.99,480
2163,20240701,1,3,39425.36,12543.55,734
2164,20240701,1,4,48513.14,23051.32,849
2165,20240701,1,5,60305.92,24684.26,155
2166,20240701,1,6,58902.93,15709.02,837
2167,20240701,2,1,74397.8,25412.5,685
2168,20240701,2,2,13443.12,3426.04,1003
2169,20240701,2,3,66365.09,22827.99,459
2170,20240701,2,4,82528.83,29795.63,913
2171,20240701,2,5,15075.22,3795.67,810
2172,20240701,2,6,60705.62,21751.65,824
2173,20240701,3,1,32307.52,14792.92,140
2174,20240701,3,2,46393.75,13948.86,447
2175,20240701,3,3,72713.19,17459.4,1048
2176,20240701,3,4,19213.35,5593.39,490
2177,20240701,3,5,20165.98,4718.26,839
2178,20240701,3,6,44549.82,12784.81,99
2179,20240701,4,1,22525.59,8864.3,904
2180,20240701,4,2,16523.12,7678.0,549
2181,20240701,4,3,34824.65,12176.6,625
2182,20240701,4,4,66941.52,19465.32,613
2183,20240701,4,5,26829.28,8285.73,1103
2184,20240701,4,6,13861.39,4320.29,645
2185,20240701,5,1,80576.36,36215.19,862
2186,20240701,5,2,62072.82,24824.65,873
2187,20240701,5,3,32511.84,11564.28,1005
2188,20240701,5,4,24081.85,6955.68,690
2189,20240701,5,5,22928.8,7669.12,856
2190,20240701,5,6,43706.03,19124.49,701
2191,20240701,6,1,49796.35,21430.6,426
2192,20240701,6,2,18249.87,6047.15,108
2193,20240701,6,3,30344.45,8541.31,919
2194,20240701,6,4,17258.63,7561.15,1099
2195,20240701,6,5,10044.87,4599.31,659
2196,20240701,6,6,26994.15,9442.54,864
2197,20240701,7,1,70147.98,31897.09,142
2198,20240701,7,2,73263.02,30704.48,359
2199,20240701,7,3,63177.71,25650.89,773
2200,20240701,7,4,29982.91,12308.57,1200
2201,20240701,7,5,20121.65,9409.76,220
2202,20240701,7,6,40549.92,11968.94,865
2203,20240701,8,1,45842.52,12498.19,585
2204,20240701,8,2,11631.9,4383.28,818
2205,20240701,8,3,59067.71,13821.07,473
2206,20240701,8,4,64437.43,22501.93,516
2207,20240701,8,5,13993.71,6201.96,344
2208,20240701,8,6,42307.9,16433.24,559
2209,20240701,9,1,48452.43,11781.15,635
2210,20240701,9,2,13885.29,3557.34,604
2211,20240701,9,3,11747.19,5022.17,1197
2212,20240701,9,4,33798.88,13180.89,585
2213,20240701,9,5,37296.36,8685.7,110
2214,20240701,9,6,22770.33,7600.29,1058
2215,20240701,10,1,67171.12,25542.84,1077
2216,20240701,10,2,15872.26,5054.88,598
2217,20240701,10,3,16958.55,7340.75,1047
2218,20240701,10,4,51425.45,23651.42,516
2219,20240701,10,5,47642.44,21971.76,1131
2220,20240701,10,6,47716.97,19307.36,1120
2221,20240701,11,1,45668.56,15941.74,917
2222,20240701,11,2,20812.68,5019.06,1042
2223,20240701,11,3,31072.04,13308.17,159
2224,20240701,11,4,53341.39,18972.78,370
2225,20240701,11,5,23785.72,5257.85,388
2226,20240701,11,6,55580.26,24780.35,1102
2227,20240701,12,1,46525.07,18027.12,402
2228,20240701,12,2,21935.6,7723.8,901
2229,20240701,12,3,79114.12,22849.2,564
2230,20240701,12,4,53208.2,12622.8,382
2231,20240701,12,5,51855.95,22080.56,861
2232,20240701,12,6,75706.01,25188.96,173
2233,20240801,1,1,20513.85,7522.89,612
2234,20240801,1,2,14176.39,6088.2,862
2235,20240801,1,3,11783.53,5309.35,1144
2236,20240801,1,4,23828.85,5495.6,614
2237,20240801,1,5,50592.49,15281.36,152
2238,20240801,1,6,23255.9,10642.01,921
2239,20240801,2,1,17557.65,6154.71,842
2240,20240801,2,2,66156.34,26525.05,791
2241,20240801,2,3,11008.72,4342.4,493
2242,20240801,2,4,71822.64,28812.33,731
2243,20240801,2,5,56143.37,14191.07,333
2244,20240801,2,6,31790.5,13937.53,476
2245,20240801,3,1,31694.01,12418.96,412
2246,20240801,3,2,51135.35,16290.55,870
2247,20240801,3,3,38584.37,14418.35,220
2248,20240801,3,4,39705.76,17527.36,480
2249,20240801,3,5,26335.26,10324.65,146
2250,20240801,3,6,37529.99,14434.17,620
2251,20240801,4,1,64244.87,16479.58,1104
2252,20240801,4,2,18921.81,4557.09,704
2253,20240801,4,3,32097.16,12143.93,1171
2254,20240801,4,4,59230.77,19402.46,193
2255,20240801,4,5,66075.81,27697.73,1185
2256,20240801,4,6,16007.11,6341.87,587
2257,20240801,5,1,59931.55,23608.74,790
2258,20240801,5,2,23605.88,10297.32,88
2259,20240801,5,3,24047.27,11061.84,306
2260,20240801,5,4,62745.46,30017.94,352
2261,20240801,5,5,19321.73,7464.74,526
2262,20240801,5,6,76458.84,21664.43,1038
2263,20240801,6,1,29507.26,11938.62,439
2264,20240801,6,2,54086.61,23597.59,236
2265,20240801,6,3,27646.16,12525.76,393
2266,20240801,6,4,20524.4,7007.28,732
2267,20240801,6,5,59531.71,18210.36,208
2268,20240801,6,6,22039.59,7369.52,465
2269,20240801,7,1,59254.38,20404.07,309
2270,20240801,7,2,42016.1,16416.69,550
2271,20240801,7,3,35719.84,8184.59,338
2272,20240801,7,4,59930.42,25861.92,562
2273,20240801,7,5,58965.05,14931.27,1143
2274,20240801,7,6,56065.83,16556.06,520
2275,20240801,8,1,29539.21,9931.47,874
2276,20240801,8,2,55462.13,20741.6,122
2277,20240801,8,3,39139.75,15460.43,450
2278,20240801,8,4,30994.63,9983.07,84
2279,20240801,8,5,23499.35,6321.6,1072
2280,20240801,8,6,22465.85,5525.52,152
2281,20240801,9,1,51564.6,19301.51,88
2282,20240801,9,2,48632.99,13448.5,875
2283,20240801,9,3,23445.58,5489.48,756
2284,20240801,9,4,39798.56,16373.99,293
2285,20240801,9,5,26879.54,12333.21,407
2286,20240801,9,6,50713.55,20412.26,127
2287,20240801,10,1,72827.34,32366.88,296
2288,20240801,10,2,46005.99,16464.01,655
2289,20240801,10,3,63634.48,22461.33,563
2290,20240801,10,4,64477.36,21422.61,204
2291,20240801,10,5,63362.09,27646.44,487
2292,20240801,10,6,58092.43,27056.23,568
2293,20240801,11,1,25172.21,7451.62,971
2294,20240801,11,2,21118.09,6718.9,1001
2295,20240801,11,3,29075.45,9016.69,857
2296,20240801,11,4,45820.11,15072.92,212
2297,20240801,11,5,48043.27,15754.41,1053
2298,20240801,11,6,15558.09,4266.26,571
2299,20240801,12,1,43489.67,15989.08,1145
2300,20240801,12,2,28520.1,8750.2,450
2301,20240801,12,3,48432.39,17022.65,488
2302,20240801,12,4,47621.79,22639.34,725
2303,20240801,12,5,45557.71,15592.19,900
2304,20240801,12,6,18619.01,4682.3,81
2305,20240901,1,1,27545.41,11163.39,261
2306,20240901,1,2,26508.38,6127.58,744
2307,20240901,1,3,24163.57,5436.65,847
2308,20240901,1,4,47113.24,18416.44,545
2309,20240901,1,5,41341.94,11696.02,135
2310,20240901,1,6,43642.58,12678.82,309
2311,20240901,2,1,35454.65,15458.59,699
2312,20240901,2,2,36225.13,16173.57,317
2313,20240901,2,3,73566.05,30018.3,684
2314,20240901,2,4,63395.93,22783.0,907
2315,20240901,2,5,33360.66,12806.62,1016
2316,20240901,2,6,63825.3,18513.29,292
2317,20240901,3,1,43686.95,19586.05,440
2318,20240901,3,2,59961.57,21991.74,1193
2319,20240901,3,3,38507.44,18366.32,982
2320,20240901,3,4,27694.19,11042.05,130
2321,20240901,3,5,65940.86,31551.29,294
2322,20240901,3,6,37406.01,9822.9,378
2323,20240901,4,1,17918.94,5152.46,1067
2324,20240901,4,2,24385.57,6209.44,266
2325,20240901,4,3,45084.03,14923.57,977
2326,20240901,4,4,25896.56,12273.27,329
2327,20240901,4,5,64218.4,25928.62,425
2328,20240901,4,6,51870.5,22513.96,393
2329,20240901,5,1,68608.51,17980.13,289
2330,20240901,5,2,45446.99,20045.09,1023
2331,20240901,5,3,19863.45,7228.5,698
2332,20240901,5,4,31639.25,13165.97,1046
2333,20240901,5,5,42597.33,12212.56,688
2334,20240901,5,6,68110.19,25829.72,658
2335,20240901,6,1,56538.26,24943.2,1130
2336,20240901,6,2,61762.9,27265.27,114
2337,20240901,6,3,32193.11,8512.62,552
2338,20240901,6,4,13031.61,5438.83,854
2339,20240901,6,5,45109.45,19643.5,674
2340,20240901,6,6,62080.59,15519.33,898
2341,20240901,7,1,22193.56,9809.34,280
2342,20240901,7,2,55928.33,23255.13,187
2343,20240901,7,3,14673.4,3951.63,670
2344,20240901,7,4,29371.63,6621.0,792
2345,20240901,7,5,24087.39,5314.98,931
2346,20240901,7,6,43722.53,18705.66,662
2347,20240901,8,1,15333.7,3622.07,83
2348,20240901,8,2,28139.69,11761.12,226
2349,20240901,8,3,41771.14,14886.38,249
2350,20240901,8,4,13835.31,3605.28,144
2351,20240901,8,5,47040.6,13620.59,289
2352,20240901,8,6,38022.2,14794.84,1125
2353,20240901,9,1,45727.67,11992.07,668
2354,20240901,9,2,18638.61,7113.43,421
2355,20240901,9,3,46754.7,15449.75,184
2356,20240901,9,4,45857.5,20304.07,108
2357,20240901,9,5,52140.0,23537.02,378
2358,20240901,9,6,36416.35,11659.84,146
2359,20240901,10,1,37593.19,17637.29,1088
2360,20240901,10,2,18727.5,7947.0,162
2361,20240901,10,3,64531.07,22124.81,962
2362,20240901,10,4,27035.83,9994.01,335
2363,20240901,10,5,25754.05,6789.7,1070
2364,20240901,10,6,38960.99,15000.26,1096
2365,20240901,11,1,23321.31,10834.86,1171
2366,20240901,11,2,10155.34,3809.26,441
2367,20240901,11,3,43702.17,14126.41,93
2368,20240901,11,4,19116.76,9031.1,167
2369,20240901,11,5,34141.03,7558.62,486
2370,20240901,11,6,15754.42,4628.95,840
2371,20240901,12,1,17026.28,5659.17,359
2372,20240901,12,2,30039.39,6717.29,548
2373,20240901,12,3,66709.24,22990.98,364
2374,20240901,12,4,31530.22,12341.71,753
2375,20240901,12,5,47349.4,18320.72,1160
2376,20240901,12,6,14749.7,5088.39,1166
2377,20241001,1,1,54604.26,21218.27,976
2378,20241001,1,2,38125.51,15850.76,187
2379,20241001,1,3,32196.3,13706.66,808
2380,20241001,1,4,42523.53,13817.59,997
2381,20241001,1,5,44937.84,19449.97,503
2382,20241001,1,6,31868.52,12665.16,133
2383,20241001,2,1,48573.56,14660.51,207
2384,20241001,2,2,30960.39,11024.65,672
2385,20241001,2,3,39266.51,15630.3,400
2386,20241001,2,4,42974.94,10902.46,1121
2387,20241001,2,5,46304.35,12627.58,635
2388,20241001,2,6,26373.71,7407.32,1144
2389,20241001,3,1,42220.62,12654.72,975
2390,20241001,3,2,10424.22,4359.85,230
2391,20241001,3,3,20567.43,9624.97,501
2392,20241001,3,4,52752.91,17354.97,633
2393,20241001,3,5,33064.97,13642.36,412
2394,20241001,3,6,46966.22,15662.88,323
2395,20241001,4,1,20025.03,7932.29,295
2396,20241001,4,2,50782.31,12335.55,908
2397,20241001,4,3,54528.55,16121.09,105
2398,20241001,4,4,18147.33,5904.1,984
2399,20241001,4,5,13269.65,3350.32,203
2400,20241001,4,6,21697.6,9273.99,986
2401,20241001,5,1,52234.5,18259.5,342
2402,20241001,5,2,39895.42,15895.78,1022
2403,20241001,5,3,38794.29,11900.48,210
2404,20241001,5,4,26535.67,10276.64,1048
2405,20241001,5,5,58851.09,26087.44,1173
2406,20241001,5,6,35054.17,7716.64,1066
2407,20241001,6,1,11233.23,3190.33,986
2408,20241001,6,2,44742.55,13647.19,994
2409,20241001,6,3,15413.69,4406.91,410
2410,20241001,6,4,43757.08,12270.81,1142
2411,20241001,6,5,23869.8,7246.91,883
2412,20241001,6,6,59517.04,22341.97,100
2413,20241001,7,1,49275.85,20449.88,348
2414,20241001,7,2,40367.14,14914.1,602
2415,20241001,7,3,37578.63,13601.36,144
2416,20241001,7,4,24177.38,6852.88,231
2417,20241001,7,5,64113.61,18992.08,1056
2418,20241001,7,6,53502.37,24640.28,1019
2419,20241001,8,1,17555.78,3957.1,573
2420,20241001,8,2,32629.09,11396.09,1073
2421,20241001,8,3,9045.44,2018.5,163
2422,20241001,8,4,30224.09,11593.67,523
2423,20241001,8,5,36255.31,15600.09,1036
2424,20241001,8,6,23416.95,10627.04,193
2425,20241001,9,1,43557.74,19216.26,469
2426,20241001,9,2,9970.24,3654.65,972
2427,20241001,9,3,35060.36,12822.96,1051
2428,20241001,9,4,27594.12,7014.53,932
2429,20241001,9,5,20021.17,5180.81,621
2430,20241001,9,6,25925.51,10497.27,611
2431,20241001,10,1,9510.81,3424.4,978
2432,20241001,10,2,29368.97,11987.65,880
2433,20241001,10,3,32151.88,10092.51,983
2434,20241001,10,4,51455.24,22373.89,252
2435,20241001,10,5,14393.38,3640.43,840
2436,20241001,10,6,33144.39,8605.47,1012
2437,20241001,11,1,19818.13,5305.34,765
2438,20241001,11,2,17542.34,8397.65,244
2439,20241001,11,3,19432.27,7180.36,817
2440,20241001,11,4,40341.61,10703.5,185
2441,20241001,11,5,31095.78,13783.44,205
2442,20241001,11,6,8511.86,3979.29,495
2443,20241001,12,1,50863.12,14366.93,918
2444,20241001,12,2,17801.53,7945.56,357
2445,20241001,12,3,32085.74,7860.08,590
2446,20241001,12,4,37766.1,8590.07,928
2447,20241001,12,5,16436.51,5569.3,408
2448,20241001,12,6,16906.9,6718.18,1116
2449,20241101,1,1,11782.52,3210.51,728
2450,20241101,1,2,19833.37,4386.66,414
2451,20241101,1,3,26229.67,7509.55,275
2452,20241101,1,4,50270.3,16214.18,393
2453,20241101,1,5,27810.94,8538.79,448
2454,20241101,1,6,45496.9,17529.56,640
2455,20241101,2,1,39143.88,15260.23,197
2456,20241101,2,2,69916.67,31855.58,662
2457,20241101,2,3,41292.05,18469.05,644
2458,20241101,2,4,62870.22,24063.58,171
2459,20241101,2,5,64890.76,18694.15,1030
2460,20241101,2,6,22018.89,8947.65,196
2461,20241101,3,1,11973.15,5420.66,1133
2462,20241101,3,2,34248.03,13515.64,1131
2463,20241101,3,3,15119.23,3605.12,903
2464,20241101,3,4,36300.16,13507.36,691
2465,20241101,3,5,66063.08,16176.24,875
2466,20241101,3,6,20689.06,7386.27,965
2467,20241101,4,1,25376.86,9276.15,915
2468,20241101,4,2,27825.0,11562.09,1004
2469,20241101,4,3,19595.97,7435.42,622
2470,20241101,4,4,56189.07,22144.06,1159
2471,20241101,4,5,22771.3,9952.81,962
2472,20241101,4,6,14091.93,3177.91,953
2473,20241101,5,1,42953.02,9970.06,912
2474,20241101,5,2,53648.31,25634.61,515
2475,20241101,5,3,52578.33,24621.93,931
2476,20241101,5,4,24269.79,8122.97,505
2477,20241101,5,5,62818.76,28213.29,356
2478,20241101,5,6,10266.31,2839.62,155
2479,20241101,6,1,57257.95,21411.57,133
2480,20241101,6,2,63975.28,28672.31,239
2481,20241101,6,3,13014.18,2864.77,406
2482,20241101,6,4,17682.22,7916.79,350
2483,20241101,6,5,26435.41,6147.47,1181
2484,20241101,6,6,63728.26,28603.47,788
2485,20241101,7,1,27619.09,12346.16,156
2486,20241101,7,2,13257.75,4442.83,488
2487,20241101,7,3,46949.73,12992.38,979
2488,20241101,7,4,47276.01,17154.38,1081
2489,20241101,7,5,40707.52,11206.07,172
2490,20241101,7,6,11301.77,3508.86,1108
2491,20241101,8,1,54991.28,20473.17,924
2492,20241101,8,2,46906.46,10587.83,1020
2493,20241101,8,3,33857.85,13739.35,1084
2494,20241101,8,4,44348.82,10755.32,1037
2495,20241101,8,5,43361.14,11713.61,451
2496,20241101,8,6,43368.25,13679.05,876
2497,20241101,9,1,19763.26,8784.18,999
2498,20241101,9,2,14045.9,5411.61,1049
2499,20241101,9,3,34963.76,16710.85,920
2500,20241101,9,4,12503.38,3373.62,1084
2501,20241101,9,5,34817.48,12260.82,498
2502,20241101,9,6,28688.22,11555.42,675
2503,20241101,10,1,28300.57,11462.5,930
2504,20241101,10,2,65877.86,20872.74,1169
2505,20241101,10,3,62874.17,21789.15,190
2506,20241101,10,4,66826.82,21729.82,761
2507,20241101,10,5,52478.16,13427.15,910
2508,20241101,10,6,16482.67,6822.56,817
2509,20241101,11,1,30757.34,11490.5,872
2510,20241101,11,2,28636.32,8032.78,313
2511,20241101,11,3,27769.22,11527.62,586
2512,20241101,11,4,12636.56,5691.59,996
2513,20241101,11,5,13866.31,3950.72,294
2514,20241101,11,6,43219.61,17822.69,272
2515,20241101,12,1,33215.74,8855.03,879
2516,20241101,12,2,45537.42,17020.1,998
2517,20241101,12,3,52947.47,17323.44,401
2518,20241101,12,4,34431.97,8341.05,1107
2519,20241101,12,5,18552.82,8160.35,385
2520,20241101,12,6,48852.39,19092.52,1060
2521,20241201,1,1,48931.36,16619.05,244
2522,20241201,1,2,39788.92,16176.66,90
2523,20241201,1,3,31173.26,7392.44,440
2524,20241201,1,4,32257.61,10563.26,910
2525,20241201,1,5,35467.61,10012.25,956
2526,20241201,1,6,49679.32,17885.97,247
2527,20241201,2,1,11026.88,2665.47,345
2528,20241201,2,2,54562.21,15780.84,980
2529,20241201,2,3,53471.2,25265.04,891
2530,20241201,2,4,75188.31,27156.54,953
2531,20241201,2,5,52616.43,16607.0,365
2532,20241201,2,6,64698.75,17252.49,1075
2533,20241201,3,1,55432.18,14836.51,1025
2534,20241201,3,2,51550.49,16647.53,865
2535,20241201,3,3,35009.65,14081.55,752
2536,20241201,3,4,50021.58,13109.77,868
2537,20241201,3,5,30227.52,8713.24,364
2538,20241201,3,6,66261.35,17890.38,381
2539,20241201,4,1,36824.3,9809.22,779
2540,20241201,4,2,37459.66,10544.41,871
2541,20241201,4,3,29111.68,13212.42,1108
2542,20241201,4,4,52314.18,12104.98,383
2543,20241201,4,5,52014.21,24862.36,336
2544,20241201,4,6,54372.49,17122.59,864
2545,20241201,5,1,24420.14,6947.19,612
2546,20241201,5,2,77367.5,35416.99,632
2547,20241201,5,3,40353.36,15253.3,1051
2548,20241201,5,4,69375.1,22611.05,1116
2549,20241201,5,5,40832.72,15594.45,1133
2550,20241201,5,6,50677.14,18057.4,1115
2551,20241201,6,1,26763.07,11790.41,297
2552,20241201,6,2,12031.59,4281.07,289
2553,20241201,6,3,29185.3,10042.09,1026
2554,20241201,6,4,50990.31,21775.96,353
2555,20241201,6,5,62197.44,14464.26,348
2556,20241201,6,6,65116.78,29321.41,362
2557,20241201,7,1,61948.42,18115.61,252
2558,20241201,7,2,47019.34,15874.37,217
2559,20241201,7,3,29365.74,12814.17,263
2560,20241201,7,4,46643.44,14595.87,1178
2561,20241201,7,5,49331.82,18202.71,407
2562,20241201,7,6,50130.13,23442.32,691
2563,20241201,8,1,24602.23,8742.6,522
2564,20241201,8,2,29423.77,7107.58,963
2565,20241201,8,3,59200.54,24938.34,112
2566,20241201,8,4,50686.07,22251.04,541
2567,20241201,8,5,22001.24,8934.06,529
2568,20241201,8,6,47267.09,13451.9,1192
2569,20241201,9,1,30136.76,9040.85,303
2570,20241201,9,2,9173.01,3858.89,433
2571,20241201,9,3,35525.17,13537.05,1186
2572,20241201,9,4,50636.17,22713.34,816
2573,20241201,9,5,44605.35,13293.04,1088
2574,20241201,9,6,44585.35,15291.5,909
2575,20241201,10,1,16864.07,7048.4,1131
2576,20241201,10,2,73184.1,26692.45,1170
2577,20241201,10,3,42099.75,16068.33,958
2578,20241201,10,4,61910.03,19691.82,91
2579,20241201,10,5,10601.28,3087.01,1045
2580,20241201,10,6,12160.25,3952.96,1039
2581,20241201,11,1,27926.02,9520.16,909
2582,20241201,11,2,9991.26,2277.99,608
2583,20241201,11,3,13226.43,4790.13,857
2584,20241201,11,4,30355.43,9333.37,501
2585,20241201,11,5,14953.36,6001.78,342
2586,20241201,11,6,42250.53,17067.04,1105
2587,20241201,12,1,26016.51,11022.9,950
2588,20241201,12,2,11246.88,3732.23,325
2589,20241201,12,3,67377.3,20494.81,502
2590,20241201,12,4,19237.71,7203.13,415
2591,20241201,12,5,22229.77,7459.13,406
2592,20241201,12,6,72263.1,20878.99,300
2593,20250101,1,1,19545.96,8073.36,102
2594,20250101,1,2,36595.44,9083.0,116
2595,20250101,1,3,47784.64,17220.39,835
2596,20250101,1,4,28617.35,10721.44,974
2597,20250101,1,5,31529.38,7288.52,1143
2598,20250101,1,6,30689.99,14366.08,891
2599,20250101,2,1,82934.81,33760.74,300
2600,20250101,2,2,84738.4,27578.66,462
2601,20250101,2,3,19619.95,4874.96,290
2602,20250101,2,4,17200.86,4317.03,207
2603,20250101,2,5,57156.79,20361.63,733
2604,20250101,2,6,69638.02,15639.43,856
2605,20250101,3,1,30126.37,7715.25,919
2606,20250101,3,2,58178.01,26449.42,202
2607,20250101,3,3,31500.07,9403.25,1126
2608,20250101,3,4,49669.39,12157.81,1050
2609,20250101,3,5,28192.43,9192.2,558
2610,20250101,3,6,67488.19,15086.72,1052
2611,20250101,4,1,63587.11,27763.16,810
2612,20250101,4,2,16239.28,5325.57,916
2613,20250101,4,3,24243.66,11030.98,896
2614,20250101,4,4,43449.05,19562.22,1135
2615,20250101,4,5,61753.97,27758.19,826
2616,20250101,4,6,70113.08,31280.74,251
2617,20250101,5,1,46361.95,14268.02,979
2618,20250101,5,2,77573.67,17159.92,691
2619,20250101,5,3,30416.18,8935.74,767
2620,20250101,5,4,31787.55,9140.54,450
2621,20250101,5,5,67104.76,31840.69,82
2622,20250101,5,6,65679.77,24635.3,385
2623,20250101,6,1,68518.12,27332.71,808
2624,20250101,6,2,52026.81,22656.09,1034
2625,20250101,6,3,67536.09,19105.3,1058
2626,20250101,6,4,71581.44,31486.11,1190
2627,20250101,6,5,65841.92,27939.93,531
2628,20250101,6,6,71511.68,27240.74,113
2629,20250101,7,1,74209.18,27961.57,349
2630,20250101,7,2,54638.36,13949.5,731
2631,20250101,7,3,17817.52,8446.63,1164
2632,20250101,7,4,54252.64,23731.28,1125
2633,20250101,7,5,45495.25,12959.02,431
2634,20250101,7,6,12098.02,5411.65,1182
2635,20250101,8,1,14591.14,5862.88,606
2636,20250101,8,2,60812.04,22509.79,770
2637,20250101,8,3,46561.46,21915.75,787
2638,20250101,8,4,9183.15,2994.58,494
2639,20250101,8,5,20812.24,7730.93,80
2640,20250101,8,6,32123.34,8633.41,968
2641,20250101,9,1,23909.39,11422.83,330
2642,20250101,9,2,10703.57,2845.05,226
2643,20250101,9,3,48859.39,14439.93,685
2644,20250101,9,4,20630.13,7988.8,1039
2645,20250101,9,5,56316.78,14583.45,939
2646,20250101,9,6,13637.56,4460.77,1094
2647,20250101,10,1,23971.1,6892.78,245
2648,20250101,10,2,34831.74,15642.06,1132
2649,20250101,10,3,53426.21,14484.45,124
2650,20250101,10,4,14374.74,5330.57,1059
2651,20250101,10,5,23916.81,5990.62,109
2652,20250101,10,6,12711.77,4955.31,1159
2653,20250101,11,1,67001.55,19992.51,914
2654,20250101,11,2,35522.58,16652.63,1033
2655,20250101,11,3,51261.78,18759.53,1065
2656,20250101,11,4,58920.46,20584.36,673
2657,20250101,11,5,53047.82,16258.76,910
2658,20250101,11,6,26207.81,7648.84,890
2659,20250101,12,1,60637.85,27132.82,1102
2660,20250101,12,2,52123.13,23247.28,542
2661,20250101,12,3,38733.34,9136.5,1143
2662,20250101,12,4,14484.78,3426.21,464
2663,20250101,12,5,64388.0,28850.13,692
2664,20250101,12,6,76861.93,24762.81,737
2665,20250201,1,1,27166.72,11389.76,83
2666,20250201,1,2,37917.52,16070.63,1148
2667,20250201,1,3,33387.46,9279.96,1054
2668,20250201,1,4,35541.81,16589.48,836
2669,20250201,1,5,51811.99,23508.16,1167
2670,20250201,1,6,68180.08,27461.75,477
2671,20250201,2,1,20081.37,6778.51,702
2672,20250201,2,2,48020.38,13729.29,1138
2673,20250201,2,3,83707.33,22463.25,1020
2674,20250201,2,4,90779.17,34467.25,1106
2675,20250201,2,5,42221.74,15948.96,505
2676,20250201,2,6,83619.43,26270.86,155
2677,20250201,3,1,56388.85,15224.84,137
2678,20250201,3,2,74794.28,19407.77,606
2679,20250201,3,3,18373.55,5929.85,631
2680,20250201,3,4,27104.27,7835.15,721
2681,20250201,3,5,56580.72,17497.19,128
2682,20250201,3,6,58743.52,25213.99,94
2683,20250201,4,1,30616.07,6974.09,240
2684,20250201,4,2,26703.13,12398.33,480
2685,20250201,4,3,70430.78,17022.87,339
2686,20250201,4,4,15510.17,6217.6,286
2687,20250201,4,5,30367.67,7652.52,1153
2688,20250201,4,6,64008.63,16226.7,542
2689,20250201,5,1,89651.4,39569.27,772
2690,20250201,5,2,53284.72,24267.01,395
2691,20250201,5,3,26370.59,8415.12,717
2692,20250201,5,4,81160.54,23639.05,536
2693,20250201,5,5,73905.04,28811.96,1155
2694,20250201,5,6,43102.98,13043.35,596
2695,20250201,6,1,37126.85,15367.76,522
2696,20250201,6,2,65494.64,30233.85,1003
2697,20250201,6,3,16312.8,5863.4,389
2698,20250201,6,4,13483.2,4642.28,149
2699,20250201,6,5,19958.58,6707.79,465
2700,20250201,6,6,60689.1,20675.92,1051
2701,20250201,7,1,41070.47,13054.38,504
2702,20250201,7,2,31987.02,11792.84,317
2703,20250201,7,3,53572.65,25061.91,355
2704,20250201,7,4,34257.45,8945.69,998
2705,20250201,7,5,67965.69,27035.65,518
2706,20250201,7,6,70251.01,24821.16,1032
2707,20250201,8,1,12671.07,4656.7,1021
2708,20250201,8,2,20396.83,7096.08,776
2709,20250201,8,3,44640.5,12980.21,963
2710,20250201,8,4,34207.0,10920.01,583
2711,20250201,8,5,48453.99,22164.32,477
2712,20250201,8,6,42713.47,10679.38,432
2713,20250201,9,1,65000.34,17032.42,277
2714,20250201,9,2,44414.27,15682.03,569
2715,20250201,9,3,9308.04,2778.98,238
2716,20250201,9,4,33676.4,8714.05,859
2717,20250201,9,5,39470.74,18511.15,233
2718,20250201,9,6,60885.42,22232.69,364
2719,20250201,10,1,32245.83,11836.54,741
2720,20250201,10,2,28817.15,13791.91,688
2721,20250201,10,3,66321.71,15424.44,596
2722,20250201,10,4,38971.27,13249.42,967
2723,20250201,10,5,13347.02,4921.11,950
2724,20250201,10,6,70931.24,19784.5,1093
2725,20250201,11,1,13042.6,3740.25,519
2726,20250201,11,2,36781.6,9650.62,413
2727,20250201,11,3,57333.44,15498.19,88
2728,20250201,11,4,48970.07,13475.31,153
2729,20250201,11,5,70094.04,18893.08,479
2730,20250201,11,6,55040.18,18732.97,1133
2731,20250201,12,1,42607.74,13009.34,494
2732,20250201,12,2,50807.71,14555.58,487
2733,20250201,12,3,12797.3,5122.42,180
2734,20250201,12,4,38767.2,17325.73,317
2735,20250201,12,5,54619.92,17294.6,310
2736,20250201,12,6,34948.98,7789.72,363
2737,20250301,1,1,69341.18,19642.59,735
2738,20250301,1,2,60387.01,18332.08,873
2739,20250301,1,3,44940.22,9933.96,1005
2740,20250301,1,4,11255.46,3775.2,80
2741,20250301,1,5,29531.74,6691.63,357
2742,20250301,1,6,36318.97,16938.6,179
2743,20250301,2,1,81606.3,24538.26,587
2744,20250301,2,2,50040.9,23015.49,945
2745,20250301,2,3,22833.63,6958.17,213
2746,20250301,2,4,14668.89,6100.43,620
2747,20250301,2,5,41463.44,15645.2,499
2748,20250301,2,6,41147.96,19600.25,548
2749,20250301,3,1,34257.68,11212.15,783
2750,20250301,3,2,81370.91,27386.56,984
2751,20250301,3,3,29512.34,7607.55,239
2752,20250301,3,4,76650.49,22560.47,712
2753,20250301,3,5,67214.3,29583.11,267
2754,20250301,3,6,61293.31,25566.9,161
2755,20250301,4,1,23540.14,7740.76,529
2756,20250301,4,2,61766.57,25905.44,895
2757,20250301,4,3,25492.06,7884.92,728
2758,20250301,4,4,14868.29,6622.35,1076
2759,20250301,4,5,81646.97,35776.58,344
2760,20250301,4,6,73091.1,24129.83,551
2761,20250301,5,1,86110.37,31725.51,938
2762,20250301,5,2,17164.75,3955.95,830
2763,20250301,5,3,66350.35,27395.1,739
2764,20250301,5,4,65682.89,15386.75,1167
2765,20250301,5,5,13197.75,4273.97,492
2766,20250301,5,6,67196.29,17184.55,1184
2767,20250301,6,1,80448.99,18267.92,1059
2768,20250301,6,2,48131.51,19042.73,660
2769,20250301,6,3,29948.97,7352.72,696
2770,20250301,6,4,23192.36,5233.65,1135
2771,20250301,6,5,64803.39,15955.8,693
2772,20250301,6,6,69280.45,17457.51,785
2773,20250301,7,1,78378.65,20715.98,560
2774,20250301,7,2,14429.64,4226.01,1077
2775,20250301,7,3,59617.85,27361.35,220
2776,20250301,7,4,81153.46,24891.91,1127
2777,20250301,7,5,78873.27,25365.12,355
2778,20250301,7,6,84217.45,24473.05,979
2779,20250301,8,1,27187.13,9829.26,289
2780,20250301,8,2,43176.42,18714.26,357
2781,20250301,8,3,57646.97,19911.87,855
2782,20250301,8,4,58500.19,19679.09,1175
2783,20250301,8,5,37364.27,17788.54,499
2784,20250301,8,6,62602.12,18559.87,582
2785,20250301,9,1,27787.48,6317.65,717
2786,20250301,9,2,43403.05,14865.14,352
2787,20250301,9,3,55061.34,16723.29,182
2788,20250301,9,4,46736.43,14208.26,1190
2789,20250301,9,5,30940.54,10855.71,260
2790,20250301,9,6,9735.19,3752.49,310
2791,20250301,10,1,26947.63,12274.52,1099
2792,20250301,10,2,37499.38,12149.54,819
2793,20250301,10,3,80240.38,24641.14,724
2794,20250301,10,4,23966.26,7008.65,371
2795,20250301,10,5,21817.84,8468.36,368
2796,20250301,10,6,53314.8,22193.89,635
2797,20250301,11,1,47653.1,21760.43,516
2798,20250301,11,2,15154.45,4285.53,233
2799,20250301,11,3,72986.29,32243.91,516
2800,20250301,11,4,52269.85,15659.95,1181
2801,20250301,11,5,27079.67,9017.39,801
2802,20250301,11,6,37262.28,12969.25,234
2803,20250301,12,1,35374.01,10771.69,229
2804,20250301,12,2,22848.63,10692.24,898
2805,20250301,12,3,81588.23,23995.88,117
2806,20250301,12,4,87083.44,34914.96,248
2807,20250301,12,5,26005.43,11491.02,886
2808,20250301,12,6,24968.96,8902.51,132
2809,20250401,1,1,33866.69,10553.43,942
2810,20250401,1,2,46265.84,10635.84,949
2811,20250401,1,3,17512.17,7948.61,218
2812,20250401,1,4,51125.92,11808.99,497
2813,20250401,1,5,27552.23,12827.08,852
2814,20250401,1,6,16128.92,6504.6,657
2815,20250401,2,1,87602.99,23761.97,839
2816,20250401,2,2,25119.09,8172.28,457
2817,20250401,2,3,51611.43,20110.43,1182
2818,20250401,2,4,62751.54,27174.95,664
2819,20250401,2,5,89026.23,29108.84,123
2820,20250401,2,6,58686.0,26333.88,154
2821,20250401,3,1,78299.53,34380.88,836
2822,20250401,3,2,48474.32,12426.66,773
2823,20250401,3,3,62405.26,17200.34,961
2824,20250401,3,4,86243.88,38329.38,256
2825,20250401,3,5,41089.27,18455.7,806
2826,20250401,3,6,63111.65,22974.8,180
2827,20250401,4,1,73049.08,24466.62,1092
2828,20250401,4,2,83976.18,30402.7,629
2829,20250401,4,3,30048.43,13637.86,618
2830,20250401,4,4,23206.31,10475.52,1125
2831,20250401,4,5,57606.88,17900.38,847
2832,20250401,4,6,66724.89,14784.42,741
2833,20250401,5,1,89560.59,34870.28,306
2834,20250401,5,2,45870.23,12556.63,993
2835,20250401,5,3,44320.62,19566.96,885
2836,20250401,5,4,63184.66,29767.01,933
2837,20250401,5,5,55068.75,23839.93,1193
2838,20250401,5,6,16828.82,4428.85,503
2839,20250401,6,1,37623.92,13774.4,556
2840,20250401,6,2,49952.27,16377.64,322
2841,20250401,6,3,17278.08,8090.82,397
2842,20250401,6,4,66431.97,16534.2,249
2843,20250401,6,5,13349.71,3246.66,646
2844,20250401,6,6,24936.5,11391.84,1162
2845,20250401,7,1,19279.42,4742.68,332
2846,20250401,7,2,79593.74,30975.85,753
2847,20250401,7,3,53481.67,18497.34,903
2848,20250401,7,4,40992.05,9982.85,163
2849,20250401,7,5,69909.34,32601.91,601
2850,20250401,7,6,71222.0,17237.52,456
2851,20250401,8,1,10755.49,2863.52,866
2852,20250401,8,2,31461.61,8565.09,314
2853,20250401,8,3,17662.83,7946.26,258
2854,20250401,8,4,17056.8,3874.06,321
2855,20250401,8,5,74476.91,32837.21,1191
2856,20250401,8,6,16781.7,7350.99,969
2857,20250401,9,1,18115.6,7451.79,733
2858,20250401,9,2,43828.13,17448.72,713
2859,20250401,9,3,50212.09,19517.76,177
2860,20250401,9,4,18268.59,4723.77,509
2861,20250401,9,5,25299.42,8476.89,337
2862,20250401,9,6,71038.48,22379.48,573
2863,20250401,10,1,87435.35,31063.28,975
2864,20250401,10,2,37131.9,11437.41,738
2865,20250401,10,3,60601.42,19909.09,848
2866,20250401,10,4,67300.81,23991.26,689
2867,20250401,10,5,49418.64,19297.46,995
2868,20250401,10,6,52709.13,20641.39,434
2869,20250401,11,1,45624.48,21174.97,545
2870,20250401,11,2,29479.55,13588.95,320
2871,20250401,11,3,13485.6,4538.97,772
2872,20250401,11,4,47704.41,17829.74,660
2873,20250401,11,5,33997.4,11564.21,1115
2874,20250401,11,6,37114.81,14969.66,911
2875,20250401,12,1,77681.51,32582.21,81
2876,20250401,12,2,36845.8,11678.7,87
2877,20250401,12,3,38564.67,18265.83,794
2878,20250401,12,4,20357.52,6778.47,898
2879,20250401,12,5,24520.13,9638.14,850
2880,20250401,12,6,25188.32,5568.91,1075
2881,20250501,1,1,11363.67,5204.67,509
2882,20250501,1,2,43279.47,14169.54,1126
2883,20250501,1,3,37030.19,9030.66,789
2884,20250501,1,4,47950.02,19677.58,681
2885,20250501,1,5,30299.1,9804.7,920
2886,20250501,1,6,71507.55,33817.41,945
2887,20250501,2,1,14709.28,5796.48,278
2888,20250501,2,2,88732.03,42143.04,383
2889,20250501,2,3,84904.91,37490.85,451
2890,20250501,2,4,79263.1,18873.26,720
2891,20250501,2,5,46412.78,11389.03,884
2892,20250501,2,6,47159.31,21012.11,816
2893,20250501,3,1,32234.51,14447.47,1093
2894,20250501,3,2,76869.43,27140.02,734
2895,20250501,3,3,18944.82,6676.91,369
2896,20250501,3,4,24045.0,11255.42,824
2897,20250501,3,5,78865.81,23771.98,1134
2898,20250501,3,6,76536.28,29827.75,731
2899,20250501,4,1,35889.17,15832.64,824
2900,20250501,4,2,85454.6,36395.24,1166
2901,20250501,4,3,52562.09,11954.86,276
2902,20250501,4,4,84101.13,26889.31,861
2903,20250501,4,5,47850.59,16070.38,182
2904,20250501,4,6,51103.34,17827.17,835
2905,20250501,5,1,33231.11,14265.19,1082
2906,20250501,5,2,49353.83,19707.41,212
2907,20250501,5,3,88219.92,39444.83,911
2908,20250501,5,4,68258.8,16200.88,581
2909,20250501,5,5,71789.35,26604.64,93
2910,20250501,5,6,33160.26,13663.43,1032
2911,20250501,6,1,12465.18,5800.53,115
2912,20250501,6,2,72899.47,22015.95,509
2913,20250501,6,3,69923.98,25333.28,301
2914,20250501,6,4,82879.96,36896.77,100
2915,20250501,6,5,72797.6,31277.07,773
2916,20250501,6,6,54113.27,25851.76,354
2917,20250501,7,1,20274.51,4655.61,751
2918,20250501,7,2,31124.88,14444.38,1161
2919,20250501,7,3,54242.2,14617.85,1057
2920,20250501,7,4,37948.67,10504.88,610
2921,20250501,7,5,78160.97,34304.36,204
2922,20250501,7,6,13355.15,4351.39,738
2923,20250501,8,1,62160.06,28156.03,293
2924,20250501,8,2,54598.51,18212.28,123
2925,20250501,8,3,38382.18,13603.44,603
2926,20250501,8,4,20221.23,8944.45,360
2927,20250501,8,5,59596.86,14173.01,273
2928,20250501,8,6,36495.25,15519.7,839
2929,20250501,9,1,52242.23,17593.04,383
2930,20250501,9,2,31707.73,11407.65,1091
2931,20250501,9,3,57312.75,16950.87,786
2932,20250501,9,4,38229.61,10559.09,632
2933,20250501,9,5,71358.88,29205.62,1087
2934,20250501,9,6,43825.62,14876.55,370
2935,20250501,10,1,25502.01,9591.94,846
2936,20250501,10,2,31806.71,10582.65,235
2937,20250501,10,3,33606.71,9174.74,1128
2938,20250501,10,4,52239.09,18600.49,1146
2939,20250501,10,5,49299.99,20099.93,696
2940,20250501,10,6,88559.71,28693.2,633
2941,20250501,11,1,25916.15,11463.76,142
2942,20250501,11,2,51105.4,22310.83,940
2943,20250501,11,3,44099.07,16880.28,785
2944,20250501,11,4,41422.39,10198.87,1070
2945,20250501,11,5,34463.13,14846.3,393
2946,20250501,11,6,12251.57,3462.53,883
2947,20250501,12,1,86948.26,28110.35,149
2948,20250501,12,2,16652.53,4482.78,588
2949,20250501,12,3,76208.99,20577.66,504
2950,20250501,12,4,70613.7,25399.42,312
2951,20250501,12,5,46922.47,15396.5,940
2952,20250501,12,6,25277.79,10065.98,449
2953,20250601,1,1,44713.81,11378.05,484
2954,20250601,1,2,32289.43,10362.97,351
2955,20250601,1,3,17684.99,6890.68,513
2956,20250601,1,4,29244.49,10093.59,811
2957,20250601,1,5,52616.66,18232.55,861
2958,20250601,1,6,54223.43,21520.11,779
2959,20250601,2,1,16503.05,4501.4,1019
2960,20250601,2,2,58654.85,25376.96,948
2961,20250601,2,3,53781.31,16324.84,300
2962,20250601,2,4,54083.98,16021.08,797
2963,20250601,2,5,37263.37,16652.26,735
2964,20250601,2,6,74813.03,22793.08,729
2965,20250601,3,1,61014.58,17166.11,660
2966,20250601,3,2,53242.51,25231.14,283
2967,20250601,3,3,54150.8,15583.79,490
2968,20250601,3,4,34864.93,10881.6,804
2969,20250601,3,5,28310.85,7455.45,648
2970,20250601,3,6,61000.88,13492.89,1003
2971,20250601,4,1,70254.77,21817.27,825
2972,20250601,4,2,32134.77,10105.47,798
2973,20250601,4,3,37146.08,8235.79,198
2974,20250601,4,4,72987.5,19336.87,861
2975,20250601,4,5,26351.59,12078.36,81
2976,20250601,4,6,16606.63,4106.36,1122
2977,20250601,5,1,66737.01,23056.94,1030
2978,20250601,5,2,80064.04,20432.39,364
2979,20250601,5,3,41137.0,11490.54,756
2980,20250601,5,4,70984.47,28917.21,1055
2981,20250601,5,5,62171.56,25762.35,913
2982,20250601,5,6,52145.41,15247.8,826
2983,20250601,6,1,67426.43,26017.16,1200
2984,20250601,6,2,17291.63,7522.5,288
2985,20250601,6,3,25539.4,6480.01,663
2986,20250601,6,4,70210.54,29188.33,756
2987,20250601,6,5,68357.14,22290.52,269
2988,20250601,6,6,71218.62,16380.56,640
2989,20250601,7,1,68899.43,22553.77,763
2990,20250601,7,2,54505.28,22612.96,484
2991,20250601,7,3,25952.77,11009.02,1029
2992,20250601,7,4,44712.29,17316.08,798
2993,20250601,7,5,76755.2,29235.52,122
2994,20250601,7,6,62684.65,18626.14,414
2995,20250601,8,1,23500.03,6459.8,524
2996,20250601,8,2,40140.98,12318.62,927
2997,20250601,8,3,35236.84,11199.41,1188
2998,20250601,8,4,12874.67,4025.84,654
2999,20250601,8,5,38306.97,13274.82,230
3000,20250601,8,6,39116.7,14625.37,749
3001,20250601,9,1,23442.03,10698.38,190
3002,20250601,9,2,58596.99,22578.86,736
3003,20250601,9,3,58987.48,26737.76,229
3004,20250601,9,4,66353.0,31409.22,235
3005,20250601,9,5,19574.57,8688.27,585
3006,20250601,9,6,28942.14,10838.18,944
3007,20250601,10,1,49601.44,22678.34,156
3008,20250601,10,2,40841.6,15471.67,675
3009,20250601,10,3,28748.26,12599.74,502
3010,20250601,10,4,15159.08,4581.25,159
3011,20250601,10,5,31206.79,8265.17,757
3012,20250601,10,6,27950.83,10655.75,452
3013,20250601,11,1,59667.5,19019.04,407
3014,20250601,11,2,18014.35,5196.31,365
3015,20250601,11,3,14101.48,3793.12,604
3016,20250601,11,4,11734.42,5481.1,203
3017,20250601,11,5,18010.39,6263.28,466
3018,20250601,11,6,52744.41,16807.29,983
3019,20250601,12,1,79395.45,36702.52,106
3020,20250601,12,2,49702.69,19161.54,418
3021,20250601,12,3,71339.67,28563.59,485
3022,20250601,12,4,49417.18,22470.84,1188
3023,20250601,12,5,23292.29,9677.59,568
3024,20250601,12,6,20990.85,5218.67,837
3025,20250701,1,1,34546.79,9734.69,974
3026,20250701,1,2,29596.54,9319.47,84
3027,20250701,1,3,52844.9,15954.2,141
3028,20250701,1,4,55135.45,23306.38,171
3029,20250701,1,5,48536.44,20032.24,416
3030,20250701,1,6,27651.66,12055.81,584
3031,20250701,2,1,22765.42,9132.05,800
3032,20250701,2,2,22843.82,5910.68,739
3033,20250701,2,3,25610.52,10253.71,988
3034,20250701,2,4,27325.79,11400.1,276
3035,20250701,2,5,77062.62,27246.6,909
3036,20250701,2,6,38912.1,15451.1,213
3037,20250701,3,1,67844.25,27118.75,784
3038,20250701,3,2,71559.99,27610.3,1092
3039,20250701,3,3,55131.94,16592.86,416
3040,20250701,3,4,37933.47,11713.18,548
3041,20250701,3,5,55446.4,22058.64,474
3042,20250701,3,6,52745.32,17785.92,243
3043,20250701,4,1,66354.04,27244.34,244
3044,20250701,4,2,70799.18,25685.88,519
3045,20250701,4,3,62914.78,21039.91,992
3046,20250701,4,4,46309.11,11920.48,971
3047,20250701,4,5,73972.33,22298.99,139
3048,20250701,4,6,68687.29,32958.29,577
3049,20250701,5,1,36349.12,17154.76,591
3050,20250701,5,2,28708.22,12014.81,832
3051,20250701,5,3,67311.89,19839.79,351
3052,20250701,5,4,79770.35,25738.86,746
3053,20250701,5,5,46461.19,21431.22,715
3054,20250701,5,6,57980.48,13311.51,335
3055,20250701,6,1,17286.8,4370.46,195
3056,20250701,6,2,60719.33,20944.09,415
3057,20250701,6,3,70474.57,19563.79,556
3058,20250701,6,4,10850.87,2652.24,667
3059,20250701,6,5,32326.62,8874.02,679
3060,20250701,6,6,42842.63,13739.18,251
3061,20250701,7,1,53173.91,24020.79,683
3062,20250701,7,2,61200.1,15606.76,750
3063,20250701,7,3,16200.08,6104.07,759
3064,20250701,7,4,56679.82,23134.33,373
3065,20250701,7,5,54483.38,25975.65,991
3066,20250701,7,6,59237.36,28089.53,607
3067,20250701,8,1,19402.76,9061.14,121
3068,20250701,8,2,56939.21,18487.57,962
3069,20250701,8,3,25884.21,9056.78,476
3070,20250701,8,4,21301.71,5950.96,739
3071,20250701,8,5,18069.96,4116.58,149
3072,20250701,8,6,17354.48,4943.07,273
3073,20250701,9,1,16760.82,5942.01,297
3074,20250701,9,2,63967.3,29770.09,653
3075,20250701,9,3,25716.54,11684.63,980
3076,20250701,9,4,50398.98,11836.18,957
3077,20250701,9,5,62156.0,17991.28,966
3078,20250701,9,6,23330.61,7179.25,847
3079,20250701,10,1,15420.48,7320.31,1154
3080,20250701,10,2,75521.32,27298.89,770
3081,20250701,10,3,21132.42,9304.46,1136
3082,20250701,10,4,24239.51,8979.49,635
3083,20250701,10,5,40912.47,12590.31,957
3084,20250701,10,6,76758.1,18213.88,802
3085,20250701,11,1,26299.65,12498.91,505
3086,20250701,11,2,48667.76,22640.31,466
3087,20250701,11,3,33907.73,12901.02,237
3088,20250701,11,4,9303.07,2438.96,1153
3089,20250701,11,5,66397.33,24247.41,744
3090,20250701,11,6,29541.1,8494.58,1058
3091,20250701,12,1,19261.44,5330.58,846
3092,20250701,12,2,64452.85,28305.06,650
3093,20250701,12,3,53781.67,15601.09,129
3094,20250701,12,4,50016.78,22609.39,295
3095,20250701,12,5,44041.04,10600.56,797
3096,20250701,12,6,19232.96,6878.15,462
3097,20250801,1,1,31715.38,9288.82,1067
3098,20250801,1,2,49711.79,16279.26,608
3099,20250801,1,3,14493.72,4501.37,1124
3100,20250801,1,4,59325.28,15308.25,502
3101,20250801,1,5,27436.24,12353.97,201
3102,20250801,1,6,36989.09,8268.53,1151
3103,20250801,2,1,49109.1,18483.56,1043
3104,20250801,2,2,47623.3,12768.12,1164
3105,20250801,2,3,40725.26,14811.22,476
3106,20250801,2,4,44994.09,17303.94,933
3107,20250801,2,5,51568.08,18746.24,899
3108,20250801,2,6,39077.3,10410.88,1077
3109,20250801,3,1,63236.49,17083.04,110
3110,20250801,3,2,69746.26,27416.08,604
3111,20250801,3,3,29043.81,9848.21,250
3112,20250801,3,4,36089.16,8183.75,347
3113,20250801,3,5,25148.44,7818.8,542
3114,20250801,3,6,43318.56,17991.01,779
3115,20250801,4,1,42047.8,18093.87,108
3116,20250801,4,2,60411.34,24451.36,713
3117,20250801,4,3,21502.91,9918.97,164
3118,20250801,4,4,29596.17,12954.5,401
3119,20250801,4,5,37759.33,11811.86,1198
3120,20250801,4,6,44440.64,11132.66,883
3121,20250801,5,1,19509.31,6651.13,401
3122,20250801,5,2,67759.44,29352.7,200
3123,20250801,5,3,36943.63,16348.44,637
3124,20250801,5,4,30516.78,7006.25,1075
3125,20250801,5,5,22333.8,5959.13,1173
3126,20250801,5,6,21220.12,4826.82,325
3127,20250801,6,1,45312.49,19799.8,176
3128,20250801,6,2,28574.92,10897.9,1181
3129,20250801,6,3,33927.13,9688.28,295
3130,20250801,6,4,13912.32,5850.72,693
3131,20250801,6,5,42204.21,13693.92,306
3132,20250801,6,6,39045.89,14573.18,273
3133,20250801,7,1,68523.35,16586.29,645
3134,20250801,7,2,31398.18,14207.3,1069
3135,20250801,7,3,26170.87,8119.19,550
3136,20250801,7,4,64303.31,30053.62,499
3137,20250801,7,5,32366.46,14916.99,1145
3138,20250801,7,6,48926.85,21103.24,884
3139,20250801,8,1,39511.92,11860.91,1157
3140,20250801,8,2,30051.47,9257.01,889
3141,20250801,8,3,14147.47,3696.14,768
3142,20250801,8,4,39257.71,13915.45,881
3143,20250801,8,5,24022.29,8150.5,244
3144,20250801,8,6,12086.03,4894.15,335
3145,20250801,9,1,55799.42,19995.24,363
3146,20250801,9,2,35539.24,14115.76,790
3147,20250801,9,3,42866.72,19902.36,333
3148,20250801,9,4,56466.11,20357.75,974
3149,20250801,9,5,31478.07,13406.37,514
3150,20250801,9,6,49412.82,14913.54,279
3151,20250801,10,1,52685.05,20471.8,646
3152,20250801,10,2,48606.99,14214.43,868
3153,20250801,10,3,43757.69,13081.63,1123
3154,20250801,10,4,38618.6,16613.75,714
3155,20250801,10,5,53091.88,17574.5,455
3156,20250801,10,6,49369.58,11888.42,424
3157,20250801,11,1,24022.74,11178.68,276
3158,20250801,11,2,15325.98,3970.27,1048
3159,20250801,11,3,37705.5,16048.98,396
3160,20250801,11,4,51799.18,14583.54,263
3161,20250801,11,5,35489.27,12648.07,909
3162,20250801,11,6,58082.69,26074.59,141
3163,20250801,12,1,68933.46,29808.26,310
3164,20250801,12,2,34283.26,10304.99,1191
3165,20250801,12,3,33200.6,13512.67,920
3166,20250801,12,4,32898.91,7572.27,766
3167,20250801,12,5,14470.48,3678.78,621
3168,20250801,12,6,43921.45,14458.53,249
3169,20250901,1,1,43126.74,17976.86,776
3170,20250901,1,2,43871.77,10505.71,116
3171,20250901,1,3,43495.63,16356.57,711
3172,20250901,1,4,9905.46,3326.29,345
3173,20250901,1,5,36660.76,15697.7,348
3174,20250901,1,6,50536.81,23112.22,339
3175,20250901,2,1,46413.44,20608.69,915
3176,20250901,2,2,62228.33,15499.31,198
3177,20250901,2,3,24056.07,8027.24,298
3178,20250901,2,4,14873.36,6790.76,983
3179,20250901,2,5,70112.73,28042.2,653
3180,20250901,2,6,15901.41,4516.72,353
3181,20250901,3,1,36347.29,12762.53,285
3182,20250901,3,2,63053.52,23168.62,1099
3183,20250901,3,3,63985.32,20569.87,822
3184,20250901,3,4,12794.81,3111.72,621
3185,20250901,3,5,63816.69,28305.15,914
3186,20250901,3,6,29424.27,8793.89,542
3187,20250901,4,1,42620.69,19856.88,471
3188,20250901,4,2,39823.96,14123.83,916
3189,20250901,4,3,43459.57,10143.44,595
3190,20250901,4,4,31751.1,12749.41,160
3191,20250901,4,5,53020.07,12627.26,341
3192,20250901,4,6,13696.72,3633.6,860
3193,20250901,5,1,61724.41,14639.17,192
3194,20250901,5,2,12400.88,4711.92,1190
3195,20250901,5,3,42417.45,13780.83,841
3196,20250901,5,4,68530.89,27150.94,720
3197,20250901,5,5,55706.29,19607.79,716
3198,20250901,5,6,56779.4,15169.38,209
3199,20250901,6,1,26361.37,11540.04,753
3200,20250901,6,2,57254.5,15997.52,103
3201,20250901,6,3,28965.06,6480.25,217
3202,20250901,6,4,52911.23,21434.5,267
3203,20250901,6,5,59339.16,15798.99,505
3204,20250901,6,6,20224.05,5971.57,723
3205,20250901,7,1,10984.95,4652.42,1023
3206,20250901,7,2,40408.35,13733.48,1062
3207,20250901,7,3,41620.33,16860.5,995
3208,20250901,7,4,63709.22,25855.01,984
3209,20250901,7,5,55271.33,21812.41,558
3210,20250901,7,6,53473.77,25063.48,249
3211,20250901,8,1,41034.55,17288.44,186
3212,20250901,8,2,36081.6,17134.76,443
3213,20250901,8,3,35268.27,13462.54,733
3214,20250901,8,4,32853.45,11083.69,1095
3215,20250901,8,5,47368.42,16378.65,512
3216,20250901,8,6,34743.87,13882.81,456
3217,20250901,9,1,19204.75,7577.94,440
3218,20250901,9,2,20565.24,7693.55,1141
3219,20250901,9,3,49482.17,11291.98,340
3220,20250901,9,4,45732.7,13263.98,253
3221,20250901,9,5,38100.75,9792.94,859
3222,20250901,9,6,10242.12,2944.12,1111
3223,20250901,10,1,48779.6,17238.37,1110
3224,20250901,10,2,52178.25,16329.29,439
3225,20250901,10,3,53918.85,14615.31,349
3226,20250901,10,4,62298.58,24251.91,1198
3227,20250901,10,5,53850.13,24464.61,899
3228,20250901,10,6,49592.27,20412.37,1112
3229,20250901,11,1,35891.11,11672.06,145
3230,20250901,11,2,16979.06,5117.34,563
3231,20250901,11,3,19786.18,7718.07,1150
3232,20250901,11,4,14139.06,6394.15,1056
3233,20250901,11,5,16817.21,7657.78,89
3234,20250901,11,6,26573.01,5927.02,320
3235,20250901,12,1,20503.9,8474.6,236
3236,20250901,12,2,33089.07,12988.55,1147
3237,20250901,12,3,22279.68,7356.31,878
3238,20250901,12,4,22096.49,8328.42,850
3239,20250901,12,5,25562.85,9649.54,257
3240,20250901,12,6,66633.99,28931.4,447
3241,20251001,1,1,9165.23,3418.78,865
3242,20251001,1,2,52268.85,16496.98,164
3243,20251001,1,3,47271.0,14170.21,599
3244,20251001,1,4,12265.25,2880.35,259
3245,20251001,1,5,54861.53,16387.22,492
3246,20251001,1,6,39688.32,16384.31,414
3247,20251001,2,1,53826.12,24419.25,1018
3248,20251001,2,2,18226.53,5672.0,526
3249,20251001,2,3,63998.98,21907.78,166
3250,20251001,2,4,30704.68,7331.08,161
3251,20251001,2,5,69742.73,23203.55,1098
3252,20251001,2,6,51160.3,24194.37,541
3253,20251001,3,1,53361.14,12601.36,444
3254,20251001,3,2,46712.8,15979.82,824
3255,20251001,3,3,10750.02,2509.84,685
3256,20251001,3,4,25270.28,5561.79,253
3257,20251001,3,5,33162.67,13095.34,1155
3258,20251001,3,6,59651.79,21495.5,908
3259,20251001,4,1,46430.64,19803.47,600
3260,20251001,4,2,28679.31,6986.37,595
3261,20251001,4,3,40335.52,14589.78,1200
3262,20251001,4,4,30078.39,9641.05,799
3263,20251001,4,5,27283.66,6738.26,781
3264,20251001,4,6,38857.38,12987.28,621
3265,20251001,5,1,39377.66,11406.72,517
3266,20251001,5,2,69652.62,20831.63,647
3267,20251001,5,3,29014.93,13209.74,982
3268,20251001,5,4,27744.53,11548.25,463
3269,20251001,5,5,57587.24,18336.03,583
3270,20251001,5,6,57583.94,16721.48,309
3271,20251001,6,1,33037.56,11737.22,970
3272,20251001,6,2,50981.8,12099.87,381
3273,20251001,6,3,42351.41,18665.25,1094
3274,20251001,6,4,23491.31,8147.19,204
3275,20251001,6,5,51849.51,13558.19,125
3276,20251001,6,6,16516.11,4606.08,735
3277,20251001,7,1,39104.61,16549.64,807
3278,20251001,7,2,16071.22,6175.85,234
3279,20251001,7,3,64021.51,21966.03,573
3280,20251001,7,4,57356.74,22311.07,189
3281,20251001,7,5,26307.23,12206.68,216
3282,20251001,7,6,13249.98,4489.69,766
3283,20251001,8,1,19221.97,8339.32,457
3284,20251001,8,2,8590.95,1949.05,358
3285,20251001,8,3,49500.84,23156.78,1004
3286,20251001,8,4,23597.73,10783.37,442
3287,20251001,8,5,17613.36,8415.4,1099
3288,20251001,8,6,14475.22,4458.55,127
3289,20251001,9,1,18500.99,8123.56,434
3290,20251001,9,2,14238.04,6128.69,626
3291,20251001,9,3,50752.16,15136.6,771
3292,20251001,9,4,54252.6,24070.03,582
3293,20251001,9,5,40322.4,17009.64,923
3294,20251001,9,6,45532.69,10273.8,1107
3295,20251001,10,1,21918.52,8777.9,738
3296,20251001,10,2,41880.82,15310.71,880
3297,20251001,10,3,56040.91,22805.41,601
3298,20251001,10,4,14652.24,4010.35,1169
3299,20251001,10,5,40118.65,18019.75,1171
3300,20251001,10,6,32781.77,12226.1,1087
3301,20251001,11,1,39367.08,15286.1,984
3302,20251001,11,2,44762.42,20658.68,469
3303,20251001,11,3,27401.82,9329.39,976
3304,20251001,11,4,26829.05,11273.85,992
3305,20251001,11,5,28552.83,7520.17,652
3306,20251001,11,6,33896.15,10332.36,594
3307,20251001,12,1,68597.42,30949.26,818
3308,20251001,12,2,19761.03,8773.67,612
3309,20251001,12,3,29096.87,11624.61,1156
3310,20251001,12,4,63297.72,25399.4,753
3311,20251001,12,5,48697.46,17084.02,1001
3312,20251001,12,6,22893.51,6631.34,913
3313,20251101,1,1,9628.56,2949.75,1138
3314,20251101,1,2,14245.14,5984.71,682
3315,20251101,1,3,8401.67,2758.02,116
3316,20251101,1,4,24296.32,8851.35,536
3317,20251101,1,5,26314.47,6826.6,1057
3318,20251101,1,6,27387.42,9921.98,248
3319,20251101,2,1,65332.02,30742.2,115
3320,20251101,2,2,41377.02,11166.24,666
3321,20251101,2,3,19297.15,7263.6,920
3322,20251101,2,4,47743.03,10656.09,565
3323,20251101,2,5,67773.62,29937.68,1104
3324,20251101,2,6,50896.81,14042.03,757
3325,20251101,3,1,26899.75,9604.89,908
3326,20251101,3,2,36902.67,15802.36,1195
3327,20251101,3,3,32613.79,10210.41,571
3328,20251101,3,4,46680.16,13415.94,785
3329,20251101,3,5,19961.18,5086.95,566
3330,20251101,3,6,18599.81,6073.17,530
3331,20251101,4,1,10761.08,2754.98,866
3332,20251101,4,2,23344.21,6053.9,399
3333,20251101,4,3,36462.89,13601.34,203
3334,20251101,4,4,52153.42,23952.53,155
3335,20251101,4,5,13588.95,5593.27,630
3336,20251101,4,6,59031.71,28145.93,730
3337,20251101,5,1,22662.42,5796.37,544
3338,20251101,5,2,71419.78,24709.16,649
3339,20251101,5,3,40746.52,18557.01,848
3340,20251101,5,4,62376.6,27781.32,758
3341,20251101,5,5,48416.52,20790.36,460
3342,20251101,5,6,30091.91,6876.38,507
3343,20251101,6,1,55794.56,24584.58,214
3344,20251101,6,2,36891.18,9513.85,281
3345,20251101,6,3,24056.72,7494.42,1115
3346,20251101,6,4,14673.34,4687.99,275
3347,20251101,6,5,63176.93,25072.82,979
3348,20251101,6,6,23435.95,9675.67,162
3349,20251101,7,1,65547.49,17385.26,319
3350,20251101,7,2,51877.99,17479.14,778
3351,20251101,7,3,43981.32,14033.81,442
3352,20251101,7,4,47214.36,15995.71,935
3353,20251101,7,5,25382.33,5672.88,226
3354,20251101,7,6,35854.8,16618.85,356
3355,20251101,8,1,27653.35,8966.94,531
3356,20251101,8,2,43662.32,9739.05,1160
3357,20251101,8,3,39224.27,9564.37,152
3358,20251101,8,4,16119.66,4459.18,154
3359,20251101,8,5,8040.94,2049.63,1054
3360,20251101,8,6,23152.65,10418.41,579
3361,20251101,9,1,9876.49,3333.16,1074
3362,20251101,9,2,8782.21,3054.24,891
3363,20251101,9,3,48080.22,11030.68,985
3364,20251101,9,4,41182.46,15251.61,219
3365,20251101,9,5,55486.37,21647.69,520
3366,20251101,9,6,46100.6,17169.88,937
3367,20251101,10,1,57619.77,14372.38,363
3368,20251101,10,2,45002.64,12704.51,988
3369,20251101,10,3,43687.96,20922.65,1033
3370,20251101,10,4,44706.17,21374.54,104
3371,20251101,10,5,66403.92,26224.38,82
3372,20251101,10,6,37920.12,11258.39,773
3373,20251101,11,1,12502.2,5377.93,112
3374,20251101,11,2,17645.88,6719.48,456
3375,20251101,11,3,43150.22,15959.93,1028
3376,20251101,11,4,20609.47,7029.82,285
3377,20251101,11,5,43707.7,12321.91,431
3378,20251101,11,6,56967.66,17515.83,429
3379,20251101,12,1,57759.63,25430.78,426
3380,20251101,12,2,46204.54,14182.91,615
3381,20251101,12,3,33865.21,11281.58,1091
3382,20251101,12,4,28954.82,10163.15,309
3383,20251101,12,5,22571.48,7269.65,282
3384,20251101,12,6,43498.53,10528.56,1080
3385,20251201,1,1,44565.39,19527.2,340
3386,20251201,1,2,45437.1,13563.04,1062
3387,20251201,1,3,58270.51,17675.06,1040
3388,20251201,1,4,18365.51,8259.72,1032
3389,20251201,1,5,28940.14,9860.11,374
3390,20251201,1,6,24544.99,10293.6,1191
3391,20251201,2,1,33623.28,8124.8,547
3392,20251201,2,2,46324.6,20415.11,1011
3393,20251201,2,3,28460.65,11951.71,705
3394,20251201,2,4,77952.62,29826.89,616
3395,20251201,2,5,41059.36,15768.66,378
3396,20251201,2,6,38894.38,12864.84,326
3397,20251201,3,1,17990.45,7246.69,517
3398,20251201,3,2,26617.45,7774.74,202
3399,20251201,3,3,51910.79,24609.57,653
3400,20251201,3,4,44970.38,14644.89,1189
3401,20251201,3,5,17781.05,5972.15,1006
3402,20251201,3,6,68181.29,32624.26,550
3403,20251201,4,1,18378.05,4477.14,235
3404,20251201,4,2,9447.82,2512.58,649
3405,20251201,4,3,20310.9,9612.6,379
3406,20251201,4,4,60158.51,16186.71,853
3407,20251201,4,5,62138.97,21143.52,189
3408,20251201,4,6,40671.51,13030.69,169
3409,20251201,5,1,23756.8,6335.36,593
3410,20251201,5,2,23742.01,9971.64,610
3411,20251201,5,3,59494.11,27160.89,118
3412,20251201,5,4,39253.76,11172.75,1066
3413,20251201,5,5,19715.7,8415.94,646
3414,20251201,5,6,40712.39,17212.93,940
3415,20251201,6,1,19791.51,9126.52,1139
3416,20251201,6,2,11248.25,3183.89,628
3417,20251201,6,3,45874.26,17702.47,644
3418,20251201,6,4,59128.65,27481.78,1151
3419,20251201,6,5,39867.77,13321.86,276
3420,20251201,6,6,15597.4,6985.13,101
3421,20251201,7,1,58465.21,22245.77,477
3422,20251201,7,2,38938.95,15078.04,680
3423,20251201,7,3,45083.19,14469.78,120
3424,20251201,7,4,10043.05,2594.35,1013
3425,20251201,7,5,10531.1,3265.83,952
3426,20251201,7,6,20171.35,6106.15,813
3427,20251201,8,1,36458.77,9505.74,175
3428,20251201,8,2,50223.4,14243.59,258
3429,20251201,8,3,35594.28,14969.87,740
3430,20251201,8,4,48263.85,17351.47,987
3431,20251201,8,5,29891.9,7643.64,201
3432,20251201,8,6,43009.66,15353.49,492
3433,20251201,9,1,37938.45,12281.55,251
3434,20251201,9,2,23287.94,10133.17,883
3435,20251201,9,3,21228.5,9898.79,578
3436,20251201,9,4,27274.67,11957.47,108
3437,20251201,9,5,42148.93,13342.55,651
3438,20251201,9,6,55282.84,12990.27,760
3439,20251201,10,1,28460.56,12340.88,746
3440,20251201,10,2,16779.2,6918.41,521
3441,20251201,10,3,60739.93,16624.7,428
3442,20251201,10,4,49493.22,14372.91,987
3443,20251201,10,5,13695.82,4909.74,1159
3444,20251201,10,6,67475.15,15991.0,118
3445,20251201,11,1,27976.68,9697.16,819
3446,20251201,11,2,28456.76,13458.9,796
3447,20251201,11,3,61870.52,21891.02,480
3448,20251201,11,4,32021.25,9200.28,793
3449,20251201,11,5,51189.69,14206.01,818
3450,20251201,11,6,37564.26,13848.77,282
3451,20251201,12,1,13611.24,4368.26,670
3452,20251201,12,2,19920.67,4563.92,587
3453,20251201,12,3,64921.62,15700.32,1172
3454,20251201,12,4,20002.37,6596.14,296
3455,20251201,12,5,36194.22,11138.45,353
3456,20251201,12,6,10806.52,2470.11,679
